0 of 61
/home/jakob/Documents/abstracton/benchmarks/dodo/Berkeley.json
t
exclusiveexclusive
Running as unit: run-rf28a3017d10b452a9b02742756d623f4.scope; invocation ID: 837667bb7c5c4f85b375813f9d9597be
Time needed for parsing json file: 3289[µs]
using Trap interpretation
Time needed for constructing Trap interpretation transducer: 3968[µs]
computing ind...
Time needed for constructing complement of ind: 44203[µs]
Time needed for computing ind: 177206[µs]
Time needed for minimizing ind: 24354[µs]
Time needed for computing ind (total): 245947[µs]
automaton for ind has 10 states.
minimized automaton for ind has 10 states.
...done.
computing complement of preach...
Time needed for constructing identity on ind: 742[µs]
Time needed for computing product v_id of abstraction framework with identity on ind: 26938[µs]
Time needed for computing product of v_id with complement of abstraction framework: 127880[µs]
Time needed for computing complement of preach: 397490[µs]
automaton for complement of preach has 462 states.
...of which, 14 states are at level 0.
Time needed for trimming complement of preach: 1257[µs]
...done.
trying to prove abstract safety...
Time needed for constructing transducer for unsafe property: 28[µs]
Time needed for constructing transducer for (initial, unsafe) pairs: 254[µs]
Time needed for constructing transducer for complement of (initial, unsafe) pairs: 513[µs]
Time needed for building union of complements of preach and (initial, unsafe)-transducer: 1188[µs]
Time needed for checking universality using antichains-inclusion algorithm: 4860[µs]
Time needed for checking abstract safety: 7093[µs]
...done.
Result: [0]
This means that the following properties could be separated from the initial configurations:
	[]
While the following properties could not be separated from the initial configurations:
	[exclusiveexclusive]

real	0m0,696s
user	0m0,647s
sys	0m0,026s
********************
/home/jakob/Documents/abstracton/benchmarks/dodo/Berkeley.json
s
exclusiveexclusive
Running as unit: run-r5314a997ed454f188cfdcb1d0241587a.scope; invocation ID: 45b78593fbb744d6a27e0f38b19667ae
Time needed for parsing json file: 2911[µs]
using Siphon interpretation
Time needed for constructing Siphon interpretation transducer: 1425[µs]
computing ind...
Time needed for constructing complement of ind: 13647[µs]
Time needed for computing ind: 28887[µs]
Time needed for minimizing ind: 10349[µs]
Time needed for computing ind (total): 52981[µs]
automaton for ind has 5 states.
minimized automaton for ind has 5 states.
...done.
computing complement of preach...
Time needed for constructing identity on ind: 446[µs]
Time needed for computing product v_id of abstraction framework with identity on ind: 4706[µs]
Time needed for computing product of v_id with complement of abstraction framework: 2187[µs]
Time needed for computing complement of preach: 60724[µs]
automaton for complement of preach has 5 states.
...of which, 2 states are at level 0.
Time needed for trimming complement of preach: 45[µs]
...done.
trying to prove abstract safety...
Time needed for constructing transducer for unsafe property: 45[µs]
Time needed for constructing transducer for (initial, unsafe) pairs: 378[µs]
Time needed for constructing transducer for complement of (initial, unsafe) pairs: 514[µs]
Time needed for building union of complements of preach and (initial, unsafe)-transducer: 118[µs]
Time needed for checking universality using antichains-inclusion algorithm: 556[µs]
Time needed for checking abstract safety: 1729[µs]
...done.
Result: [0]
This means that the following properties could be separated from the initial configurations:
	[]
While the following properties could not be separated from the initial configurations:
	[exclusiveexclusive]

real	0m0,145s
user	0m0,122s
sys	0m0,009s
********************
/home/jakob/Documents/abstracton/benchmarks/dodo/Berkeley.json
f
exclusiveexclusive
Running as unit: run-rbe7f103ad3544cfc8eaa3ec2af093afd.scope; invocation ID: ccfee0d562f34be182c53ed352810ace
Time needed for parsing json file: 2998[µs]
using Flow interpretation
Time needed for constructing Flow interpretation transducer: 3284[µs]
computing ind...
Time needed for constructing complement of ind: 41430[µs]
Time needed for computing ind: 1017998[µs]
Time needed for minimizing ind: 134500[µs]
Time needed for computing ind (total): 1194298[µs]
automaton for ind has 7 states.
minimized automaton for ind has 7 states.
...done.
computing complement of preach...
Time needed for constructing identity on ind: 630[µs]
Time needed for computing product v_id of abstraction framework with identity on ind: 9616[µs]
Time needed for computing product of v_id with complement of abstraction framework: 2218[µs]
Time needed for computing complement of preach: 1226828[µs]
automaton for complement of preach has 5 states.
...of which, 2 states are at level 0.
Time needed for trimming complement of preach: 40[µs]
...done.
trying to prove abstract safety...
Time needed for constructing transducer for unsafe property: 26[µs]
Time needed for constructing transducer for (initial, unsafe) pairs: 236[µs]
Time needed for constructing transducer for complement of (initial, unsafe) pairs: 433[µs]
Time needed for building union of complements of preach and (initial, unsafe)-transducer: 102[µs]
Time needed for checking universality using antichains-inclusion algorithm: 484[µs]
Time needed for checking abstract safety: 1376[µs]
...done.
Result: [0]
This means that the following properties could be separated from the initial configurations:
	[]
While the following properties could not be separated from the initial configurations:
	[exclusiveexclusive]

real	0m2,460s
user	0m2,428s
sys	0m0,011s
********************
1 of 61
/home/jakob/Documents/abstracton/benchmarks/dodo/Berkeley.json
t
exclusiveunowned
Running as unit: run-ree0c4bcd48ea444bae3cfb986911d41c.scope; invocation ID: 9ac305b5d969467f99a0d2d531dcb251
Time needed for parsing json file: 3227[µs]
using Trap interpretation
Time needed for constructing Trap interpretation transducer: 3962[µs]
computing ind...
Time needed for constructing complement of ind: 38561[µs]
Time needed for computing ind: 173688[µs]
Time needed for minimizing ind: 24588[µs]
Time needed for computing ind (total): 236984[µs]
automaton for ind has 10 states.
minimized automaton for ind has 10 states.
...done.
computing complement of preach...
Time needed for constructing identity on ind: 895[µs]
Time needed for computing product v_id of abstraction framework with identity on ind: 29143[µs]
Time needed for computing product of v_id with complement of abstraction framework: 121798[µs]
Time needed for computing complement of preach: 394195[µs]
automaton for complement of preach has 462 states.
...of which, 14 states are at level 0.
Time needed for trimming complement of preach: 1274[µs]
...done.
trying to prove abstract safety...
Time needed for constructing transducer for unsafe property: 38[µs]
Time needed for constructing transducer for (initial, unsafe) pairs: 285[µs]
Time needed for constructing transducer for complement of (initial, unsafe) pairs: 568[µs]
Time needed for building union of complements of preach and (initial, unsafe)-transducer: 1095[µs]
Time needed for checking universality using antichains-inclusion algorithm: 5455[µs]
Time needed for checking abstract safety: 7686[µs]
...done.
Result: [1]
This means that the following properties could be separated from the initial configurations:
	[exclusiveunowned]
While the following properties could not be separated from the initial configurations:
	[]

real	0m0,676s
user	0m0,639s
sys	0m0,021s
********************
/home/jakob/Documents/abstracton/benchmarks/dodo/Berkeley.json
s
exclusiveunowned
Running as unit: run-rdeaa41f5210849938f64a7c9f4961925.scope; invocation ID: f361f64526934431af7276f86cf925e4
Time needed for parsing json file: 2687[µs]
using Siphon interpretation
Time needed for constructing Siphon interpretation transducer: 1410[µs]
computing ind...
Time needed for constructing complement of ind: 12811[µs]
Time needed for computing ind: 27489[µs]
Time needed for minimizing ind: 10440[µs]
Time needed for computing ind (total): 50852[µs]
automaton for ind has 5 states.
minimized automaton for ind has 5 states.
...done.
computing complement of preach...
Time needed for constructing identity on ind: 445[µs]
Time needed for computing product v_id of abstraction framework with identity on ind: 4559[µs]
Time needed for computing product of v_id with complement of abstraction framework: 1369[µs]
Time needed for computing complement of preach: 61499[µs]
automaton for complement of preach has 5 states.
...of which, 2 states are at level 0.
Time needed for trimming complement of preach: 23[µs]
...done.
trying to prove abstract safety...
Time needed for constructing transducer for unsafe property: 40[µs]
Time needed for constructing transducer for (initial, unsafe) pairs: 270[µs]
Time needed for constructing transducer for complement of (initial, unsafe) pairs: 556[µs]
Time needed for building union of complements of preach and (initial, unsafe)-transducer: 120[µs]
Time needed for checking universality using antichains-inclusion algorithm: 578[µs]
Time needed for checking abstract safety: 1656[µs]
...done.
Result: [0]
This means that the following properties could be separated from the initial configurations:
	[]
While the following properties could not be separated from the initial configurations:
	[exclusiveunowned]

real	0m0,139s
user	0m0,122s
sys	0m0,007s
********************
/home/jakob/Documents/abstracton/benchmarks/dodo/Berkeley.json
f
exclusiveunowned
Running as unit: run-ree4df9a75c0f42089d63af76b51d050c.scope; invocation ID: 9606588a16044c87ae10d8b5d43fb208
Time needed for parsing json file: 2836[µs]
using Flow interpretation
Time needed for constructing Flow interpretation transducer: 3175[µs]
computing ind...
Time needed for constructing complement of ind: 39312[µs]
Time needed for computing ind: 1134933[µs]
Time needed for minimizing ind: 126119[µs]
Time needed for computing ind (total): 1300621[µs]
automaton for ind has 7 states.
minimized automaton for ind has 7 states.
...done.
computing complement of preach...
Time needed for constructing identity on ind: 568[µs]
Time needed for computing product v_id of abstraction framework with identity on ind: 9388[µs]
Time needed for computing product of v_id with complement of abstraction framework: 2291[µs]
Time needed for computing complement of preach: 1249769[µs]
automaton for complement of preach has 5 states.
...of which, 2 states are at level 0.
Time needed for trimming complement of preach: 38[µs]
...done.
trying to prove abstract safety...
Time needed for constructing transducer for unsafe property: 36[µs]
Time needed for constructing transducer for (initial, unsafe) pairs: 275[µs]
Time needed for constructing transducer for complement of (initial, unsafe) pairs: 558[µs]
Time needed for building union of complements of preach and (initial, unsafe)-transducer: 126[µs]
Time needed for checking universality using antichains-inclusion algorithm: 551[µs]
Time needed for checking abstract safety: 1640[µs]
...done.
Result: [0]
This means that the following properties could be separated from the initial configurations:
	[]
While the following properties could not be separated from the initial configurations:
	[exclusiveunowned]

real	0m2,583s
user	0m2,554s
sys	0m0,014s
********************
2 of 61
/home/jakob/Documents/abstracton/benchmarks/dodo/Berkeley.json
t
exclusivenonexclusive
Running as unit: run-r780e67373f3246789012d802b876ede8.scope; invocation ID: 968b7a93678142498ab560a43493c7d5
Time needed for parsing json file: 2894[µs]
using Trap interpretation
Time needed for constructing Trap interpretation transducer: 3665[µs]
computing ind...
Time needed for constructing complement of ind: 38631[µs]
Time needed for computing ind: 178689[µs]
Time needed for minimizing ind: 24461[µs]
Time needed for computing ind (total): 241947[µs]
automaton for ind has 10 states.
minimized automaton for ind has 10 states.
...done.
computing complement of preach...
Time needed for constructing identity on ind: 818[µs]
Time needed for computing product v_id of abstraction framework with identity on ind: 28166[µs]
Time needed for computing product of v_id with complement of abstraction framework: 132209[µs]
Time needed for computing complement of preach: 402332[µs]
automaton for complement of preach has 462 states.
...of which, 14 states are at level 0.
Time needed for trimming complement of preach: 1552[µs]
...done.
trying to prove abstract safety...
Time needed for constructing transducer for unsafe property: 54[µs]
Time needed for constructing transducer for (initial, unsafe) pairs: 315[µs]
Time needed for constructing transducer for complement of (initial, unsafe) pairs: 605[µs]
Time needed for building union of complements of preach and (initial, unsafe)-transducer: 1212[µs]
Time needed for checking universality using antichains-inclusion algorithm: 7909[µs]
Time needed for checking abstract safety: 10377[µs]
...done.
Result: [1]
This means that the following properties could be separated from the initial configurations:
	[exclusivenonexclusive]
While the following properties could not be separated from the initial configurations:
	[]

real	0m0,694s
user	0m0,648s
sys	0m0,027s
********************
/home/jakob/Documents/abstracton/benchmarks/dodo/Berkeley.json
s
exclusivenonexclusive
Running as unit: run-ra40b89b7cacc464293ca75a1d9665c49.scope; invocation ID: f7491234b49b421cb36aee70e6cac83c
Time needed for parsing json file: 3262[µs]
using Siphon interpretation
Time needed for constructing Siphon interpretation transducer: 1416[µs]
computing ind...
Time needed for constructing complement of ind: 14997[µs]
Time needed for computing ind: 30092[µs]
Time needed for minimizing ind: 10806[µs]
Time needed for computing ind (total): 56019[µs]
automaton for ind has 5 states.
minimized automaton for ind has 5 states.
...done.
computing complement of preach...
Time needed for constructing identity on ind: 474[µs]
Time needed for computing product v_id of abstraction framework with identity on ind: 4415[µs]
Time needed for computing product of v_id with complement of abstraction framework: 1251[µs]
Time needed for computing complement of preach: 64426[µs]
automaton for complement of preach has 5 states.
...of which, 2 states are at level 0.
Time needed for trimming complement of preach: 23[µs]
...done.
trying to prove abstract safety...
Time needed for constructing transducer for unsafe property: 39[µs]
Time needed for constructing transducer for (initial, unsafe) pairs: 364[µs]
Time needed for constructing transducer for complement of (initial, unsafe) pairs: 606[µs]
Time needed for building union of complements of preach and (initial, unsafe)-transducer: 115[µs]
Time needed for checking universality using antichains-inclusion algorithm: 515[µs]
Time needed for checking abstract safety: 1732[µs]
...done.
Result: [0]
This means that the following properties could be separated from the initial configurations:
	[]
While the following properties could not be separated from the initial configurations:
	[exclusivenonexclusive]

real	0m0,153s
user	0m0,127s
sys	0m0,008s
********************
/home/jakob/Documents/abstracton/benchmarks/dodo/Berkeley.json
f
exclusivenonexclusive
Running as unit: run-r8b32613be4b646c49116de92bdb2ed16.scope; invocation ID: b2cbe0ddfc7d47539f502360b35187c8
Time needed for parsing json file: 3268[µs]
using Flow interpretation
Time needed for constructing Flow interpretation transducer: 3496[µs]
computing ind...
Time needed for constructing complement of ind: 44207[µs]
Time needed for computing ind: 1057579[µs]
Time needed for minimizing ind: 132316[µs]
Time needed for computing ind (total): 1234419[µs]
automaton for ind has 7 states.
minimized automaton for ind has 7 states.
...done.
computing complement of preach...
Time needed for constructing identity on ind: 595[µs]
Time needed for computing product v_id of abstraction framework with identity on ind: 11184[µs]
Time needed for computing product of v_id with complement of abstraction framework: 2457[µs]
Time needed for computing complement of preach: 1233823[µs]
automaton for complement of preach has 5 states.
...of which, 2 states are at level 0.
Time needed for trimming complement of preach: 44[µs]
...done.
trying to prove abstract safety...
Time needed for constructing transducer for unsafe property: 36[µs]
Time needed for constructing transducer for (initial, unsafe) pairs: 299[µs]
Time needed for constructing transducer for complement of (initial, unsafe) pairs: 553[µs]
Time needed for building union of complements of preach and (initial, unsafe)-transducer: 125[µs]
Time needed for checking universality using antichains-inclusion algorithm: 518[µs]
Time needed for checking abstract safety: 1630[µs]
...done.
Result: [0]
This means that the following properties could be separated from the initial configurations:
	[]
While the following properties could not be separated from the initial configurations:
	[exclusivenonexclusive]

real	0m2,502s
user	0m2,458s
sys	0m0,020s
********************
3 of 61
/home/jakob/Documents/abstracton/benchmarks/dodo/Berkeley.json
t
deadlock
Running as unit: run-r79c98b8d8e9449828159412963dc070a.scope; invocation ID: 67f5f6a9519344759bb933e29e24864c
Time needed for parsing json file: 2950[µs]
using Trap interpretation
Time needed for constructing Trap interpretation transducer: 3737[µs]
computing ind...
Time needed for constructing complement of ind: 43161[µs]
Time needed for computing ind: 181794[µs]
Time needed for minimizing ind: 30216[µs]
Time needed for computing ind (total): 255449[µs]
automaton for ind has 10 states.
minimized automaton for ind has 10 states.
...done.
computing complement of preach...
Time needed for constructing identity on ind: 940[µs]
Time needed for computing product v_id of abstraction framework with identity on ind: 30200[µs]
Time needed for computing product of v_id with complement of abstraction framework: 127605[µs]
Time needed for computing complement of preach: 430149[µs]
automaton for complement of preach has 462 states.
...of which, 14 states are at level 0.
Time needed for trimming complement of preach: 1452[µs]
...done.
trying to prove abstract safety...
Time needed for constructing transducer for unsafe property: 128[µs]
Time needed for constructing transducer for (initial, unsafe) pairs: 334[µs]
Time needed for constructing transducer for complement of (initial, unsafe) pairs: 82[µs]
Time needed for building union of complements of preach and (initial, unsafe)-transducer: 1118[µs]
Time needed for checking universality using antichains-inclusion algorithm: 5122[µs]
Time needed for checking abstract safety: 7085[µs]
...done.
Result: [1]
This means that the following properties could be separated from the initial configurations:
	[deadlock]
While the following properties could not be separated from the initial configurations:
	[]

real	0m0,729s
user	0m0,691s
sys	0m0,021s
********************
/home/jakob/Documents/abstracton/benchmarks/dodo/Berkeley.json
s
deadlock
Running as unit: run-rbf5c1fdb566b43918a4b50d06fc0db93.scope; invocation ID: 8780aceb6b0c4ee29e9399f2bdf204a0
Time needed for parsing json file: 3060[µs]
using Siphon interpretation
Time needed for constructing Siphon interpretation transducer: 1495[µs]
computing ind...
Time needed for constructing complement of ind: 14038[µs]
Time needed for computing ind: 35239[µs]
Time needed for minimizing ind: 11281[µs]
Time needed for computing ind (total): 60727[µs]
automaton for ind has 5 states.
minimized automaton for ind has 5 states.
...done.
computing complement of preach...
Time needed for constructing identity on ind: 395[µs]
Time needed for computing product v_id of abstraction framework with identity on ind: 4399[µs]
Time needed for computing product of v_id with complement of abstraction framework: 1264[µs]
Time needed for computing complement of preach: 59328[µs]
automaton for complement of preach has 5 states.
...of which, 2 states are at level 0.
Time needed for trimming complement of preach: 27[µs]
...done.
trying to prove abstract safety...
Time needed for constructing transducer for unsafe property: 78[µs]
Time needed for constructing transducer for (initial, unsafe) pairs: 267[µs]
Time needed for constructing transducer for complement of (initial, unsafe) pairs: 68[µs]
Time needed for building union of complements of preach and (initial, unsafe)-transducer: 53[µs]
Time needed for checking universality using antichains-inclusion algorithm: 349[µs]
Time needed for checking abstract safety: 930[µs]
...done.
Result: [1]
This means that the following properties could be separated from the initial configurations:
	[deadlock]
While the following properties could not be separated from the initial configurations:
	[]

real	0m0,152s
user	0m0,129s
sys	0m0,007s
********************
/home/jakob/Documents/abstracton/benchmarks/dodo/Berkeley.json
f
deadlock
Running as unit: run-rd1b4d9bf0f8e4519b213127274bdcc6b.scope; invocation ID: 344845579e454dbeab38e7f27103452e
Time needed for parsing json file: 2869[µs]
using Flow interpretation
Time needed for constructing Flow interpretation transducer: 3226[µs]
computing ind...
Time needed for constructing complement of ind: 38986[µs]
Time needed for computing ind: 1034266[µs]
Time needed for minimizing ind: 131270[µs]
Time needed for computing ind (total): 1204786[µs]
automaton for ind has 7 states.
minimized automaton for ind has 7 states.
...done.
computing complement of preach...
Time needed for constructing identity on ind: 531[µs]
Time needed for computing product v_id of abstraction framework with identity on ind: 9876[µs]
Time needed for computing product of v_id with complement of abstraction framework: 2423[µs]
Time needed for computing complement of preach: 1253292[µs]
automaton for complement of preach has 5 states.
...of which, 2 states are at level 0.
Time needed for trimming complement of preach: 34[µs]
...done.
trying to prove abstract safety...
Time needed for constructing transducer for unsafe property: 75[µs]
Time needed for constructing transducer for (initial, unsafe) pairs: 308[µs]
Time needed for constructing transducer for complement of (initial, unsafe) pairs: 69[µs]
Time needed for building union of complements of preach and (initial, unsafe)-transducer: 54[µs]
Time needed for checking universality using antichains-inclusion algorithm: 326[µs]
Time needed for checking abstract safety: 922[µs]
...done.
Result: [1]
This means that the following properties could be separated from the initial configurations:
	[deadlock]
While the following properties could not be separated from the initial configurations:
	[]

real	0m2,489s
user	0m2,462s
sys	0m0,013s
********************
4 of 61
/home/jakob/Documents/abstracton/benchmarks/dodo/Burns.json
t
nomutex
Running as unit: run-r4230c131d6f84a22a60ad75c65c325cd.scope; invocation ID: 4a92e892e2604bfaa133f319da58a54a
Time needed for parsing json file: 2192[µs]
using Trap interpretation
Time needed for constructing Trap interpretation transducer: 22124[µs]
computing ind...
Time needed for constructing complement of ind: 151989[µs]
Time needed for computing ind: 245987[µs]
Time needed for minimizing ind: 60172[µs]
Time needed for computing ind (total): 458382[µs]
automaton for ind has 7 states.
minimized automaton for ind has 7 states.
...done.
computing complement of preach...
Time needed for constructing identity on ind: 3628[µs]
Time needed for computing product v_id of abstraction framework with identity on ind: 106969[µs]
Time needed for computing product of v_id with complement of abstraction framework: 665074[µs]
Time needed for computing complement of preach: 1226002[µs]
automaton for complement of preach has 410 states.
...of which, 8 states are at level 0.
Time needed for trimming complement of preach: 1653[µs]
...done.
trying to prove abstract safety...
Time needed for constructing transducer for unsafe property: 44[µs]
Time needed for constructing transducer for (initial, unsafe) pairs: 316[µs]
Time needed for constructing transducer for complement of (initial, unsafe) pairs: 590[µs]
Time needed for building union of complements of preach and (initial, unsafe)-transducer: 1473[µs]
Time needed for checking universality using antichains-inclusion algorithm: 7081[µs]
Time needed for checking abstract safety: 9826[µs]
...done.
Result: [1]
This means that the following properties could be separated from the initial configurations:
	[nomutex]
While the following properties could not be separated from the initial configurations:
	[]

real	0m1,750s
user	0m1,672s
sys	0m0,066s
********************
/home/jakob/Documents/abstracton/benchmarks/dodo/Burns.json
s
nomutex
Running as unit: run-r9f19fbe1abfd4aea83065a2b9c32d8d0.scope; invocation ID: d1ab6d7277484befbd0a6eb9cebe16a1
Time needed for parsing json file: 2401[µs]
using Siphon interpretation
Time needed for constructing Siphon interpretation transducer: 8028[µs]
computing ind...
Time needed for constructing complement of ind: 61632[µs]
Time needed for computing ind: 29909[µs]
Time needed for minimizing ind: 17376[µs]
Time needed for computing ind (total): 109122[µs]
automaton for ind has 3 states.
minimized automaton for ind has 3 states.
...done.
computing complement of preach...
Time needed for constructing identity on ind: 1457[µs]
Time needed for computing product v_id of abstraction framework with identity on ind: 13411[µs]
Time needed for computing product of v_id with complement of abstraction framework: 2199[µs]
Time needed for computing complement of preach: 121832[µs]
automaton for complement of preach has 0 states.
...of which, 0 states are at level 0.
Time needed for trimming complement of preach: 6[µs]
...done.
trying to prove abstract safety...
Time needed for constructing transducer for unsafe property: 35[µs]
Time needed for constructing transducer for (initial, unsafe) pairs: 272[µs]
Time needed for constructing transducer for complement of (initial, unsafe) pairs: 621[µs]
Time needed for building union of complements of preach and (initial, unsafe)-transducer: 126[µs]
Time needed for checking universality using antichains-inclusion algorithm: 536[µs]
Time needed for checking abstract safety: 1691[µs]
...done.
Result: [0]
This means that the following properties could be separated from the initial configurations:
	[]
While the following properties could not be separated from the initial configurations:
	[nomutex]

real	0m0,270s
user	0m0,236s
sys	0m0,015s
********************
/home/jakob/Documents/abstracton/benchmarks/dodo/Burns.json
f
nomutex
Running as unit: run-rf6f6f7ddbf504b809147a6112f4c3dc2.scope; invocation ID: 155b1bc82f5f477d910008c0315b392f
Time needed for parsing json file: 2273[µs]
using Flow interpretation
Time needed for constructing Flow interpretation transducer: 18405[µs]
computing ind...
Time needed for constructing complement of ind: 135592[µs]
Time needed for computing ind: 676637[µs]
Time needed for minimizing ind: 167157[µs]
Time needed for computing ind (total): 979643[µs]
automaton for ind has 5 states.
minimized automaton for ind has 5 states.
...done.
computing complement of preach...
Time needed for constructing identity on ind: 2280[µs]
Time needed for computing product v_id of abstraction framework with identity on ind: 38985[µs]
Time needed for computing product of v_id with complement of abstraction framework: 4625[µs]
Time needed for computing complement of preach: 1007381[µs]
automaton for complement of preach has 0 states.
...of which, 0 states are at level 0.
Time needed for trimming complement of preach: 11[µs]
...done.
trying to prove abstract safety...
Time needed for constructing transducer for unsafe property: 33[µs]
Time needed for constructing transducer for (initial, unsafe) pairs: 283[µs]
Time needed for constructing transducer for complement of (initial, unsafe) pairs: 558[µs]
Time needed for building union of complements of preach and (initial, unsafe)-transducer: 124[µs]
Time needed for checking universality using antichains-inclusion algorithm: 559[µs]
Time needed for checking abstract safety: 1669[µs]
...done.
Result: [0]
This means that the following properties could be separated from the initial configurations:
	[]
While the following properties could not be separated from the initial configurations:
	[nomutex]

real	0m2,036s
user	0m1,990s
sys	0m0,022s
********************
5 of 61
/home/jakob/Documents/abstracton/benchmarks/dodo/Burns.json
t
deadlock
Running as unit: run-r0a27641b6b544c22800bfdf6006538da.scope; invocation ID: 3896a4a7155a4c1cb17bdeb1d83eba34
Time needed for parsing json file: 2053[µs]
using Trap interpretation
Time needed for constructing Trap interpretation transducer: 20732[µs]
computing ind...
Time needed for constructing complement of ind: 180229[µs]
Time needed for computing ind: 245337[µs]
Time needed for minimizing ind: 59243[µs]
Time needed for computing ind (total): 485094[µs]
automaton for ind has 7 states.
minimized automaton for ind has 7 states.
...done.
computing complement of preach...
Time needed for constructing identity on ind: 3248[µs]
Time needed for computing product v_id of abstraction framework with identity on ind: 115833[µs]
Time needed for computing product of v_id with complement of abstraction framework: 634780[µs]
Time needed for computing complement of preach: 1203569[µs]
automaton for complement of preach has 410 states.
...of which, 8 states are at level 0.
Time needed for trimming complement of preach: 1527[µs]
...done.
trying to prove abstract safety...
Time needed for constructing transducer for unsafe property: 62[µs]
Time needed for constructing transducer for (initial, unsafe) pairs: 271[µs]
Time needed for constructing transducer for complement of (initial, unsafe) pairs: 97[µs]
Time needed for building union of complements of preach and (initial, unsafe)-transducer: 1356[µs]
Time needed for checking universality using antichains-inclusion algorithm: 6057[µs]
Time needed for checking abstract safety: 8124[µs]
...done.
Result: [1]
This means that the following properties could be separated from the initial configurations:
	[deadlock]
While the following properties could not be separated from the initial configurations:
	[]

real	0m1,753s
user	0m1,672s
sys	0m0,068s
********************
/home/jakob/Documents/abstracton/benchmarks/dodo/Burns.json
s
deadlock
Running as unit: run-rf26c3623bc944534b5758a7def4f0c16.scope; invocation ID: 226571f24a2d4bc0960af7151ffcd9e7
Time needed for parsing json file: 2291[µs]
using Siphon interpretation
Time needed for constructing Siphon interpretation transducer: 7912[µs]
computing ind...
Time needed for constructing complement of ind: 59427[µs]
Time needed for computing ind: 27871[µs]
Time needed for minimizing ind: 14201[µs]
Time needed for computing ind (total): 101652[µs]
automaton for ind has 3 states.
minimized automaton for ind has 3 states.
...done.
computing complement of preach...
Time needed for constructing identity on ind: 1481[µs]
Time needed for computing product v_id of abstraction framework with identity on ind: 13685[µs]
Time needed for computing product of v_id with complement of abstraction framework: 2328[µs]
Time needed for computing complement of preach: 119057[µs]
automaton for complement of preach has 0 states.
...of which, 0 states are at level 0.
Time needed for trimming complement of preach: 6[µs]
...done.
trying to prove abstract safety...
Time needed for constructing transducer for unsafe property: 57[µs]
Time needed for constructing transducer for (initial, unsafe) pairs: 223[µs]
Time needed for constructing transducer for complement of (initial, unsafe) pairs: 82[µs]
Time needed for building union of complements of preach and (initial, unsafe)-transducer: 59[µs]
Time needed for checking universality using antichains-inclusion algorithm: 350[µs]
Time needed for checking abstract safety: 890[µs]
...done.
Result: [1]
This means that the following properties could be separated from the initial configurations:
	[deadlock]
While the following properties could not be separated from the initial configurations:
	[]

real	0m0,258s
user	0m0,235s
sys	0m0,008s
********************
/home/jakob/Documents/abstracton/benchmarks/dodo/Burns.json
f
deadlock
Running as unit: run-r4cc5b9be746947cb8a7287c1cd6b3008.scope; invocation ID: c8836cb1fcd94de28659807756547c81
Time needed for parsing json file: 2274[µs]
using Flow interpretation
Time needed for constructing Flow interpretation transducer: 24012[µs]
computing ind...
Time needed for constructing complement of ind: 139610[µs]
Time needed for computing ind: 691578[µs]
Time needed for minimizing ind: 167883[µs]
Time needed for computing ind (total): 999431[µs]
automaton for ind has 5 states.
minimized automaton for ind has 5 states.
...done.
computing complement of preach...
Time needed for constructing identity on ind: 2606[µs]
Time needed for computing product v_id of abstraction framework with identity on ind: 39582[µs]
Time needed for computing product of v_id with complement of abstraction framework: 4895[µs]
Time needed for computing complement of preach: 1133393[µs]
automaton for complement of preach has 0 states.
...of which, 0 states are at level 0.
Time needed for trimming complement of preach: 9[µs]
...done.
trying to prove abstract safety...
Time needed for constructing transducer for unsafe property: 61[µs]
Time needed for constructing transducer for (initial, unsafe) pairs: 269[µs]
Time needed for constructing transducer for complement of (initial, unsafe) pairs: 90[µs]
Time needed for building union of complements of preach and (initial, unsafe)-transducer: 58[µs]
Time needed for checking universality using antichains-inclusion algorithm: 334[µs]
Time needed for checking abstract safety: 921[µs]
...done.
Result: [1]
This means that the following properties could be separated from the initial configurations:
	[deadlock]
While the following properties could not be separated from the initial configurations:
	[]

real	0m2,183s
user	0m2,159s
sys	0m0,012s
********************
6 of 61
/home/jakob/Documents/abstracton/benchmarks/dodo/Dijkstra-Scholten.json
t
twob
Running as unit: run-rd1d766db67964560aa27e763e133a15e.scope; invocation ID: 35c50990768b44568ecebab781cdd632
Time needed for parsing json file: 10560[µs]
using Trap interpretation
Time needed for constructing Trap interpretation transducer: 4188[µs]
computing ind...
Time needed for constructing complement of ind: 12971[µs]
Time needed for computing ind: 35298[µs]
Time needed for minimizing ind: 10872[µs]
Time needed for computing ind (total): 59290[µs]
automaton for ind has 8 states.
minimized automaton for ind has 8 states.
...done.
computing complement of preach...
Time needed for constructing identity on ind: 681[µs]
Time needed for computing product v_id of abstraction framework with identity on ind: 23946[µs]
Time needed for computing product of v_id with complement of abstraction framework: 111679[µs]
Time needed for computing complement of preach: 195836[µs]
automaton for complement of preach has 428 states.
...of which, 12 states are at level 0.
Time needed for trimming complement of preach: 1206[µs]
...done.
trying to prove abstract safety...
Time needed for constructing transducer for unsafe property: 27[µs]
Time needed for constructing transducer for (initial, unsafe) pairs: 236[µs]
Time needed for constructing transducer for complement of (initial, unsafe) pairs: 469[µs]
Time needed for building union of complements of preach and (initial, unsafe)-transducer: 1017[µs]
Time needed for checking universality using antichains-inclusion algorithm: 6425[µs]
Time needed for checking abstract safety: 8415[µs]
...done.
Result: [1]
This means that the following properties could be separated from the initial configurations:
	[twob]
While the following properties could not be separated from the initial configurations:
	[]

real	0m0,306s
user	0m0,270s
sys	0m0,013s
********************
/home/jakob/Documents/abstracton/benchmarks/dodo/Dijkstra-Scholten.json
s
twob
Running as unit: run-rea9cbd77ad464ab7b376d19077d1efe1.scope; invocation ID: 26e01e6a1d54428fa9aeeff998c18ee8
Time needed for parsing json file: 1612[µs]
using Siphon interpretation
Time needed for constructing Siphon interpretation transducer: 1437[µs]
computing ind...
Time needed for constructing complement of ind: 4448[µs]
Time needed for computing ind: 4419[µs]
Time needed for minimizing ind: 3396[µs]
Time needed for computing ind (total): 12359[µs]
automaton for ind has 8 states.
minimized automaton for ind has 8 states.
...done.
computing complement of preach...
Time needed for constructing identity on ind: 753[µs]
Time needed for computing product v_id of abstraction framework with identity on ind: 8173[µs]
Time needed for computing product of v_id with complement of abstraction framework: 13717[µs]
Time needed for computing complement of preach: 35926[µs]
automaton for complement of preach has 222 states.
...of which, 12 states are at level 0.
Time needed for trimming complement of preach: 875[µs]
...done.
trying to prove abstract safety...
Time needed for constructing transducer for unsafe property: 28[µs]
Time needed for constructing transducer for (initial, unsafe) pairs: 233[µs]
Time needed for constructing transducer for complement of (initial, unsafe) pairs: 464[µs]
Time needed for building union of complements of preach and (initial, unsafe)-transducer: 847[µs]
Time needed for checking universality using antichains-inclusion algorithm: 3933[µs]
Time needed for checking abstract safety: 5716[µs]
...done.
Result: [0]
This means that the following properties could be separated from the initial configurations:
	[]
While the following properties could not be separated from the initial configurations:
	[twob]

real	0m0,079s
user	0m0,058s
sys	0m0,010s
********************
/home/jakob/Documents/abstracton/benchmarks/dodo/Dijkstra-Scholten.json
f
twob
Running as unit: run-r15e9f963a279446a8fd6d5cbc46dcd8c.scope; invocation ID: 64082975339e45d59d225921c0bec8f9
Time needed for parsing json file: 2069[µs]
using Flow interpretation
Time needed for constructing Flow interpretation transducer: 3768[µs]
computing ind...
Time needed for constructing complement of ind: 12761[µs]
Time needed for computing ind: 89181[µs]
Time needed for minimizing ind: 30296[µs]
Time needed for computing ind (total): 132418[µs]
automaton for ind has 23 states.
minimized automaton for ind has 23 states.
...done.
computing complement of preach...
Time needed for constructing identity on ind: 1874[µs]
Time needed for computing product v_id of abstraction framework with identity on ind: 46292[µs]
Time needed for computing product of v_id with complement of abstraction framework: 65764[µs]
Time needed for computing complement of preach: 249397[µs]
automaton for complement of preach has 1114 states.
...of which, 65 states are at level 0.
Time needed for trimming complement of preach: 3941[µs]
...done.
trying to prove abstract safety...
Time needed for constructing transducer for unsafe property: 26[µs]
Time needed for constructing transducer for (initial, unsafe) pairs: 223[µs]
Time needed for constructing transducer for complement of (initial, unsafe) pairs: 418[µs]
Time needed for building union of complements of preach and (initial, unsafe)-transducer: 3665[µs]
Time needed for checking universality using antichains-inclusion algorithm: 16981[µs]
Time needed for checking abstract safety: 22121[µs]
...done.
Result: [1]
This means that the following properties could be separated from the initial configurations:
	[twob]
While the following properties could not be separated from the initial configurations:
	[]

real	0m0,438s
user	0m0,413s
sys	0m0,013s
********************
7 of 61
/home/jakob/Documents/abstracton/benchmarks/dodo/Dijkstra-Scholten.json
t
twod
Running as unit: run-rff0d94ef1bc74ceebedd941efd2f0560.scope; invocation ID: 59402bb3482f462da5d7381af567a7b2
Time needed for parsing json file: 1880[µs]
using Trap interpretation
Time needed for constructing Trap interpretation transducer: 3870[µs]
computing ind...
Time needed for constructing complement of ind: 12658[µs]
Time needed for computing ind: 38219[µs]
Time needed for minimizing ind: 11646[µs]
Time needed for computing ind (total): 62681[µs]
automaton for ind has 8 states.
minimized automaton for ind has 8 states.
...done.
computing complement of preach...
Time needed for constructing identity on ind: 708[µs]
Time needed for computing product v_id of abstraction framework with identity on ind: 25199[µs]
Time needed for computing product of v_id with complement of abstraction framework: 121702[µs]
Time needed for computing complement of preach: 205536[µs]
automaton for complement of preach has 428 states.
...of which, 12 states are at level 0.
Time needed for trimming complement of preach: 1313[µs]
...done.
trying to prove abstract safety...
Time needed for constructing transducer for unsafe property: 28[µs]
Time needed for constructing transducer for (initial, unsafe) pairs: 260[µs]
Time needed for constructing transducer for complement of (initial, unsafe) pairs: 515[µs]
Time needed for building union of complements of preach and (initial, unsafe)-transducer: 1339[µs]
Time needed for checking universality using antichains-inclusion algorithm: 8153[µs]
Time needed for checking abstract safety: 10576[µs]
...done.
Result: [1]
This means that the following properties could be separated from the initial configurations:
	[twod]
While the following properties could not be separated from the initial configurations:
	[]

real	0m0,316s
user	0m0,278s
sys	0m0,016s
********************
/home/jakob/Documents/abstracton/benchmarks/dodo/Dijkstra-Scholten.json
s
twod
Running as unit: run-r1a62253657ec49039796caa5731f7980.scope; invocation ID: 32b56892258e49e588bb23d85538a614
Time needed for parsing json file: 1637[µs]
using Siphon interpretation
Time needed for constructing Siphon interpretation transducer: 1534[µs]
computing ind...
Time needed for constructing complement of ind: 4949[µs]
Time needed for computing ind: 4885[µs]
Time needed for minimizing ind: 3559[µs]
Time needed for computing ind (total): 13488[µs]
automaton for ind has 8 states.
minimized automaton for ind has 8 states.
...done.
computing complement of preach...
Time needed for constructing identity on ind: 973[µs]
Time needed for computing product v_id of abstraction framework with identity on ind: 8323[µs]
Time needed for computing product of v_id with complement of abstraction framework: 13968[µs]
Time needed for computing complement of preach: 37766[µs]
automaton for complement of preach has 222 states.
...of which, 12 states are at level 0.
Time needed for trimming complement of preach: 827[µs]
...done.
trying to prove abstract safety...
Time needed for constructing transducer for unsafe property: 28[µs]
Time needed for constructing transducer for (initial, unsafe) pairs: 239[µs]
Time needed for constructing transducer for complement of (initial, unsafe) pairs: 443[µs]
Time needed for building union of complements of preach and (initial, unsafe)-transducer: 797[µs]
Time needed for checking universality using antichains-inclusion algorithm: 4044[µs]
Time needed for checking abstract safety: 5759[µs]
...done.
Result: [0]
This means that the following properties could be separated from the initial configurations:
	[]
While the following properties could not be separated from the initial configurations:
	[twod]

real	0m0,084s
user	0m0,063s
sys	0m0,008s
********************
/home/jakob/Documents/abstracton/benchmarks/dodo/Dijkstra-Scholten.json
f
twod
Running as unit: run-r7cea9302252347f89e4d5c6a1ad6ff7a.scope; invocation ID: 28e25ff58b1f472aa3c9617d7521c5d9
Time needed for parsing json file: 1601[µs]
using Flow interpretation
Time needed for constructing Flow interpretation transducer: 3270[µs]
computing ind...
Time needed for constructing complement of ind: 11714[µs]
Time needed for computing ind: 90258[µs]
Time needed for minimizing ind: 30900[µs]
Time needed for computing ind (total): 133052[µs]
automaton for ind has 23 states.
minimized automaton for ind has 23 states.
...done.
computing complement of preach...
Time needed for constructing identity on ind: 1841[µs]
Time needed for computing product v_id of abstraction framework with identity on ind: 48115[µs]
Time needed for computing product of v_id with complement of abstraction framework: 73183[µs]
Time needed for computing complement of preach: 260370[µs]
automaton for complement of preach has 1114 states.
...of which, 65 states are at level 0.
Time needed for trimming complement of preach: 4572[µs]
...done.
trying to prove abstract safety...
Time needed for constructing transducer for unsafe property: 48[µs]
Time needed for constructing transducer for (initial, unsafe) pairs: 267[µs]
Time needed for constructing transducer for complement of (initial, unsafe) pairs: 472[µs]
Time needed for building union of complements of preach and (initial, unsafe)-transducer: 4013[µs]
Time needed for checking universality using antichains-inclusion algorithm: 18204[µs]
Time needed for checking abstract safety: 23881[µs]
...done.
Result: [1]
This means that the following properties could be separated from the initial configurations:
	[twod]
While the following properties could not be separated from the initial configurations:
	[]

real	0m0,451s
user	0m0,425s
sys	0m0,014s
********************
8 of 61
/home/jakob/Documents/abstracton/benchmarks/dodo/Dijkstra-Scholten.json
t
deadlock
Running as unit: run-r6b8f15ff47464ddd9744fb435eb6b748.scope; invocation ID: 834f65b23f7e4f3da2206fd40d234ba8
Time needed for parsing json file: 1740[µs]
using Trap interpretation
Time needed for constructing Trap interpretation transducer: 4135[µs]
computing ind...
Time needed for constructing complement of ind: 12772[µs]
Time needed for computing ind: 34049[µs]
Time needed for minimizing ind: 11336[µs]
Time needed for computing ind (total): 58313[µs]
automaton for ind has 8 states.
minimized automaton for ind has 8 states.
...done.
computing complement of preach...
Time needed for constructing identity on ind: 659[µs]
Time needed for computing product v_id of abstraction framework with identity on ind: 25087[µs]
Time needed for computing product of v_id with complement of abstraction framework: 120637[µs]
Time needed for computing complement of preach: 206301[µs]
automaton for complement of preach has 428 states.
...of which, 12 states are at level 0.
Time needed for trimming complement of preach: 1236[µs]
...done.
trying to prove abstract safety...
Time needed for constructing transducer for unsafe property: 63[µs]
Time needed for constructing transducer for (initial, unsafe) pairs: 416[µs]
Time needed for constructing transducer for complement of (initial, unsafe) pairs: 662[µs]
Time needed for building union of complements of preach and (initial, unsafe)-transducer: 1122[µs]
Time needed for checking universality using antichains-inclusion algorithm: 6484[µs]
Time needed for checking abstract safety: 9176[µs]
...done.
Result: [1]
This means that the following properties could be separated from the initial configurations:
	[deadlock]
While the following properties could not be separated from the initial configurations:
	[]

real	0m0,306s
user	0m0,275s
sys	0m0,016s
********************
/home/jakob/Documents/abstracton/benchmarks/dodo/Dijkstra-Scholten.json
s
deadlock
Running as unit: run-r418a8cbda51b4b6d8ab47eaefb3e671a.scope; invocation ID: 5a26059df27a40c9814179a21d136ddc
Time needed for parsing json file: 1599[µs]
using Siphon interpretation
Time needed for constructing Siphon interpretation transducer: 1522[µs]
computing ind...
Time needed for constructing complement of ind: 4798[µs]
Time needed for computing ind: 4771[µs]
Time needed for minimizing ind: 3520[µs]
Time needed for computing ind (total): 13185[µs]
automaton for ind has 8 states.
minimized automaton for ind has 8 states.
...done.
computing complement of preach...
Time needed for constructing identity on ind: 820[µs]
Time needed for computing product v_id of abstraction framework with identity on ind: 8455[µs]
Time needed for computing product of v_id with complement of abstraction framework: 14540[µs]
Time needed for computing complement of preach: 38067[µs]
automaton for complement of preach has 222 states.
...of which, 12 states are at level 0.
Time needed for trimming complement of preach: 791[µs]
...done.
trying to prove abstract safety...
Time needed for constructing transducer for unsafe property: 63[µs]
Time needed for constructing transducer for (initial, unsafe) pairs: 380[µs]
Time needed for constructing transducer for complement of (initial, unsafe) pairs: 588[µs]
Time needed for building union of complements of preach and (initial, unsafe)-transducer: 819[µs]
Time needed for checking universality using antichains-inclusion algorithm: 3994[µs]
Time needed for checking abstract safety: 6092[µs]
...done.
Result: [0]
This means that the following properties could be separated from the initial configurations:
	[]
While the following properties could not be separated from the initial configurations:
	[deadlock]

real	0m0,089s
user	0m0,065s
sys	0m0,007s
********************
/home/jakob/Documents/abstracton/benchmarks/dodo/Dijkstra-Scholten.json
f
deadlock
Running as unit: run-r428854b673324500be64725fe69a5d7b.scope; invocation ID: 1691d901ac4b4cb395f24fd6534d4d69
Time needed for parsing json file: 1745[µs]
using Flow interpretation
Time needed for constructing Flow interpretation transducer: 3579[µs]
computing ind...
Time needed for constructing complement of ind: 13466[µs]
Time needed for computing ind: 100917[µs]
Time needed for minimizing ind: 30391[µs]
Time needed for computing ind (total): 144954[µs]
automaton for ind has 23 states.
minimized automaton for ind has 23 states.
...done.
computing complement of preach...
Time needed for constructing identity on ind: 1932[µs]
Time needed for computing product v_id of abstraction framework with identity on ind: 49871[µs]
Time needed for computing product of v_id with complement of abstraction framework: 76247[µs]
Time needed for computing complement of preach: 260823[µs]
automaton for complement of preach has 1114 states.
...of which, 65 states are at level 0.
Time needed for trimming complement of preach: 4895[µs]
...done.
trying to prove abstract safety...
Time needed for constructing transducer for unsafe property: 74[µs]
Time needed for constructing transducer for (initial, unsafe) pairs: 530[µs]
Time needed for constructing transducer for complement of (initial, unsafe) pairs: 729[µs]
Time needed for building union of complements of preach and (initial, unsafe)-transducer: 4179[µs]
Time needed for checking universality using antichains-inclusion algorithm: 20503[µs]
Time needed for checking abstract safety: 26915[µs]
...done.
Result: [1]
This means that the following properties could be separated from the initial configurations:
	[deadlock]
While the following properties could not be separated from the initial configurations:
	[]

real	0m0,473s
user	0m0,441s
sys	0m0,014s
********************
9 of 61
/home/jakob/Documents/abstracton/benchmarks/dodo/Dijkstra-ring.json
t
nomutex
Running as unit: run-r31d570f3ce284ab8b39e8090cd304d06.scope; invocation ID: 8e1e0bdf70ba49dabf620532ffc6ab31
Time needed for parsing json file: 18602[µs]
using Trap interpretation
Time needed for constructing Trap interpretation transducer: 21155070[µs]
computing ind...
Time needed for constructing complement of ind: 926686183[µs]

real	20m0,049s
user	19m59,085s
sys	0m0,430s
********************
/home/jakob/Documents/abstracton/benchmarks/dodo/Dijkstra-ring.json
s
nomutex
Running as unit: run-reb205840ac1e4ee38db1a7f937910ccd.scope; invocation ID: ed4c54866d7441cdb671b4f1ad3d1fd3
Time needed for parsing json file: 9288[µs]
using Siphon interpretation
Time needed for constructing Siphon interpretation transducer: 5924582[µs]
computing ind...
Time needed for constructing complement of ind: 321970195[µs]

real	20m0,067s
user	19m58,880s
sys	0m0,654s
********************
/home/jakob/Documents/abstracton/benchmarks/dodo/Dijkstra-ring.json
f
nomutex
Running as unit: run-r7ee45d8aa66144b4b5a22583c6bc0039.scope; invocation ID: 8f6a0709f38e4a6a984c4965646fd9fc
Time needed for parsing json file: 9186[µs]
using Flow interpretation
Time needed for constructing Flow interpretation transducer: 17323358[µs]
computing ind...
Time needed for constructing complement of ind: 891491400[µs]

real	20m0,037s
user	19m59,144s
sys	0m0,392s
********************
10 of 61
/home/jakob/Documents/abstracton/benchmarks/dodo/Dijkstra-ring.json
t
deadlock
Running as unit: run-rf63af6f53d8a4772955e78cf5e7911a3.scope; invocation ID: c3c0fdeb745c4b24b54f167a4bea83d5
Time needed for parsing json file: 9363[µs]
using Trap interpretation
Time needed for constructing Trap interpretation transducer: 21101751[µs]
computing ind...
Time needed for constructing complement of ind: 904722206[µs]

real	20m0,044s
user	19m58,739s
sys	0m0,468s
********************
/home/jakob/Documents/abstracton/benchmarks/dodo/Dijkstra-ring.json
s
deadlock
Running as unit: run-r12b93e7bd73b45ddad45a596ac662ed4.scope; invocation ID: 4e3b2f6cafd84f4f991811e7c82225f9
Time needed for parsing json file: 9019[µs]
using Siphon interpretation
Time needed for constructing Siphon interpretation transducer: 5879189[µs]
computing ind...
Time needed for constructing complement of ind: 319716765[µs]

real	20m0,058s
user	19m58,870s
sys	0m0,625s
********************
/home/jakob/Documents/abstracton/benchmarks/dodo/Dijkstra-ring.json
f
deadlock
Running as unit: run-rfdae34f0b2504d54ad7651832feb0781.scope; invocation ID: fdd6b75611fc48a68e4f9a55e05fdab6
Time needed for parsing json file: 9112[µs]
using Flow interpretation
Time needed for constructing Flow interpretation transducer: 17418130[µs]
computing ind...
Time needed for constructing complement of ind: 871368033[µs]

real	20m0,043s
user	19m58,910s
sys	0m0,490s
********************
11 of 61
/home/jakob/Documents/abstracton/benchmarks/dodo/DijkstraMutEx.json
t
nomutex
Running as unit: run-r24b004663c3544ddb170aa6c637f7ed6.scope; invocation ID: 820268ef3c8c4dfaafc9203d5a6ae04d
Time needed for parsing json file: 80713[µs]
using Trap interpretation

real	20m1,201s
user	19m50,147s
sys	0m10,162s
********************
/home/jakob/Documents/abstracton/benchmarks/dodo/DijkstraMutEx.json
s
nomutex
Running as unit: run-r4bebafde1c484916aca5299d8e42ef2d.scope; invocation ID: 23d1e92a6ee54c4ca55469c7fc667e14
Time needed for parsing json file: 67315[µs]
using Siphon interpretation

real	20m1,164s
user	19m49,610s
sys	0m10,522s
********************
/home/jakob/Documents/abstracton/benchmarks/dodo/DijkstraMutEx.json
f
nomutex
Running as unit: run-r452e03e9fbcf43bfb148341a9add648c.scope; invocation ID: 82972bc9c3394c8887963b93014141a2
Time needed for parsing json file: 67141[µs]
using Flow interpretation

real	20m1,189s
user	19m50,211s
sys	0m10,126s
********************
12 of 61
/home/jakob/Documents/abstracton/benchmarks/dodo/DijkstraMutEx.json
t
deadlock
Running as unit: run-rdabc07fce4454e1ebaecee52dc44020a.scope; invocation ID: 00d598331ef24478aa0bbc2b622f196a
Time needed for parsing json file: 66708[µs]
using Trap interpretation

real	20m1,317s
user	19m49,831s
sys	0m10,638s
********************
/home/jakob/Documents/abstracton/benchmarks/dodo/DijkstraMutEx.json
s
deadlock
Running as unit: run-ra5a0ee145ae34f81bf48fff66abad604.scope; invocation ID: dc63388577234f038ab228e9991de57c
Time needed for parsing json file: 67207[µs]
using Siphon interpretation

real	20m1,372s
user	19m48,118s
sys	0m11,440s
********************
/home/jakob/Documents/abstracton/benchmarks/dodo/DijkstraMutEx.json
f
deadlock
Running as unit: run-raeceaa6105ef4a4e9d7d74eb02d3151c.scope; invocation ID: 13083751a4de4e3595c1cbcfa4ea763e
Time needed for parsing json file: 79891[µs]
using Flow interpretation

real	20m1,313s
user	19m47,607s
sys	0m12,109s
********************
13 of 61
/home/jakob/Documents/abstracton/benchmarks/dodo/FutureBus.json
t
pendingrightsecond
Running as unit: run-r723780033d8347e599745b4e3997eff3.scope; invocation ID: 964dfec3d3be4476b4734864d83fc320
Time needed for parsing json file: 22996[µs]
using Trap interpretation
Time needed for constructing Trap interpretation transducer: 463186[µs]
computing ind...
Time needed for constructing complement of ind: 30823500[µs]

real	20m0,108s
user	19m56,937s
sys	0m1,552s
********************
/home/jakob/Documents/abstracton/benchmarks/dodo/FutureBus.json
s
pendingrightsecond
Running as unit: run-rdf49e01a99a44e2280ee063ca6fa0637.scope; invocation ID: f8625803e77649138c078cfb0338ac59
Time needed for parsing json file: 25441[µs]
using Siphon interpretation
Time needed for constructing Siphon interpretation transducer: 159838[µs]
computing ind...
Time needed for constructing complement of ind: 12112313[µs]

real	20m0,200s
user	19m55,843s
sys	0m2,331s
********************
/home/jakob/Documents/abstracton/benchmarks/dodo/FutureBus.json
f
pendingrightsecond
Running as unit: run-r0cb007f04a2b4a67bce9d9f27849650e.scope; invocation ID: e3f30a2b5c334257af3e6e7167ab1487
Time needed for parsing json file: 24552[µs]
using Flow interpretation
Time needed for constructing Flow interpretation transducer: 442210[µs]
computing ind...
Time needed for constructing complement of ind: 38236273[µs]

real	20m0,144s
user	19m57,368s
sys	0m1,405s
********************
14 of 61
/home/jakob/Documents/abstracton/benchmarks/dodo/FutureBus.json
t
sharedexclusive
Running as unit: run-r081f69570e42403fadd5a4842f503f0c.scope; invocation ID: 090810c427534dd58f6c0b0153d9a19e
Time needed for parsing json file: 24483[µs]
using Trap interpretation
Time needed for constructing Trap interpretation transducer: 477551[µs]
computing ind...
Time needed for constructing complement of ind: 35984173[µs]

real	20m0,125s
user	19m54,710s
sys	0m2,697s
********************
/home/jakob/Documents/abstracton/benchmarks/dodo/FutureBus.json
s
sharedexclusive
Running as unit: run-rce8d60b322314e589bce36fee9afba0c.scope; invocation ID: c3cca135e511407c83e6e79b6cd3463b
Time needed for parsing json file: 31346[µs]
using Siphon interpretation
Time needed for constructing Siphon interpretation transducer: 192642[µs]
computing ind...
Time needed for constructing complement of ind: 14926568[µs]

real	20m0,212s
user	19m56,627s
sys	0m2,036s
********************
/home/jakob/Documents/abstracton/benchmarks/dodo/FutureBus.json
f
sharedexclusive
Running as unit: run-r617f907de3cb456791e8fd6c3f62d105.scope; invocation ID: df168666c121451691e6d2f42c687afb
Time needed for parsing json file: 23540[µs]
using Flow interpretation
Time needed for constructing Flow interpretation transducer: 394385[µs]
computing ind...
Time needed for constructing complement of ind: 34265960[µs]

real	20m0,137s
user	19m57,739s
sys	0m1,155s
********************
15 of 61
/home/jakob/Documents/abstracton/benchmarks/dodo/FutureBus.json
t
secondpending
Running as unit: run-r5021fd65f59a43f9b239eb3939df709a.scope; invocation ID: c0bef5afb1684cb584622792a58ac49a
Time needed for parsing json file: 24295[µs]
using Trap interpretation
Time needed for constructing Trap interpretation transducer: 462288[µs]
computing ind...
Time needed for constructing complement of ind: 31444105[µs]

real	20m0,121s
user	19m57,573s
sys	0m1,343s
********************
/home/jakob/Documents/abstracton/benchmarks/dodo/FutureBus.json
s
secondpending
Running as unit: run-r7e185611a89f40c8a792e089c0cb6c4a.scope; invocation ID: 816ace94718e4d329d42eb4144dbeea3
Time needed for parsing json file: 24686[µs]
using Siphon interpretation
Time needed for constructing Siphon interpretation transducer: 165571[µs]
computing ind...
Time needed for constructing complement of ind: 10964553[µs]

real	20m0,237s
user	19m57,096s
sys	0m1,910s
********************
/home/jakob/Documents/abstracton/benchmarks/dodo/FutureBus.json
f
secondpending
Running as unit: run-r22cede29911e4b4c8b04c01ff9ceec7a.scope; invocation ID: 543278e03b0e48e1b4970a009b58e9f4
Time needed for parsing json file: 24773[µs]
using Flow interpretation
Time needed for constructing Flow interpretation transducer: 394712[µs]
computing ind...
Time needed for constructing complement of ind: 35801673[µs]

real	20m0,130s
user	19m57,375s
sys	0m1,603s
********************
16 of 61
/home/jakob/Documents/abstracton/benchmarks/dodo/FutureBus.json
t
exclusiveexclusive
Running as unit: run-r8f357ac5205f46c8be683d0a8d071348.scope; invocation ID: d097b6a0bbff4c3eb557684752dd9f30
Time needed for parsing json file: 23154[µs]
using Trap interpretation
Time needed for constructing Trap interpretation transducer: 460351[µs]
computing ind...
Time needed for constructing complement of ind: 30832580[µs]

real	20m0,125s
user	19m58,012s
sys	0m1,291s
********************
/home/jakob/Documents/abstracton/benchmarks/dodo/FutureBus.json
s
exclusiveexclusive
Running as unit: run-rdb725bd5ef31458e807cbc04d9d30e99.scope; invocation ID: c1664271948a44939f0dd3b87013c9f4
Time needed for parsing json file: 23434[µs]
using Siphon interpretation
Time needed for constructing Siphon interpretation transducer: 142089[µs]
computing ind...
Time needed for constructing complement of ind: 10792882[µs]

real	20m0,217s
user	19m57,428s
sys	0m1,850s
********************
/home/jakob/Documents/abstracton/benchmarks/dodo/FutureBus.json
f
exclusiveexclusive
Running as unit: run-r728d0eae69ca4b8ba380a1c17307f4ba.scope; invocation ID: 517d8189d4da46868bccca0a5847cd54
Time needed for parsing json file: 22757[µs]
using Flow interpretation
Time needed for constructing Flow interpretation transducer: 391392[µs]
computing ind...
Time needed for constructing complement of ind: 33818203[µs]

real	20m0,141s
user	19m58,118s
sys	0m1,177s
********************
17 of 61
/home/jakob/Documents/abstracton/benchmarks/dodo/FutureBus.json
t
deadlock
Running as unit: run-rcb89780634ac464eb5c06187d88e7c85.scope; invocation ID: 9b7e7e149aa24e4485d16e9d5bb41a38
Time needed for parsing json file: 22508[µs]
using Trap interpretation
Time needed for constructing Trap interpretation transducer: 459901[µs]
computing ind...
Time needed for constructing complement of ind: 30893651[µs]

real	20m0,112s
user	19m57,547s
sys	0m1,292s
********************
/home/jakob/Documents/abstracton/benchmarks/dodo/FutureBus.json
s
deadlock
Running as unit: run-ra9623a72e5bb4ce3a234983c8974cd5a.scope; invocation ID: 97019d595f6a4d3f8b28eaa8b5da54c8
Time needed for parsing json file: 25060[µs]
using Siphon interpretation
Time needed for constructing Siphon interpretation transducer: 151523[µs]
computing ind...
Time needed for constructing complement of ind: 12631264[µs]

real	20m0,200s
user	19m57,013s
sys	0m1,909s
********************
/home/jakob/Documents/abstracton/benchmarks/dodo/FutureBus.json
f
deadlock
Running as unit: run-r442c9937080b4ec1848c6bb3ed18b95d.scope; invocation ID: dfd8a62e04eb4685a84d2b3bd6a4589e
Time needed for parsing json file: 25377[µs]
using Flow interpretation
Time needed for constructing Flow interpretation transducer: 407000[µs]
computing ind...
Time needed for constructing complement of ind: 34485892[µs]

real	20m0,123s
user	19m57,388s
sys	0m1,343s
********************
18 of 61
/home/jakob/Documents/abstracton/benchmarks/dodo/Herman.json
t
notoken
Running as unit: run-raf84654e9cd04aa593874de7e86c45b2.scope; invocation ID: cfe0d6f98a424dcb8c15df7c941e193d
Time needed for parsing json file: 1485[µs]
using Trap interpretation
Time needed for constructing Trap interpretation transducer: 796[µs]
computing ind...
Time needed for constructing complement of ind: 4966[µs]
Time needed for computing ind: 16092[µs]
Time needed for minimizing ind: 2178[µs]
Time needed for computing ind (total): 23379[µs]
automaton for ind has 6 states.
minimized automaton for ind has 6 states.
...done.
computing complement of preach...
Time needed for constructing identity on ind: 122[µs]
Time needed for computing product v_id of abstraction framework with identity on ind: 2465[µs]
Time needed for computing product of v_id with complement of abstraction framework: 6512[µs]
Time needed for computing complement of preach: 30974[µs]
automaton for complement of preach has 11 states.
...of which, 4 states are at level 0.
Time needed for trimming complement of preach: 65[µs]
...done.
trying to prove abstract safety...
Time needed for constructing transducer for unsafe property: 8[µs]
Time needed for constructing transducer for (initial, unsafe) pairs: 204[µs]
Time needed for constructing transducer for complement of (initial, unsafe) pairs: 321[µs]
Time needed for building union of complements of preach and (initial, unsafe)-transducer: 81[µs]
Time needed for checking universality using antichains-inclusion algorithm: 569[µs]
Time needed for checking abstract safety: 1316[µs]
...done.
Result: [1]
This means that the following properties could be separated from the initial configurations:
	[notoken]
While the following properties could not be separated from the initial configurations:
	[]

real	0m0,087s
user	0m0,057s
sys	0m0,012s
********************
/home/jakob/Documents/abstracton/benchmarks/dodo/Herman.json
s
notoken
Running as unit: run-r66a51ece17814557b7bc5d47fc486fc1.scope; invocation ID: ea946280cc8443439470b8e39b1956bd
Time needed for parsing json file: 1510[µs]
using Siphon interpretation
Time needed for constructing Siphon interpretation transducer: 440[µs]
computing ind...
Time needed for constructing complement of ind: 1659[µs]
Time needed for computing ind: 3660[µs]
Time needed for minimizing ind: 1644[µs]
Time needed for computing ind (total): 7047[µs]
automaton for ind has 6 states.
minimized automaton for ind has 6 states.
...done.
computing complement of preach...
Time needed for constructing identity on ind: 131[µs]
Time needed for computing product v_id of abstraction framework with identity on ind: 1315[µs]
Time needed for computing product of v_id with complement of abstraction framework: 835[µs]
Time needed for computing complement of preach: 9880[µs]
automaton for complement of preach has 8 states.
...of which, 4 states are at level 0.
Time needed for trimming complement of preach: 42[µs]
...done.
trying to prove abstract safety...
Time needed for constructing transducer for unsafe property: 7[µs]
Time needed for constructing transducer for (initial, unsafe) pairs: 188[µs]
Time needed for constructing transducer for complement of (initial, unsafe) pairs: 326[µs]
Time needed for building union of complements of preach and (initial, unsafe)-transducer: 73[µs]
Time needed for checking universality using antichains-inclusion algorithm: 366[µs]
Time needed for checking abstract safety: 1062[µs]
...done.
Result: [0]
This means that the following properties could be separated from the initial configurations:
	[]
While the following properties could not be separated from the initial configurations:
	[notoken]

real	0m0,052s
user	0m0,023s
sys	0m0,008s
********************
/home/jakob/Documents/abstracton/benchmarks/dodo/Herman.json
f
notoken
Running as unit: run-ra0d8c2c21130462abc176c84bf00e0a6.scope; invocation ID: c4eac4b9bfd34c0abe8cdbf790969fd5
Time needed for parsing json file: 1710[µs]
using Flow interpretation
Time needed for constructing Flow interpretation transducer: 752[µs]
computing ind...
Time needed for constructing complement of ind: 4832[µs]
Time needed for computing ind: 30416[µs]
Time needed for minimizing ind: 5062[µs]
Time needed for computing ind (total): 40456[µs]
automaton for ind has 7 states.
minimized automaton for ind has 7 states.
...done.
computing complement of preach...
Time needed for constructing identity on ind: 142[µs]
Time needed for computing product v_id of abstraction framework with identity on ind: 2071[µs]
Time needed for computing product of v_id with complement of abstraction framework: 1020[µs]
Time needed for computing complement of preach: 42010[µs]
automaton for complement of preach has 4 states.
...of which, 2 states are at level 0.
Time needed for trimming complement of preach: 27[µs]
...done.
trying to prove abstract safety...
Time needed for constructing transducer for unsafe property: 7[µs]
Time needed for constructing transducer for (initial, unsafe) pairs: 200[µs]
Time needed for constructing transducer for complement of (initial, unsafe) pairs: 313[µs]
Time needed for building union of complements of preach and (initial, unsafe)-transducer: 67[µs]
Time needed for checking universality using antichains-inclusion algorithm: 359[µs]
Time needed for checking abstract safety: 1043[µs]
...done.
Result: [0]
This means that the following properties could be separated from the initial configurations:
	[]
While the following properties could not be separated from the initial configurations:
	[notoken]

real	0m0,113s
user	0m0,087s
sys	0m0,011s
********************
19 of 61
/home/jakob/Documents/abstracton/benchmarks/dodo/Illinois.json
t
dirtydirty
Running as unit: run-r238cea42a8714ee292fd963b336f46d0.scope; invocation ID: a0ef26159f204188803c9557cc510d5d
Time needed for parsing json file: 3656[µs]
using Trap interpretation
Time needed for constructing Trap interpretation transducer: 3679[µs]
computing ind...
Time needed for constructing complement of ind: 71123[µs]
Time needed for computing ind: 1380349[µs]
Time needed for minimizing ind: 103916[µs]
Time needed for computing ind (total): 1555715[µs]
automaton for ind has 12 states.
minimized automaton for ind has 12 states.
...done.
computing complement of preach...
Time needed for constructing identity on ind: 991[µs]
Time needed for computing product v_id of abstraction framework with identity on ind: 31561[µs]
Time needed for computing product of v_id with complement of abstraction framework: 158006[µs]
Time needed for computing complement of preach: 1743397[µs]
automaton for complement of preach has 234 states.
...of which, 18 states are at level 0.
Time needed for trimming complement of preach: 909[µs]
...done.
trying to prove abstract safety...
Time needed for constructing transducer for unsafe property: 31[µs]
Time needed for constructing transducer for (initial, unsafe) pairs: 288[µs]
Time needed for constructing transducer for complement of (initial, unsafe) pairs: 548[µs]
Time needed for building union of complements of preach and (initial, unsafe)-transducer: 705[µs]
Time needed for checking universality using antichains-inclusion algorithm: 2975[µs]
Time needed for checking abstract safety: 4784[µs]
...done.
Result: [0]
This means that the following properties could be separated from the initial configurations:
	[]
While the following properties could not be separated from the initial configurations:
	[dirtydirty]

real	0m3,340s
user	0m3,299s
sys	0m0,023s
********************
/home/jakob/Documents/abstracton/benchmarks/dodo/Illinois.json
s
dirtydirty
Running as unit: run-r5fc7a46d292b4aac8d02f66fb8b77877.scope; invocation ID: 36870cb311cd4b3b87d1fe44d27bd01f
Time needed for parsing json file: 3716[µs]
using Siphon interpretation
Time needed for constructing Siphon interpretation transducer: 1579[µs]
computing ind...
Time needed for constructing complement of ind: 27261[µs]
Time needed for computing ind: 160044[µs]
Time needed for minimizing ind: 34883[µs]
Time needed for computing ind (total): 222499[µs]
automaton for ind has 5 states.
minimized automaton for ind has 5 states.
...done.
computing complement of preach...
Time needed for constructing identity on ind: 436[µs]
Time needed for computing product v_id of abstraction framework with identity on ind: 4430[µs]
Time needed for computing product of v_id with complement of abstraction framework: 1405[µs]
Time needed for computing complement of preach: 220547[µs]
automaton for complement of preach has 5 states.
...of which, 2 states are at level 0.
Time needed for trimming complement of preach: 47[µs]
...done.
trying to prove abstract safety...
Time needed for constructing transducer for unsafe property: 29[µs]
Time needed for constructing transducer for (initial, unsafe) pairs: 268[µs]
Time needed for constructing transducer for complement of (initial, unsafe) pairs: 501[µs]
Time needed for building union of complements of preach and (initial, unsafe)-transducer: 131[µs]
Time needed for checking universality using antichains-inclusion algorithm: 543[µs]
Time needed for checking abstract safety: 1619[µs]
...done.
Result: [0]
This means that the following properties could be separated from the initial configurations:
	[]
While the following properties could not be separated from the initial configurations:
	[dirtydirty]

real	0m0,474s
user	0m0,452s
sys	0m0,009s
********************
/home/jakob/Documents/abstracton/benchmarks/dodo/Illinois.json
f
dirtydirty
Running as unit: run-r9afeeff4087e416bb1455a794939e47f.scope; invocation ID: 062ab0509f734c169562d02490aa56c3
Time needed for parsing json file: 3805[µs]
using Flow interpretation
Time needed for constructing Flow interpretation transducer: 3294[µs]
computing ind...
Time needed for constructing complement of ind: 74954[µs]
Time needed for computing ind: 10115411[µs]
Time needed for minimizing ind: 683575[µs]
Time needed for computing ind (total): 10874364[µs]
automaton for ind has 7 states.
minimized automaton for ind has 7 states.
...done.
computing complement of preach...
Time needed for constructing identity on ind: 708[µs]
Time needed for computing product v_id of abstraction framework with identity on ind: 13076[µs]
Time needed for computing product of v_id with complement of abstraction framework: 2517[µs]
Time needed for computing complement of preach: 10867888[µs]
automaton for complement of preach has 5 states.
...of which, 2 states are at level 0.
Time needed for trimming complement of preach: 47[µs]
...done.
trying to prove abstract safety...
Time needed for constructing transducer for unsafe property: 29[µs]
Time needed for constructing transducer for (initial, unsafe) pairs: 233[µs]
Time needed for constructing transducer for complement of (initial, unsafe) pairs: 478[µs]
Time needed for building union of complements of preach and (initial, unsafe)-transducer: 121[µs]
Time needed for checking universality using antichains-inclusion algorithm: 500[µs]
Time needed for checking abstract safety: 1473[µs]
...done.
Result: [0]
This means that the following properties could be separated from the initial configurations:
	[]
While the following properties could not be separated from the initial configurations:
	[dirtydirty]

real	0m21,789s
user	0m21,696s
sys	0m0,041s
********************
20 of 61
/home/jakob/Documents/abstracton/benchmarks/dodo/Illinois.json
t
dirtyshared
Running as unit: run-rcca887f205394e0691b3893981549a0b.scope; invocation ID: bdc5f9d35cad476f8c8d88c2020b6930
Time needed for parsing json file: 3846[µs]
using Trap interpretation
Time needed for constructing Trap interpretation transducer: 3841[µs]
computing ind...
Time needed for constructing complement of ind: 69189[µs]
Time needed for computing ind: 1382174[µs]
Time needed for minimizing ind: 100284[µs]
Time needed for computing ind (total): 1551942[µs]
automaton for ind has 12 states.
minimized automaton for ind has 12 states.
...done.
computing complement of preach...
Time needed for constructing identity on ind: 940[µs]
Time needed for computing product v_id of abstraction framework with identity on ind: 35273[µs]
Time needed for computing product of v_id with complement of abstraction framework: 172027[µs]
Time needed for computing complement of preach: 1801072[µs]
automaton for complement of preach has 234 states.
...of which, 18 states are at level 0.
Time needed for trimming complement of preach: 797[µs]
...done.
trying to prove abstract safety...
Time needed for constructing transducer for unsafe property: 39[µs]
Time needed for constructing transducer for (initial, unsafe) pairs: 354[µs]
Time needed for constructing transducer for complement of (initial, unsafe) pairs: 872[µs]
Time needed for building union of complements of preach and (initial, unsafe)-transducer: 1068[µs]
Time needed for checking universality using antichains-inclusion algorithm: 2870[µs]
Time needed for checking abstract safety: 5501[µs]
...done.
Result: [0]
This means that the following properties could be separated from the initial configurations:
	[]
While the following properties could not be separated from the initial configurations:
	[dirtyshared]

real	0m3,395s
user	0m3,347s
sys	0m0,029s
********************
/home/jakob/Documents/abstracton/benchmarks/dodo/Illinois.json
s
dirtyshared
Running as unit: run-r2a2432abbf3844c891daca770eab1b9a.scope; invocation ID: bc5e9ef30f7f46e3813f3abdaeb3ca32
Time needed for parsing json file: 3692[µs]
using Siphon interpretation
Time needed for constructing Siphon interpretation transducer: 1453[µs]
computing ind...
Time needed for constructing complement of ind: 24431[µs]
Time needed for computing ind: 156852[µs]
Time needed for minimizing ind: 33488[µs]
Time needed for computing ind (total): 215021[µs]
automaton for ind has 5 states.
minimized automaton for ind has 5 states.
...done.
computing complement of preach...
Time needed for constructing identity on ind: 434[µs]
Time needed for computing product v_id of abstraction framework with identity on ind: 4229[µs]
Time needed for computing product of v_id with complement of abstraction framework: 1380[µs]
Time needed for computing complement of preach: 228126[µs]
automaton for complement of preach has 5 states.
...of which, 2 states are at level 0.
Time needed for trimming complement of preach: 28[µs]
...done.
trying to prove abstract safety...
Time needed for constructing transducer for unsafe property: 48[µs]
Time needed for constructing transducer for (initial, unsafe) pairs: 289[µs]
Time needed for constructing transducer for complement of (initial, unsafe) pairs: 654[µs]
Time needed for building union of complements of preach and (initial, unsafe)-transducer: 130[µs]
Time needed for checking universality using antichains-inclusion algorithm: 552[µs]
Time needed for checking abstract safety: 1798[µs]
...done.
Result: [0]
This means that the following properties could be separated from the initial configurations:
	[]
While the following properties could not be separated from the initial configurations:
	[dirtyshared]

real	0m0,478s
user	0m0,451s
sys	0m0,010s
********************
/home/jakob/Documents/abstracton/benchmarks/dodo/Illinois.json
f
dirtyshared
Running as unit: run-ra5bc7940c0514124aec7dafb3f5218e5.scope; invocation ID: 9c8b7b191f7d495f802618a1d2d53459
Time needed for parsing json file: 3519[µs]
using Flow interpretation
Time needed for constructing Flow interpretation transducer: 3155[µs]
computing ind...
Time needed for constructing complement of ind: 75258[µs]
Time needed for computing ind: 10149873[µs]
Time needed for minimizing ind: 702201[µs]
Time needed for computing ind (total): 10927713[µs]
automaton for ind has 7 states.
minimized automaton for ind has 7 states.
...done.
computing complement of preach...
Time needed for constructing identity on ind: 566[µs]
Time needed for computing product v_id of abstraction framework with identity on ind: 10818[µs]
Time needed for computing product of v_id with complement of abstraction framework: 2553[µs]
Time needed for computing complement of preach: 10736956[µs]
automaton for complement of preach has 5 states.
...of which, 2 states are at level 0.
Time needed for trimming complement of preach: 49[µs]
...done.
trying to prove abstract safety...
Time needed for constructing transducer for unsafe property: 38[µs]
Time needed for constructing transducer for (initial, unsafe) pairs: 281[µs]
Time needed for constructing transducer for complement of (initial, unsafe) pairs: 610[µs]
Time needed for building union of complements of preach and (initial, unsafe)-transducer: 132[µs]
Time needed for checking universality using antichains-inclusion algorithm: 572[µs]
Time needed for checking abstract safety: 1763[µs]
...done.
Result: [0]
This means that the following properties could be separated from the initial configurations:
	[]
While the following properties could not be separated from the initial configurations:
	[dirtyshared]

real	0m21,697s
user	0m21,630s
sys	0m0,037s
********************
21 of 61
/home/jakob/Documents/abstracton/benchmarks/dodo/Illinois.json
t
deadlock
Running as unit: run-r4fcf69642c5a4760bc0f6f5e99f0bcb4.scope; invocation ID: 0dd7d32b1f30477194b66a3d67eb0890
Time needed for parsing json file: 5604[µs]
using Trap interpretation
Time needed for constructing Trap interpretation transducer: 4460[µs]
computing ind...
Time needed for constructing complement of ind: 71597[µs]
Time needed for computing ind: 1412378[µs]
Time needed for minimizing ind: 100732[µs]
Time needed for computing ind (total): 1585075[µs]
automaton for ind has 12 states.
minimized automaton for ind has 12 states.
...done.
computing complement of preach...
Time needed for constructing identity on ind: 943[µs]
Time needed for computing product v_id of abstraction framework with identity on ind: 35781[µs]
Time needed for computing product of v_id with complement of abstraction framework: 158936[µs]
Time needed for computing complement of preach: 1792283[µs]
automaton for complement of preach has 234 states.
...of which, 18 states are at level 0.
Time needed for trimming complement of preach: 798[µs]
...done.
trying to prove abstract safety...
Time needed for constructing transducer for unsafe property: 104[µs]
Time needed for constructing transducer for (initial, unsafe) pairs: 331[µs]
Time needed for constructing transducer for complement of (initial, unsafe) pairs: 82[µs]
Time needed for building union of complements of preach and (initial, unsafe)-transducer: 657[µs]
Time needed for checking universality using antichains-inclusion algorithm: 2746[µs]
Time needed for checking abstract safety: 4140[µs]
...done.
Result: [1]
This means that the following properties could be separated from the initial configurations:
	[deadlock]
While the following properties could not be separated from the initial configurations:
	[]

real	0m3,422s
user	0m3,372s
sys	0m0,030s
********************
/home/jakob/Documents/abstracton/benchmarks/dodo/Illinois.json
s
deadlock
Running as unit: run-r80c34966fd204b31817c97f236ec8a08.scope; invocation ID: d83354c6291c4c3b9963a86924659c8f
Time needed for parsing json file: 3902[µs]
using Siphon interpretation
Time needed for constructing Siphon interpretation transducer: 1563[µs]
computing ind...
Time needed for constructing complement of ind: 25425[µs]
Time needed for computing ind: 159238[µs]
Time needed for minimizing ind: 38681[µs]
Time needed for computing ind (total): 223642[µs]
automaton for ind has 5 states.
minimized automaton for ind has 5 states.
...done.
computing complement of preach...
Time needed for constructing identity on ind: 394[µs]
Time needed for computing product v_id of abstraction framework with identity on ind: 3913[µs]
Time needed for computing product of v_id with complement of abstraction framework: 1252[µs]
Time needed for computing complement of preach: 218629[µs]
automaton for complement of preach has 5 states.
...of which, 2 states are at level 0.
Time needed for trimming complement of preach: 32[µs]
...done.
trying to prove abstract safety...
Time needed for constructing transducer for unsafe property: 94[µs]
Time needed for constructing transducer for (initial, unsafe) pairs: 292[µs]
Time needed for constructing transducer for complement of (initial, unsafe) pairs: 68[µs]
Time needed for building union of complements of preach and (initial, unsafe)-transducer: 56[µs]
Time needed for checking universality using antichains-inclusion algorithm: 291[µs]
Time needed for checking abstract safety: 907[µs]
...done.
Result: [1]
This means that the following properties could be separated from the initial configurations:
	[deadlock]
While the following properties could not be separated from the initial configurations:
	[]

real	0m0,472s
user	0m0,449s
sys	0m0,011s
********************
/home/jakob/Documents/abstracton/benchmarks/dodo/Illinois.json
f
deadlock
Running as unit: run-r6e746e7919eb4212a3819d4c7becca71.scope; invocation ID: c8e91667c7cb4da7a611411e2411b44f
Time needed for parsing json file: 4050[µs]
using Flow interpretation
Time needed for constructing Flow interpretation transducer: 3480[µs]
computing ind...
Time needed for constructing complement of ind: 74411[µs]
Time needed for computing ind: 10080020[µs]
Time needed for minimizing ind: 685244[µs]
Time needed for computing ind (total): 10840080[µs]
automaton for ind has 7 states.
minimized automaton for ind has 7 states.
...done.
computing complement of preach...
Time needed for constructing identity on ind: 641[µs]
Time needed for computing product v_id of abstraction framework with identity on ind: 10996[µs]
Time needed for computing product of v_id with complement of abstraction framework: 2458[µs]
Time needed for computing complement of preach: 10844602[µs]
automaton for complement of preach has 5 states.
...of which, 2 states are at level 0.
Time needed for trimming complement of preach: 27[µs]
...done.
trying to prove abstract safety...
Time needed for constructing transducer for unsafe property: 114[µs]
Time needed for constructing transducer for (initial, unsafe) pairs: 311[µs]
Time needed for constructing transducer for complement of (initial, unsafe) pairs: 76[µs]
Time needed for building union of complements of preach and (initial, unsafe)-transducer: 60[µs]
Time needed for checking universality using antichains-inclusion algorithm: 323[µs]
Time needed for checking abstract safety: 1021[µs]
...done.
Result: [1]
This means that the following properties could be separated from the initial configurations:
	[deadlock]
While the following properties could not be separated from the initial configurations:
	[]

real	0m21,725s
user	0m21,639s
sys	0m0,047s
********************
22 of 61
/home/jakob/Documents/abstracton/benchmarks/dodo/Israeli-Jafon.json
t
notoken
Running as unit: run-rdb1f133d82404e5bb4de8f50f39415c5.scope; invocation ID: ad9e581014894089b44a0e6f1186d674
Time needed for parsing json file: 1343[µs]
using Trap interpretation
Time needed for constructing Trap interpretation transducer: 943[µs]
computing ind...
Time needed for constructing complement of ind: 4918[µs]
Time needed for computing ind: 8686[µs]
Time needed for minimizing ind: 1467[µs]
Time needed for computing ind (total): 15227[µs]
automaton for ind has 6 states.
minimized automaton for ind has 6 states.
...done.
computing complement of preach...
Time needed for constructing identity on ind: 132[µs]
Time needed for computing product v_id of abstraction framework with identity on ind: 2741[µs]
Time needed for computing product of v_id with complement of abstraction framework: 6275[µs]
Time needed for computing complement of preach: 21250[µs]
automaton for complement of preach has 11 states.
...of which, 4 states are at level 0.
Time needed for trimming complement of preach: 61[µs]
...done.
trying to prove abstract safety...
Time needed for constructing transducer for unsafe property: 7[µs]
Time needed for constructing transducer for (initial, unsafe) pairs: 226[µs]
Time needed for constructing transducer for complement of (initial, unsafe) pairs: 330[µs]
Time needed for building union of complements of preach and (initial, unsafe)-transducer: 97[µs]
Time needed for checking universality using antichains-inclusion algorithm: 496[µs]
Time needed for checking abstract safety: 1290[µs]
...done.
Result: [1]
This means that the following properties could be separated from the initial configurations:
	[notoken]
While the following properties could not be separated from the initial configurations:
	[]

real	0m0,069s
user	0m0,047s
sys	0m0,005s
********************
/home/jakob/Documents/abstracton/benchmarks/dodo/Israeli-Jafon.json
s
notoken
Running as unit: run-r7b008d98c6f347f6b1c8b5953c8d0fda.scope; invocation ID: 93a03cd2152645f2a58b70ac9611b129
Time needed for parsing json file: 1368[µs]
using Siphon interpretation
Time needed for constructing Siphon interpretation transducer: 413[µs]
computing ind...
Time needed for constructing complement of ind: 1491[µs]
Time needed for computing ind: 1551[µs]
Time needed for minimizing ind: 995[µs]
Time needed for computing ind (total): 4117[µs]
automaton for ind has 6 states.
minimized automaton for ind has 6 states.
...done.
computing complement of preach...
Time needed for constructing identity on ind: 131[µs]
Time needed for computing product v_id of abstraction framework with identity on ind: 1204[µs]
Time needed for computing product of v_id with complement of abstraction framework: 820[µs]
Time needed for computing complement of preach: 6571[µs]
automaton for complement of preach has 8 states.
...of which, 4 states are at level 0.
Time needed for trimming complement of preach: 42[µs]
...done.
trying to prove abstract safety...
Time needed for constructing transducer for unsafe property: 8[µs]
Time needed for constructing transducer for (initial, unsafe) pairs: 188[µs]
Time needed for constructing transducer for complement of (initial, unsafe) pairs: 317[µs]
Time needed for building union of complements of preach and (initial, unsafe)-transducer: 75[µs]
Time needed for checking universality using antichains-inclusion algorithm: 360[µs]
Time needed for checking abstract safety: 1059[µs]
...done.
Result: [0]
This means that the following properties could be separated from the initial configurations:
	[]
While the following properties could not be separated from the initial configurations:
	[notoken]

real	0m0,040s
user	0m0,018s
sys	0m0,007s
********************
/home/jakob/Documents/abstracton/benchmarks/dodo/Israeli-Jafon.json
f
notoken
Running as unit: run-rdc73907bb98b4fc0a6e1520769d38347.scope; invocation ID: ce72813f7a204b2aa1e7d86c89bdaa54
Time needed for parsing json file: 1291[µs]
using Flow interpretation
Time needed for constructing Flow interpretation transducer: 744[µs]
computing ind...
Time needed for constructing complement of ind: 4006[µs]
Time needed for computing ind: 10506[µs]
Time needed for minimizing ind: 3072[µs]
Time needed for computing ind (total): 17695[µs]
automaton for ind has 7 states.
minimized automaton for ind has 7 states.
...done.
computing complement of preach...
Time needed for constructing identity on ind: 141[µs]
Time needed for computing product v_id of abstraction framework with identity on ind: 1967[µs]
Time needed for computing product of v_id with complement of abstraction framework: 1067[µs]
Time needed for computing complement of preach: 21015[µs]
automaton for complement of preach has 4 states.
...of which, 2 states are at level 0.
Time needed for trimming complement of preach: 26[µs]
...done.
trying to prove abstract safety...
Time needed for constructing transducer for unsafe property: 7[µs]
Time needed for constructing transducer for (initial, unsafe) pairs: 195[µs]
Time needed for constructing transducer for complement of (initial, unsafe) pairs: 303[µs]
Time needed for building union of complements of preach and (initial, unsafe)-transducer: 65[µs]
Time needed for checking universality using antichains-inclusion algorithm: 398[µs]
Time needed for checking abstract safety: 1086[µs]
...done.
Result: [0]
This means that the following properties could be separated from the initial configurations:
	[]
While the following properties could not be separated from the initial configurations:
	[notoken]

real	0m0,068s
user	0m0,044s
sys	0m0,009s
********************
23 of 61
/home/jakob/Documents/abstracton/benchmarks/dodo/MESI.json
t
modifiedmodified
Running as unit: run-rce0603f4a6784f3e854f5e5ce5ab97e7.scope; invocation ID: de9691200d494e45a86b97b880899524
Time needed for parsing json file: 2345[µs]
using Trap interpretation
Time needed for constructing Trap interpretation transducer: 3825[µs]
computing ind...
Time needed for constructing complement of ind: 32703[µs]
Time needed for computing ind: 65338[µs]
Time needed for minimizing ind: 12244[µs]
Time needed for computing ind (total): 110523[µs]
automaton for ind has 6 states.
minimized automaton for ind has 6 states.
...done.
computing complement of preach...
Time needed for constructing identity on ind: 475[µs]
Time needed for computing product v_id of abstraction framework with identity on ind: 17120[µs]
Time needed for computing product of v_id with complement of abstraction framework: 73962[µs]
Time needed for computing complement of preach: 200421[µs]
automaton for complement of preach has 175 states.
...of which, 7 states are at level 0.
Time needed for trimming complement of preach: 626[µs]
...done.
trying to prove abstract safety...
Time needed for constructing transducer for unsafe property: 30[µs]
Time needed for constructing transducer for (initial, unsafe) pairs: 285[µs]
Time needed for constructing transducer for complement of (initial, unsafe) pairs: 539[µs]
Time needed for building union of complements of preach and (initial, unsafe)-transducer: 576[µs]
Time needed for checking universality using antichains-inclusion algorithm: 2772[µs]
Time needed for checking abstract safety: 4408[µs]
...done.
Result: [1]
This means that the following properties could be separated from the initial configurations:
	[modifiedmodified]
While the following properties could not be separated from the initial configurations:
	[]

real	0m0,355s
user	0m0,318s
sys	0m0,016s
********************
/home/jakob/Documents/abstracton/benchmarks/dodo/MESI.json
s
modifiedmodified
Running as unit: run-r9dc83435e6674abb8d4482ce657949fe.scope; invocation ID: 33472a82a8a94953853ca2a9bc7cba59
Time needed for parsing json file: 2470[µs]
using Siphon interpretation
Time needed for constructing Siphon interpretation transducer: 1466[µs]
computing ind...
Time needed for constructing complement of ind: 13129[µs]
Time needed for computing ind: 13968[µs]
Time needed for minimizing ind: 5941[µs]
Time needed for computing ind (total): 33176[µs]
automaton for ind has 3 states.
minimized automaton for ind has 3 states.
...done.
computing complement of preach...
Time needed for constructing identity on ind: 253[µs]
Time needed for computing product v_id of abstraction framework with identity on ind: 2606[µs]
Time needed for computing product of v_id with complement of abstraction framework: 668[µs]
Time needed for computing complement of preach: 35233[µs]
automaton for complement of preach has 0 states.
...of which, 0 states are at level 0.
Time needed for trimming complement of preach: 6[µs]
...done.
trying to prove abstract safety...
Time needed for constructing transducer for unsafe property: 41[µs]
Time needed for constructing transducer for (initial, unsafe) pairs: 255[µs]
Time needed for constructing transducer for complement of (initial, unsafe) pairs: 457[µs]
Time needed for building union of complements of preach and (initial, unsafe)-transducer: 151[µs]
Time needed for checking universality using antichains-inclusion algorithm: 385[µs]
Time needed for checking abstract safety: 1420[µs]
...done.
Result: [0]
This means that the following properties could be separated from the initial configurations:
	[]
While the following properties could not be separated from the initial configurations:
	[modifiedmodified]

real	0m0,098s
user	0m0,076s
sys	0m0,009s
********************
/home/jakob/Documents/abstracton/benchmarks/dodo/MESI.json
f
modifiedmodified
Running as unit: run-r695e136914334bf9938715c7469f4f40.scope; invocation ID: 62b5088b7dca461fb95271ceb61b2eb3
Time needed for parsing json file: 2343[µs]
using Flow interpretation
Time needed for constructing Flow interpretation transducer: 3208[µs]
computing ind...
Time needed for constructing complement of ind: 33152[µs]
Time needed for computing ind: 245085[µs]
Time needed for minimizing ind: 38717[µs]
Time needed for computing ind (total): 317200[µs]
automaton for ind has 5 states.
minimized automaton for ind has 5 states.
...done.
computing complement of preach...
Time needed for constructing identity on ind: 396[µs]
Time needed for computing product v_id of abstraction framework with identity on ind: 6237[µs]
Time needed for computing product of v_id with complement of abstraction framework: 1410[µs]
Time needed for computing complement of preach: 322598[µs]
automaton for complement of preach has 0 states.
...of which, 0 states are at level 0.
Time needed for trimming complement of preach: 5[µs]
...done.
trying to prove abstract safety...
Time needed for constructing transducer for unsafe property: 25[µs]
Time needed for constructing transducer for (initial, unsafe) pairs: 241[µs]
Time needed for constructing transducer for complement of (initial, unsafe) pairs: 440[µs]
Time needed for building union of complements of preach and (initial, unsafe)-transducer: 96[µs]
Time needed for checking universality using antichains-inclusion algorithm: 384[µs]
Time needed for checking abstract safety: 1286[µs]
...done.
Result: [0]
This means that the following properties could be separated from the initial configurations:
	[]
While the following properties could not be separated from the initial configurations:
	[modifiedmodified]

real	0m0,670s
user	0m0,651s
sys	0m0,006s
********************
24 of 61
/home/jakob/Documents/abstracton/benchmarks/dodo/MESI.json
t
sharedmodified
Running as unit: run-r62b839d27c5b4ceeb3500a146a55d071.scope; invocation ID: 435b5f5f21db491eaa624fd7ad431a1e
Time needed for parsing json file: 2281[µs]
using Trap interpretation
Time needed for constructing Trap interpretation transducer: 3944[µs]
computing ind...
Time needed for constructing complement of ind: 33583[µs]
Time needed for computing ind: 62837[µs]
Time needed for minimizing ind: 11619[µs]
Time needed for computing ind (total): 108215[µs]
automaton for ind has 6 states.
minimized automaton for ind has 6 states.
...done.
computing complement of preach...
Time needed for constructing identity on ind: 578[µs]
Time needed for computing product v_id of abstraction framework with identity on ind: 18494[µs]
Time needed for computing product of v_id with complement of abstraction framework: 75068[µs]
Time needed for computing complement of preach: 203904[µs]
automaton for complement of preach has 175 states.
...of which, 7 states are at level 0.
Time needed for trimming complement of preach: 519[µs]
...done.
trying to prove abstract safety...
Time needed for constructing transducer for unsafe property: 35[µs]
Time needed for constructing transducer for (initial, unsafe) pairs: 307[µs]
Time needed for constructing transducer for complement of (initial, unsafe) pairs: 569[µs]
Time needed for building union of complements of preach and (initial, unsafe)-transducer: 521[µs]
Time needed for checking universality using antichains-inclusion algorithm: 2708[µs]
Time needed for checking abstract safety: 4319[µs]
...done.
Result: [1]
This means that the following properties could be separated from the initial configurations:
	[sharedmodified]
While the following properties could not be separated from the initial configurations:
	[]

real	0m0,356s
user	0m0,317s
sys	0m0,017s
********************
/home/jakob/Documents/abstracton/benchmarks/dodo/MESI.json
s
sharedmodified
Running as unit: run-rf92545128e1046d5bc2bb143946733b8.scope; invocation ID: 28c97447c4c343eb8ac946d92c3ec346
Time needed for parsing json file: 2365[µs]
using Siphon interpretation
Time needed for constructing Siphon interpretation transducer: 1555[µs]
computing ind...
Time needed for constructing complement of ind: 11743[µs]
Time needed for computing ind: 13531[µs]
Time needed for minimizing ind: 5792[µs]
Time needed for computing ind (total): 31191[µs]
automaton for ind has 3 states.
minimized automaton for ind has 3 states.
...done.
computing complement of preach...
Time needed for constructing identity on ind: 255[µs]
Time needed for computing product v_id of abstraction framework with identity on ind: 2543[µs]
Time needed for computing product of v_id with complement of abstraction framework: 667[µs]
Time needed for computing complement of preach: 35539[µs]
automaton for complement of preach has 0 states.
...of which, 0 states are at level 0.
Time needed for trimming complement of preach: 5[µs]
...done.
trying to prove abstract safety...
Time needed for constructing transducer for unsafe property: 45[µs]
Time needed for constructing transducer for (initial, unsafe) pairs: 259[µs]
Time needed for constructing transducer for complement of (initial, unsafe) pairs: 544[µs]
Time needed for building union of complements of preach and (initial, unsafe)-transducer: 113[µs]
Time needed for checking universality using antichains-inclusion algorithm: 423[µs]
Time needed for checking abstract safety: 1488[µs]
...done.
Result: [0]
This means that the following properties could be separated from the initial configurations:
	[]
While the following properties could not be separated from the initial configurations:
	[sharedmodified]

real	0m0,098s
user	0m0,072s
sys	0m0,011s
********************
/home/jakob/Documents/abstracton/benchmarks/dodo/MESI.json
f
sharedmodified
Running as unit: run-rd4a30b36eae54f01943f96cb42370ba0.scope; invocation ID: 75dada3cb4e24a23810cec197eae7ab6
Time needed for parsing json file: 2485[µs]
using Flow interpretation
Time needed for constructing Flow interpretation transducer: 3608[µs]
computing ind...
Time needed for constructing complement of ind: 37200[µs]
Time needed for computing ind: 250859[µs]
Time needed for minimizing ind: 40497[µs]
Time needed for computing ind (total): 328882[µs]
automaton for ind has 5 states.
minimized automaton for ind has 5 states.
...done.
computing complement of preach...
Time needed for constructing identity on ind: 395[µs]
Time needed for computing product v_id of abstraction framework with identity on ind: 6406[µs]
Time needed for computing product of v_id with complement of abstraction framework: 2688[µs]
Time needed for computing complement of preach: 340463[µs]
automaton for complement of preach has 0 states.
...of which, 0 states are at level 0.
Time needed for trimming complement of preach: 8[µs]
...done.
trying to prove abstract safety...
Time needed for constructing transducer for unsafe property: 89[µs]
Time needed for constructing transducer for (initial, unsafe) pairs: 396[µs]
Time needed for constructing transducer for complement of (initial, unsafe) pairs: 711[µs]
Time needed for building union of complements of preach and (initial, unsafe)-transducer: 124[µs]
Time needed for checking universality using antichains-inclusion algorithm: 445[µs]
Time needed for checking abstract safety: 1902[µs]
...done.
Result: [0]
This means that the following properties could be separated from the initial configurations:
	[]
While the following properties could not be separated from the initial configurations:
	[sharedmodified]

real	0m0,710s
user	0m0,676s
sys	0m0,011s
********************
25 of 61
/home/jakob/Documents/abstracton/benchmarks/dodo/MESI.json
t
deadlock
Running as unit: run-ra5382a3a7bc748bb949782b2c63289a1.scope; invocation ID: 3c61a3cce5084212920edce0a126cb0c
Time needed for parsing json file: 2402[µs]
using Trap interpretation
Time needed for constructing Trap interpretation transducer: 3981[µs]
computing ind...
Time needed for constructing complement of ind: 58811[µs]
Time needed for computing ind: 83954[µs]
Time needed for minimizing ind: 11097[µs]
Time needed for computing ind (total): 154109[µs]
automaton for ind has 6 states.
minimized automaton for ind has 6 states.
...done.
computing complement of preach...
Time needed for constructing identity on ind: 495[µs]
Time needed for computing product v_id of abstraction framework with identity on ind: 16584[µs]
Time needed for computing product of v_id with complement of abstraction framework: 76544[µs]
Time needed for computing complement of preach: 197686[µs]
automaton for complement of preach has 175 states.
...of which, 7 states are at level 0.
Time needed for trimming complement of preach: 597[µs]
...done.
trying to prove abstract safety...
Time needed for constructing transducer for unsafe property: 65[µs]
Time needed for constructing transducer for (initial, unsafe) pairs: 245[µs]
Time needed for constructing transducer for complement of (initial, unsafe) pairs: 81[µs]
Time needed for building union of complements of preach and (initial, unsafe)-transducer: 523[µs]
Time needed for checking universality using antichains-inclusion algorithm: 2227[µs]
Time needed for checking abstract safety: 3330[µs]
...done.
Result: [1]
This means that the following properties could be separated from the initial configurations:
	[deadlock]
While the following properties could not be separated from the initial configurations:
	[]

real	0m0,388s
user	0m0,356s
sys	0m0,018s
********************
/home/jakob/Documents/abstracton/benchmarks/dodo/MESI.json
s
deadlock
Running as unit: run-rf74889f29fae4a28b9d24f2a49a0bb2a.scope; invocation ID: 9086ba2872c541598ea0fc8810605fa6
Time needed for parsing json file: 2276[µs]
using Siphon interpretation
Time needed for constructing Siphon interpretation transducer: 1434[µs]
computing ind...
Time needed for constructing complement of ind: 11609[µs]
Time needed for computing ind: 13911[µs]
Time needed for minimizing ind: 5449[µs]
Time needed for computing ind (total): 31097[µs]
automaton for ind has 3 states.
minimized automaton for ind has 3 states.
...done.
computing complement of preach...
Time needed for constructing identity on ind: 276[µs]
Time needed for computing product v_id of abstraction framework with identity on ind: 2497[µs]
Time needed for computing product of v_id with complement of abstraction framework: 683[µs]
Time needed for computing complement of preach: 34499[µs]
automaton for complement of preach has 0 states.
...of which, 0 states are at level 0.
Time needed for trimming complement of preach: 5[µs]
...done.
trying to prove abstract safety...
Time needed for constructing transducer for unsafe property: 50[µs]
Time needed for constructing transducer for (initial, unsafe) pairs: 181[µs]
Time needed for constructing transducer for complement of (initial, unsafe) pairs: 73[µs]
Time needed for building union of complements of preach and (initial, unsafe)-transducer: 47[µs]
Time needed for checking universality using antichains-inclusion algorithm: 249[µs]
Time needed for checking abstract safety: 698[µs]
...done.
Result: [1]
This means that the following properties could be separated from the initial configurations:
	[deadlock]
While the following properties could not be separated from the initial configurations:
	[]

real	0m0,090s
user	0m0,072s
sys	0m0,009s
********************
/home/jakob/Documents/abstracton/benchmarks/dodo/MESI.json
f
deadlock
Running as unit: run-rb7a160f7124d4224b6f634ef8e8f0ae6.scope; invocation ID: 1ac0917229d0424ab6bbdd43770b9447
Time needed for parsing json file: 2396[µs]
using Flow interpretation
Time needed for constructing Flow interpretation transducer: 3443[µs]
computing ind...
Time needed for constructing complement of ind: 35469[µs]
Time needed for computing ind: 252237[µs]
Time needed for minimizing ind: 41382[µs]
Time needed for computing ind (total): 329371[µs]
automaton for ind has 5 states.
minimized automaton for ind has 5 states.
...done.
computing complement of preach...
Time needed for constructing identity on ind: 469[µs]
Time needed for computing product v_id of abstraction framework with identity on ind: 6348[µs]
Time needed for computing product of v_id with complement of abstraction framework: 1451[µs]
Time needed for computing complement of preach: 324629[µs]
automaton for complement of preach has 0 states.
...of which, 0 states are at level 0.
Time needed for trimming complement of preach: 10[µs]
...done.
trying to prove abstract safety...
Time needed for constructing transducer for unsafe property: 58[µs]
Time needed for constructing transducer for (initial, unsafe) pairs: 228[µs]
Time needed for constructing transducer for complement of (initial, unsafe) pairs: 80[µs]
Time needed for building union of complements of preach and (initial, unsafe)-transducer: 64[µs]
Time needed for checking universality using antichains-inclusion algorithm: 271[µs]
Time needed for checking abstract safety: 825[µs]
...done.
Result: [1]
This means that the following properties could be separated from the initial configurations:
	[deadlock]
While the following properties could not be separated from the initial configurations:
	[]

real	0m0,682s
user	0m0,662s
sys	0m0,009s
********************
26 of 61
/home/jakob/Documents/abstracton/benchmarks/dodo/MOESI.json
t
modifiedmodified
Running as unit: run-r1648f2b1583b49d9a845377cedb9ecfd.scope; invocation ID: 8085ff1c1b994b19b0dddd7e14e13d1a
Time needed for parsing json file: 4370[µs]
using Trap interpretation
Time needed for constructing Trap interpretation transducer: 8882[µs]
computing ind...
Time needed for constructing complement of ind: 90930[µs]
Time needed for computing ind: 192650[µs]
Time needed for minimizing ind: 35615[µs]
Time needed for computing ind (total): 319447[µs]
automaton for ind has 13 states.
minimized automaton for ind has 13 states.
...done.
computing complement of preach...
Time needed for constructing identity on ind: 2502[µs]
Time needed for computing product v_id of abstraction framework with identity on ind: 99342[µs]
Time needed for computing product of v_id with complement of abstraction framework: 526786[µs]
Time needed for computing complement of preach: 969020[µs]
automaton for complement of preach has 1220 states.
...of which, 20 states are at level 0.
Time needed for trimming complement of preach: 4577[µs]
...done.
trying to prove abstract safety...
Time needed for constructing transducer for unsafe property: 33[µs]
Time needed for constructing transducer for (initial, unsafe) pairs: 289[µs]
Time needed for constructing transducer for complement of (initial, unsafe) pairs: 620[µs]
Time needed for building union of complements of preach and (initial, unsafe)-transducer: 3792[µs]
Time needed for checking universality using antichains-inclusion algorithm: 16678[µs]
Time needed for checking abstract safety: 22102[µs]
...done.
Result: [1]
This means that the following properties could be separated from the initial configurations:
	[modifiedmodified]
While the following properties could not be separated from the initial configurations:
	[]

real	0m1,364s
user	0m1,283s
sys	0m0,063s
********************
/home/jakob/Documents/abstracton/benchmarks/dodo/MOESI.json
s
modifiedmodified
Running as unit: run-r5b2fb5883f714ccd8eca69c239d94bac.scope; invocation ID: 7cddb156fca040938e17be6f49b7bec0
Time needed for parsing json file: 4464[µs]
using Siphon interpretation
Time needed for constructing Siphon interpretation transducer: 3307[µs]
computing ind...
Time needed for constructing complement of ind: 33636[µs]
Time needed for computing ind: 28701[µs]
Time needed for minimizing ind: 11529[µs]
Time needed for computing ind (total): 74135[µs]
automaton for ind has 5 states.
minimized automaton for ind has 5 states.
...done.
computing complement of preach...
Time needed for constructing identity on ind: 841[µs]
Time needed for computing product v_id of abstraction framework with identity on ind: 10506[µs]
Time needed for computing product of v_id with complement of abstraction framework: 1972[µs]
Time needed for computing complement of preach: 85878[µs]
automaton for complement of preach has 6 states.
...of which, 2 states are at level 0.
Time needed for trimming complement of preach: 27[µs]
...done.
trying to prove abstract safety...
Time needed for constructing transducer for unsafe property: 35[µs]
Time needed for constructing transducer for (initial, unsafe) pairs: 253[µs]
Time needed for constructing transducer for complement of (initial, unsafe) pairs: 504[µs]
Time needed for building union of complements of preach and (initial, unsafe)-transducer: 120[µs]
Time needed for checking universality using antichains-inclusion algorithm: 613[µs]
Time needed for checking abstract safety: 1648[µs]
...done.
Result: [0]
This means that the following properties could be separated from the initial configurations:
	[]
While the following properties could not be separated from the initial configurations:
	[modifiedmodified]

real	0m0,195s
user	0m0,173s
sys	0m0,008s
********************
/home/jakob/Documents/abstracton/benchmarks/dodo/MOESI.json
f
modifiedmodified
Running as unit: run-rdb74eb53a9394b3db609b5d9f9eb222a.scope; invocation ID: d00f7dcf91d144db9663a8b0fe1cbf66
Time needed for parsing json file: 4438[µs]
using Flow interpretation
Time needed for constructing Flow interpretation transducer: 8309[µs]
computing ind...
Time needed for constructing complement of ind: 96962[µs]
Time needed for computing ind: 868177[µs]
Time needed for minimizing ind: 145550[µs]
Time needed for computing ind (total): 1110992[µs]
automaton for ind has 7 states.
minimized automaton for ind has 7 states.
...done.
computing complement of preach...
Time needed for constructing identity on ind: 1249[µs]
Time needed for computing product v_id of abstraction framework with identity on ind: 24659[µs]
Time needed for computing product of v_id with complement of abstraction framework: 3555[µs]
Time needed for computing complement of preach: 1129145[µs]
automaton for complement of preach has 6 states.
...of which, 2 states are at level 0.
Time needed for trimming complement of preach: 40[µs]
...done.
trying to prove abstract safety...
Time needed for constructing transducer for unsafe property: 30[µs]
Time needed for constructing transducer for (initial, unsafe) pairs: 264[µs]
Time needed for constructing transducer for complement of (initial, unsafe) pairs: 524[µs]
Time needed for building union of complements of preach and (initial, unsafe)-transducer: 119[µs]
Time needed for checking universality using antichains-inclusion algorithm: 573[µs]
Time needed for checking abstract safety: 1617[µs]
...done.
Result: [0]
This means that the following properties could be separated from the initial configurations:
	[]
While the following properties could not be separated from the initial configurations:
	[modifiedmodified]

real	0m2,282s
user	0m2,249s
sys	0m0,016s
********************
27 of 61
/home/jakob/Documents/abstracton/benchmarks/dodo/MOESI.json
t
exclusiveexclusive
Running as unit: run-r20c40f54eb9048c2bea32b08324f17dc.scope; invocation ID: 2616f0ef7353430196996f78fdde4c7e
Time needed for parsing json file: 4294[µs]
using Trap interpretation
Time needed for constructing Trap interpretation transducer: 9490[µs]
computing ind...
Time needed for constructing complement of ind: 95748[µs]
Time needed for computing ind: 200572[µs]
Time needed for minimizing ind: 35779[µs]
Time needed for computing ind (total): 332392[µs]
automaton for ind has 13 states.
minimized automaton for ind has 13 states.
...done.
computing complement of preach...
Time needed for constructing identity on ind: 2362[µs]
Time needed for computing product v_id of abstraction framework with identity on ind: 108197[µs]
Time needed for computing product of v_id with complement of abstraction framework: 512987[µs]
Time needed for computing complement of preach: 953132[µs]
automaton for complement of preach has 1220 states.
...of which, 20 states are at level 0.
Time needed for trimming complement of preach: 4631[µs]
...done.
trying to prove abstract safety...
Time needed for constructing transducer for unsafe property: 34[µs]
Time needed for constructing transducer for (initial, unsafe) pairs: 286[µs]
Time needed for constructing transducer for complement of (initial, unsafe) pairs: 595[µs]
Time needed for building union of complements of preach and (initial, unsafe)-transducer: 3710[µs]
Time needed for checking universality using antichains-inclusion algorithm: 16356[µs]
Time needed for checking abstract safety: 21576[µs]
...done.
Result: [1]
This means that the following properties could be separated from the initial configurations:
	[exclusiveexclusive]
While the following properties could not be separated from the initial configurations:
	[]

real	0m1,357s
user	0m1,296s
sys	0m0,048s
********************
/home/jakob/Documents/abstracton/benchmarks/dodo/MOESI.json
s
exclusiveexclusive
Running as unit: run-r3e25d08bef7244f7a0dea296f13244b4.scope; invocation ID: e2e2852d3027447eb40b14859bcb807c
Time needed for parsing json file: 4567[µs]
using Siphon interpretation
Time needed for constructing Siphon interpretation transducer: 3252[µs]
computing ind...
Time needed for constructing complement of ind: 33146[µs]
Time needed for computing ind: 27875[µs]
Time needed for minimizing ind: 11188[µs]
Time needed for computing ind (total): 72373[µs]
automaton for ind has 5 states.
minimized automaton for ind has 5 states.
...done.
computing complement of preach...
Time needed for constructing identity on ind: 1107[µs]
Time needed for computing product v_id of abstraction framework with identity on ind: 12197[µs]
Time needed for computing product of v_id with complement of abstraction framework: 2315[µs]
Time needed for computing complement of preach: 90225[µs]
automaton for complement of preach has 6 states.
...of which, 2 states are at level 0.
Time needed for trimming complement of preach: 30[µs]
...done.
trying to prove abstract safety...
Time needed for constructing transducer for unsafe property: 37[µs]
Time needed for constructing transducer for (initial, unsafe) pairs: 263[µs]
Time needed for constructing transducer for complement of (initial, unsafe) pairs: 536[µs]
Time needed for building union of complements of preach and (initial, unsafe)-transducer: 128[µs]
Time needed for checking universality using antichains-inclusion algorithm: 590[µs]
Time needed for checking abstract safety: 1689[µs]
...done.
Result: [0]
This means that the following properties could be separated from the initial configurations:
	[]
While the following properties could not be separated from the initial configurations:
	[exclusiveexclusive]

real	0m0,195s
user	0m0,175s
sys	0m0,009s
********************
/home/jakob/Documents/abstracton/benchmarks/dodo/MOESI.json
f
exclusiveexclusive
Running as unit: run-r7c2e774bdbd9459d926ad7076d006dcd.scope; invocation ID: 2bf390bb87b04aa19065a58c2932a6d0
Time needed for parsing json file: 4628[µs]
using Flow interpretation
Time needed for constructing Flow interpretation transducer: 9638[µs]
computing ind...
Time needed for constructing complement of ind: 94840[µs]
Time needed for computing ind: 856188[µs]
Time needed for minimizing ind: 139318[µs]
Time needed for computing ind (total): 1090660[µs]
automaton for ind has 7 states.
minimized automaton for ind has 7 states.
...done.
computing complement of preach...
Time needed for constructing identity on ind: 1304[µs]
Time needed for computing product v_id of abstraction framework with identity on ind: 25153[µs]
Time needed for computing product of v_id with complement of abstraction framework: 3905[µs]
Time needed for computing complement of preach: 1144184[µs]
automaton for complement of preach has 6 states.
...of which, 2 states are at level 0.
Time needed for trimming complement of preach: 47[µs]
...done.
trying to prove abstract safety...
Time needed for constructing transducer for unsafe property: 33[µs]
Time needed for constructing transducer for (initial, unsafe) pairs: 289[µs]
Time needed for constructing transducer for complement of (initial, unsafe) pairs: 559[µs]
Time needed for building union of complements of preach and (initial, unsafe)-transducer: 129[µs]
Time needed for checking universality using antichains-inclusion algorithm: 617[µs]
Time needed for checking abstract safety: 1754[µs]
...done.
Result: [0]
This means that the following properties could be separated from the initial configurations:
	[]
While the following properties could not be separated from the initial configurations:
	[exclusiveexclusive]

real	0m2,275s
user	0m2,249s
sys	0m0,012s
********************
28 of 61
/home/jakob/Documents/abstracton/benchmarks/dodo/MOESI.json
t
sharedexclusive
Running as unit: run-r058410ab1a4c4e1195795926d54d6cb4.scope; invocation ID: 0e71dc1125534cee85fde90a858e27c5
Time needed for parsing json file: 4440[µs]
using Trap interpretation
Time needed for constructing Trap interpretation transducer: 9013[µs]
computing ind...
Time needed for constructing complement of ind: 89066[µs]
Time needed for computing ind: 195707[µs]
Time needed for minimizing ind: 35331[µs]
Time needed for computing ind (total): 320369[µs]
automaton for ind has 13 states.
minimized automaton for ind has 13 states.
...done.
computing complement of preach...
Time needed for constructing identity on ind: 2506[µs]
Time needed for computing product v_id of abstraction framework with identity on ind: 98182[µs]
Time needed for computing product of v_id with complement of abstraction framework: 516909[µs]
Time needed for computing complement of preach: 941376[µs]
automaton for complement of preach has 1220 states.
...of which, 20 states are at level 0.
Time needed for trimming complement of preach: 4585[µs]
...done.
trying to prove abstract safety...
Time needed for constructing transducer for unsafe property: 57[µs]
Time needed for constructing transducer for (initial, unsafe) pairs: 372[µs]
Time needed for constructing transducer for complement of (initial, unsafe) pairs: 743[µs]
Time needed for building union of complements of preach and (initial, unsafe)-transducer: 3732[µs]
Time needed for checking universality using antichains-inclusion algorithm: 16439[µs]
Time needed for checking abstract safety: 22208[µs]
...done.
Result: [1]
This means that the following properties could be separated from the initial configurations:
	[sharedexclusive]
While the following properties could not be separated from the initial configurations:
	[]

real	0m1,338s
user	0m1,262s
sys	0m0,057s
********************
/home/jakob/Documents/abstracton/benchmarks/dodo/MOESI.json
s
sharedexclusive
Running as unit: run-r298db7967c834e988bca6b5c9c26db52.scope; invocation ID: d33cd27fc620406282a84af0f671fa68
Time needed for parsing json file: 4483[µs]
using Siphon interpretation
Time needed for constructing Siphon interpretation transducer: 3366[µs]
computing ind...
Time needed for constructing complement of ind: 34649[µs]
Time needed for computing ind: 33399[µs]
Time needed for minimizing ind: 13610[µs]
Time needed for computing ind (total): 81917[µs]
automaton for ind has 5 states.
minimized automaton for ind has 5 states.
...done.
computing complement of preach...
Time needed for constructing identity on ind: 977[µs]
Time needed for computing product v_id of abstraction framework with identity on ind: 10704[µs]
Time needed for computing product of v_id with complement of abstraction framework: 2023[µs]
Time needed for computing complement of preach: 89677[µs]
automaton for complement of preach has 6 states.
...of which, 2 states are at level 0.
Time needed for trimming complement of preach: 36[µs]
...done.
trying to prove abstract safety...
Time needed for constructing transducer for unsafe property: 43[µs]
Time needed for constructing transducer for (initial, unsafe) pairs: 310[µs]
Time needed for constructing transducer for complement of (initial, unsafe) pairs: 628[µs]
Time needed for building union of complements of preach and (initial, unsafe)-transducer: 140[µs]
Time needed for checking universality using antichains-inclusion algorithm: 636[µs]
Time needed for checking abstract safety: 1875[µs]
...done.
Result: [0]
This means that the following properties could be separated from the initial configurations:
	[]
While the following properties could not be separated from the initial configurations:
	[sharedexclusive]

real	0m0,209s
user	0m0,183s
sys	0m0,010s
********************
/home/jakob/Documents/abstracton/benchmarks/dodo/MOESI.json
f
sharedexclusive
Running as unit: run-rbe73e546fc6145ffa693e362bb1a6f15.scope; invocation ID: e9fce0e829a64e0d9ceef4fa4f83fb3f
Time needed for parsing json file: 4238[µs]
using Flow interpretation
Time needed for constructing Flow interpretation transducer: 7826[µs]
computing ind...
Time needed for constructing complement of ind: 92686[µs]
Time needed for computing ind: 870868[µs]
Time needed for minimizing ind: 137926[µs]
Time needed for computing ind (total): 1101774[µs]
automaton for ind has 7 states.
minimized automaton for ind has 7 states.
...done.
computing complement of preach...
Time needed for constructing identity on ind: 1335[µs]
Time needed for computing product v_id of abstraction framework with identity on ind: 25523[µs]
Time needed for computing product of v_id with complement of abstraction framework: 3631[µs]
Time needed for computing complement of preach: 1130762[µs]
automaton for complement of preach has 6 states.
...of which, 2 states are at level 0.
Time needed for trimming complement of preach: 40[µs]
...done.
trying to prove abstract safety...
Time needed for constructing transducer for unsafe property: 43[µs]
Time needed for constructing transducer for (initial, unsafe) pairs: 309[µs]
Time needed for constructing transducer for complement of (initial, unsafe) pairs: 677[µs]
Time needed for building union of complements of preach and (initial, unsafe)-transducer: 151[µs]
Time needed for checking universality using antichains-inclusion algorithm: 688[µs]
Time needed for checking abstract safety: 1998[µs]
...done.
Result: [0]
This means that the following properties could be separated from the initial configurations:
	[]
While the following properties could not be separated from the initial configurations:
	[sharedexclusive]

real	0m2,278s
user	0m2,245s
sys	0m0,011s
********************
29 of 61
/home/jakob/Documents/abstracton/benchmarks/dodo/MOESI.json
t
ownedexclusive
Running as unit: run-r1edd956239d14031912155b2c2eb8e64.scope; invocation ID: 2348ad5c71024fcaa7dc6907639eb6b6
Time needed for parsing json file: 4417[µs]
using Trap interpretation
Time needed for constructing Trap interpretation transducer: 9003[µs]
computing ind...
Time needed for constructing complement of ind: 87329[µs]
Time needed for computing ind: 196207[µs]
Time needed for minimizing ind: 36254[µs]
Time needed for computing ind (total): 320043[µs]
automaton for ind has 13 states.
minimized automaton for ind has 13 states.
...done.
computing complement of preach...
Time needed for constructing identity on ind: 2348[µs]
Time needed for computing product v_id of abstraction framework with identity on ind: 98783[µs]
Time needed for computing product of v_id with complement of abstraction framework: 516164[µs]
Time needed for computing complement of preach: 948455[µs]
automaton for complement of preach has 1220 states.
...of which, 20 states are at level 0.
Time needed for trimming complement of preach: 4641[µs]
...done.
trying to prove abstract safety...
Time needed for constructing transducer for unsafe property: 46[µs]
Time needed for constructing transducer for (initial, unsafe) pairs: 340[µs]
Time needed for constructing transducer for complement of (initial, unsafe) pairs: 723[µs]
Time needed for building union of complements of preach and (initial, unsafe)-transducer: 3552[µs]
Time needed for checking universality using antichains-inclusion algorithm: 17408[µs]
Time needed for checking abstract safety: 22928[µs]
...done.
Result: [1]
This means that the following properties could be separated from the initial configurations:
	[ownedexclusive]
While the following properties could not be separated from the initial configurations:
	[]

real	0m1,341s
user	0m1,269s
sys	0m0,057s
********************
/home/jakob/Documents/abstracton/benchmarks/dodo/MOESI.json
s
ownedexclusive
Running as unit: run-rb96c7c9e01304c7abd3e305455ce6c06.scope; invocation ID: 3230c34b664d4b43b1c92683a7bebc3a
Time needed for parsing json file: 4257[µs]
using Siphon interpretation
Time needed for constructing Siphon interpretation transducer: 3086[µs]
computing ind...
Time needed for constructing complement of ind: 36068[µs]
Time needed for computing ind: 29814[µs]
Time needed for minimizing ind: 11519[µs]
Time needed for computing ind (total): 77614[µs]
automaton for ind has 5 states.
minimized automaton for ind has 5 states.
...done.
computing complement of preach...
Time needed for constructing identity on ind: 1017[µs]
Time needed for computing product v_id of abstraction framework with identity on ind: 11085[µs]
Time needed for computing product of v_id with complement of abstraction framework: 2054[µs]
Time needed for computing complement of preach: 87546[µs]
automaton for complement of preach has 6 states.
...of which, 2 states are at level 0.
Time needed for trimming complement of preach: 28[µs]
...done.
trying to prove abstract safety...
Time needed for constructing transducer for unsafe property: 42[µs]
Time needed for constructing transducer for (initial, unsafe) pairs: 301[µs]
Time needed for constructing transducer for complement of (initial, unsafe) pairs: 665[µs]
Time needed for building union of complements of preach and (initial, unsafe)-transducer: 140[µs]
Time needed for checking universality using antichains-inclusion algorithm: 611[µs]
Time needed for checking abstract safety: 1895[µs]
...done.
Result: [0]
This means that the following properties could be separated from the initial configurations:
	[]
While the following properties could not be separated from the initial configurations:
	[ownedexclusive]

real	0m0,196s
user	0m0,178s
sys	0m0,008s
********************
/home/jakob/Documents/abstracton/benchmarks/dodo/MOESI.json
f
ownedexclusive
Running as unit: run-r6d8fa8383e604e9ea7e7a8546551c037.scope; invocation ID: 51fd51a3d6ca4788bb10643168a643d5
Time needed for parsing json file: 4394[µs]
using Flow interpretation
Time needed for constructing Flow interpretation transducer: 7629[µs]
computing ind...
Time needed for constructing complement of ind: 96629[µs]
Time needed for computing ind: 867503[µs]
Time needed for minimizing ind: 148388[µs]
Time needed for computing ind (total): 1112820[µs]
automaton for ind has 7 states.
minimized automaton for ind has 7 states.
...done.
computing complement of preach...
Time needed for constructing identity on ind: 1277[µs]
Time needed for computing product v_id of abstraction framework with identity on ind: 24292[µs]
Time needed for computing product of v_id with complement of abstraction framework: 3722[µs]
Time needed for computing complement of preach: 1128217[µs]
automaton for complement of preach has 6 states.
...of which, 2 states are at level 0.
Time needed for trimming complement of preach: 43[µs]
...done.
trying to prove abstract safety...
Time needed for constructing transducer for unsafe property: 43[µs]
Time needed for constructing transducer for (initial, unsafe) pairs: 323[µs]
Time needed for constructing transducer for complement of (initial, unsafe) pairs: 665[µs]
Time needed for building union of complements of preach and (initial, unsafe)-transducer: 145[µs]
Time needed for checking universality using antichains-inclusion algorithm: 632[µs]
Time needed for checking abstract safety: 1931[µs]
...done.
Result: [0]
This means that the following properties could be separated from the initial configurations:
	[]
While the following properties could not be separated from the initial configurations:
	[ownedexclusive]

real	0m2,279s
user	0m2,251s
sys	0m0,015s
********************
30 of 61
/home/jakob/Documents/abstracton/benchmarks/dodo/MOESI.json
t
exclusivemodified
Running as unit: run-ra37ffde98eab4dbb8149dccf6d8e1f30.scope; invocation ID: 3f2d2bb5c4e24b0ca36d193cb4ad91ae
Time needed for parsing json file: 4548[µs]
using Trap interpretation
Time needed for constructing Trap interpretation transducer: 9610[µs]
computing ind...
Time needed for constructing complement of ind: 95400[µs]
Time needed for computing ind: 194522[µs]
Time needed for minimizing ind: 40050[µs]
Time needed for computing ind (total): 330266[µs]
automaton for ind has 13 states.
minimized automaton for ind has 13 states.
...done.
computing complement of preach...
Time needed for constructing identity on ind: 2165[µs]
Time needed for computing product v_id of abstraction framework with identity on ind: 99889[µs]
Time needed for computing product of v_id with complement of abstraction framework: 540426[µs]
Time needed for computing complement of preach: 969810[µs]
automaton for complement of preach has 1220 states.
...of which, 20 states are at level 0.
Time needed for trimming complement of preach: 4370[µs]
...done.
trying to prove abstract safety...
Time needed for constructing transducer for unsafe property: 47[µs]
Time needed for constructing transducer for (initial, unsafe) pairs: 358[µs]
Time needed for constructing transducer for complement of (initial, unsafe) pairs: 740[µs]
Time needed for building union of complements of preach and (initial, unsafe)-transducer: 3612[µs]
Time needed for checking universality using antichains-inclusion algorithm: 18059[µs]
Time needed for checking abstract safety: 23737[µs]
...done.
Result: [1]
This means that the following properties could be separated from the initial configurations:
	[exclusivemodified]
While the following properties could not be separated from the initial configurations:
	[]

real	0m1,372s
user	0m1,307s
sys	0m0,052s
********************
/home/jakob/Documents/abstracton/benchmarks/dodo/MOESI.json
s
exclusivemodified
Running as unit: run-r403d2145b5054a3abf3eb1169222d1af.scope; invocation ID: dc6acc71f92f49a5a601a9136c0f6e67
Time needed for parsing json file: 4288[µs]
using Siphon interpretation
Time needed for constructing Siphon interpretation transducer: 3412[µs]
computing ind...
Time needed for constructing complement of ind: 34096[µs]
Time needed for computing ind: 28047[µs]
Time needed for minimizing ind: 11935[µs]
Time needed for computing ind (total): 74272[µs]
automaton for ind has 5 states.
minimized automaton for ind has 5 states.
...done.
computing complement of preach...
Time needed for constructing identity on ind: 1003[µs]
Time needed for computing product v_id of abstraction framework with identity on ind: 10541[µs]
Time needed for computing product of v_id with complement of abstraction framework: 1949[µs]
Time needed for computing complement of preach: 85221[µs]
automaton for complement of preach has 6 states.
...of which, 2 states are at level 0.
Time needed for trimming complement of preach: 39[µs]
...done.
trying to prove abstract safety...
Time needed for constructing transducer for unsafe property: 43[µs]
Time needed for constructing transducer for (initial, unsafe) pairs: 318[µs]
Time needed for constructing transducer for complement of (initial, unsafe) pairs: 761[µs]
Time needed for building union of complements of preach and (initial, unsafe)-transducer: 177[µs]
Time needed for checking universality using antichains-inclusion algorithm: 648[µs]
Time needed for checking abstract safety: 2118[µs]
...done.
Result: [0]
This means that the following properties could be separated from the initial configurations:
	[]
While the following properties could not be separated from the initial configurations:
	[exclusivemodified]

real	0m0,193s
user	0m0,168s
sys	0m0,013s
********************
/home/jakob/Documents/abstracton/benchmarks/dodo/MOESI.json
f
exclusivemodified
Running as unit: run-ra13bb4adfec145e1a8ecbc0e9c1db2a9.scope; invocation ID: 8b4a34d6e63a4cd3a934097ce6a3ca8a
Time needed for parsing json file: 4946[µs]
using Flow interpretation
Time needed for constructing Flow interpretation transducer: 7958[µs]
computing ind...
Time needed for constructing complement of ind: 92570[µs]
Time needed for computing ind: 883318[µs]
Time needed for minimizing ind: 145067[µs]
Time needed for computing ind (total): 1121240[µs]
automaton for ind has 7 states.
minimized automaton for ind has 7 states.
...done.
computing complement of preach...
Time needed for constructing identity on ind: 1263[µs]
Time needed for computing product v_id of abstraction framework with identity on ind: 25407[µs]
Time needed for computing product of v_id with complement of abstraction framework: 3651[µs]
Time needed for computing complement of preach: 1136026[µs]
automaton for complement of preach has 6 states.
...of which, 2 states are at level 0.
Time needed for trimming complement of preach: 39[µs]
...done.
trying to prove abstract safety...
Time needed for constructing transducer for unsafe property: 41[µs]
Time needed for constructing transducer for (initial, unsafe) pairs: 306[µs]
Time needed for constructing transducer for complement of (initial, unsafe) pairs: 636[µs]
Time needed for building union of complements of preach and (initial, unsafe)-transducer: 173[µs]
Time needed for checking universality using antichains-inclusion algorithm: 603[µs]
Time needed for checking abstract safety: 1890[µs]
...done.
Result: [0]
This means that the following properties could be separated from the initial configurations:
	[]
While the following properties could not be separated from the initial configurations:
	[exclusivemodified]

real	0m2,298s
user	0m2,264s
sys	0m0,016s
********************
31 of 61
/home/jakob/Documents/abstracton/benchmarks/dodo/MOESI.json
t
ownedmodified
Running as unit: run-r7ff9b24eb71841558f7d9836f3d08d61.scope; invocation ID: 850256cbc1104c49b746253e7262b7b4
Time needed for parsing json file: 4285[µs]
using Trap interpretation
Time needed for constructing Trap interpretation transducer: 9381[µs]
computing ind...
Time needed for constructing complement of ind: 88729[µs]
Time needed for computing ind: 197266[µs]
Time needed for minimizing ind: 35107[µs]
Time needed for computing ind (total): 321344[µs]
automaton for ind has 13 states.
minimized automaton for ind has 13 states.
...done.
computing complement of preach...
Time needed for constructing identity on ind: 2375[µs]
Time needed for computing product v_id of abstraction framework with identity on ind: 95415[µs]
Time needed for computing product of v_id with complement of abstraction framework: 510206[µs]
Time needed for computing complement of preach: 925772[µs]
automaton for complement of preach has 1220 states.
...of which, 20 states are at level 0.
Time needed for trimming complement of preach: 4470[µs]
...done.
trying to prove abstract safety...
Time needed for constructing transducer for unsafe property: 48[µs]
Time needed for constructing transducer for (initial, unsafe) pairs: 365[µs]
Time needed for constructing transducer for complement of (initial, unsafe) pairs: 746[µs]
Time needed for building union of complements of preach and (initial, unsafe)-transducer: 3855[µs]
Time needed for checking universality using antichains-inclusion algorithm: 17079[µs]
Time needed for checking abstract safety: 22893[µs]
...done.
Result: [1]
This means that the following properties could be separated from the initial configurations:
	[ownedmodified]
While the following properties could not be separated from the initial configurations:
	[]

real	0m1,320s
user	0m1,263s
sys	0m0,042s
********************
/home/jakob/Documents/abstracton/benchmarks/dodo/MOESI.json
s
ownedmodified
Running as unit: run-rbe6b94004c954e9b874ab81f072163a7.scope; invocation ID: 3f05d7a113d043a7a817a83ea767f472
Time needed for parsing json file: 4570[µs]
using Siphon interpretation
Time needed for constructing Siphon interpretation transducer: 3361[µs]
computing ind...
Time needed for constructing complement of ind: 33417[µs]
Time needed for computing ind: 28260[µs]
Time needed for minimizing ind: 11212[µs]
Time needed for computing ind (total): 73061[µs]
automaton for ind has 5 states.
minimized automaton for ind has 5 states.
...done.
computing complement of preach...
Time needed for constructing identity on ind: 973[µs]
Time needed for computing product v_id of abstraction framework with identity on ind: 11727[µs]
Time needed for computing product of v_id with complement of abstraction framework: 2243[µs]
Time needed for computing complement of preach: 92461[µs]
automaton for complement of preach has 6 states.
...of which, 2 states are at level 0.
Time needed for trimming complement of preach: 41[µs]
...done.
trying to prove abstract safety...
Time needed for constructing transducer for unsafe property: 42[µs]
Time needed for constructing transducer for (initial, unsafe) pairs: 328[µs]
Time needed for constructing transducer for complement of (initial, unsafe) pairs: 680[µs]
Time needed for building union of complements of preach and (initial, unsafe)-transducer: 150[µs]
Time needed for checking universality using antichains-inclusion algorithm: 669[µs]
Time needed for checking abstract safety: 2001[µs]
...done.
Result: [0]
This means that the following properties could be separated from the initial configurations:
	[]
While the following properties could not be separated from the initial configurations:
	[ownedmodified]

real	0m0,199s
user	0m0,176s
sys	0m0,012s
********************
/home/jakob/Documents/abstracton/benchmarks/dodo/MOESI.json
f
ownedmodified
Running as unit: run-rd7656e44a5fe474695f6fdb8a003a823.scope; invocation ID: 41e7f5c2cf0049fc8c9c20ca5de7d96a
Time needed for parsing json file: 4354[µs]
using Flow interpretation
Time needed for constructing Flow interpretation transducer: 7867[µs]
computing ind...
Time needed for constructing complement of ind: 92707[µs]
Time needed for computing ind: 885849[µs]
Time needed for minimizing ind: 151237[µs]
Time needed for computing ind (total): 1130088[µs]
automaton for ind has 7 states.
minimized automaton for ind has 7 states.
...done.
computing complement of preach...
Time needed for constructing identity on ind: 1294[µs]
Time needed for computing product v_id of abstraction framework with identity on ind: 24266[µs]
Time needed for computing product of v_id with complement of abstraction framework: 3592[µs]
Time needed for computing complement of preach: 1170322[µs]
automaton for complement of preach has 6 states.
...of which, 2 states are at level 0.
Time needed for trimming complement of preach: 43[µs]
...done.
trying to prove abstract safety...
Time needed for constructing transducer for unsafe property: 40[µs]
Time needed for constructing transducer for (initial, unsafe) pairs: 309[µs]
Time needed for constructing transducer for complement of (initial, unsafe) pairs: 646[µs]
Time needed for building union of complements of preach and (initial, unsafe)-transducer: 140[µs]
Time needed for checking universality using antichains-inclusion algorithm: 627[µs]
Time needed for checking abstract safety: 1889[µs]
...done.
Result: [0]
This means that the following properties could be separated from the initial configurations:
	[]
While the following properties could not be separated from the initial configurations:
	[ownedmodified]

real	0m2,339s
user	0m2,309s
sys	0m0,013s
********************
32 of 61
/home/jakob/Documents/abstracton/benchmarks/dodo/MOESI.json
t
sharedmodified
Running as unit: run-recdffadb399047bebe29117d5bbec011.scope; invocation ID: 96b44df4cbee443b88acf360ebf39ae4
Time needed for parsing json file: 4569[µs]
using Trap interpretation
Time needed for constructing Trap interpretation transducer: 8538[µs]
computing ind...
Time needed for constructing complement of ind: 94840[µs]
Time needed for computing ind: 193934[µs]
Time needed for minimizing ind: 41521[µs]
Time needed for computing ind (total): 330609[µs]
automaton for ind has 13 states.
minimized automaton for ind has 13 states.
...done.
computing complement of preach...
Time needed for constructing identity on ind: 2366[µs]
Time needed for computing product v_id of abstraction framework with identity on ind: 98599[µs]
Time needed for computing product of v_id with complement of abstraction framework: 525882[µs]
Time needed for computing complement of preach: 956094[µs]
automaton for complement of preach has 1220 states.
...of which, 20 states are at level 0.
Time needed for trimming complement of preach: 4398[µs]
...done.
trying to prove abstract safety...
Time needed for constructing transducer for unsafe property: 57[µs]
Time needed for constructing transducer for (initial, unsafe) pairs: 367[µs]
Time needed for constructing transducer for complement of (initial, unsafe) pairs: 703[µs]
Time needed for building union of complements of preach and (initial, unsafe)-transducer: 3704[µs]
Time needed for checking universality using antichains-inclusion algorithm: 15802[µs]
Time needed for checking abstract safety: 21472[µs]
...done.
Result: [1]
This means that the following properties could be separated from the initial configurations:
	[sharedmodified]
While the following properties could not be separated from the initial configurations:
	[]

real	0m1,360s
user	0m1,287s
sys	0m0,055s
********************
/home/jakob/Documents/abstracton/benchmarks/dodo/MOESI.json
s
sharedmodified
Running as unit: run-r34b1bb1803e34162b79e11501ef71d5d.scope; invocation ID: 44ec7a98a118464098ca77610eb95c13
Time needed for parsing json file: 4398[µs]
using Siphon interpretation
Time needed for constructing Siphon interpretation transducer: 3279[µs]
computing ind...
Time needed for constructing complement of ind: 33900[µs]
Time needed for computing ind: 28199[µs]
Time needed for minimizing ind: 11476[µs]
Time needed for computing ind (total): 73708[µs]
automaton for ind has 5 states.
minimized automaton for ind has 5 states.
...done.
computing complement of preach...
Time needed for constructing identity on ind: 922[µs]
Time needed for computing product v_id of abstraction framework with identity on ind: 10563[µs]
Time needed for computing product of v_id with complement of abstraction framework: 1960[µs]
Time needed for computing complement of preach: 84249[µs]
automaton for complement of preach has 6 states.
...of which, 2 states are at level 0.
Time needed for trimming complement of preach: 26[µs]
...done.
trying to prove abstract safety...
Time needed for constructing transducer for unsafe property: 56[µs]
Time needed for constructing transducer for (initial, unsafe) pairs: 324[µs]
Time needed for constructing transducer for complement of (initial, unsafe) pairs: 609[µs]
Time needed for building union of complements of preach and (initial, unsafe)-transducer: 139[µs]
Time needed for checking universality using antichains-inclusion algorithm: 603[µs]
Time needed for checking abstract safety: 1891[µs]
...done.
Result: [0]
This means that the following properties could be separated from the initial configurations:
	[]
While the following properties could not be separated from the initial configurations:
	[sharedmodified]

real	0m0,195s
user	0m0,170s
sys	0m0,010s
********************
/home/jakob/Documents/abstracton/benchmarks/dodo/MOESI.json
f
sharedmodified
Running as unit: run-r5dc934f85efb4517a42f968931e491b1.scope; invocation ID: db05ff2fe67e4dfabb81ded634e76602
Time needed for parsing json file: 4328[µs]
using Flow interpretation
Time needed for constructing Flow interpretation transducer: 7778[µs]
computing ind...
Time needed for constructing complement of ind: 101498[µs]
Time needed for computing ind: 869284[µs]
Time needed for minimizing ind: 144363[µs]
Time needed for computing ind (total): 1115482[µs]
automaton for ind has 7 states.
minimized automaton for ind has 7 states.
...done.
computing complement of preach...
Time needed for constructing identity on ind: 1260[µs]
Time needed for computing product v_id of abstraction framework with identity on ind: 24756[µs]
Time needed for computing product of v_id with complement of abstraction framework: 3710[µs]
Time needed for computing complement of preach: 1124410[µs]
automaton for complement of preach has 6 states.
...of which, 2 states are at level 0.
Time needed for trimming complement of preach: 53[µs]
...done.
trying to prove abstract safety...
Time needed for constructing transducer for unsafe property: 41[µs]
Time needed for constructing transducer for (initial, unsafe) pairs: 336[µs]
Time needed for constructing transducer for complement of (initial, unsafe) pairs: 649[µs]
Time needed for building union of complements of preach and (initial, unsafe)-transducer: 177[µs]
Time needed for checking universality using antichains-inclusion algorithm: 609[µs]
Time needed for checking abstract safety: 1973[µs]
...done.
Result: [0]
This means that the following properties could be separated from the initial configurations:
	[]
While the following properties could not be separated from the initial configurations:
	[sharedmodified]

real	0m2,281s
user	0m2,249s
sys	0m0,016s
********************
33 of 61
/home/jakob/Documents/abstracton/benchmarks/dodo/MOESI.json
t
deadlock
Running as unit: run-rdc87bf09d02d40f4906bf440c7594aeb.scope; invocation ID: 63be3034151f4750a689c2361217d9ab
Time needed for parsing json file: 4513[µs]
using Trap interpretation
Time needed for constructing Trap interpretation transducer: 8930[µs]
computing ind...
Time needed for constructing complement of ind: 89569[µs]
Time needed for computing ind: 197924[µs]
Time needed for minimizing ind: 35008[µs]
Time needed for computing ind (total): 322745[µs]
automaton for ind has 13 states.
minimized automaton for ind has 13 states.
...done.
computing complement of preach...
Time needed for constructing identity on ind: 2346[µs]
Time needed for computing product v_id of abstraction framework with identity on ind: 94885[µs]
Time needed for computing product of v_id with complement of abstraction framework: 515042[µs]
Time needed for computing complement of preach: 937378[µs]
automaton for complement of preach has 1220 states.
...of which, 20 states are at level 0.
Time needed for trimming complement of preach: 4376[µs]
...done.
trying to prove abstract safety...
Time needed for constructing transducer for unsafe property: 55[µs]
Time needed for constructing transducer for (initial, unsafe) pairs: 221[µs]
Time needed for constructing transducer for complement of (initial, unsafe) pairs: 85[µs]
Time needed for building union of complements of preach and (initial, unsafe)-transducer: 3359[µs]
Time needed for checking universality using antichains-inclusion algorithm: 13500[µs]
Time needed for checking abstract safety: 17894[µs]
...done.
Result: [1]
This means that the following properties could be separated from the initial configurations:
	[deadlock]
While the following properties could not be separated from the initial configurations:
	[]

real	0m1,330s
user	0m1,267s
sys	0m0,047s
********************
/home/jakob/Documents/abstracton/benchmarks/dodo/MOESI.json
s
deadlock
Running as unit: run-r1b0d9a82914b4d57a742d73dd9abaf42.scope; invocation ID: c630445266434946a4ec32be660ef223
Time needed for parsing json file: 4299[µs]
using Siphon interpretation
Time needed for constructing Siphon interpretation transducer: 3333[µs]
computing ind...
Time needed for constructing complement of ind: 32545[µs]
Time needed for computing ind: 28167[µs]
Time needed for minimizing ind: 12663[µs]
Time needed for computing ind (total): 73527[µs]
automaton for ind has 5 states.
minimized automaton for ind has 5 states.
...done.
computing complement of preach...
Time needed for constructing identity on ind: 892[µs]
Time needed for computing product v_id of abstraction framework with identity on ind: 11106[µs]
Time needed for computing product of v_id with complement of abstraction framework: 2091[µs]
Time needed for computing complement of preach: 89707[µs]
automaton for complement of preach has 6 states.
...of which, 2 states are at level 0.
Time needed for trimming complement of preach: 26[µs]
...done.
trying to prove abstract safety...
Time needed for constructing transducer for unsafe property: 50[µs]
Time needed for constructing transducer for (initial, unsafe) pairs: 182[µs]
Time needed for constructing transducer for complement of (initial, unsafe) pairs: 80[µs]
Time needed for building union of complements of preach and (initial, unsafe)-transducer: 64[µs]
Time needed for checking universality using antichains-inclusion algorithm: 436[µs]
Time needed for checking abstract safety: 916[µs]
...done.
Result: [1]
This means that the following properties could be separated from the initial configurations:
	[deadlock]
While the following properties could not be separated from the initial configurations:
	[]

real	0m0,197s
user	0m0,175s
sys	0m0,008s
********************
/home/jakob/Documents/abstracton/benchmarks/dodo/MOESI.json
f
deadlock
Running as unit: run-rdd854180ec9a401abc7f80aa761f9872.scope; invocation ID: f896ee2992df4f4293e5bff6c18208e2
Time needed for parsing json file: 4295[µs]
using Flow interpretation
Time needed for constructing Flow interpretation transducer: 7608[µs]
computing ind...
Time needed for constructing complement of ind: 90787[µs]
Time needed for computing ind: 855514[µs]
Time needed for minimizing ind: 138653[µs]
Time needed for computing ind (total): 1085279[µs]
automaton for ind has 7 states.
minimized automaton for ind has 7 states.
...done.
computing complement of preach...
Time needed for constructing identity on ind: 1275[µs]
Time needed for computing product v_id of abstraction framework with identity on ind: 24355[µs]
Time needed for computing product of v_id with complement of abstraction framework: 3522[µs]
Time needed for computing complement of preach: 1124265[µs]
automaton for complement of preach has 6 states.
...of which, 2 states are at level 0.
Time needed for trimming complement of preach: 39[µs]
...done.
trying to prove abstract safety...
Time needed for constructing transducer for unsafe property: 50[µs]
Time needed for constructing transducer for (initial, unsafe) pairs: 211[µs]
Time needed for constructing transducer for complement of (initial, unsafe) pairs: 82[µs]
Time needed for building union of complements of preach and (initial, unsafe)-transducer: 63[µs]
Time needed for checking universality using antichains-inclusion algorithm: 378[µs]
Time needed for checking abstract safety: 882[µs]
...done.
Result: [1]
This means that the following properties could be separated from the initial configurations:
	[deadlock]
While the following properties could not be separated from the initial configurations:
	[]

real	0m2,245s
user	0m2,220s
sys	0m0,013s
********************
34 of 61
/home/jakob/Documents/abstracton/benchmarks/dodo/Szymanski.json
t
nomutex
Running as unit: run-r8abc79a9abd7499cbe7d9cb4c3d1e3f1.scope; invocation ID: 8e13fd7b4597407d8e08bda1825cde1f
Time needed for parsing json file: 304641[µs]
using Trap interpretation

real	20m2,962s
user	19m36,692s
sys	0m24,952s
********************
/home/jakob/Documents/abstracton/benchmarks/dodo/Szymanski.json
s
nomutex
Running as unit: run-r267715e76fe446d982059b8a527b17c4.scope; invocation ID: 51497ee6bcc24ee49f303df5d952d543
Time needed for parsing json file: 298980[µs]
using Siphon interpretation

real	20m3,028s
user	19m36,435s
sys	0m25,304s
********************
/home/jakob/Documents/abstracton/benchmarks/dodo/Szymanski.json
f
nomutex
Running as unit: run-r238c4714cab5400cba7c7ba3148734a4.scope; invocation ID: 50819ea7b0e843288326b610c8aa91b1
Time needed for parsing json file: 285349[µs]
using Flow interpretation

real	20m2,993s
user	19m36,347s
sys	0m25,346s
********************
35 of 61
/home/jakob/Documents/abstracton/benchmarks/dodo/Szymanski.json
t
deadlock
Running as unit: run-r34ea8faedc974cccbe57e55dcdc6c8ab.scope; invocation ID: 72171b9cf9254fdd8613618f9ac4aa4a
Time needed for parsing json file: 287714[µs]
using Trap interpretation

real	20m2,832s
user	19m36,422s
sys	0m25,109s
********************
/home/jakob/Documents/abstracton/benchmarks/dodo/Szymanski.json
s
deadlock
Running as unit: run-r4cfda822b81d4fddb7e8c43c3f6aa457.scope; invocation ID: 7090f40ffcc04518a5c7785f7600b4f4
Time needed for parsing json file: 294285[µs]
using Siphon interpretation

real	20m2,852s
user	19m36,498s
sys	0m24,981s
********************
/home/jakob/Documents/abstracton/benchmarks/dodo/Szymanski.json
f
deadlock
Running as unit: run-r06b888bf52194a3c8e12e27f32f45c62.scope; invocation ID: 320bbb44fd6c4e86bdbcae9b9d19680a
Time needed for parsing json file: 290551[µs]
using Flow interpretation

real	20m2,805s
user	19m36,863s
sys	0m24,631s
********************
36 of 61
/home/jakob/Documents/abstracton/benchmarks/dodo/atomic-dining-philosophers.json
t
deadlock
Running as unit: run-r8d02243b653545bbbbc8af896e7241f2.scope; invocation ID: 57033a9d07724663b6db4bc23cbfc2ab
Time needed for parsing json file: 2833[µs]
using Trap interpretation
Time needed for constructing Trap interpretation transducer: 5100[µs]
computing ind...
Time needed for constructing complement of ind: 23008[µs]
Time needed for computing ind: 110978[µs]
Time needed for minimizing ind: 23919[µs]
Time needed for computing ind (total): 158268[µs]
automaton for ind has 26 states.
minimized automaton for ind has 26 states.
...done.
computing complement of preach...
Time needed for constructing identity on ind: 2300[µs]
Time needed for computing product v_id of abstraction framework with identity on ind: 88681[µs]
Time needed for computing product of v_id with complement of abstraction framework: 400084[µs]
Time needed for computing complement of preach: 658775[µs]
automaton for complement of preach has 1043 states.
...of which, 47 states are at level 0.
Time needed for trimming complement of preach: 3031[µs]
...done.
trying to prove abstract safety...
Time needed for constructing transducer for unsafe property: 152[µs]
Time needed for constructing transducer for (initial, unsafe) pairs: 921[µs]
Time needed for constructing transducer for complement of (initial, unsafe) pairs: 1452[µs]
Time needed for building union of complements of preach and (initial, unsafe)-transducer: 2810[µs]
Time needed for checking universality using antichains-inclusion algorithm: 44451[µs]
Time needed for checking abstract safety: 50535[µs]
...done.
Result: [1]
This means that the following properties could be separated from the initial configurations:
	[deadlock]
While the following properties could not be separated from the initial configurations:
	[]

real	0m0,916s
user	0m0,834s
sys	0m0,054s
********************
/home/jakob/Documents/abstracton/benchmarks/dodo/atomic-dining-philosophers.json
s
deadlock
Running as unit: run-r59ad1f87df51478e84a18ae70fae784e.scope; invocation ID: bafd6ed29a2145cc887f75a3105f01de
Time needed for parsing json file: 2175[µs]
using Siphon interpretation
Time needed for constructing Siphon interpretation transducer: 1569[µs]
computing ind...
Time needed for constructing complement of ind: 9099[µs]
Time needed for computing ind: 25793[µs]
Time needed for minimizing ind: 14081[µs]
Time needed for computing ind (total): 49115[µs]
automaton for ind has 26 states.
minimized automaton for ind has 26 states.
...done.
computing complement of preach...
Time needed for constructing identity on ind: 2253[µs]
Time needed for computing product v_id of abstraction framework with identity on ind: 27059[µs]
Time needed for computing product of v_id with complement of abstraction framework: 30983[µs]
Time needed for computing complement of preach: 107373[µs]
automaton for complement of preach has 527 states.
...of which, 47 states are at level 0.
Time needed for trimming complement of preach: 1882[µs]
...done.
trying to prove abstract safety...
Time needed for constructing transducer for unsafe property: 138[µs]
Time needed for constructing transducer for (initial, unsafe) pairs: 839[µs]
Time needed for constructing transducer for complement of (initial, unsafe) pairs: 1247[µs]
Time needed for building union of complements of preach and (initial, unsafe)-transducer: 1902[µs]
Time needed for checking universality using antichains-inclusion algorithm: 20180[µs]
Time needed for checking abstract safety: 24885[µs]
...done.
Result: [0]
This means that the following properties could be separated from the initial configurations:
	[]
While the following properties could not be separated from the initial configurations:
	[deadlock]

real	0m0,216s
user	0m0,188s
sys	0m0,011s
********************
/home/jakob/Documents/abstracton/benchmarks/dodo/atomic-dining-philosophers.json
f
deadlock
Running as unit: run-raf11861b5ef0433b8e7bd473763eccf7.scope; invocation ID: 7306bba643b445088ec1657c83321043
Time needed for parsing json file: 2052[µs]
using Flow interpretation
Time needed for constructing Flow interpretation transducer: 3213[µs]
computing ind...
Time needed for constructing complement of ind: 23538[µs]
Time needed for computing ind: 349868[µs]
Time needed for minimizing ind: 82627[µs]
Time needed for computing ind (total): 456285[µs]
automaton for ind has 59 states.
minimized automaton for ind has 59 states.
...done.
computing complement of preach...
Time needed for constructing identity on ind: 4760[µs]
Time needed for computing product v_id of abstraction framework with identity on ind: 124814[µs]
Time needed for computing product of v_id with complement of abstraction framework: 119981[µs]
Time needed for computing complement of preach: 705258[µs]
automaton for complement of preach has 1955 states.
...of which, 171 states are at level 0.
Time needed for trimming complement of preach: 7347[µs]
...done.
trying to prove abstract safety...
Time needed for constructing transducer for unsafe property: 148[µs]
Time needed for constructing transducer for (initial, unsafe) pairs: 876[µs]
Time needed for constructing transducer for complement of (initial, unsafe) pairs: 1385[µs]
Time needed for building union of complements of preach and (initial, unsafe)-transducer: 6944[µs]
Time needed for checking universality using antichains-inclusion algorithm: 1244700[µs]
Time needed for checking abstract safety: 1255339[µs]
...done.
Result: [0]
This means that the following properties could be separated from the initial configurations:
	[]
While the following properties could not be separated from the initial configurations:
	[deadlock]

real	0m2,460s
user	0m2,416s
sys	0m0,026s
********************
37 of 61
/home/jakob/Documents/abstracton/benchmarks/dodo/bakery.json
t
nomutex
Running as unit: run-r9e8552f3efa142b680725e815099969f.scope; invocation ID: c8809a50bf35424f9e795f1ac8ec6498
Time needed for parsing json file: 1191[µs]
using Trap interpretation
Time needed for constructing Trap interpretation transducer: 1714[µs]
computing ind...
Time needed for constructing complement of ind: 3444[µs]
Time needed for computing ind: 14933[µs]
Time needed for minimizing ind: 4603[µs]
Time needed for computing ind (total): 23112[µs]
automaton for ind has 7 states.
minimized automaton for ind has 7 states.
...done.
computing complement of preach...
Time needed for constructing identity on ind: 285[µs]
Time needed for computing product v_id of abstraction framework with identity on ind: 8053[µs]
Time needed for computing product of v_id with complement of abstraction framework: 29742[µs]
Time needed for computing complement of preach: 59767[µs]
automaton for complement of preach has 196 states.
...of which, 10 states are at level 0.
Time needed for trimming complement of preach: 506[µs]
...done.
trying to prove abstract safety...
Time needed for constructing transducer for unsafe property: 22[µs]
Time needed for constructing transducer for (initial, unsafe) pairs: 246[µs]
Time needed for constructing transducer for complement of (initial, unsafe) pairs: 517[µs]
Time needed for building union of complements of preach and (initial, unsafe)-transducer: 484[µs]
Time needed for checking universality using antichains-inclusion algorithm: 2626[µs]
Time needed for checking abstract safety: 4080[µs]
...done.
Result: [1]
This means that the following properties could be separated from the initial configurations:
	[nomutex]
While the following properties could not be separated from the initial configurations:
	[]

real	0m0,120s
user	0m0,090s
sys	0m0,011s
********************
/home/jakob/Documents/abstracton/benchmarks/dodo/bakery.json
s
nomutex
Running as unit: run-r678f3e05b3cd4649ad23ba8483f149d2.scope; invocation ID: b0d88b14cb53422c9e1ce2da95c581bd
Time needed for parsing json file: 1070[µs]
using Siphon interpretation
Time needed for constructing Siphon interpretation transducer: 781[µs]
computing ind...
Time needed for constructing complement of ind: 1055[µs]
Time needed for computing ind: 2109[µs]
Time needed for minimizing ind: 1727[µs]
Time needed for computing ind (total): 4976[µs]
automaton for ind has 4 states.
minimized automaton for ind has 4 states.
...done.
computing complement of preach...
Time needed for constructing identity on ind: 193[µs]
Time needed for computing product v_id of abstraction framework with identity on ind: 1741[µs]
Time needed for computing product of v_id with complement of abstraction framework: 1498[µs]
Time needed for computing complement of preach: 9075[µs]
automaton for complement of preach has 15 states.
...of which, 3 states are at level 0.
Time needed for trimming complement of preach: 85[µs]
...done.
trying to prove abstract safety...
Time needed for constructing transducer for unsafe property: 25[µs]
Time needed for constructing transducer for (initial, unsafe) pairs: 257[µs]
Time needed for constructing transducer for complement of (initial, unsafe) pairs: 499[µs]
Time needed for building union of complements of preach and (initial, unsafe)-transducer: 154[µs]
Time needed for checking universality using antichains-inclusion algorithm: 590[µs]
Time needed for checking abstract safety: 1694[µs]
...done.
Result: [0]
This means that the following properties could be separated from the initial configurations:
	[]
While the following properties could not be separated from the initial configurations:
	[nomutex]

real	0m0,043s
user	0m0,020s
sys	0m0,009s
********************
/home/jakob/Documents/abstracton/benchmarks/dodo/bakery.json
f
nomutex
Running as unit: run-r3f9fa00069594512ab3cb6ec66d4506d.scope; invocation ID: 74bbaecd813a4efd9194c894077974b7
Time needed for parsing json file: 1120[µs]
using Flow interpretation
Time needed for constructing Flow interpretation transducer: 1593[µs]
computing ind...
Time needed for constructing complement of ind: 3213[µs]
Time needed for computing ind: 54281[µs]
Time needed for minimizing ind: 22189[µs]
Time needed for computing ind (total): 79872[µs]
automaton for ind has 9 states.
minimized automaton for ind has 9 states.
...done.
computing complement of preach...
Time needed for constructing identity on ind: 336[µs]
Time needed for computing product v_id of abstraction framework with identity on ind: 6263[µs]
Time needed for computing product of v_id with complement of abstraction framework: 5066[µs]
Time needed for computing complement of preach: 91942[µs]
automaton for complement of preach has 53 states.
...of which, 8 states are at level 0.
Time needed for trimming complement of preach: 187[µs]
...done.
trying to prove abstract safety...
Time needed for constructing transducer for unsafe property: 24[µs]
Time needed for constructing transducer for (initial, unsafe) pairs: 233[µs]
Time needed for constructing transducer for complement of (initial, unsafe) pairs: 439[µs]
Time needed for building union of complements of preach and (initial, unsafe)-transducer: 227[µs]
Time needed for checking universality using antichains-inclusion algorithm: 893[µs]
Time needed for checking abstract safety: 1935[µs]
...done.
Result: [0]
This means that the following properties could be separated from the initial configurations:
	[]
While the following properties could not be separated from the initial configurations:
	[nomutex]

real	0m0,200s
user	0m0,181s
sys	0m0,007s
********************
38 of 61
/home/jakob/Documents/abstracton/benchmarks/dodo/dining-cryptographers.json
t
internal
Running as unit: run-rc77d94871ec24ab4b0ebbf948b914016.scope; invocation ID: d2a1aed79eb44ec0aaae42d9437c3015
Time needed for parsing json file: 5839[µs]
using Trap interpretation
Time needed for constructing Trap interpretation transducer: 21310438[µs]
computing ind...
Time needed for constructing complement of ind: 494456834[µs]

real	20m0,050s
user	19m58,408s
sys	0m0,536s
********************
/home/jakob/Documents/abstracton/benchmarks/dodo/dining-cryptographers.json
s
internal
Running as unit: run-r1a56e073e6b741c595d7c5df5811b66a.scope; invocation ID: ae95400a730747118e8827aeb113890b
Time needed for parsing json file: 6264[µs]
using Siphon interpretation
Time needed for constructing Siphon interpretation transducer: 6018349[µs]
computing ind...
Time needed for constructing complement of ind: 188135927[µs]
Time needed for computing ind: 217241946[µs]
Time needed for minimizing ind: 122876537[µs]
Time needed for computing ind (total): 528258672[µs]
automaton for ind has 17 states.
minimized automaton for ind has 17 states.
...done.
computing complement of preach...
Time needed for constructing identity on ind: 14369221[µs]
Time needed for computing product v_id of abstraction framework with identity on ind: 40942510[µs]
Time needed for computing product of v_id with complement of abstraction framework: 45295070[µs]
Time needed for computing complement of preach: 635471349[µs]
automaton for complement of preach has 99836 states.
...of which, 28 states are at level 0.
Time needed for trimming complement of preach: 890057[µs]
...done.
trying to prove abstract safety...
Time needed for constructing transducer for unsafe property: 94[µs]
Time needed for constructing transducer for (initial, unsafe) pairs: 1259[µs]
Time needed for constructing transducer for complement of (initial, unsafe) pairs: 3214[µs]
Time needed for building union of complements of preach and (initial, unsafe)-transducer: 853795[µs]
Time needed for checking universality using antichains-inclusion algorithm: 20394302[µs]
Time needed for checking abstract safety: 21433623[µs]
...done.
Result: [1]
This means that the following properties could be separated from the initial configurations:
	[internal]
While the following properties could not be separated from the initial configurations:
	[]

real	19m52,533s
user	19m49,528s
sys	0m1,812s
********************
/home/jakob/Documents/abstracton/benchmarks/dodo/dining-cryptographers.json
f
internal
Running as unit: run-r24296d5e7fcd41f6a10a2cdb081be515.scope; invocation ID: 15296188de4748a4be2c4c1fe161ec25
Time needed for parsing json file: 5935[µs]
using Flow interpretation
Time needed for constructing Flow interpretation transducer: 17613158[µs]
computing ind...
Time needed for constructing complement of ind: 459666843[µs]

real	20m0,057s
user	19m58,319s
sys	0m0,613s
********************
39 of 61
/home/jakob/Documents/abstracton/benchmarks/dodo/dining-cryptographers.json
t
external
Running as unit: run-r52b9e790b73f4c9ea1280c1e048df9a7.scope; invocation ID: 097f5b2a63564446bf92ea7b48282905
Time needed for parsing json file: 6030[µs]
using Trap interpretation
Time needed for constructing Trap interpretation transducer: 21462472[µs]
computing ind...
Time needed for constructing complement of ind: 492574306[µs]

real	20m0,056s
user	19m58,203s
sys	0m0,609s
********************
/home/jakob/Documents/abstracton/benchmarks/dodo/dining-cryptographers.json
s
external
Running as unit: run-r3d7a0d885ea94edd845e6c02ebf2738d.scope; invocation ID: b35e01b40f4c4aa1918158b1c06df826
Time needed for parsing json file: 6053[µs]
using Siphon interpretation
Time needed for constructing Siphon interpretation transducer: 6088169[µs]
computing ind...
Time needed for constructing complement of ind: 188464349[µs]
Time needed for computing ind: 218506814[µs]
Time needed for minimizing ind: 121383607[µs]
Time needed for computing ind (total): 528361016[µs]
automaton for ind has 17 states.
minimized automaton for ind has 17 states.
...done.
computing complement of preach...
Time needed for constructing identity on ind: 14118618[µs]
Time needed for computing product v_id of abstraction framework with identity on ind: 40754263[µs]
Time needed for computing product of v_id with complement of abstraction framework: 45536777[µs]
Time needed for computing complement of preach: 633866491[µs]
automaton for complement of preach has 99836 states.
...of which, 28 states are at level 0.
Time needed for trimming complement of preach: 881810[µs]
...done.
trying to prove abstract safety...
Time needed for constructing transducer for unsafe property: 20[µs]
Time needed for constructing transducer for (initial, unsafe) pairs: 481[µs]
Time needed for constructing transducer for complement of (initial, unsafe) pairs: 1243[µs]
Time needed for building union of complements of preach and (initial, unsafe)-transducer: 884243[µs]
Time needed for checking universality using antichains-inclusion algorithm: 15310828[µs]
Time needed for checking abstract safety: 16378912[µs]
...done.
Result: [1]
This means that the following properties could be separated from the initial configurations:
	[external]
While the following properties could not be separated from the initial configurations:
	[]

real	19m46,061s
user	19m43,078s
sys	0m1,818s
********************
/home/jakob/Documents/abstracton/benchmarks/dodo/dining-cryptographers.json
f
external
Running as unit: run-r277a6f0c207c4e8599710da565d3216c.scope; invocation ID: 0a5621870d564529a33f9224af7c88c8
Time needed for parsing json file: 6103[µs]
using Flow interpretation
Time needed for constructing Flow interpretation transducer: 17902536[µs]
computing ind...
Time needed for constructing complement of ind: 466444824[µs]

real	20m0,056s
user	19m58,176s
sys	0m0,582s
********************
40 of 61
/home/jakob/Documents/abstracton/benchmarks/dodo/dragon.json
t
dirtydirty
Running as unit: run-rea57a502f8d640d2a2040f1e30f3692a.scope; invocation ID: 80865a7322024869b7900555d882cd50
Time needed for parsing json file: 7578[µs]
using Trap interpretation
Time needed for constructing Trap interpretation transducer: 9160[µs]
computing ind...
Time needed for constructing complement of ind: 250155[µs]
Time needed for computing ind: 17064825[µs]
Time needed for minimizing ind: 932589[µs]
Time needed for computing ind (total): 18248057[µs]
automaton for ind has 37 states.
minimized automaton for ind has 37 states.
...done.
computing complement of preach...
Time needed for constructing identity on ind: 7706[µs]
Time needed for computing product v_id of abstraction framework with identity on ind: 286570[µs]
Time needed for computing product of v_id with complement of abstraction framework: 1653484[µs]
Time needed for computing complement of preach: 20170560[µs]
automaton for complement of preach has 4148 states.
...of which, 68 states are at level 0.
Time needed for trimming complement of preach: 16384[µs]
...done.
trying to prove abstract safety...
Time needed for constructing transducer for unsafe property: 38[µs]
Time needed for constructing transducer for (initial, unsafe) pairs: 356[µs]
Time needed for constructing transducer for complement of (initial, unsafe) pairs: 609[µs]
Time needed for building union of complements of preach and (initial, unsafe)-transducer: 12205[µs]
Time needed for checking universality using antichains-inclusion algorithm: 49800[µs]
Time needed for checking abstract safety: 65407[µs]
...done.
Result: [1]
This means that the following properties could be separated from the initial configurations:
	[dirtydirty]
While the following properties could not be separated from the initial configurations:
	[]

real	0m38,566s
user	0m38,316s
sys	0m0,192s
********************
/home/jakob/Documents/abstracton/benchmarks/dodo/dragon.json
s
dirtydirty
Running as unit: run-r99f1701c632d4cd999a90f586466d30a.scope; invocation ID: 0177118f85dc4403ae111d823ebde877
Time needed for parsing json file: 7079[µs]
using Siphon interpretation
Time needed for constructing Siphon interpretation transducer: 3283[µs]
computing ind...
Time needed for constructing complement of ind: 85498[µs]
Time needed for computing ind: 1209201[µs]
Time needed for minimizing ind: 207862[µs]
Time needed for computing ind (total): 1502847[µs]
automaton for ind has 5 states.
minimized automaton for ind has 5 states.
...done.
computing complement of preach...
Time needed for constructing identity on ind: 938[µs]
Time needed for computing product v_id of abstraction framework with identity on ind: 8876[µs]
Time needed for computing product of v_id with complement of abstraction framework: 2505[µs]
Time needed for computing complement of preach: 1496667[µs]
automaton for complement of preach has 13 states.
...of which, 2 states are at level 0.
Time needed for trimming complement of preach: 63[µs]
...done.
trying to prove abstract safety...
Time needed for constructing transducer for unsafe property: 34[µs]
Time needed for constructing transducer for (initial, unsafe) pairs: 238[µs]
Time needed for constructing transducer for complement of (initial, unsafe) pairs: 508[µs]
Time needed for building union of complements of preach and (initial, unsafe)-transducer: 132[µs]
Time needed for checking universality using antichains-inclusion algorithm: 766[µs]
Time needed for checking abstract safety: 1787[µs]
...done.
Result: [0]
This means that the following properties could be separated from the initial configurations:
	[]
While the following properties could not be separated from the initial configurations:
	[dirtydirty]

real	0m3,040s
user	0m3,006s
sys	0m0,015s
********************
/home/jakob/Documents/abstracton/benchmarks/dodo/dragon.json
f
dirtydirty
Running as unit: run-recdb2515633a4acf895a6c6a086b40be.scope; invocation ID: 92b6b5e398bf419e84942458d1131ac1
Time needed for parsing json file: 6799[µs]
using Flow interpretation
Time needed for constructing Flow interpretation transducer: 7587[µs]
computing ind...
Time needed for constructing complement of ind: 271397[µs]
Time needed for computing ind: 151330111[µs]
Time needed for minimizing ind: 6124381[µs]
Time needed for computing ind (total): 157726536[µs]
automaton for ind has 7 states.
minimized automaton for ind has 7 states.
...done.
computing complement of preach...
Time needed for constructing identity on ind: 1676[µs]
Time needed for computing product v_id of abstraction framework with identity on ind: 24002[µs]
Time needed for computing product of v_id with complement of abstraction framework: 4312[µs]
Time needed for computing complement of preach: 158167156[µs]
automaton for complement of preach has 13 states.
...of which, 2 states are at level 0.
Time needed for trimming complement of preach: 75[µs]
...done.
trying to prove abstract safety...
Time needed for constructing transducer for unsafe property: 32[µs]
Time needed for constructing transducer for (initial, unsafe) pairs: 246[µs]
Time needed for constructing transducer for complement of (initial, unsafe) pairs: 585[µs]
Time needed for building union of complements of preach and (initial, unsafe)-transducer: 144[µs]
Time needed for checking universality using antichains-inclusion algorithm: 789[µs]
Time needed for checking abstract safety: 1920[µs]
...done.
Result: [0]
This means that the following properties could be separated from the initial configurations:
	[]
While the following properties could not be separated from the initial configurations:
	[dirtydirty]

real	5m15,959s
user	5m15,346s
sys	0m0,271s
********************
41 of 61
/home/jakob/Documents/abstracton/benchmarks/dodo/dragon.json
t
exclusiveexclusive
Running as unit: run-r437c50b828f64fc492be4d23538ff0d6.scope; invocation ID: fda2d7ded72249099e9432de57f250f4
Time needed for parsing json file: 7250[µs]
using Trap interpretation
Time needed for constructing Trap interpretation transducer: 9154[µs]
computing ind...
Time needed for constructing complement of ind: 251468[µs]
Time needed for computing ind: 17151938[µs]
Time needed for minimizing ind: 891239[µs]
Time needed for computing ind (total): 18295139[µs]
automaton for ind has 37 states.
minimized automaton for ind has 37 states.
...done.
computing complement of preach...
Time needed for constructing identity on ind: 7274[µs]
Time needed for computing product v_id of abstraction framework with identity on ind: 291938[µs]
Time needed for computing product of v_id with complement of abstraction framework: 1663440[µs]
Time needed for computing complement of preach: 20720436[µs]
automaton for complement of preach has 4148 states.
...of which, 68 states are at level 0.
Time needed for trimming complement of preach: 16152[µs]
...done.
trying to prove abstract safety...
Time needed for constructing transducer for unsafe property: 37[µs]
Time needed for constructing transducer for (initial, unsafe) pairs: 324[µs]
Time needed for constructing transducer for complement of (initial, unsafe) pairs: 628[µs]
Time needed for building union of complements of preach and (initial, unsafe)-transducer: 12212[µs]
Time needed for checking universality using antichains-inclusion algorithm: 47057[µs]
Time needed for checking abstract safety: 62533[µs]
...done.
Result: [1]
This means that the following properties could be separated from the initial configurations:
	[exclusiveexclusive]
While the following properties could not be separated from the initial configurations:
	[]

real	0m39,158s
user	0m38,938s
sys	0m0,165s
********************
/home/jakob/Documents/abstracton/benchmarks/dodo/dragon.json
s
exclusiveexclusive
Running as unit: run-r92cbd876d7b04a76b43f6c84b2733826.scope; invocation ID: 59a68d2c2e484b979101812ad99775a4
Time needed for parsing json file: 7290[µs]
using Siphon interpretation
Time needed for constructing Siphon interpretation transducer: 3377[µs]
computing ind...
Time needed for constructing complement of ind: 87121[µs]
Time needed for computing ind: 1239674[µs]
Time needed for minimizing ind: 202647[µs]
Time needed for computing ind (total): 1529781[µs]
automaton for ind has 5 states.
minimized automaton for ind has 5 states.
...done.
computing complement of preach...
Time needed for constructing identity on ind: 994[µs]
Time needed for computing product v_id of abstraction framework with identity on ind: 8943[µs]
Time needed for computing product of v_id with complement of abstraction framework: 2520[µs]
Time needed for computing complement of preach: 1512856[µs]
automaton for complement of preach has 13 states.
...of which, 2 states are at level 0.
Time needed for trimming complement of preach: 65[µs]
...done.
trying to prove abstract safety...
Time needed for constructing transducer for unsafe property: 31[µs]
Time needed for constructing transducer for (initial, unsafe) pairs: 238[µs]
Time needed for constructing transducer for complement of (initial, unsafe) pairs: 492[µs]
Time needed for building union of complements of preach and (initial, unsafe)-transducer: 141[µs]
Time needed for checking universality using antichains-inclusion algorithm: 682[µs]
Time needed for checking abstract safety: 1708[µs]
...done.
Result: [0]
This means that the following properties could be separated from the initial configurations:
	[]
While the following properties could not be separated from the initial configurations:
	[exclusiveexclusive]

real	0m3,081s
user	0m3,054s
sys	0m0,011s
********************
/home/jakob/Documents/abstracton/benchmarks/dodo/dragon.json
f
exclusiveexclusive
Running as unit: run-r18c467c382584114bd429332a33170bf.scope; invocation ID: 9451bdf286bf4594996103ff6bc3c957
Time needed for parsing json file: 6798[µs]
using Flow interpretation
Time needed for constructing Flow interpretation transducer: 7671[µs]
computing ind...
Time needed for constructing complement of ind: 274460[µs]
Time needed for computing ind: 151587085[µs]
Time needed for minimizing ind: 6175075[µs]
Time needed for computing ind (total): 158037168[µs]
automaton for ind has 7 states.
minimized automaton for ind has 7 states.
...done.
computing complement of preach...
Time needed for constructing identity on ind: 1371[µs]
Time needed for computing product v_id of abstraction framework with identity on ind: 25235[µs]
Time needed for computing product of v_id with complement of abstraction framework: 4217[µs]
Time needed for computing complement of preach: 158562654[µs]
automaton for complement of preach has 13 states.
...of which, 2 states are at level 0.
Time needed for trimming complement of preach: 82[µs]
...done.
trying to prove abstract safety...
Time needed for constructing transducer for unsafe property: 34[µs]
Time needed for constructing transducer for (initial, unsafe) pairs: 335[µs]
Time needed for constructing transducer for complement of (initial, unsafe) pairs: 546[µs]
Time needed for building union of complements of preach and (initial, unsafe)-transducer: 144[µs]
Time needed for checking universality using antichains-inclusion algorithm: 709[µs]
Time needed for checking abstract safety: 1903[µs]
...done.
Result: [0]
This means that the following properties could be separated from the initial configurations:
	[]
While the following properties could not be separated from the initial configurations:
	[exclusiveexclusive]

real	5m16,660s
user	5m16,060s
sys	0m0,273s
********************
42 of 61
/home/jakob/Documents/abstracton/benchmarks/dodo/dragon.json
t
dirtysharedexclusive
Running as unit: run-r38b51bbf4aff46d086ba21b1f53eefa3.scope; invocation ID: 72ee223621b14003a510a83bf2da9cdd
Time needed for parsing json file: 7064[µs]
using Trap interpretation
Time needed for constructing Trap interpretation transducer: 8739[µs]
computing ind...
Time needed for constructing complement of ind: 252582[µs]
Time needed for computing ind: 17151622[µs]
Time needed for minimizing ind: 920843[µs]
Time needed for computing ind (total): 18325564[µs]
automaton for ind has 37 states.
minimized automaton for ind has 37 states.
...done.
computing complement of preach...
Time needed for constructing identity on ind: 7405[µs]
Time needed for computing product v_id of abstraction framework with identity on ind: 291875[µs]
Time needed for computing product of v_id with complement of abstraction framework: 1721416[µs]
Time needed for computing complement of preach: 20379657[µs]
automaton for complement of preach has 4148 states.
...of which, 68 states are at level 0.
Time needed for trimming complement of preach: 16161[µs]
...done.
trying to prove abstract safety...
Time needed for constructing transducer for unsafe property: 73[µs]
Time needed for constructing transducer for (initial, unsafe) pairs: 379[µs]
Time needed for constructing transducer for complement of (initial, unsafe) pairs: 825[µs]
Time needed for building union of complements of preach and (initial, unsafe)-transducer: 12452[µs]
Time needed for checking universality using antichains-inclusion algorithm: 49284[µs]
Time needed for checking abstract safety: 65353[µs]
...done.
Result: [1]
This means that the following properties could be separated from the initial configurations:
	[dirtysharedexclusive]
While the following properties could not be separated from the initial configurations:
	[]

real	0m38,854s
user	0m38,606s
sys	0m0,188s
********************
/home/jakob/Documents/abstracton/benchmarks/dodo/dragon.json
s
dirtysharedexclusive
Running as unit: run-r3102ab4199c9403788f1e0d91aefabff.scope; invocation ID: 4adcdc47b7db495f9ad2bcd5248bd1a1
Time needed for parsing json file: 7436[µs]
using Siphon interpretation
Time needed for constructing Siphon interpretation transducer: 3418[µs]
computing ind...
Time needed for constructing complement of ind: 95534[µs]
Time needed for computing ind: 1259798[µs]
Time needed for minimizing ind: 208410[µs]
Time needed for computing ind (total): 1564064[µs]
automaton for ind has 5 states.
minimized automaton for ind has 5 states.
...done.
computing complement of preach...
Time needed for constructing identity on ind: 969[µs]
Time needed for computing product v_id of abstraction framework with identity on ind: 9881[µs]
Time needed for computing product of v_id with complement of abstraction framework: 2571[µs]
Time needed for computing complement of preach: 1534201[µs]
automaton for complement of preach has 13 states.
...of which, 2 states are at level 0.
Time needed for trimming complement of preach: 63[µs]
...done.
trying to prove abstract safety...
Time needed for constructing transducer for unsafe property: 44[µs]
Time needed for constructing transducer for (initial, unsafe) pairs: 309[µs]
Time needed for constructing transducer for complement of (initial, unsafe) pairs: 678[µs]
Time needed for building union of complements of preach and (initial, unsafe)-transducer: 165[µs]
Time needed for checking universality using antichains-inclusion algorithm: 785[µs]
Time needed for checking abstract safety: 2115[µs]
...done.
Result: [0]
This means that the following properties could be separated from the initial configurations:
	[]
While the following properties could not be separated from the initial configurations:
	[dirtysharedexclusive]

real	0m3,136s
user	0m3,105s
sys	0m0,017s
********************
/home/jakob/Documents/abstracton/benchmarks/dodo/dragon.json
f
dirtysharedexclusive
Running as unit: run-r32f21c5287044a0793658618815bfbcd.scope; invocation ID: c8ab423283c842339c631cce3c344fbe
Time needed for parsing json file: 7335[µs]
using Flow interpretation
Time needed for constructing Flow interpretation transducer: 7616[µs]
computing ind...
Time needed for constructing complement of ind: 276569[µs]
Time needed for computing ind: 153050671[µs]
Time needed for minimizing ind: 6204802[µs]
Time needed for computing ind (total): 159532666[µs]
automaton for ind has 7 states.
minimized automaton for ind has 7 states.
...done.
computing complement of preach...
Time needed for constructing identity on ind: 1359[µs]
Time needed for computing product v_id of abstraction framework with identity on ind: 23707[µs]
Time needed for computing product of v_id with complement of abstraction framework: 4163[µs]
Time needed for computing complement of preach: 159486788[µs]
automaton for complement of preach has 13 states.
...of which, 2 states are at level 0.
Time needed for trimming complement of preach: 81[µs]
...done.
trying to prove abstract safety...
Time needed for constructing transducer for unsafe property: 41[µs]
Time needed for constructing transducer for (initial, unsafe) pairs: 313[µs]
Time needed for constructing transducer for complement of (initial, unsafe) pairs: 641[µs]
Time needed for building union of complements of preach and (initial, unsafe)-transducer: 153[µs]
Time needed for checking universality using antichains-inclusion algorithm: 876[µs]
Time needed for checking abstract safety: 2169[µs]
...done.
Result: [0]
This means that the following properties could be separated from the initial configurations:
	[]
While the following properties could not be separated from the initial configurations:
	[dirtysharedexclusive]

real	5m19,090s
user	5m18,466s
sys	0m0,282s
********************
43 of 61
/home/jakob/Documents/abstracton/benchmarks/dodo/dragon.json
t
exclusiveshared
Running as unit: run-rc2224fb08016431c9288c072077407c3.scope; invocation ID: c417f26652d04a6ea74056901ec05b3b
Time needed for parsing json file: 9545[µs]
using Trap interpretation
Time needed for constructing Trap interpretation transducer: 10956[µs]
computing ind...
Time needed for constructing complement of ind: 261703[µs]
Time needed for computing ind: 17071801[µs]
Time needed for minimizing ind: 921292[µs]
Time needed for computing ind (total): 18255253[µs]
automaton for ind has 37 states.
minimized automaton for ind has 37 states.
...done.
computing complement of preach...
Time needed for constructing identity on ind: 6973[µs]
Time needed for computing product v_id of abstraction framework with identity on ind: 285696[µs]
Time needed for computing product of v_id with complement of abstraction framework: 1660742[µs]
Time needed for computing complement of preach: 20292769[µs]
automaton for complement of preach has 4148 states.
...of which, 68 states are at level 0.
Time needed for trimming complement of preach: 15888[µs]
...done.
trying to prove abstract safety...
Time needed for constructing transducer for unsafe property: 52[µs]
Time needed for constructing transducer for (initial, unsafe) pairs: 378[µs]
Time needed for constructing transducer for complement of (initial, unsafe) pairs: 822[µs]
Time needed for building union of complements of preach and (initial, unsafe)-transducer: 12356[µs]
Time needed for checking universality using antichains-inclusion algorithm: 48139[µs]
Time needed for checking abstract safety: 63982[µs]
...done.
Result: [1]
This means that the following properties could be separated from the initial configurations:
	[exclusiveshared]
While the following properties could not be separated from the initial configurations:
	[]

real	0m38,699s
user	0m38,479s
sys	0m0,168s
********************
/home/jakob/Documents/abstracton/benchmarks/dodo/dragon.json
s
exclusiveshared
Running as unit: run-r5e7b456f336c493a935dbe84ec5e8f95.scope; invocation ID: e20a0cec27f8465cb34a1a74d0973025
Time needed for parsing json file: 7204[µs]
using Siphon interpretation
Time needed for constructing Siphon interpretation transducer: 3325[µs]
computing ind...
Time needed for constructing complement of ind: 93679[µs]
Time needed for computing ind: 1243023[µs]
Time needed for minimizing ind: 210702[µs]
Time needed for computing ind (total): 1547747[µs]
automaton for ind has 5 states.
minimized automaton for ind has 5 states.
...done.
computing complement of preach...
Time needed for constructing identity on ind: 1003[µs]
Time needed for computing product v_id of abstraction framework with identity on ind: 9828[µs]
Time needed for computing product of v_id with complement of abstraction framework: 2486[µs]
Time needed for computing complement of preach: 1559610[µs]
automaton for complement of preach has 13 states.
...of which, 2 states are at level 0.
Time needed for trimming complement of preach: 60[µs]
...done.
trying to prove abstract safety...
Time needed for constructing transducer for unsafe property: 43[µs]
Time needed for constructing transducer for (initial, unsafe) pairs: 334[µs]
Time needed for constructing transducer for complement of (initial, unsafe) pairs: 638[µs]
Time needed for building union of complements of preach and (initial, unsafe)-transducer: 154[µs]
Time needed for checking universality using antichains-inclusion algorithm: 708[µs]
Time needed for checking abstract safety: 2016[µs]
...done.
Result: [0]
This means that the following properties could be separated from the initial configurations:
	[]
While the following properties could not be separated from the initial configurations:
	[exclusiveshared]

real	0m3,143s
user	0m3,113s
sys	0m0,015s
********************
/home/jakob/Documents/abstracton/benchmarks/dodo/dragon.json
f
exclusiveshared
Running as unit: run-r4695c08dbd1e4f1f9e680a45a85b5f6a.scope; invocation ID: 3279b2ca25b74e33a05c8fcdda5cf7da
Time needed for parsing json file: 6899[µs]
using Flow interpretation
Time needed for constructing Flow interpretation transducer: 7888[µs]
computing ind...
Time needed for constructing complement of ind: 269417[µs]
Time needed for computing ind: 152008765[µs]
Time needed for minimizing ind: 6117889[µs]
Time needed for computing ind (total): 158396617[µs]
automaton for ind has 7 states.
minimized automaton for ind has 7 states.
...done.
computing complement of preach...
Time needed for constructing identity on ind: 1378[µs]
Time needed for computing product v_id of abstraction framework with identity on ind: 24272[µs]
Time needed for computing product of v_id with complement of abstraction framework: 4410[µs]
Time needed for computing complement of preach: 158826992[µs]
automaton for complement of preach has 13 states.
...of which, 2 states are at level 0.
Time needed for trimming complement of preach: 79[µs]
...done.
trying to prove abstract safety...
Time needed for constructing transducer for unsafe property: 52[µs]
Time needed for constructing transducer for (initial, unsafe) pairs: 320[µs]
Time needed for constructing transducer for complement of (initial, unsafe) pairs: 698[µs]
Time needed for building union of complements of preach and (initial, unsafe)-transducer: 165[µs]
Time needed for checking universality using antichains-inclusion algorithm: 757[µs]
Time needed for checking abstract safety: 2129[µs]
...done.
Result: [0]
This means that the following properties could be separated from the initial configurations:
	[]
While the following properties could not be separated from the initial configurations:
	[exclusiveshared]

real	5m17,296s
user	5m16,689s
sys	0m0,277s
********************
44 of 61
/home/jakob/Documents/abstracton/benchmarks/dodo/dragon.json
t
exclusivedirty
Running as unit: run-rf5945a791d3147a69b2199e6800cc41b.scope; invocation ID: 098811f858b6446dabcd88eed4d2147b
Time needed for parsing json file: 7315[µs]
using Trap interpretation
Time needed for constructing Trap interpretation transducer: 9169[µs]
computing ind...
Time needed for constructing complement of ind: 265884[µs]
Time needed for computing ind: 17066847[µs]
Time needed for minimizing ind: 917576[µs]
Time needed for computing ind (total): 18250859[µs]
automaton for ind has 37 states.
minimized automaton for ind has 37 states.
...done.
computing complement of preach...
Time needed for constructing identity on ind: 7324[µs]
Time needed for computing product v_id of abstraction framework with identity on ind: 289104[µs]
Time needed for computing product of v_id with complement of abstraction framework: 1680143[µs]
Time needed for computing complement of preach: 20506622[µs]
automaton for complement of preach has 4148 states.
...of which, 68 states are at level 0.
Time needed for trimming complement of preach: 16563[µs]
...done.
trying to prove abstract safety...
Time needed for constructing transducer for unsafe property: 51[µs]
Time needed for constructing transducer for (initial, unsafe) pairs: 438[µs]
Time needed for constructing transducer for complement of (initial, unsafe) pairs: 1254[µs]
Time needed for building union of complements of preach and (initial, unsafe)-transducer: 14060[µs]
Time needed for checking universality using antichains-inclusion algorithm: 56641[µs]
Time needed for checking abstract safety: 74720[µs]
...done.
Result: [1]
This means that the following properties could be separated from the initial configurations:
	[exclusivedirty]
While the following properties could not be separated from the initial configurations:
	[]

real	0m38,916s
user	0m38,698s
sys	0m0,162s
********************
/home/jakob/Documents/abstracton/benchmarks/dodo/dragon.json
s
exclusivedirty
Running as unit: run-r8e472687cab4423cb605dc5e7b26da69.scope; invocation ID: 492e8cea403246ac86efb08859c1fedc
Time needed for parsing json file: 7067[µs]
using Siphon interpretation
Time needed for constructing Siphon interpretation transducer: 3177[µs]
computing ind...
Time needed for constructing complement of ind: 85163[µs]
Time needed for computing ind: 1244274[µs]
Time needed for minimizing ind: 207366[µs]
Time needed for computing ind (total): 1537134[µs]
automaton for ind has 5 states.
minimized automaton for ind has 5 states.
...done.
computing complement of preach...
Time needed for constructing identity on ind: 917[µs]
Time needed for computing product v_id of abstraction framework with identity on ind: 8936[µs]
Time needed for computing product of v_id with complement of abstraction framework: 2688[µs]
Time needed for computing complement of preach: 1527954[µs]
automaton for complement of preach has 13 states.
...of which, 2 states are at level 0.
Time needed for trimming complement of preach: 67[µs]
...done.
trying to prove abstract safety...
Time needed for constructing transducer for unsafe property: 42[µs]
Time needed for constructing transducer for (initial, unsafe) pairs: 284[µs]
Time needed for constructing transducer for complement of (initial, unsafe) pairs: 691[µs]
Time needed for building union of complements of preach and (initial, unsafe)-transducer: 182[µs]
Time needed for checking universality using antichains-inclusion algorithm: 784[µs]
Time needed for checking abstract safety: 2121[µs]
...done.
Result: [0]
This means that the following properties could be separated from the initial configurations:
	[]
While the following properties could not be separated from the initial configurations:
	[exclusivedirty]

real	0m3,106s
user	0m3,069s
sys	0m0,017s
********************
/home/jakob/Documents/abstracton/benchmarks/dodo/dragon.json
f
exclusivedirty
Running as unit: run-ra3f9906a7f924e6c845badf993f8feb6.scope; invocation ID: c1e9372aca93493286edaf3e21789a85
Time needed for parsing json file: 7217[µs]
using Flow interpretation
Time needed for constructing Flow interpretation transducer: 7946[µs]
computing ind...
Time needed for constructing complement of ind: 270811[µs]
Time needed for computing ind: 151705154[µs]
Time needed for minimizing ind: 6100212[µs]
Time needed for computing ind (total): 158076791[µs]
automaton for ind has 7 states.
minimized automaton for ind has 7 states.
...done.
computing complement of preach...
Time needed for constructing identity on ind: 1357[µs]
Time needed for computing product v_id of abstraction framework with identity on ind: 24315[µs]
Time needed for computing product of v_id with complement of abstraction framework: 4472[µs]
Time needed for computing complement of preach: 158385652[µs]
automaton for complement of preach has 13 states.
...of which, 2 states are at level 0.
Time needed for trimming complement of preach: 78[µs]
...done.
trying to prove abstract safety...
Time needed for constructing transducer for unsafe property: 45[µs]
Time needed for constructing transducer for (initial, unsafe) pairs: 309[µs]
Time needed for constructing transducer for complement of (initial, unsafe) pairs: 703[µs]
Time needed for building union of complements of preach and (initial, unsafe)-transducer: 165[µs]
Time needed for checking universality using antichains-inclusion algorithm: 831[µs]
Time needed for checking abstract safety: 2192[µs]
...done.
Result: [0]
This means that the following properties could be separated from the initial configurations:
	[]
While the following properties could not be separated from the initial configurations:
	[exclusivedirty]

real	5m16,526s
user	5m15,900s
sys	0m0,267s
********************
45 of 61
/home/jakob/Documents/abstracton/benchmarks/dodo/dragon.json
t
shareddirty
Running as unit: run-rb3ec999cc7444207899e59df794dc722.scope; invocation ID: c1667eb50654411ba70b6a9362f7a1ed
Time needed for parsing json file: 7115[µs]
using Trap interpretation
Time needed for constructing Trap interpretation transducer: 8843[µs]
computing ind...
Time needed for constructing complement of ind: 254971[µs]
Time needed for computing ind: 17081130[µs]
Time needed for minimizing ind: 920722[µs]
Time needed for computing ind (total): 18257396[µs]
automaton for ind has 37 states.
minimized automaton for ind has 37 states.
...done.
computing complement of preach...
Time needed for constructing identity on ind: 7397[µs]
Time needed for computing product v_id of abstraction framework with identity on ind: 282129[µs]
Time needed for computing product of v_id with complement of abstraction framework: 1653951[µs]
Time needed for computing complement of preach: 19998173[µs]
automaton for complement of preach has 4148 states.
...of which, 68 states are at level 0.
Time needed for trimming complement of preach: 16306[µs]
...done.
trying to prove abstract safety...
Time needed for constructing transducer for unsafe property: 51[µs]
Time needed for constructing transducer for (initial, unsafe) pairs: 390[µs]
Time needed for constructing transducer for complement of (initial, unsafe) pairs: 859[µs]
Time needed for building union of complements of preach and (initial, unsafe)-transducer: 13110[µs]
Time needed for checking universality using antichains-inclusion algorithm: 53376[µs]
Time needed for checking abstract safety: 70193[µs]
...done.
Result: [1]
This means that the following properties could be separated from the initial configurations:
	[shareddirty]
While the following properties could not be separated from the initial configurations:
	[]

real	0m38,404s
user	0m38,201s
sys	0m0,152s
********************
/home/jakob/Documents/abstracton/benchmarks/dodo/dragon.json
s
shareddirty
Running as unit: run-r680790c49c6e46e5855eed494d08bec4.scope; invocation ID: 76754d9609ed47b0a5546b220c8fefac
Time needed for parsing json file: 7408[µs]
using Siphon interpretation
Time needed for constructing Siphon interpretation transducer: 3372[µs]
computing ind...
Time needed for constructing complement of ind: 89781[µs]
Time needed for computing ind: 1214806[µs]
Time needed for minimizing ind: 195710[µs]
Time needed for computing ind (total): 1500608[µs]
automaton for ind has 5 states.
minimized automaton for ind has 5 states.
...done.
computing complement of preach...
Time needed for constructing identity on ind: 938[µs]
Time needed for computing product v_id of abstraction framework with identity on ind: 9096[µs]
Time needed for computing product of v_id with complement of abstraction framework: 2588[µs]
Time needed for computing complement of preach: 1518669[µs]
automaton for complement of preach has 13 states.
...of which, 2 states are at level 0.
Time needed for trimming complement of preach: 71[µs]
...done.
trying to prove abstract safety...
Time needed for constructing transducer for unsafe property: 42[µs]
Time needed for constructing transducer for (initial, unsafe) pairs: 315[µs]
Time needed for constructing transducer for complement of (initial, unsafe) pairs: 832[µs]
Time needed for building union of complements of preach and (initial, unsafe)-transducer: 226[µs]
Time needed for checking universality using antichains-inclusion algorithm: 834[µs]
Time needed for checking abstract safety: 2445[µs]
...done.
Result: [0]
This means that the following properties could be separated from the initial configurations:
	[]
While the following properties could not be separated from the initial configurations:
	[shareddirty]

real	0m3,056s
user	0m3,031s
sys	0m0,013s
********************
/home/jakob/Documents/abstracton/benchmarks/dodo/dragon.json
f
shareddirty
Running as unit: run-r7c1b95aab6ae4689bd3d490c04c94016.scope; invocation ID: 12761979ad9c465ea9106f244eb9d8b5
Time needed for parsing json file: 6718[µs]
using Flow interpretation
Time needed for constructing Flow interpretation transducer: 8242[µs]
computing ind...
Time needed for constructing complement of ind: 272755[µs]
Time needed for computing ind: 151795291[µs]
Time needed for minimizing ind: 6174883[µs]
Time needed for computing ind (total): 158243470[µs]
automaton for ind has 7 states.
minimized automaton for ind has 7 states.
...done.
computing complement of preach...
Time needed for constructing identity on ind: 1405[µs]
Time needed for computing product v_id of abstraction framework with identity on ind: 25661[µs]
Time needed for computing product of v_id with complement of abstraction framework: 4395[µs]
Time needed for computing complement of preach: 158893390[µs]
automaton for complement of preach has 13 states.
...of which, 2 states are at level 0.
Time needed for trimming complement of preach: 73[µs]
...done.
trying to prove abstract safety...
Time needed for constructing transducer for unsafe property: 42[µs]
Time needed for constructing transducer for (initial, unsafe) pairs: 318[µs]
Time needed for constructing transducer for complement of (initial, unsafe) pairs: 693[µs]
Time needed for building union of complements of preach and (initial, unsafe)-transducer: 204[µs]
Time needed for checking universality using antichains-inclusion algorithm: 839[µs]
Time needed for checking abstract safety: 2236[µs]
...done.
Result: [0]
This means that the following properties could be separated from the initial configurations:
	[]
While the following properties could not be separated from the initial configurations:
	[shareddirty]

real	5m17,201s
user	5m16,596s
sys	0m0,279s
********************
46 of 61
/home/jakob/Documents/abstracton/benchmarks/dodo/dragon.json
t
dirtyshareddirty
Running as unit: run-r3443bea6e25c47f0b2e52205b96593c5.scope; invocation ID: f2e1547162df4b9b8b2f4abab3414eac
Time needed for parsing json file: 7457[µs]
using Trap interpretation
Time needed for constructing Trap interpretation transducer: 9767[µs]
computing ind...
Time needed for constructing complement of ind: 254058[µs]
Time needed for computing ind: 17147829[µs]
Time needed for minimizing ind: 894570[µs]
Time needed for computing ind (total): 18296911[µs]
automaton for ind has 37 states.
minimized automaton for ind has 37 states.
...done.
computing complement of preach...
Time needed for constructing identity on ind: 7029[µs]
Time needed for computing product v_id of abstraction framework with identity on ind: 283349[µs]
Time needed for computing product of v_id with complement of abstraction framework: 1658623[µs]
Time needed for computing complement of preach: 20659232[µs]
automaton for complement of preach has 4148 states.
...of which, 68 states are at level 0.
Time needed for trimming complement of preach: 15998[µs]
...done.
trying to prove abstract safety...
Time needed for constructing transducer for unsafe property: 51[µs]
Time needed for constructing transducer for (initial, unsafe) pairs: 419[µs]
Time needed for constructing transducer for complement of (initial, unsafe) pairs: 805[µs]
Time needed for building union of complements of preach and (initial, unsafe)-transducer: 12848[µs]
Time needed for checking universality using antichains-inclusion algorithm: 42004[µs]
Time needed for checking abstract safety: 58354[µs]
...done.
Result: [0]
This means that the following properties could be separated from the initial configurations:
	[]
While the following properties could not be separated from the initial configurations:
	[dirtyshareddirty]

real	0m39,095s
user	0m38,857s
sys	0m0,184s
********************
/home/jakob/Documents/abstracton/benchmarks/dodo/dragon.json
s
dirtyshareddirty
Running as unit: run-rbe41ebb6986744718f65b802428c776e.scope; invocation ID: 241dce3639eb4f27a517225861c97994
Time needed for parsing json file: 7185[µs]
using Siphon interpretation
Time needed for constructing Siphon interpretation transducer: 3370[µs]
computing ind...
Time needed for constructing complement of ind: 86724[µs]
Time needed for computing ind: 1224552[µs]
Time needed for minimizing ind: 214013[µs]
Time needed for computing ind (total): 1525608[µs]
automaton for ind has 5 states.
minimized automaton for ind has 5 states.
...done.
computing complement of preach...
Time needed for constructing identity on ind: 1231[µs]
Time needed for computing product v_id of abstraction framework with identity on ind: 10514[µs]
Time needed for computing product of v_id with complement of abstraction framework: 2347[µs]
Time needed for computing complement of preach: 1542148[µs]
automaton for complement of preach has 13 states.
...of which, 2 states are at level 0.
Time needed for trimming complement of preach: 60[µs]
...done.
trying to prove abstract safety...
Time needed for constructing transducer for unsafe property: 42[µs]
Time needed for constructing transducer for (initial, unsafe) pairs: 283[µs]
Time needed for constructing transducer for complement of (initial, unsafe) pairs: 641[µs]
Time needed for building union of complements of preach and (initial, unsafe)-transducer: 155[µs]
Time needed for checking universality using antichains-inclusion algorithm: 667[µs]
Time needed for checking abstract safety: 1927[µs]
...done.
Result: [0]
This means that the following properties could be separated from the initial configurations:
	[]
While the following properties could not be separated from the initial configurations:
	[dirtyshareddirty]

real	0m3,109s
user	0m3,078s
sys	0m0,014s
********************
/home/jakob/Documents/abstracton/benchmarks/dodo/dragon.json
f
dirtyshareddirty
Running as unit: run-rfaf21d3be7454b7c8024705b3d751f6f.scope; invocation ID: 0d65bc959185478ca28df878a1662c36
Time needed for parsing json file: 7049[µs]
using Flow interpretation
Time needed for constructing Flow interpretation transducer: 7750[µs]
computing ind...
Time needed for constructing complement of ind: 269843[µs]
Time needed for computing ind: 152647403[µs]
Time needed for minimizing ind: 6155298[µs]
Time needed for computing ind (total): 159073113[µs]
automaton for ind has 7 states.
minimized automaton for ind has 7 states.
...done.
computing complement of preach...
Time needed for constructing identity on ind: 1496[µs]
Time needed for computing product v_id of abstraction framework with identity on ind: 25576[µs]
Time needed for computing product of v_id with complement of abstraction framework: 4144[µs]
Time needed for computing complement of preach: 158626883[µs]
automaton for complement of preach has 13 states.
...of which, 2 states are at level 0.
Time needed for trimming complement of preach: 85[µs]
...done.
trying to prove abstract safety...
Time needed for constructing transducer for unsafe property: 42[µs]
Time needed for constructing transducer for (initial, unsafe) pairs: 309[µs]
Time needed for constructing transducer for complement of (initial, unsafe) pairs: 666[µs]
Time needed for building union of complements of preach and (initial, unsafe)-transducer: 177[µs]
Time needed for checking universality using antichains-inclusion algorithm: 730[µs]
Time needed for checking abstract safety: 2095[µs]
...done.
Result: [0]
This means that the following properties could be separated from the initial configurations:
	[]
While the following properties could not be separated from the initial configurations:
	[dirtyshareddirty]

real	5m17,762s
user	5m17,209s
sys	0m0,248s
********************
47 of 61
/home/jakob/Documents/abstracton/benchmarks/dodo/dragon.json
t
deadlock
Running as unit: run-rcc31ea13907b42e6894234ea12b44851.scope; invocation ID: d87036dbc7ac4568b55252117210cd2a
Time needed for parsing json file: 7325[µs]
using Trap interpretation
Time needed for constructing Trap interpretation transducer: 9336[µs]
computing ind...
Time needed for constructing complement of ind: 261542[µs]
Time needed for computing ind: 17174945[µs]
Time needed for minimizing ind: 899889[µs]
Time needed for computing ind (total): 18336918[µs]
automaton for ind has 37 states.
minimized automaton for ind has 37 states.
...done.
computing complement of preach...
Time needed for constructing identity on ind: 7193[µs]
Time needed for computing product v_id of abstraction framework with identity on ind: 274937[µs]
Time needed for computing product of v_id with complement of abstraction framework: 1709711[µs]
Time needed for computing complement of preach: 20322121[µs]
automaton for complement of preach has 4148 states.
...of which, 68 states are at level 0.
Time needed for trimming complement of preach: 16138[µs]
...done.
trying to prove abstract safety...
Time needed for constructing transducer for unsafe property: 180[µs]
Time needed for constructing transducer for (initial, unsafe) pairs: 583[µs]
Time needed for constructing transducer for complement of (initial, unsafe) pairs: 95[µs]
Time needed for building union of complements of preach and (initial, unsafe)-transducer: 12512[µs]
Time needed for checking universality using antichains-inclusion algorithm: 49256[µs]
Time needed for checking abstract safety: 64997[µs]
...done.
Result: [1]
This means that the following properties could be separated from the initial configurations:
	[deadlock]
While the following properties could not be separated from the initial configurations:
	[]

real	0m38,806s
user	0m38,559s
sys	0m0,190s
********************
/home/jakob/Documents/abstracton/benchmarks/dodo/dragon.json
s
deadlock
Running as unit: run-r4f298266543c461f8bd5a9400ef01918.scope; invocation ID: f066c37c7c734df7bf6ebdb625cb817a
Time needed for parsing json file: 7311[µs]
using Siphon interpretation
Time needed for constructing Siphon interpretation transducer: 3429[µs]
computing ind...
Time needed for constructing complement of ind: 87907[µs]
Time needed for computing ind: 1248494[µs]
Time needed for minimizing ind: 210020[µs]
Time needed for computing ind (total): 1546787[µs]
automaton for ind has 5 states.
minimized automaton for ind has 5 states.
...done.
computing complement of preach...
Time needed for constructing identity on ind: 920[µs]
Time needed for computing product v_id of abstraction framework with identity on ind: 8690[µs]
Time needed for computing product of v_id with complement of abstraction framework: 2783[µs]
Time needed for computing complement of preach: 1520153[µs]
automaton for complement of preach has 13 states.
...of which, 2 states are at level 0.
Time needed for trimming complement of preach: 64[µs]
...done.
trying to prove abstract safety...
Time needed for constructing transducer for unsafe property: 170[µs]
Time needed for constructing transducer for (initial, unsafe) pairs: 427[µs]
Time needed for constructing transducer for complement of (initial, unsafe) pairs: 81[µs]
Time needed for building union of complements of preach and (initial, unsafe)-transducer: 77[µs]
Time needed for checking universality using antichains-inclusion algorithm: 469[µs]
Time needed for checking abstract safety: 1350[µs]
...done.
Result: [1]
This means that the following properties could be separated from the initial configurations:
	[deadlock]
While the following properties could not be separated from the initial configurations:
	[]

real	0m3,105s
user	0m3,073s
sys	0m0,016s
********************
/home/jakob/Documents/abstracton/benchmarks/dodo/dragon.json
f
deadlock
Running as unit: run-r7f6ee6a7b3fc4b9daab0d0f1b922f129.scope; invocation ID: c4e2251e224b441d890b32921194183d
Time needed for parsing json file: 7085[µs]
using Flow interpretation
Time needed for constructing Flow interpretation transducer: 7459[µs]
computing ind...
Time needed for constructing complement of ind: 287051[µs]
Time needed for computing ind: 152210764[µs]
Time needed for minimizing ind: 6130720[µs]
Time needed for computing ind (total): 158629104[µs]
automaton for ind has 7 states.
minimized automaton for ind has 7 states.
...done.
computing complement of preach...
Time needed for constructing identity on ind: 1323[µs]
Time needed for computing product v_id of abstraction framework with identity on ind: 24600[µs]
Time needed for computing product of v_id with complement of abstraction framework: 4831[µs]
Time needed for computing complement of preach: 159056496[µs]
automaton for complement of preach has 13 states.
...of which, 2 states are at level 0.
Time needed for trimming complement of preach: 113[µs]
...done.
trying to prove abstract safety...
Time needed for constructing transducer for unsafe property: 174[µs]
Time needed for constructing transducer for (initial, unsafe) pairs: 430[µs]
Time needed for constructing transducer for complement of (initial, unsafe) pairs: 95[µs]
Time needed for building union of complements of preach and (initial, unsafe)-transducer: 79[µs]
Time needed for checking universality using antichains-inclusion algorithm: 479[µs]
Time needed for checking abstract safety: 1414[µs]
...done.
Result: [1]
This means that the following properties could be separated from the initial configurations:
	[deadlock]
While the following properties could not be separated from the initial configurations:
	[]

real	5m17,749s
user	5m17,193s
sys	0m0,250s
********************
48 of 61
/home/jakob/Documents/abstracton/benchmarks/dodo/firefly.json
t
dirtydirty
Running as unit: run-r145f31266216414ea1796db2e37d5232.scope; invocation ID: 069a7a3de5b24f099cbe778e885f3547
Time needed for parsing json file: 6326[µs]
using Trap interpretation
Time needed for constructing Trap interpretation transducer: 4733[µs]
computing ind...
Time needed for constructing complement of ind: 67371[µs]
Time needed for computing ind: 1168969[µs]
Time needed for minimizing ind: 83867[µs]
Time needed for computing ind (total): 1320558[µs]
automaton for ind has 6 states.
minimized automaton for ind has 6 states.
...done.
computing complement of preach...
Time needed for constructing identity on ind: 481[µs]
Time needed for computing product v_id of abstraction framework with identity on ind: 12940[µs]
Time needed for computing product of v_id with complement of abstraction framework: 57838[µs]
Time needed for computing complement of preach: 1377501[µs]
automaton for complement of preach has 57 states.
...of which, 5 states are at level 0.
Time needed for trimming complement of preach: 344[µs]
...done.
trying to prove abstract safety...
Time needed for constructing transducer for unsafe property: 45[µs]
Time needed for constructing transducer for (initial, unsafe) pairs: 408[µs]
Time needed for constructing transducer for complement of (initial, unsafe) pairs: 519[µs]
Time needed for building union of complements of preach and (initial, unsafe)-transducer: 227[µs]
Time needed for checking universality using antichains-inclusion algorithm: 990[µs]
Time needed for checking abstract safety: 2339[µs]
...done.
Result: [0]
This means that the following properties could be separated from the initial configurations:
	[]
While the following properties could not be separated from the initial configurations:
	[dirtydirty]

real	0m2,743s
user	0m2,702s
sys	0m0,020s
********************
/home/jakob/Documents/abstracton/benchmarks/dodo/firefly.json
s
dirtydirty
Running as unit: run-ra31641a733af4d2fb66a05f180bd4126.scope; invocation ID: e54ca42c9b4a42338d090e34a78399f6
Time needed for parsing json file: 4567[µs]
using Siphon interpretation
Time needed for constructing Siphon interpretation transducer: 1547[µs]
computing ind...
Time needed for constructing complement of ind: 24459[µs]
Time needed for computing ind: 190593[µs]
Time needed for minimizing ind: 49841[µs]
Time needed for computing ind (total): 265132[µs]
automaton for ind has 5 states.
minimized automaton for ind has 5 states.
...done.
computing complement of preach...
Time needed for constructing identity on ind: 438[µs]
Time needed for computing product v_id of abstraction framework with identity on ind: 4122[µs]
Time needed for computing product of v_id with complement of abstraction framework: 1347[µs]
Time needed for computing complement of preach: 270639[µs]
automaton for complement of preach has 5 states.
...of which, 2 states are at level 0.
Time needed for trimming complement of preach: 25[µs]
...done.
trying to prove abstract safety...
Time needed for constructing transducer for unsafe property: 29[µs]
Time needed for constructing transducer for (initial, unsafe) pairs: 265[µs]
Time needed for constructing transducer for complement of (initial, unsafe) pairs: 477[µs]
Time needed for building union of complements of preach and (initial, unsafe)-transducer: 113[µs]
Time needed for checking universality using antichains-inclusion algorithm: 493[µs]
Time needed for checking abstract safety: 1510[µs]
...done.
Result: [0]
This means that the following properties could be separated from the initial configurations:
	[]
While the following properties could not be separated from the initial configurations:
	[dirtydirty]

real	0m0,569s
user	0m0,544s
sys	0m0,011s
********************
/home/jakob/Documents/abstracton/benchmarks/dodo/firefly.json
f
dirtydirty
Running as unit: run-rf75fe46443d54a5e8e9d14c559bf6a62.scope; invocation ID: 0b3a7687cc64489b8091a5fa80828138
Time needed for parsing json file: 4407[µs]
using Flow interpretation
Time needed for constructing Flow interpretation transducer: 3528[µs]
computing ind...
Time needed for constructing complement of ind: 66210[µs]
Time needed for computing ind: 3927472[µs]
Time needed for minimizing ind: 305272[µs]
Time needed for computing ind (total): 4299305[µs]
automaton for ind has 7 states.
minimized automaton for ind has 7 states.
...done.
computing complement of preach...
Time needed for constructing identity on ind: 634[µs]
Time needed for computing product v_id of abstraction framework with identity on ind: 10042[µs]
Time needed for computing product of v_id with complement of abstraction framework: 2347[µs]
Time needed for computing complement of preach: 4302067[µs]
automaton for complement of preach has 5 states.
...of which, 2 states are at level 0.
Time needed for trimming complement of preach: 51[µs]
...done.
trying to prove abstract safety...
Time needed for constructing transducer for unsafe property: 27[µs]
Time needed for constructing transducer for (initial, unsafe) pairs: 228[µs]
Time needed for constructing transducer for complement of (initial, unsafe) pairs: 506[µs]
Time needed for building union of complements of preach and (initial, unsafe)-transducer: 112[µs]
Time needed for checking universality using antichains-inclusion algorithm: 494[µs]
Time needed for checking abstract safety: 1489[µs]
...done.
Result: [0]
This means that the following properties could be separated from the initial configurations:
	[]
While the following properties could not be separated from the initial configurations:
	[dirtydirty]

real	0m8,635s
user	0m8,592s
sys	0m0,020s
********************
49 of 61
/home/jakob/Documents/abstracton/benchmarks/dodo/firefly.json
t
exclusiveexclusive
Running as unit: run-r19724a47277b4f359ee5d7f28e038440.scope; invocation ID: e689d21c1f6243fbbde94a5dd615ab2b
Time needed for parsing json file: 5380[µs]
using Trap interpretation
Time needed for constructing Trap interpretation transducer: 3847[µs]
computing ind...
Time needed for constructing complement of ind: 67527[µs]
Time needed for computing ind: 1159316[µs]
Time needed for minimizing ind: 86286[µs]
Time needed for computing ind (total): 1313463[µs]
automaton for ind has 6 states.
minimized automaton for ind has 6 states.
...done.
computing complement of preach...
Time needed for constructing identity on ind: 476[µs]
Time needed for computing product v_id of abstraction framework with identity on ind: 15238[µs]
Time needed for computing product of v_id with complement of abstraction framework: 59943[µs]
Time needed for computing complement of preach: 1426978[µs]
automaton for complement of preach has 57 states.
...of which, 5 states are at level 0.
Time needed for trimming complement of preach: 213[µs]
...done.
trying to prove abstract safety...
Time needed for constructing transducer for unsafe property: 31[µs]
Time needed for constructing transducer for (initial, unsafe) pairs: 242[µs]
Time needed for constructing transducer for complement of (initial, unsafe) pairs: 464[µs]
Time needed for building union of complements of preach and (initial, unsafe)-transducer: 218[µs]
Time needed for checking universality using antichains-inclusion algorithm: 994[µs]
Time needed for checking abstract safety: 2091[µs]
...done.
Result: [0]
This means that the following properties could be separated from the initial configurations:
	[]
While the following properties could not be separated from the initial configurations:
	[exclusiveexclusive]

real	0m2,774s
user	0m2,748s
sys	0m0,012s
********************
/home/jakob/Documents/abstracton/benchmarks/dodo/firefly.json
s
exclusiveexclusive
Running as unit: run-r739c96056a4c4d679b229148cd8c35c0.scope; invocation ID: ebb476058c2c47c982c18b869130fa16
Time needed for parsing json file: 6653[µs]
using Siphon interpretation
Time needed for constructing Siphon interpretation transducer: 2352[µs]
computing ind...
Time needed for constructing complement of ind: 25464[µs]
Time needed for computing ind: 188554[µs]
Time needed for minimizing ind: 47567[µs]
Time needed for computing ind (total): 261847[µs]
automaton for ind has 5 states.
minimized automaton for ind has 5 states.
...done.
computing complement of preach...
Time needed for constructing identity on ind: 465[µs]
Time needed for computing product v_id of abstraction framework with identity on ind: 4317[µs]
Time needed for computing product of v_id with complement of abstraction framework: 1386[µs]
Time needed for computing complement of preach: 254484[µs]
automaton for complement of preach has 5 states.
...of which, 2 states are at level 0.
Time needed for trimming complement of preach: 33[µs]
...done.
trying to prove abstract safety...
Time needed for constructing transducer for unsafe property: 32[µs]
Time needed for constructing transducer for (initial, unsafe) pairs: 278[µs]
Time needed for constructing transducer for complement of (initial, unsafe) pairs: 524[µs]
Time needed for building union of complements of preach and (initial, unsafe)-transducer: 121[µs]
Time needed for checking universality using antichains-inclusion algorithm: 506[µs]
Time needed for checking abstract safety: 1595[µs]
...done.
Result: [0]
This means that the following properties could be separated from the initial configurations:
	[]
While the following properties could not be separated from the initial configurations:
	[exclusiveexclusive]

real	0m0,558s
user	0m0,533s
sys	0m0,006s
********************
/home/jakob/Documents/abstracton/benchmarks/dodo/firefly.json
f
exclusiveexclusive
Running as unit: run-rdf4f786e4cd54d6fb4fd916ea5902d69.scope; invocation ID: 0dee9c9f96d14086a3d981131021ce29
Time needed for parsing json file: 4569[µs]
using Flow interpretation
Time needed for constructing Flow interpretation transducer: 3391[µs]
computing ind...
Time needed for constructing complement of ind: 63843[µs]
Time needed for computing ind: 3917697[µs]
Time needed for minimizing ind: 296847[µs]
Time needed for computing ind (total): 4278716[µs]
automaton for ind has 7 states.
minimized automaton for ind has 7 states.
...done.
computing complement of preach...
Time needed for constructing identity on ind: 595[µs]
Time needed for computing product v_id of abstraction framework with identity on ind: 10182[µs]
Time needed for computing product of v_id with complement of abstraction framework: 2497[µs]
Time needed for computing complement of preach: 4280140[µs]
automaton for complement of preach has 5 states.
...of which, 2 states are at level 0.
Time needed for trimming complement of preach: 45[µs]
...done.
trying to prove abstract safety...
Time needed for constructing transducer for unsafe property: 30[µs]
Time needed for constructing transducer for (initial, unsafe) pairs: 234[µs]
Time needed for constructing transducer for complement of (initial, unsafe) pairs: 491[µs]
Time needed for building union of complements of preach and (initial, unsafe)-transducer: 107[µs]
Time needed for checking universality using antichains-inclusion algorithm: 424[µs]
Time needed for checking abstract safety: 1388[µs]
...done.
Result: [0]
This means that the following properties could be separated from the initial configurations:
	[]
While the following properties could not be separated from the initial configurations:
	[exclusiveexclusive]

real	0m8,596s
user	0m8,553s
sys	0m0,021s
********************
50 of 61
/home/jakob/Documents/abstracton/benchmarks/dodo/firefly.json
t
dirtyshared
Running as unit: run-r6ed3704a4caa45e3ab9be4c4855088dd.scope; invocation ID: a62e52c81d5640ac8e3ba04a143ec79c
Time needed for parsing json file: 4158[µs]
using Trap interpretation
Time needed for constructing Trap interpretation transducer: 3973[µs]
computing ind...
Time needed for constructing complement of ind: 61928[µs]
Time needed for computing ind: 1187541[µs]
Time needed for minimizing ind: 83771[µs]
Time needed for computing ind (total): 1333533[µs]
automaton for ind has 6 states.
minimized automaton for ind has 6 states.
...done.
computing complement of preach...
Time needed for constructing identity on ind: 873[µs]
Time needed for computing product v_id of abstraction framework with identity on ind: 14782[µs]
Time needed for computing product of v_id with complement of abstraction framework: 60014[µs]
Time needed for computing complement of preach: 1393619[µs]
automaton for complement of preach has 57 states.
...of which, 5 states are at level 0.
Time needed for trimming complement of preach: 191[µs]
...done.
trying to prove abstract safety...
Time needed for constructing transducer for unsafe property: 37[µs]
Time needed for constructing transducer for (initial, unsafe) pairs: 315[µs]
Time needed for constructing transducer for complement of (initial, unsafe) pairs: 616[µs]
Time needed for building union of complements of preach and (initial, unsafe)-transducer: 314[µs]
Time needed for checking universality using antichains-inclusion algorithm: 1032[µs]
Time needed for checking abstract safety: 2458[µs]
...done.
Result: [0]
This means that the following properties could be separated from the initial configurations:
	[]
While the following properties could not be separated from the initial configurations:
	[dirtyshared]

real	0m2,765s
user	0m2,733s
sys	0m0,015s
********************
/home/jakob/Documents/abstracton/benchmarks/dodo/firefly.json
s
dirtyshared
Running as unit: run-r0756d84b38ac4d649bc3fd44193d6a43.scope; invocation ID: ebea3df8807c48b7ba734366775630e1
Time needed for parsing json file: 4299[µs]
using Siphon interpretation
Time needed for constructing Siphon interpretation transducer: 1440[µs]
computing ind...
Time needed for constructing complement of ind: 21854[µs]
Time needed for computing ind: 193485[µs]
Time needed for minimizing ind: 43226[µs]
Time needed for computing ind (total): 258806[µs]
automaton for ind has 5 states.
minimized automaton for ind has 5 states.
...done.
computing complement of preach...
Time needed for constructing identity on ind: 406[µs]
Time needed for computing product v_id of abstraction framework with identity on ind: 3968[µs]
Time needed for computing product of v_id with complement of abstraction framework: 1293[µs]
Time needed for computing complement of preach: 264918[µs]
automaton for complement of preach has 5 states.
...of which, 2 states are at level 0.
Time needed for trimming complement of preach: 23[µs]
...done.
trying to prove abstract safety...
Time needed for constructing transducer for unsafe property: 42[µs]
Time needed for constructing transducer for (initial, unsafe) pairs: 292[µs]
Time needed for constructing transducer for complement of (initial, unsafe) pairs: 561[µs]
Time needed for building union of complements of preach and (initial, unsafe)-transducer: 121[µs]
Time needed for checking universality using antichains-inclusion algorithm: 506[µs]
Time needed for checking abstract safety: 1626[µs]
...done.
Result: [0]
This means that the following properties could be separated from the initial configurations:
	[]
While the following properties could not be separated from the initial configurations:
	[dirtyshared]

real	0m0,557s
user	0m0,534s
sys	0m0,008s
********************
/home/jakob/Documents/abstracton/benchmarks/dodo/firefly.json
f
dirtyshared
Running as unit: run-ra52ab14d3341404f9de46c8fc71d946a.scope; invocation ID: 1c75840870654b62b38b5646f0c2428f
Time needed for parsing json file: 6204[µs]
using Flow interpretation
Time needed for constructing Flow interpretation transducer: 5175[µs]
computing ind...
Time needed for constructing complement of ind: 69764[µs]
Time needed for computing ind: 4006306[µs]
Time needed for minimizing ind: 284133[µs]
Time needed for computing ind (total): 4360563[µs]
automaton for ind has 7 states.
minimized automaton for ind has 7 states.
...done.
computing complement of preach...
Time needed for constructing identity on ind: 555[µs]
Time needed for computing product v_id of abstraction framework with identity on ind: 9854[µs]
Time needed for computing product of v_id with complement of abstraction framework: 2305[µs]
Time needed for computing complement of preach: 4319908[µs]
automaton for complement of preach has 5 states.
...of which, 2 states are at level 0.
Time needed for trimming complement of preach: 42[µs]
...done.
trying to prove abstract safety...
Time needed for constructing transducer for unsafe property: 39[µs]
Time needed for constructing transducer for (initial, unsafe) pairs: 260[µs]
Time needed for constructing transducer for complement of (initial, unsafe) pairs: 561[µs]
Time needed for building union of complements of preach and (initial, unsafe)-transducer: 121[µs]
Time needed for checking universality using antichains-inclusion algorithm: 504[µs]
Time needed for checking abstract safety: 1587[µs]
...done.
Result: [0]
This means that the following properties could be separated from the initial configurations:
	[]
While the following properties could not be separated from the initial configurations:
	[dirtyshared]

real	0m8,723s
user	0m8,671s
sys	0m0,024s
********************
51 of 61
/home/jakob/Documents/abstracton/benchmarks/dodo/firefly.json
t
dirtyexclusive
Running as unit: run-r01b3c3b0db544000a6da0fc8294121e2.scope; invocation ID: 41dfdb28a1d849f4b3450691ca23ecfa
Time needed for parsing json file: 4429[µs]
using Trap interpretation
Time needed for constructing Trap interpretation transducer: 3982[µs]
computing ind...
Time needed for constructing complement of ind: 63192[µs]
Time needed for computing ind: 1225745[µs]
Time needed for minimizing ind: 87121[µs]
Time needed for computing ind (total): 1376363[µs]
automaton for ind has 6 states.
minimized automaton for ind has 6 states.
...done.
computing complement of preach...
Time needed for constructing identity on ind: 469[µs]
Time needed for computing product v_id of abstraction framework with identity on ind: 13029[µs]
Time needed for computing product of v_id with complement of abstraction framework: 61140[µs]
Time needed for computing complement of preach: 1377486[µs]
automaton for complement of preach has 57 states.
...of which, 5 states are at level 0.
Time needed for trimming complement of preach: 199[µs]
...done.
trying to prove abstract safety...
Time needed for constructing transducer for unsafe property: 37[µs]
Time needed for constructing transducer for (initial, unsafe) pairs: 357[µs]
Time needed for constructing transducer for complement of (initial, unsafe) pairs: 663[µs]
Time needed for building union of complements of preach and (initial, unsafe)-transducer: 287[µs]
Time needed for checking universality using antichains-inclusion algorithm: 1017[µs]
Time needed for checking abstract safety: 2541[µs]
...done.
Result: [0]
This means that the following properties could be separated from the initial configurations:
	[]
While the following properties could not be separated from the initial configurations:
	[dirtyexclusive]

real	0m2,795s
user	0m2,757s
sys	0m0,016s
********************
/home/jakob/Documents/abstracton/benchmarks/dodo/firefly.json
s
dirtyexclusive
Running as unit: run-r07ef6bd8c2834434ad56f9e91e8e489f.scope; invocation ID: 5d8750c25c0749bdb3a4e9d13cbad2df
Time needed for parsing json file: 4419[µs]
using Siphon interpretation
Time needed for constructing Siphon interpretation transducer: 1522[µs]
computing ind...
Time needed for constructing complement of ind: 24206[µs]
Time needed for computing ind: 190369[µs]
Time needed for minimizing ind: 42928[µs]
Time needed for computing ind (total): 257722[µs]
automaton for ind has 5 states.
minimized automaton for ind has 5 states.
...done.
computing complement of preach...
Time needed for constructing identity on ind: 467[µs]
Time needed for computing product v_id of abstraction framework with identity on ind: 4383[µs]
Time needed for computing product of v_id with complement of abstraction framework: 1395[µs]
Time needed for computing complement of preach: 259131[µs]
automaton for complement of preach has 5 states.
...of which, 2 states are at level 0.
Time needed for trimming complement of preach: 25[µs]
...done.
trying to prove abstract safety...
Time needed for constructing transducer for unsafe property: 43[µs]
Time needed for constructing transducer for (initial, unsafe) pairs: 307[µs]
Time needed for constructing transducer for complement of (initial, unsafe) pairs: 608[µs]
Time needed for building union of complements of preach and (initial, unsafe)-transducer: 132[µs]
Time needed for checking universality using antichains-inclusion algorithm: 550[µs]
Time needed for checking abstract safety: 1764[µs]
...done.
Result: [0]
This means that the following properties could be separated from the initial configurations:
	[]
While the following properties could not be separated from the initial configurations:
	[dirtyexclusive]

real	0m0,546s
user	0m0,523s
sys	0m0,012s
********************
/home/jakob/Documents/abstracton/benchmarks/dodo/firefly.json
f
dirtyexclusive
Running as unit: run-r27ab7d931dc643128f9f1af44d46740b.scope; invocation ID: f71ee209b45f4e4d8f74ebfc4c953e74
Time needed for parsing json file: 4398[µs]
using Flow interpretation
Time needed for constructing Flow interpretation transducer: 3306[µs]
computing ind...
Time needed for constructing complement of ind: 64691[µs]
Time needed for computing ind: 3970236[µs]
Time needed for minimizing ind: 297720[µs]
Time needed for computing ind (total): 4333068[µs]
automaton for ind has 7 states.
minimized automaton for ind has 7 states.
...done.
computing complement of preach...
Time needed for constructing identity on ind: 586[µs]
Time needed for computing product v_id of abstraction framework with identity on ind: 10853[µs]
Time needed for computing product of v_id with complement of abstraction framework: 2404[µs]
Time needed for computing complement of preach: 4327120[µs]
automaton for complement of preach has 5 states.
...of which, 2 states are at level 0.
Time needed for trimming complement of preach: 58[µs]
...done.
trying to prove abstract safety...
Time needed for constructing transducer for unsafe property: 40[µs]
Time needed for constructing transducer for (initial, unsafe) pairs: 301[µs]
Time needed for constructing transducer for complement of (initial, unsafe) pairs: 573[µs]
Time needed for building union of complements of preach and (initial, unsafe)-transducer: 146[µs]
Time needed for checking universality using antichains-inclusion algorithm: 523[µs]
Time needed for checking abstract safety: 1729[µs]
...done.
Result: [0]
This means that the following properties could be separated from the initial configurations:
	[]
While the following properties could not be separated from the initial configurations:
	[dirtyexclusive]

real	0m8,699s
user	0m8,656s
sys	0m0,020s
********************
52 of 61
/home/jakob/Documents/abstracton/benchmarks/dodo/firefly.json
t
deadlock
Running as unit: run-ra72200e2dc254afea29c2a39fe5a93b9.scope; invocation ID: 98546b56777d4d5cad5fd87c283a6480
Time needed for parsing json file: 4502[µs]
using Trap interpretation
Time needed for constructing Trap interpretation transducer: 3830[µs]
computing ind...
Time needed for constructing complement of ind: 70929[µs]
Time needed for computing ind: 1187590[µs]
Time needed for minimizing ind: 86795[µs]
Time needed for computing ind (total): 1345603[µs]
automaton for ind has 6 states.
minimized automaton for ind has 6 states.
...done.
computing complement of preach...
Time needed for constructing identity on ind: 473[µs]
Time needed for computing product v_id of abstraction framework with identity on ind: 12826[µs]
Time needed for computing product of v_id with complement of abstraction framework: 58146[µs]
Time needed for computing complement of preach: 1399781[µs]
automaton for complement of preach has 57 states.
...of which, 5 states are at level 0.
Time needed for trimming complement of preach: 200[µs]
...done.
trying to prove abstract safety...
Time needed for constructing transducer for unsafe property: 124[µs]
Time needed for constructing transducer for (initial, unsafe) pairs: 394[µs]
Time needed for constructing transducer for complement of (initial, unsafe) pairs: 85[µs]
Time needed for building union of complements of preach and (initial, unsafe)-transducer: 198[µs]
Time needed for checking universality using antichains-inclusion algorithm: 766[µs]
Time needed for checking abstract safety: 1739[µs]
...done.
Result: [1]
This means that the following properties could be separated from the initial configurations:
	[deadlock]
While the following properties could not be separated from the initial configurations:
	[]

real	0m2,786s
user	0m2,752s
sys	0m0,013s
********************
/home/jakob/Documents/abstracton/benchmarks/dodo/firefly.json
s
deadlock
Running as unit: run-r26419ef841aa456daacc7936960e39f2.scope; invocation ID: 80e4f2f68dd348e2a4281ae5ad3c9218
Time needed for parsing json file: 5151[µs]
using Siphon interpretation
Time needed for constructing Siphon interpretation transducer: 1593[µs]
computing ind...
Time needed for constructing complement of ind: 22987[µs]
Time needed for computing ind: 188613[µs]
Time needed for minimizing ind: 45432[µs]
Time needed for computing ind (total): 257255[µs]
automaton for ind has 5 states.
minimized automaton for ind has 5 states.
...done.
computing complement of preach...
Time needed for constructing identity on ind: 465[µs]
Time needed for computing product v_id of abstraction framework with identity on ind: 4180[µs]
Time needed for computing product of v_id with complement of abstraction framework: 1345[µs]
Time needed for computing complement of preach: 257864[µs]
automaton for complement of preach has 5 states.
...of which, 2 states are at level 0.
Time needed for trimming complement of preach: 30[µs]
...done.
trying to prove abstract safety...
Time needed for constructing transducer for unsafe property: 130[µs]
Time needed for constructing transducer for (initial, unsafe) pairs: 397[µs]
Time needed for constructing transducer for complement of (initial, unsafe) pairs: 75[µs]
Time needed for building union of complements of preach and (initial, unsafe)-transducer: 56[µs]
Time needed for checking universality using antichains-inclusion algorithm: 286[µs]
Time needed for checking abstract safety: 1061[µs]
...done.
Result: [1]
This means that the following properties could be separated from the initial configurations:
	[deadlock]
While the following properties could not be separated from the initial configurations:
	[]

real	0m0,552s
user	0m0,526s
sys	0m0,009s
********************
/home/jakob/Documents/abstracton/benchmarks/dodo/firefly.json
f
deadlock
Running as unit: run-rcd58f437edd940fea99375a051055a72.scope; invocation ID: 7632b8d6a0f647f7ba1212d1d1831ed5
Time needed for parsing json file: 4185[µs]
using Flow interpretation
Time needed for constructing Flow interpretation transducer: 3188[µs]
computing ind...
Time needed for constructing complement of ind: 62173[µs]
Time needed for computing ind: 3938778[µs]
Time needed for minimizing ind: 285255[µs]
Time needed for computing ind (total): 4286590[µs]
automaton for ind has 7 states.
minimized automaton for ind has 7 states.
...done.
computing complement of preach...
Time needed for constructing identity on ind: 619[µs]
Time needed for computing product v_id of abstraction framework with identity on ind: 10161[µs]
Time needed for computing product of v_id with complement of abstraction framework: 2358[µs]
Time needed for computing complement of preach: 4284813[µs]
automaton for complement of preach has 5 states.
...of which, 2 states are at level 0.
Time needed for trimming complement of preach: 44[µs]
...done.
trying to prove abstract safety...
Time needed for constructing transducer for unsafe property: 128[µs]
Time needed for constructing transducer for (initial, unsafe) pairs: 377[µs]
Time needed for constructing transducer for complement of (initial, unsafe) pairs: 74[µs]
Time needed for building union of complements of preach and (initial, unsafe)-transducer: 74[µs]
Time needed for checking universality using antichains-inclusion algorithm: 334[µs]
Time needed for checking abstract safety: 1131[µs]
...done.
Result: [1]
This means that the following properties could be separated from the initial configurations:
	[deadlock]
While the following properties could not be separated from the initial configurations:
	[]

real	0m8,610s
user	0m8,573s
sys	0m0,013s
********************
53 of 61
/home/jakob/Documents/abstracton/benchmarks/dodo/left-dining-philosophers.json
t
deadlock
Running as unit: run-r99909862fbf94631907dc8058da877c3.scope; invocation ID: 6d14bf58861a44bf91d386c2fc475bd5
Time needed for parsing json file: 12444[µs]
using Trap interpretation
Time needed for constructing Trap interpretation transducer: 23711[µs]
computing ind...
Time needed for constructing complement of ind: 230232[µs]
Time needed for computing ind: 1862085[µs]
Time needed for minimizing ind: 413126[µs]
Time needed for computing ind (total): 2505838[µs]
automaton for ind has 41 states.
minimized automaton for ind has 41 states.
...done.
computing complement of preach...
Time needed for constructing identity on ind: 19825[µs]
Time needed for computing product v_id of abstraction framework with identity on ind: 801086[µs]
Time needed for computing product of v_id with complement of abstraction framework: 5201923[µs]
Time needed for computing complement of preach: 8581612[µs]
automaton for complement of preach has 6441 states.
...of which, 76 states are at level 0.
Time needed for trimming complement of preach: 26170[µs]
...done.
trying to prove abstract safety...
Time needed for constructing transducer for unsafe property: 281[µs]
Time needed for constructing transducer for (initial, unsafe) pairs: 1506[µs]
Time needed for constructing transducer for complement of (initial, unsafe) pairs: 2172[µs]
Time needed for building union of complements of preach and (initial, unsafe)-transducer: 22563[µs]
Time needed for checking universality using antichains-inclusion algorithm: 352450[µs]
Time needed for checking abstract safety: 382936[µs]
...done.
Result: [0]
This means that the following properties could be separated from the initial configurations:
	[]
While the following properties could not be separated from the initial configurations:
	[deadlock]

real	0m11,618s
user	0m11,208s
sys	0m0,375s
********************
/home/jakob/Documents/abstracton/benchmarks/dodo/left-dining-philosophers.json
s
deadlock
Running as unit: run-r3feaa88f92694915aafab81450bad3b6.scope; invocation ID: 563b8adab98b4b9fa004427163ab451c
Time needed for parsing json file: 3584[µs]
using Siphon interpretation
Time needed for constructing Siphon interpretation transducer: 7906[µs]
computing ind...
Time needed for constructing complement of ind: 77732[µs]
Time needed for computing ind: 334778[µs]
Time needed for minimizing ind: 158619[µs]
Time needed for computing ind (total): 571407[µs]
automaton for ind has 42 states.
minimized automaton for ind has 42 states.
...done.
computing complement of preach...
Time needed for constructing identity on ind: 19562[µs]
Time needed for computing product v_id of abstraction framework with identity on ind: 251070[µs]
Time needed for computing product of v_id with complement of abstraction framework: 252542[µs]
Time needed for computing complement of preach: 1107598[µs]
automaton for complement of preach has 2916 states.
...of which, 78 states are at level 0.
Time needed for trimming complement of preach: 18546[µs]
...done.
trying to prove abstract safety...
Time needed for constructing transducer for unsafe property: 315[µs]
Time needed for constructing transducer for (initial, unsafe) pairs: 1426[µs]
Time needed for constructing transducer for complement of (initial, unsafe) pairs: 1971[µs]
Time needed for building union of complements of preach and (initial, unsafe)-transducer: 13593[µs]
Time needed for checking universality using antichains-inclusion algorithm: 146089[µs]
Time needed for checking abstract safety: 166033[µs]
...done.
Result: [0]
This means that the following properties could be separated from the initial configurations:
	[]
While the following properties could not be separated from the initial configurations:
	[deadlock]

real	0m1,913s
user	0m1,851s
sys	0m0,044s
********************
/home/jakob/Documents/abstracton/benchmarks/dodo/left-dining-philosophers.json
f
deadlock
Running as unit: run-ra8bdd2dcea0443e9b903e500ba47bf4e.scope; invocation ID: dd34349e49644ebb8cbee2bd25d374db
Time needed for parsing json file: 3422[µs]
using Flow interpretation
Time needed for constructing Flow interpretation transducer: 19138[µs]
computing ind...
Time needed for constructing complement of ind: 225044[µs]
Time needed for computing ind: 7427931[µs]
Time needed for minimizing ind: 1695172[µs]
Time needed for computing ind (total): 9348623[µs]
automaton for ind has 74 states.
minimized automaton for ind has 74 states.
...done.
computing complement of preach...
Time needed for constructing identity on ind: 36894[µs]
Time needed for computing product v_id of abstraction framework with identity on ind: 849645[µs]
Time needed for computing product of v_id with complement of abstraction framework: 572288[µs]
Time needed for computing complement of preach: 10774150[µs]
automaton for complement of preach has 6612 states.
...of which, 194 states are at level 0.
Time needed for trimming complement of preach: 35717[µs]
...done.
trying to prove abstract safety...
Time needed for constructing transducer for unsafe property: 268[µs]
Time needed for constructing transducer for (initial, unsafe) pairs: 1410[µs]
Time needed for constructing transducer for complement of (initial, unsafe) pairs: 1930[µs]
Time needed for building union of complements of preach and (initial, unsafe)-transducer: 30769[µs]
Time needed for checking universality using antichains-inclusion algorithm: 3359207[µs]
Time needed for checking abstract safety: 3399108[µs]
...done.
Result: [0]
This means that the following properties could be separated from the initial configurations:
	[]
While the following properties could not be separated from the initial configurations:
	[deadlock]

real	0m23,626s
user	0m23,464s
sys	0m0,129s
********************
54 of 61
/home/jakob/Documents/abstracton/benchmarks/dodo/lehmann-rabin.json
t
deadlock
Running as unit: run-r5c59f9760fc94d1e88b7ad70114292ad.scope; invocation ID: d21cdab0687642d8ac4a2c90a4a746bd
Time needed for parsing json file: 11717[µs]
using Trap interpretation
Time needed for constructing Trap interpretation transducer: 22486[µs]
computing ind...
Time needed for constructing complement of ind: 199523[µs]
Time needed for computing ind: 852099[µs]
Time needed for minimizing ind: 157972[µs]
Time needed for computing ind (total): 1209936[µs]
automaton for ind has 13 states.
minimized automaton for ind has 13 states.
...done.
computing complement of preach...
Time needed for constructing identity on ind: 6179[µs]
Time needed for computing product v_id of abstraction framework with identity on ind: 238650[µs]
Time needed for computing product of v_id with complement of abstraction framework: 1416596[µs]
Time needed for computing complement of preach: 2859303[µs]
automaton for complement of preach has 1556 states.
...of which, 20 states are at level 0.
Time needed for trimming complement of preach: 7407[µs]
...done.
trying to prove abstract safety...
Time needed for constructing transducer for unsafe property: 282[µs]
Time needed for constructing transducer for (initial, unsafe) pairs: 1539[µs]
Time needed for constructing transducer for complement of (initial, unsafe) pairs: 1854[µs]
Time needed for building union of complements of preach and (initial, unsafe)-transducer: 5839[µs]
Time needed for checking universality using antichains-inclusion algorithm: 50386[µs]
Time needed for checking abstract safety: 61633[µs]
...done.
Result: [1]
This means that the following properties could be separated from the initial configurations:
	[deadlock]
While the following properties could not be separated from the initial configurations:
	[]

real	0m4,215s
user	0m4,054s
sys	0m0,131s
********************
/home/jakob/Documents/abstracton/benchmarks/dodo/lehmann-rabin.json
s
deadlock
Running as unit: run-rad2eb541a9834be8bfad36d18d4cc47c.scope; invocation ID: a5964c1fc06d4df784cdf39142af64e5
Time needed for parsing json file: 3199[µs]
using Siphon interpretation
Time needed for constructing Siphon interpretation transducer: 7583[µs]
computing ind...
Time needed for constructing complement of ind: 59240[µs]
Time needed for computing ind: 211810[µs]
Time needed for minimizing ind: 87190[µs]
Time needed for computing ind (total): 358505[µs]
automaton for ind has 13 states.
minimized automaton for ind has 13 states.
...done.
computing complement of preach...
Time needed for constructing identity on ind: 6055[µs]
Time needed for computing product v_id of abstraction framework with identity on ind: 72083[µs]
Time needed for computing product of v_id with complement of abstraction framework: 66477[µs]
Time needed for computing complement of preach: 503268[µs]
automaton for complement of preach has 784 states.
...of which, 20 states are at level 0.
Time needed for trimming complement of preach: 4127[µs]
...done.
trying to prove abstract safety...
Time needed for constructing transducer for unsafe property: 226[µs]
Time needed for constructing transducer for (initial, unsafe) pairs: 1087[µs]
Time needed for constructing transducer for complement of (initial, unsafe) pairs: 1639[µs]
Time needed for building union of complements of preach and (initial, unsafe)-transducer: 3582[µs]
Time needed for checking universality using antichains-inclusion algorithm: 37610[µs]
Time needed for checking abstract safety: 45015[µs]
...done.
Result: [0]
This means that the following properties could be separated from the initial configurations:
	[]
While the following properties could not be separated from the initial configurations:
	[deadlock]

real	0m0,950s
user	0m0,917s
sys	0m0,019s
********************
/home/jakob/Documents/abstracton/benchmarks/dodo/lehmann-rabin.json
f
deadlock
Running as unit: run-r08a8cad793eb40bb8a3271f5babb1e3d.scope; invocation ID: 2446fcc9609844668d19711b3bcde55a
Time needed for parsing json file: 3264[µs]
using Flow interpretation
Time needed for constructing Flow interpretation transducer: 20453[µs]
computing ind...
Time needed for constructing complement of ind: 174901[µs]
Time needed for computing ind: 3245292[µs]
Time needed for minimizing ind: 608939[µs]
Time needed for computing ind (total): 4029549[µs]
automaton for ind has 27 states.
minimized automaton for ind has 27 states.
...done.
computing complement of preach...
Time needed for constructing identity on ind: 12942[µs]
Time needed for computing product v_id of abstraction framework with identity on ind: 341797[µs]
Time needed for computing product of v_id with complement of abstraction framework: 145461[µs]
Time needed for computing complement of preach: 4614083[µs]
automaton for complement of preach has 1661 states.
...of which, 73 states are at level 0.
Time needed for trimming complement of preach: 7935[µs]
...done.
trying to prove abstract safety...
Time needed for constructing transducer for unsafe property: 246[µs]
Time needed for constructing transducer for (initial, unsafe) pairs: 1175[µs]
Time needed for constructing transducer for complement of (initial, unsafe) pairs: 1589[µs]
Time needed for building union of complements of preach and (initial, unsafe)-transducer: 7781[µs]
Time needed for checking universality using antichains-inclusion algorithm: 75237[µs]
Time needed for checking abstract safety: 88007[µs]
...done.
Result: [0]
This means that the following properties could be separated from the initial configurations:
	[]
While the following properties could not be separated from the initial configurations:
	[deadlock]

real	0m8,796s
user	0m8,706s
sys	0m0,072s
********************
55 of 61
/home/jakob/Documents/abstracton/benchmarks/dodo/synapse.json
t
dirtydirty
Running as unit: run-r8f95908fa09a4faab3c4f6cd007248ff.scope; invocation ID: 7e59bf2dfca14590a1ffb72640819cce
Time needed for parsing json file: 10456[µs]
using Trap interpretation
Time needed for constructing Trap interpretation transducer: 1737[µs]
computing ind...
Time needed for constructing complement of ind: 9019[µs]
Time needed for computing ind: 3691[µs]
Time needed for minimizing ind: 1270[µs]
Time needed for computing ind (total): 14084[µs]
automaton for ind has 5 states.
minimized automaton for ind has 5 states.
...done.
computing complement of preach...
Time needed for constructing identity on ind: 201[µs]
Time needed for computing product v_id of abstraction framework with identity on ind: 5593[µs]
Time needed for computing product of v_id with complement of abstraction framework: 18196[µs]
Time needed for computing complement of preach: 38252[µs]
automaton for complement of preach has 65 states.
...of which, 5 states are at level 0.
Time needed for trimming complement of preach: 217[µs]
...done.
trying to prove abstract safety...
Time needed for constructing transducer for unsafe property: 23[µs]
Time needed for constructing transducer for (initial, unsafe) pairs: 226[µs]
Time needed for constructing transducer for complement of (initial, unsafe) pairs: 436[µs]
Time needed for building union of complements of preach and (initial, unsafe)-transducer: 245[µs]
Time needed for checking universality using antichains-inclusion algorithm: 1195[µs]
Time needed for checking abstract safety: 2254[µs]
...done.
Result: [1]
This means that the following properties could be separated from the initial configurations:
	[dirtydirty]
While the following properties could not be separated from the initial configurations:
	[]

real	0m0,095s
user	0m0,057s
sys	0m0,012s
********************
/home/jakob/Documents/abstracton/benchmarks/dodo/synapse.json
s
dirtydirty
Running as unit: run-r20a84c20f61d4ce8adb9f0761693ef82.scope; invocation ID: b68f38cd33914b84a53f81321d8c5e13
Time needed for parsing json file: 1536[µs]
using Siphon interpretation
Time needed for constructing Siphon interpretation transducer: 718[µs]
computing ind...
Time needed for constructing complement of ind: 3209[µs]
Time needed for computing ind: 930[µs]
Time needed for minimizing ind: 690[µs]
Time needed for computing ind (total): 4908[µs]
automaton for ind has 3 states.
minimized automaton for ind has 3 states.
...done.
computing complement of preach...
Time needed for constructing identity on ind: 128[µs]
Time needed for computing product v_id of abstraction framework with identity on ind: 1324[µs]
Time needed for computing product of v_id with complement of abstraction framework: 474[µs]
Time needed for computing complement of preach: 7814[µs]
automaton for complement of preach has 0 states.
...of which, 0 states are at level 0.
Time needed for trimming complement of preach: 5[µs]
...done.
trying to prove abstract safety...
Time needed for constructing transducer for unsafe property: 24[µs]
Time needed for constructing transducer for (initial, unsafe) pairs: 210[µs]
Time needed for constructing transducer for complement of (initial, unsafe) pairs: 443[µs]
Time needed for building union of complements of preach and (initial, unsafe)-transducer: 88[µs]
Time needed for checking universality using antichains-inclusion algorithm: 336[µs]
Time needed for checking abstract safety: 1193[µs]
...done.
Result: [0]
This means that the following properties could be separated from the initial configurations:
	[]
While the following properties could not be separated from the initial configurations:
	[dirtydirty]

real	0m0,041s
user	0m0,016s
sys	0m0,011s
********************
/home/jakob/Documents/abstracton/benchmarks/dodo/synapse.json
f
dirtydirty
Running as unit: run-rbdf8d40616a14a33bdd74c08dc78d472.scope; invocation ID: d514dba2c412488c877ad5620f801d23
Time needed for parsing json file: 1907[µs]
using Flow interpretation
Time needed for constructing Flow interpretation transducer: 1549[µs]
computing ind...
Time needed for constructing complement of ind: 8510[µs]
Time needed for computing ind: 6854[µs]
Time needed for minimizing ind: 2130[µs]
Time needed for computing ind (total): 17632[µs]
automaton for ind has 5 states.
minimized automaton for ind has 5 states.
...done.
computing complement of preach...
Time needed for constructing identity on ind: 207[µs]
Time needed for computing product v_id of abstraction framework with identity on ind: 3192[µs]
Time needed for computing product of v_id with complement of abstraction framework: 1039[µs]
Time needed for computing complement of preach: 22550[µs]
automaton for complement of preach has 0 states.
...of which, 0 states are at level 0.
Time needed for trimming complement of preach: 6[µs]
...done.
trying to prove abstract safety...
Time needed for constructing transducer for unsafe property: 24[µs]
Time needed for constructing transducer for (initial, unsafe) pairs: 224[µs]
Time needed for constructing transducer for complement of (initial, unsafe) pairs: 414[µs]
Time needed for building union of complements of preach and (initial, unsafe)-transducer: 86[µs]
Time needed for checking universality using antichains-inclusion algorithm: 363[µs]
Time needed for checking abstract safety: 1210[µs]
...done.
Result: [0]
This means that the following properties could be separated from the initial configurations:
	[]
While the following properties could not be separated from the initial configurations:
	[dirtydirty]

real	0m0,074s
user	0m0,049s
sys	0m0,008s
********************
56 of 61
/home/jakob/Documents/abstracton/benchmarks/dodo/synapse.json
t
dirtyvalid
Running as unit: run-rd0443c301cd04ad1a187e453cbe1b939.scope; invocation ID: 38491b481147427c96c5fd0d602c5916
Time needed for parsing json file: 1716[µs]
using Trap interpretation
Time needed for constructing Trap interpretation transducer: 1799[µs]
computing ind...
Time needed for constructing complement of ind: 9630[µs]
Time needed for computing ind: 3704[µs]
Time needed for minimizing ind: 1330[µs]
Time needed for computing ind (total): 14803[µs]
automaton for ind has 5 states.
minimized automaton for ind has 5 states.
...done.
computing complement of preach...
Time needed for constructing identity on ind: 202[µs]
Time needed for computing product v_id of abstraction framework with identity on ind: 5910[µs]
Time needed for computing product of v_id with complement of abstraction framework: 18712[µs]
Time needed for computing complement of preach: 38906[µs]
automaton for complement of preach has 65 states.
...of which, 5 states are at level 0.
Time needed for trimming complement of preach: 212[µs]
...done.
trying to prove abstract safety...
Time needed for constructing transducer for unsafe property: 32[µs]
Time needed for constructing transducer for (initial, unsafe) pairs: 295[µs]
Time needed for constructing transducer for complement of (initial, unsafe) pairs: 577[µs]
Time needed for building union of complements of preach and (initial, unsafe)-transducer: 318[µs]
Time needed for checking universality using antichains-inclusion algorithm: 1567[µs]
Time needed for checking abstract safety: 2987[µs]
...done.
Result: [1]
This means that the following properties could be separated from the initial configurations:
	[dirtyvalid]
While the following properties could not be separated from the initial configurations:
	[]

real	0m0,086s
user	0m0,061s
sys	0m0,010s
********************
/home/jakob/Documents/abstracton/benchmarks/dodo/synapse.json
s
dirtyvalid
Running as unit: run-rc156d2c78dbc4ed783eb757b4308b4ae.scope; invocation ID: c5559eb97c794b7bb90ebe430686e5a6
Time needed for parsing json file: 1592[µs]
using Siphon interpretation
Time needed for constructing Siphon interpretation transducer: 722[µs]
computing ind...
Time needed for constructing complement of ind: 3133[µs]
Time needed for computing ind: 998[µs]
Time needed for minimizing ind: 697[µs]
Time needed for computing ind (total): 4934[µs]
automaton for ind has 3 states.
minimized automaton for ind has 3 states.
...done.
computing complement of preach...
Time needed for constructing identity on ind: 143[µs]
Time needed for computing product v_id of abstraction framework with identity on ind: 1223[µs]
Time needed for computing product of v_id with complement of abstraction framework: 469[µs]
Time needed for computing complement of preach: 7071[µs]
automaton for complement of preach has 0 states.
...of which, 0 states are at level 0.
Time needed for trimming complement of preach: 6[µs]
...done.
trying to prove abstract safety...
Time needed for constructing transducer for unsafe property: 33[µs]
Time needed for constructing transducer for (initial, unsafe) pairs: 261[µs]
Time needed for constructing transducer for complement of (initial, unsafe) pairs: 509[µs]
Time needed for building union of complements of preach and (initial, unsafe)-transducer: 106[µs]
Time needed for checking universality using antichains-inclusion algorithm: 393[µs]
Time needed for checking abstract safety: 1427[µs]
...done.
Result: [0]
This means that the following properties could be separated from the initial configurations:
	[]
While the following properties could not be separated from the initial configurations:
	[dirtyvalid]

real	0m0,039s
user	0m0,020s
sys	0m0,007s
********************
/home/jakob/Documents/abstracton/benchmarks/dodo/synapse.json
f
dirtyvalid
Running as unit: run-rf164a1ccc91342aca2cccbf4cd7b2872.scope; invocation ID: 19d5f20617c14b3eb58408c5bd011b1c
Time needed for parsing json file: 1512[µs]
using Flow interpretation
Time needed for constructing Flow interpretation transducer: 1476[µs]
computing ind...
Time needed for constructing complement of ind: 8512[µs]
Time needed for computing ind: 5951[µs]
Time needed for minimizing ind: 1958[µs]
Time needed for computing ind (total): 16550[µs]
automaton for ind has 5 states.
minimized automaton for ind has 5 states.
...done.
computing complement of preach...
Time needed for constructing identity on ind: 222[µs]
Time needed for computing product v_id of abstraction framework with identity on ind: 3203[µs]
Time needed for computing product of v_id with complement of abstraction framework: 937[µs]
Time needed for computing complement of preach: 21764[µs]
automaton for complement of preach has 0 states.
...of which, 0 states are at level 0.
Time needed for trimming complement of preach: 6[µs]
...done.
trying to prove abstract safety...
Time needed for constructing transducer for unsafe property: 30[µs]
Time needed for constructing transducer for (initial, unsafe) pairs: 263[µs]
Time needed for constructing transducer for complement of (initial, unsafe) pairs: 506[µs]
Time needed for building union of complements of preach and (initial, unsafe)-transducer: 105[µs]
Time needed for checking universality using antichains-inclusion algorithm: 380[µs]
Time needed for checking abstract safety: 1385[µs]
...done.
Result: [0]
This means that the following properties could be separated from the initial configurations:
	[]
While the following properties could not be separated from the initial configurations:
	[dirtyvalid]

real	0m0,068s
user	0m0,043s
sys	0m0,011s
********************
57 of 61
/home/jakob/Documents/abstracton/benchmarks/dodo/synapse.json
t
deadlock
Running as unit: run-rdd0d6bf5970240f4ab56901240627acd.scope; invocation ID: 1e597872727a4f8ba604223f1f35faf9
Time needed for parsing json file: 1623[µs]
using Trap interpretation
Time needed for constructing Trap interpretation transducer: 1656[µs]
computing ind...
Time needed for constructing complement of ind: 8368[µs]
Time needed for computing ind: 3313[µs]
Time needed for minimizing ind: 1158[µs]
Time needed for computing ind (total): 12935[µs]
automaton for ind has 5 states.
minimized automaton for ind has 5 states.
...done.
computing complement of preach...
Time needed for constructing identity on ind: 200[µs]
Time needed for computing product v_id of abstraction framework with identity on ind: 6560[µs]
Time needed for computing product of v_id with complement of abstraction framework: 20378[µs]
Time needed for computing complement of preach: 41791[µs]
automaton for complement of preach has 65 states.
...of which, 5 states are at level 0.
Time needed for trimming complement of preach: 209[µs]
...done.
trying to prove abstract safety...
Time needed for constructing transducer for unsafe property: 29[µs]
Time needed for constructing transducer for (initial, unsafe) pairs: 183[µs]
Time needed for constructing transducer for complement of (initial, unsafe) pairs: 79[µs]
Time needed for building union of complements of preach and (initial, unsafe)-transducer: 215[µs]
Time needed for checking universality using antichains-inclusion algorithm: 938[µs]
Time needed for checking abstract safety: 1605[µs]
...done.
Result: [1]
This means that the following properties could be separated from the initial configurations:
	[deadlock]
While the following properties could not be separated from the initial configurations:
	[]

real	0m0,082s
user	0m0,062s
sys	0m0,008s
********************
/home/jakob/Documents/abstracton/benchmarks/dodo/synapse.json
s
deadlock
Running as unit: run-r30c3a20a58a74bfda47cfa83c7de5817.scope; invocation ID: d5a0ca1f15e64c57a604f5290b1927ff
Time needed for parsing json file: 1548[µs]
using Siphon interpretation
Time needed for constructing Siphon interpretation transducer: 801[µs]
computing ind...
Time needed for constructing complement of ind: 3106[µs]
Time needed for computing ind: 933[µs]
Time needed for minimizing ind: 712[µs]
Time needed for computing ind (total): 4826[µs]
automaton for ind has 3 states.
minimized automaton for ind has 3 states.
...done.
computing complement of preach...
Time needed for constructing identity on ind: 130[µs]
Time needed for computing product v_id of abstraction framework with identity on ind: 1233[µs]
Time needed for computing product of v_id with complement of abstraction framework: 477[µs]
Time needed for computing complement of preach: 7095[µs]
automaton for complement of preach has 0 states.
...of which, 0 states are at level 0.
Time needed for trimming complement of preach: 6[µs]
...done.
trying to prove abstract safety...
Time needed for constructing transducer for unsafe property: 32[µs]
Time needed for constructing transducer for (initial, unsafe) pairs: 154[µs]
Time needed for constructing transducer for complement of (initial, unsafe) pairs: 71[µs]
Time needed for building union of complements of preach and (initial, unsafe)-transducer: 50[µs]
Time needed for checking universality using antichains-inclusion algorithm: 241[µs]
Time needed for checking abstract safety: 643[µs]
...done.
Result: [1]
This means that the following properties could be separated from the initial configurations:
	[deadlock]
While the following properties could not be separated from the initial configurations:
	[]

real	0m0,039s
user	0m0,019s
sys	0m0,007s
********************
/home/jakob/Documents/abstracton/benchmarks/dodo/synapse.json
f
deadlock
Running as unit: run-r8f33344898c248628afc46dc1fd9ac3b.scope; invocation ID: 665c9da72364471388fbde2a7f230e49
Time needed for parsing json file: 1718[µs]
using Flow interpretation
Time needed for constructing Flow interpretation transducer: 1541[µs]
computing ind...
Time needed for constructing complement of ind: 8470[µs]
Time needed for computing ind: 5800[µs]
Time needed for minimizing ind: 1990[µs]
Time needed for computing ind (total): 16355[µs]
automaton for ind has 5 states.
minimized automaton for ind has 5 states.
...done.
computing complement of preach...
Time needed for constructing identity on ind: 194[µs]
Time needed for computing product v_id of abstraction framework with identity on ind: 3251[µs]
Time needed for computing product of v_id with complement of abstraction framework: 887[µs]
Time needed for computing complement of preach: 21179[µs]
automaton for complement of preach has 0 states.
...of which, 0 states are at level 0.
Time needed for trimming complement of preach: 5[µs]
...done.
trying to prove abstract safety...
Time needed for constructing transducer for unsafe property: 34[µs]
Time needed for constructing transducer for (initial, unsafe) pairs: 136[µs]
Time needed for constructing transducer for complement of (initial, unsafe) pairs: 55[µs]
Time needed for building union of complements of preach and (initial, unsafe)-transducer: 44[µs]
Time needed for checking universality using antichains-inclusion algorithm: 256[µs]
Time needed for checking abstract safety: 612[µs]
...done.
Result: [1]
This means that the following properties could be separated from the initial configurations:
	[deadlock]
While the following properties could not be separated from the initial configurations:
	[]

real	0m0,063s
user	0m0,043s
sys	0m0,009s
********************
58 of 61
/home/jakob/Documents/abstracton/benchmarks/dodo/token-passing-no-invariant.json
t
notoken
Running as unit: run-r15a20b6942274578a564909fec778e52.scope; invocation ID: bc71e977daeb4949a1438d0aa8839baa
Time needed for parsing json file: 10075[µs]
using Trap interpretation
Time needed for constructing Trap interpretation transducer: 835[µs]
computing ind...
Time needed for constructing complement of ind: 1151[µs]
Time needed for computing ind: 2469[µs]
Time needed for minimizing ind: 1241[µs]
Time needed for computing ind (total): 4935[µs]
automaton for ind has 5 states.
minimized automaton for ind has 5 states.
...done.
computing complement of preach...
Time needed for constructing identity on ind: 169[µs]
Time needed for computing product v_id of abstraction framework with identity on ind: 2706[µs]
Time needed for computing product of v_id with complement of abstraction framework: 6922[µs]
Time needed for computing complement of preach: 15569[µs]
automaton for complement of preach has 30 states.
...of which, 6 states are at level 0.
Time needed for trimming complement of preach: 116[µs]
...done.
trying to prove abstract safety...
Time needed for constructing transducer for unsafe property: 15[µs]
Time needed for constructing transducer for (initial, unsafe) pairs: 269[µs]
Time needed for constructing transducer for complement of (initial, unsafe) pairs: 279[µs]
Time needed for building union of complements of preach and (initial, unsafe)-transducer: 114[µs]
Time needed for checking universality using antichains-inclusion algorithm: 662[µs]
Time needed for checking abstract safety: 1446[µs]
...done.
Result: [1]
This means that the following properties could be separated from the initial configurations:
	[notoken]
While the following properties could not be separated from the initial configurations:
	[]

real	0m0,056s
user	0m0,028s
sys	0m0,007s
********************
/home/jakob/Documents/abstracton/benchmarks/dodo/token-passing-no-invariant.json
s
notoken
Running as unit: run-r0aca32394b1e4cd2963dd845c2232c08.scope; invocation ID: 1d9e261a26c847d99e11ee2897807370
Time needed for parsing json file: 1528[µs]
using Siphon interpretation
Time needed for constructing Siphon interpretation transducer: 498[µs]
computing ind...
Time needed for constructing complement of ind: 374[µs]
Time needed for computing ind: 576[µs]
Time needed for minimizing ind: 599[µs]
Time needed for computing ind (total): 1629[µs]
automaton for ind has 5 states.
minimized automaton for ind has 5 states.
...done.
computing complement of preach...
Time needed for constructing identity on ind: 153[µs]
Time needed for computing product v_id of abstraction framework with identity on ind: 1121[µs]
Time needed for computing product of v_id with complement of abstraction framework: 1273[µs]
Time needed for computing complement of preach: 4500[µs]
automaton for complement of preach has 22 states.
...of which, 6 states are at level 0.
Time needed for trimming complement of preach: 93[µs]
...done.
trying to prove abstract safety...
Time needed for constructing transducer for unsafe property: 16[µs]
Time needed for constructing transducer for (initial, unsafe) pairs: 195[µs]
Time needed for constructing transducer for complement of (initial, unsafe) pairs: 294[µs]
Time needed for building union of complements of preach and (initial, unsafe)-transducer: 110[µs]
Time needed for checking universality using antichains-inclusion algorithm: 750[µs]
Time needed for checking abstract safety: 1488[µs]
...done.
Result: [0]
This means that the following properties could be separated from the initial configurations:
	[]
While the following properties could not be separated from the initial configurations:
	[notoken]

real	0m0,040s
user	0m0,013s
sys	0m0,009s
********************
/home/jakob/Documents/abstracton/benchmarks/dodo/token-passing-no-invariant.json
f
notoken
Running as unit: run-r749d8e7c324a48ff83ba30e884460351.scope; invocation ID: b2c959c9f729419c841b48bc828c064a
Time needed for parsing json file: 1128[µs]
using Flow interpretation
Time needed for constructing Flow interpretation transducer: 790[µs]
computing ind...
Time needed for constructing complement of ind: 1145[µs]
Time needed for computing ind: 6507[µs]
Time needed for minimizing ind: 4213[µs]
Time needed for computing ind (total): 12006[µs]
automaton for ind has 13 states.
minimized automaton for ind has 13 states.
...done.
computing complement of preach...
Time needed for constructing identity on ind: 286[µs]
Time needed for computing product v_id of abstraction framework with identity on ind: 5284[µs]
Time needed for computing product of v_id with complement of abstraction framework: 5607[µs]
Time needed for computing complement of preach: 23706[µs]
automaton for complement of preach has 114 states.
...of which, 28 states are at level 0.
Time needed for trimming complement of preach: 333[µs]
...done.
trying to prove abstract safety...
Time needed for constructing transducer for unsafe property: 14[µs]
Time needed for constructing transducer for (initial, unsafe) pairs: 186[µs]
Time needed for constructing transducer for complement of (initial, unsafe) pairs: 288[µs]
Time needed for building union of complements of preach and (initial, unsafe)-transducer: 297[µs]
Time needed for checking universality using antichains-inclusion algorithm: 5208[µs]
Time needed for checking abstract safety: 6151[µs]
...done.
Result: [1]
This means that the following properties could be separated from the initial configurations:
	[notoken]
While the following properties could not be separated from the initial configurations:
	[]

real	0m0,069s
user	0m0,047s
sys	0m0,010s
********************
59 of 61
/home/jakob/Documents/abstracton/benchmarks/dodo/token-passing-no-invariant.json
t
manytoken
Running as unit: run-r65f1af92bdf842c0a7199c290dc1f516.scope; invocation ID: 1e468032fc09471786ec5de95381c81b
Time needed for parsing json file: 1490[µs]
using Trap interpretation
Time needed for constructing Trap interpretation transducer: 873[µs]
computing ind...
Time needed for constructing complement of ind: 1135[µs]
Time needed for computing ind: 2439[µs]
Time needed for minimizing ind: 1238[µs]
Time needed for computing ind (total): 4897[µs]
automaton for ind has 5 states.
minimized automaton for ind has 5 states.
...done.
computing complement of preach...
Time needed for constructing identity on ind: 113[µs]
Time needed for computing product v_id of abstraction framework with identity on ind: 2629[µs]
Time needed for computing product of v_id with complement of abstraction framework: 7329[µs]
Time needed for computing complement of preach: 15479[µs]
automaton for complement of preach has 30 states.
...of which, 6 states are at level 0.
Time needed for trimming complement of preach: 97[µs]
...done.
trying to prove abstract safety...
Time needed for constructing transducer for unsafe property: 19[µs]
Time needed for constructing transducer for (initial, unsafe) pairs: 227[µs]
Time needed for constructing transducer for complement of (initial, unsafe) pairs: 374[µs]
Time needed for building union of complements of preach and (initial, unsafe)-transducer: 142[µs]
Time needed for checking universality using antichains-inclusion algorithm: 781[µs]
Time needed for checking abstract safety: 1657[µs]
...done.
Result: [0]
This means that the following properties could be separated from the initial configurations:
	[]
While the following properties could not be separated from the initial configurations:
	[manytoken]

real	0m0,048s
user	0m0,027s
sys	0m0,009s
********************
/home/jakob/Documents/abstracton/benchmarks/dodo/token-passing-no-invariant.json
s
manytoken
Running as unit: run-r870d4f7da12a492aa09ec0f858445eb9.scope; invocation ID: cdec644dff3d4b04bf0f232de809fd2f
Time needed for parsing json file: 1179[µs]
using Siphon interpretation
Time needed for constructing Siphon interpretation transducer: 448[µs]
computing ind...
Time needed for constructing complement of ind: 386[µs]
Time needed for computing ind: 546[µs]
Time needed for minimizing ind: 604[µs]
Time needed for computing ind (total): 1620[µs]
automaton for ind has 5 states.
minimized automaton for ind has 5 states.
...done.
computing complement of preach...
Time needed for constructing identity on ind: 107[µs]
Time needed for computing product v_id of abstraction framework with identity on ind: 1015[µs]
Time needed for computing product of v_id with complement of abstraction framework: 1172[µs]
Time needed for computing complement of preach: 4261[µs]
automaton for complement of preach has 22 states.
...of which, 6 states are at level 0.
Time needed for trimming complement of preach: 87[µs]
...done.
trying to prove abstract safety...
Time needed for constructing transducer for unsafe property: 19[µs]
Time needed for constructing transducer for (initial, unsafe) pairs: 218[µs]
Time needed for constructing transducer for complement of (initial, unsafe) pairs: 366[µs]
Time needed for building union of complements of preach and (initial, unsafe)-transducer: 124[µs]
Time needed for checking universality using antichains-inclusion algorithm: 825[µs]
Time needed for checking abstract safety: 1658[µs]
...done.
Result: [0]
This means that the following properties could be separated from the initial configurations:
	[]
While the following properties could not be separated from the initial configurations:
	[manytoken]

real	0m0,035s
user	0m0,014s
sys	0m0,008s
********************
/home/jakob/Documents/abstracton/benchmarks/dodo/token-passing-no-invariant.json
f
manytoken
Running as unit: run-rb589b83f97d04f6ab7e2122335166149.scope; invocation ID: d7c1087e9f8b493aa15caa92ff28e79f
Time needed for parsing json file: 1208[µs]
using Flow interpretation
Time needed for constructing Flow interpretation transducer: 757[µs]
computing ind...
Time needed for constructing complement of ind: 1135[µs]
Time needed for computing ind: 6245[µs]
Time needed for minimizing ind: 3481[µs]
Time needed for computing ind (total): 10949[µs]
automaton for ind has 13 states.
minimized automaton for ind has 13 states.
...done.
computing complement of preach...
Time needed for constructing identity on ind: 254[µs]
Time needed for computing product v_id of abstraction framework with identity on ind: 4279[µs]
Time needed for computing product of v_id with complement of abstraction framework: 5732[µs]
Time needed for computing complement of preach: 21529[µs]
automaton for complement of preach has 114 states.
...of which, 28 states are at level 0.
Time needed for trimming complement of preach: 376[µs]
...done.
trying to prove abstract safety...
Time needed for constructing transducer for unsafe property: 19[µs]
Time needed for constructing transducer for (initial, unsafe) pairs: 227[µs]
Time needed for constructing transducer for complement of (initial, unsafe) pairs: 383[µs]
Time needed for building union of complements of preach and (initial, unsafe)-transducer: 355[µs]
Time needed for checking universality using antichains-inclusion algorithm: 5375[µs]
Time needed for checking abstract safety: 6497[µs]
...done.
Result: [1]
This means that the following properties could be separated from the initial configurations:
	[manytoken]
While the following properties could not be separated from the initial configurations:
	[]

real	0m0,065s
user	0m0,045s
sys	0m0,008s
********************
60 of 61
/home/jakob/Documents/abstracton/benchmarks/dodo/token-passing.json
t
notoken
Running as unit: run-r91af27954605409fb683231b4cdbef1e.scope; invocation ID: b232b1dfa4234bb7bf4543db81b5b58e
Time needed for parsing json file: 9778[µs]
using Trap interpretation
Time needed for constructing Trap interpretation transducer: 911[µs]
computing ind...
Time needed for constructing complement of ind: 949[µs]
Time needed for computing ind: 1899[µs]
Time needed for minimizing ind: 1138[µs]
Time needed for computing ind (total): 4093[µs]
automaton for ind has 6 states.
minimized automaton for ind has 6 states.
...done.
computing complement of preach...
Time needed for constructing identity on ind: 139[µs]
Time needed for computing product v_id of abstraction framework with identity on ind: 3089[µs]
Time needed for computing product of v_id with complement of abstraction framework: 7799[µs]
Time needed for computing complement of preach: 15519[µs]
automaton for complement of preach has 70 states.
...of which, 10 states are at level 0.
Time needed for trimming complement of preach: 210[µs]
...done.
trying to prove abstract safety...
Time needed for constructing transducer for unsafe property: 16[µs]
Time needed for constructing transducer for (initial, unsafe) pairs: 226[µs]
Time needed for constructing transducer for complement of (initial, unsafe) pairs: 299[µs]
Time needed for building union of complements of preach and (initial, unsafe)-transducer: 207[µs]
Time needed for checking universality using antichains-inclusion algorithm: 2029[µs]
Time needed for checking abstract safety: 2904[µs]
...done.
Result: [1]
This means that the following properties could be separated from the initial configurations:
	[notoken]
While the following properties could not be separated from the initial configurations:
	[]

real	0m0,061s
user	0m0,026s
sys	0m0,010s
********************
/home/jakob/Documents/abstracton/benchmarks/dodo/token-passing.json
s
notoken
Running as unit: run-r15f33a1577e349409fe7ebb76e50ef01.scope; invocation ID: 03a6f942999f484a90b0ee1d55921ef4
Time needed for parsing json file: 1041[µs]
using Siphon interpretation
Time needed for constructing Siphon interpretation transducer: 464[µs]
computing ind...
Time needed for constructing complement of ind: 287[µs]
Time needed for computing ind: 424[µs]
Time needed for minimizing ind: 533[µs]
Time needed for computing ind (total): 1310[µs]
automaton for ind has 6 states.
minimized automaton for ind has 6 states.
...done.
computing complement of preach...
Time needed for constructing identity on ind: 138[µs]
Time needed for computing product v_id of abstraction framework with identity on ind: 1526[µs]
Time needed for computing product of v_id with complement of abstraction framework: 5019[µs]
Time needed for computing complement of preach: 8408[µs]
automaton for complement of preach has 60 states.
...of which, 12 states are at level 0.
Time needed for trimming complement of preach: 400[µs]
...done.
trying to prove abstract safety...
Time needed for constructing transducer for unsafe property: 23[µs]
Time needed for constructing transducer for (initial, unsafe) pairs: 287[µs]
Time needed for constructing transducer for complement of (initial, unsafe) pairs: 369[µs]
Time needed for building union of complements of preach and (initial, unsafe)-transducer: 268[µs]
Time needed for checking universality using antichains-inclusion algorithm: 1767[µs]
Time needed for checking abstract safety: 2850[µs]
...done.
Result: [0]
This means that the following properties could be separated from the initial configurations:
	[]
While the following properties could not be separated from the initial configurations:
	[notoken]

real	0m0,039s
user	0m0,019s
sys	0m0,007s
********************
/home/jakob/Documents/abstracton/benchmarks/dodo/token-passing.json
f
notoken
Running as unit: run-reae54ddfb01e4ed7a928256e8b7ce1ce.scope; invocation ID: cf708d1e280042188b55004317b32712
Time needed for parsing json file: 972[µs]
using Flow interpretation
Time needed for constructing Flow interpretation transducer: 835[µs]
computing ind...
Time needed for constructing complement of ind: 846[µs]
Time needed for computing ind: 3435[µs]
Time needed for minimizing ind: 2837[µs]
Time needed for computing ind (total): 7221[µs]
automaton for ind has 16 states.
minimized automaton for ind has 16 states.
...done.
computing complement of preach...
Time needed for constructing identity on ind: 328[µs]
Time needed for computing product v_id of abstraction framework with identity on ind: 6801[µs]
Time needed for computing product of v_id with complement of abstraction framework: 25915[µs]
Time needed for computing complement of preach: 40936[µs]
automaton for complement of preach has 542 states.
...of which, 78 states are at level 0.
Time needed for trimming complement of preach: 1760[µs]
...done.
trying to prove abstract safety...
Time needed for constructing transducer for unsafe property: 16[µs]
Time needed for constructing transducer for (initial, unsafe) pairs: 205[µs]
Time needed for constructing transducer for complement of (initial, unsafe) pairs: 338[µs]
Time needed for building union of complements of preach and (initial, unsafe)-transducer: 1268[µs]
Time needed for checking universality using antichains-inclusion algorithm: 5917400[µs]
Time needed for checking abstract safety: 5919570[µs]
...done.
Result: [1]
This means that the following properties could be separated from the initial configurations:
	[notoken]
While the following properties could not be separated from the initial configurations:
	[]

real	0m6,003s
user	0m5,963s
sys	0m0,015s
********************
61 of 61
/home/jakob/Documents/abstracton/benchmarks/dodo/token-passing.json
t
manytoken
Running as unit: run-r4804d4909eb74ecea1d226bae0a1fb10.scope; invocation ID: 7f9758c98679407888803fdee674a47f
Time needed for parsing json file: 950[µs]
using Trap interpretation
Time needed for constructing Trap interpretation transducer: 778[µs]
computing ind...
Time needed for constructing complement of ind: 810[µs]
Time needed for computing ind: 1767[µs]
Time needed for minimizing ind: 1068[µs]
Time needed for computing ind (total): 3722[µs]
automaton for ind has 6 states.
minimized automaton for ind has 6 states.
...done.
computing complement of preach...
Time needed for constructing identity on ind: 138[µs]
Time needed for computing product v_id of abstraction framework with identity on ind: 2786[µs]
Time needed for computing product of v_id with complement of abstraction framework: 7325[µs]
Time needed for computing complement of preach: 15150[µs]
automaton for complement of preach has 70 states.
...of which, 10 states are at level 0.
Time needed for trimming complement of preach: 217[µs]
...done.
trying to prove abstract safety...
Time needed for constructing transducer for unsafe property: 19[µs]
Time needed for constructing transducer for (initial, unsafe) pairs: 257[µs]
Time needed for constructing transducer for complement of (initial, unsafe) pairs: 369[µs]
Time needed for building union of complements of preach and (initial, unsafe)-transducer: 339[µs]
Time needed for checking universality using antichains-inclusion algorithm: 2605[µs]
Time needed for checking abstract safety: 3728[µs]
...done.
Result: [1]
This means that the following properties could be separated from the initial configurations:
	[manytoken]
While the following properties could not be separated from the initial configurations:
	[]

real	0m0,052s
user	0m0,025s
sys	0m0,010s
********************
/home/jakob/Documents/abstracton/benchmarks/dodo/token-passing.json
s
manytoken
Running as unit: run-rc833f50ad1d946149fa21bd01aa3b9ef.scope; invocation ID: d5db9acb7c804dfb9b5de9385427e803
Time needed for parsing json file: 967[µs]
using Siphon interpretation
Time needed for constructing Siphon interpretation transducer: 436[µs]
computing ind...
Time needed for constructing complement of ind: 294[µs]
Time needed for computing ind: 411[µs]
Time needed for minimizing ind: 512[µs]
Time needed for computing ind (total): 1302[µs]
automaton for ind has 6 states.
minimized automaton for ind has 6 states.
...done.
computing complement of preach...
Time needed for constructing identity on ind: 123[µs]
Time needed for computing product v_id of abstraction framework with identity on ind: 1471[µs]
Time needed for computing product of v_id with complement of abstraction framework: 3141[µs]
Time needed for computing complement of preach: 6340[µs]
automaton for complement of preach has 60 states.
...of which, 12 states are at level 0.
Time needed for trimming complement of preach: 214[µs]
...done.
trying to prove abstract safety...
Time needed for constructing transducer for unsafe property: 22[µs]
Time needed for constructing transducer for (initial, unsafe) pairs: 239[µs]
Time needed for constructing transducer for complement of (initial, unsafe) pairs: 391[µs]
Time needed for building union of complements of preach and (initial, unsafe)-transducer: 233[µs]
Time needed for checking universality using antichains-inclusion algorithm: 2370[µs]
Time needed for checking abstract safety: 3467[µs]
...done.
Result: [0]
This means that the following properties could be separated from the initial configurations:
	[]
While the following properties could not be separated from the initial configurations:
	[manytoken]

real	0m0,034s
user	0m0,016s
sys	0m0,008s
********************
/home/jakob/Documents/abstracton/benchmarks/dodo/token-passing.json
f
manytoken
Running as unit: run-r19df30fe4a974694b2c02d493754e13c.scope; invocation ID: e6364eeabd6142d58aca87dbb72989ec
Time needed for parsing json file: 941[µs]
using Flow interpretation
Time needed for constructing Flow interpretation transducer: 736[µs]
computing ind...
Time needed for constructing complement of ind: 812[µs]
Time needed for computing ind: 3899[µs]
Time needed for minimizing ind: 2745[µs]
Time needed for computing ind (total): 7562[µs]
automaton for ind has 16 states.
minimized automaton for ind has 16 states.
...done.
computing complement of preach...
Time needed for constructing identity on ind: 300[µs]
Time needed for computing product v_id of abstraction framework with identity on ind: 7127[µs]
Time needed for computing product of v_id with complement of abstraction framework: 26400[µs]
Time needed for computing complement of preach: 41114[µs]
automaton for complement of preach has 542 states.
...of which, 78 states are at level 0.
Time needed for trimming complement of preach: 1693[µs]
...done.
trying to prove abstract safety...
Time needed for constructing transducer for unsafe property: 22[µs]
Time needed for constructing transducer for (initial, unsafe) pairs: 250[µs]
Time needed for constructing transducer for complement of (initial, unsafe) pairs: 432[µs]
Time needed for building union of complements of preach and (initial, unsafe)-transducer: 1377[µs]
Time needed for checking universality using antichains-inclusion algorithm: 6021028[µs]
Time needed for checking abstract safety: 6023505[µs]
...done.
Result: [1]
This means that the following properties could be separated from the initial configurations:
	[manytoken]
While the following properties could not be separated from the initial configurations:
	[]

real	0m6,105s
user	0m6,064s
sys	0m0,018s
********************
