0 of 61
/home/jakob/Documents/abstracton/benchmarks/dodo/Berkeley.json
t
exclusiveexclusive
Running as unit: run-rc8ea2dc9f36d49a5b4ac7f474c6a252a.scope; invocation ID: 2039b455a80b43aca52919e606ce2f7f
using Trap interpretation
computing ind...
automaton for ind has 1947 states.
minimized automaton for ind has 8 states.
...done.
computing preach...
automaton for preach has 212 states.
minimized automaton for preach has 36 states.
...done.
trying to prove abstract safety...
...done.
Result: [0]
This means that the following properties could be separated from the initial configurations:
	[]
While the following properties could not be separated from the initial configurations:
	[exclusiveexclusive]

real	0m3,285s
user	0m3,247s
sys	0m0,017s
********************
/home/jakob/Documents/abstracton/benchmarks/dodo/Berkeley.json
s
exclusiveexclusive
Running as unit: run-r02bd767a4a7c4116a582406d81862e93.scope; invocation ID: 310d3bf088cd4b1f8d00fef3bb958a48
using Siphon interpretation
computing ind...
automaton for ind has 1287 states.
minimized automaton for ind has 3 states.
...done.
computing preach...
automaton for preach has 7 states.
minimized automaton for preach has 5 states.
...done.
trying to prove abstract safety...
...done.
Result: [0]
This means that the following properties could be separated from the initial configurations:
	[]
While the following properties could not be separated from the initial configurations:
	[exclusiveexclusive]

real	0m2,165s
user	0m2,129s
sys	0m0,021s
********************
/home/jakob/Documents/abstracton/benchmarks/dodo/Berkeley.json
f
exclusiveexclusive
Running as unit: run-r6a8c98539a8f4b7787610f05cb4e9654.scope; invocation ID: f43d190d70f84ca284c4bdb005a849b1
using Flow interpretation
computing ind...
automaton for ind has 33416 states.
minimized automaton for ind has 4 states.
...done.
computing preach...
automaton for preach has 7 states.
minimized automaton for preach has 5 states.
...done.
trying to prove abstract safety...
...done.
Result: [0]
This means that the following properties could be separated from the initial configurations:
	[]
While the following properties could not be separated from the initial configurations:
	[exclusiveexclusive]

real	0m44,376s
user	0m44,254s
sys	0m0,081s
********************
1 of 61
/home/jakob/Documents/abstracton/benchmarks/dodo/Berkeley.json
t
exclusiveunowned
Running as unit: run-rb5b51a0d504b4c7b8dd4c1d13f5377bf.scope; invocation ID: 5a38013bb3384be1a54b0d9ea54e242b
using Trap interpretation
computing ind...
automaton for ind has 1947 states.
minimized automaton for ind has 8 states.
...done.
computing preach...
automaton for preach has 212 states.
minimized automaton for preach has 36 states.
...done.
trying to prove abstract safety...
...done.
Result: [1]
This means that the following properties could be separated from the initial configurations:
	[exclusiveunowned]
While the following properties could not be separated from the initial configurations:
	[]

real	0m3,307s
user	0m3,263s
sys	0m0,023s
********************
/home/jakob/Documents/abstracton/benchmarks/dodo/Berkeley.json
s
exclusiveunowned
Running as unit: run-r2aad9bdbdd294688ad8632beff63c8e9.scope; invocation ID: c179ab295c8d4e8c9cb2039f78783a53
using Siphon interpretation
computing ind...
automaton for ind has 1287 states.
minimized automaton for ind has 3 states.
...done.
computing preach...
automaton for preach has 7 states.
minimized automaton for preach has 5 states.
...done.
trying to prove abstract safety...
...done.
Result: [0]
This means that the following properties could be separated from the initial configurations:
	[]
While the following properties could not be separated from the initial configurations:
	[exclusiveunowned]

real	0m2,081s
user	0m2,036s
sys	0m0,022s
********************
/home/jakob/Documents/abstracton/benchmarks/dodo/Berkeley.json
f
exclusiveunowned
Running as unit: run-r75c8a5f5271b455d8d2e1a60f4f8f141.scope; invocation ID: fd848d8e48754cf9985fbbb85e1727ef
using Flow interpretation
computing ind...
automaton for ind has 33416 states.
minimized automaton for ind has 4 states.
...done.
computing preach...
automaton for preach has 7 states.
minimized automaton for preach has 5 states.
...done.
trying to prove abstract safety...
...done.
Result: [0]
This means that the following properties could be separated from the initial configurations:
	[]
While the following properties could not be separated from the initial configurations:
	[exclusiveunowned]

real	0m43,741s
user	0m43,572s
sys	0m0,112s
********************
2 of 61
/home/jakob/Documents/abstracton/benchmarks/dodo/Berkeley.json
t
exclusivenonexclusive
Running as unit: run-r23baba4d504e4f079a182c0b661f63fe.scope; invocation ID: 2e79674ce68e4e9d854481bde2218702
using Trap interpretation
computing ind...
automaton for ind has 1947 states.
minimized automaton for ind has 8 states.
...done.
computing preach...
automaton for preach has 212 states.
minimized automaton for preach has 36 states.
...done.
trying to prove abstract safety...
...done.
Result: [1]
This means that the following properties could be separated from the initial configurations:
	[exclusivenonexclusive]
While the following properties could not be separated from the initial configurations:
	[]

real	0m3,316s
user	0m3,273s
sys	0m0,023s
********************
/home/jakob/Documents/abstracton/benchmarks/dodo/Berkeley.json
s
exclusivenonexclusive
Running as unit: run-r2f0242cb63b04b35bde76625c4154d45.scope; invocation ID: 8361bb34b6f843619bbf8a5c5935fb04
using Siphon interpretation
computing ind...
automaton for ind has 1287 states.
minimized automaton for ind has 3 states.
...done.
computing preach...
automaton for preach has 7 states.
minimized automaton for preach has 5 states.
...done.
trying to prove abstract safety...
...done.
Result: [0]
This means that the following properties could be separated from the initial configurations:
	[]
While the following properties could not be separated from the initial configurations:
	[exclusivenonexclusive]

real	0m2,084s
user	0m2,052s
sys	0m0,016s
********************
/home/jakob/Documents/abstracton/benchmarks/dodo/Berkeley.json
f
exclusivenonexclusive
Running as unit: run-r714131ebcb2c4a9bb0755dce4b6072a0.scope; invocation ID: abd953d5bd54427ea494de4c1736a959
using Flow interpretation
computing ind...
automaton for ind has 33416 states.
minimized automaton for ind has 4 states.
...done.
computing preach...
automaton for preach has 7 states.
minimized automaton for preach has 5 states.
...done.
trying to prove abstract safety...
...done.
Result: [0]
This means that the following properties could be separated from the initial configurations:
	[]
While the following properties could not be separated from the initial configurations:
	[exclusivenonexclusive]

real	0m42,302s
user	0m42,153s
sys	0m0,093s
********************
3 of 61
/home/jakob/Documents/abstracton/benchmarks/dodo/Berkeley.json
t
deadlock
Running as unit: run-r7ca9e6b05b8447449de1463f52bc38fa.scope; invocation ID: afbf1f570a4f4f3d838e561afccf0582
using Trap interpretation
computing ind...
automaton for ind has 1947 states.
minimized automaton for ind has 8 states.
...done.
computing preach...
automaton for preach has 212 states.
minimized automaton for preach has 36 states.
...done.
trying to prove abstract safety...
...done.
Result: [1]
This means that the following properties could be separated from the initial configurations:
	[deadlock]
While the following properties could not be separated from the initial configurations:
	[]

real	0m3,244s
user	0m3,203s
sys	0m0,023s
********************
/home/jakob/Documents/abstracton/benchmarks/dodo/Berkeley.json
s
deadlock
Running as unit: run-re96e957f28994e70b844496f2d2d8060.scope; invocation ID: 14261987e7954bbfa60df2544da0b354
using Siphon interpretation
computing ind...
automaton for ind has 1287 states.
minimized automaton for ind has 3 states.
...done.
computing preach...
automaton for preach has 7 states.
minimized automaton for preach has 5 states.
...done.
trying to prove abstract safety...
...done.
Result: [1]
This means that the following properties could be separated from the initial configurations:
	[deadlock]
While the following properties could not be separated from the initial configurations:
	[]

real	0m2,210s
user	0m2,166s
sys	0m0,021s
********************
/home/jakob/Documents/abstracton/benchmarks/dodo/Berkeley.json
f
deadlock
Running as unit: run-r6cfde50f254f40119237c03c7d144ab3.scope; invocation ID: a7201891acf242f5b1592b12e0eee8bc
using Flow interpretation
computing ind...
automaton for ind has 33416 states.
minimized automaton for ind has 4 states.
...done.
computing preach...
automaton for preach has 7 states.
minimized automaton for preach has 5 states.
...done.
trying to prove abstract safety...
...done.
Result: [1]
This means that the following properties could be separated from the initial configurations:
	[deadlock]
While the following properties could not be separated from the initial configurations:
	[]

real	0m44,064s
user	0m43,879s
sys	0m0,113s
********************
4 of 61
/home/jakob/Documents/abstracton/benchmarks/dodo/Burns.json
t
nomutex
Running as unit: run-rb74856b9603d453e8b7f8d714e5f610c.scope; invocation ID: bcc1f0a837b842e491b136a5a7fe2ffe
using Trap interpretation
computing ind...
automaton for ind has 941 states.
minimized automaton for ind has 6 states.
...done.
computing preach...
automaton for preach has 128 states.
minimized automaton for preach has 28 states.
...done.
trying to prove abstract safety...
...done.
Result: [1]
This means that the following properties could be separated from the initial configurations:
	[nomutex]
While the following properties could not be separated from the initial configurations:
	[]

real	3m41,160s
user	3m40,347s
sys	0m0,635s
********************
/home/jakob/Documents/abstracton/benchmarks/dodo/Burns.json
s
nomutex
Running as unit: run-rc2fd74fae7554924a9de498c75278e42.scope; invocation ID: 0877ca42337a4b3c91124e283f37ddb4
using Siphon interpretation
computing ind...
automaton for ind has 474 states.
minimized automaton for ind has 1 states.
...done.
computing preach...
automaton for preach has 3 states.
minimized automaton for preach has 2 states.
...done.
trying to prove abstract safety...
...done.
Result: [0]
This means that the following properties could be separated from the initial configurations:
	[]
While the following properties could not be separated from the initial configurations:
	[nomutex]

real	1m48,996s
user	1m48,499s
sys	0m0,420s
********************
/home/jakob/Documents/abstracton/benchmarks/dodo/Burns.json
f
nomutex
Running as unit: run-rdbc0e337f85748aa80048bc9d6acd34f.scope; invocation ID: 3a39382e89fb4ddfa0d405f6d870f46c
using Flow interpretation
computing ind...
automaton for ind has 8325 states.
minimized automaton for ind has 2 states.
...done.
computing preach...
automaton for preach has 3 states.
minimized automaton for preach has 2 states.
...done.
trying to prove abstract safety...
...done.
Result: [0]
This means that the following properties could be separated from the initial configurations:
	[]
While the following properties could not be separated from the initial configurations:
	[nomutex]

real	8m45,357s
user	8m43,137s
sys	0m1,701s
********************
5 of 61
/home/jakob/Documents/abstracton/benchmarks/dodo/Burns.json
t
deadlock
Running as unit: run-r28a29e89da0540a29fbe2b94a521a15c.scope; invocation ID: 0a946f009b494a36b6d2e5563d2b1d8d
using Trap interpretation
computing ind...
automaton for ind has 941 states.
minimized automaton for ind has 6 states.
...done.
computing preach...
automaton for preach has 128 states.
minimized automaton for preach has 28 states.
...done.
trying to prove abstract safety...
...done.
Result: [1]
This means that the following properties could be separated from the initial configurations:
	[deadlock]
While the following properties could not be separated from the initial configurations:
	[]

real	3m39,649s
user	3m38,895s
sys	0m0,585s
********************
/home/jakob/Documents/abstracton/benchmarks/dodo/Burns.json
s
deadlock
Running as unit: run-r09c0035891374ed889101d24795743bd.scope; invocation ID: e849e0ee31cd44a2b643295801f42be5
using Siphon interpretation
computing ind...
automaton for ind has 474 states.
minimized automaton for ind has 1 states.
...done.
computing preach...
automaton for preach has 3 states.
minimized automaton for preach has 2 states.
...done.
trying to prove abstract safety...
...done.
Result: [1]
This means that the following properties could be separated from the initial configurations:
	[deadlock]
While the following properties could not be separated from the initial configurations:
	[]

real	1m47,850s
user	1m47,324s
sys	0m0,426s
********************
/home/jakob/Documents/abstracton/benchmarks/dodo/Burns.json
f
deadlock
Running as unit: run-r5950c96db67b422dbe8fb0cd90b93787.scope; invocation ID: a924b7b6c57a4de8affc1dd5008c70df
using Flow interpretation
computing ind...
automaton for ind has 8325 states.
minimized automaton for ind has 2 states.
...done.
computing preach...
automaton for preach has 3 states.
minimized automaton for preach has 2 states.
...done.
trying to prove abstract safety...
...done.
Result: [1]
This means that the following properties could be separated from the initial configurations:
	[deadlock]
While the following properties could not be separated from the initial configurations:
	[]

real	8m43,383s
user	8m41,359s
sys	0m1,635s
********************
6 of 61
/home/jakob/Documents/abstracton/benchmarks/dodo/Dijkstra-Scholten.json
t
twob
Running as unit: run-r494efc113df9464c9ce42b1385143379.scope; invocation ID: cf9f1c6d341546819f9fbe01160e35f5
using Trap interpretation
computing ind...
automaton for ind has 181 states.
minimized automaton for ind has 9 states.
...done.
computing preach...
automaton for preach has 372 states.
minimized automaton for preach has 31 states.
...done.
trying to prove abstract safety...
...done.
Result: [1]
This means that the following properties could be separated from the initial configurations:
	[twob]
While the following properties could not be separated from the initial configurations:
	[]

real	0m1,270s
user	0m1,220s
sys	0m0,020s
********************
/home/jakob/Documents/abstracton/benchmarks/dodo/Dijkstra-Scholten.json
s
twob
Running as unit: run-rf054c7e2f36f486dbdae52b096ef9241.scope; invocation ID: 2c42f3fff1b54dc1b03f3b812b01acb5
using Siphon interpretation
computing ind...
automaton for ind has 98 states.
minimized automaton for ind has 6 states.
...done.
computing preach...
automaton for preach has 243 states.
minimized automaton for preach has 22 states.
...done.
trying to prove abstract safety...
...done.
Result: [0]
This means that the following properties could be separated from the initial configurations:
	[]
While the following properties could not be separated from the initial configurations:
	[twob]

real	0m0,593s
user	0m0,563s
sys	0m0,013s
********************
/home/jakob/Documents/abstracton/benchmarks/dodo/Dijkstra-Scholten.json
f
twob
Running as unit: run-rbbf87dea941444b698ebd9fb2130c1c5.scope; invocation ID: 42eda498427d49e7b74007bd4ff6cf00
using Flow interpretation
computing ind...
automaton for ind has 2408 states.
minimized automaton for ind has 20 states.
...done.
computing preach...
automaton for preach has 74424 states.
minimized automaton for preach has 31 states.
...done.
trying to prove abstract safety...
...done.
Result: [1]
This means that the following properties could be separated from the initial configurations:
	[twob]
While the following properties could not be separated from the initial configurations:
	[]

real	0m58,359s
user	0m58,062s
sys	0m0,237s
********************
7 of 61
/home/jakob/Documents/abstracton/benchmarks/dodo/Dijkstra-Scholten.json
t
twod
Running as unit: run-rc34beadf3bff481e98e940ef008ab711.scope; invocation ID: d18b3087c2a742cbbb62df5efb46d408
using Trap interpretation
computing ind...
automaton for ind has 181 states.
minimized automaton for ind has 9 states.
...done.
computing preach...
automaton for preach has 372 states.
minimized automaton for preach has 31 states.
...done.
trying to prove abstract safety...
...done.
Result: [1]
This means that the following properties could be separated from the initial configurations:
	[twod]
While the following properties could not be separated from the initial configurations:
	[]

real	0m1,358s
user	0m1,297s
sys	0m0,030s
********************
/home/jakob/Documents/abstracton/benchmarks/dodo/Dijkstra-Scholten.json
s
twod
Running as unit: run-r984dbef85429428bb9c05a22eb7da4b4.scope; invocation ID: eddd1605c9b24465b61d246f28b13172
using Siphon interpretation
computing ind...
automaton for ind has 98 states.
minimized automaton for ind has 6 states.
...done.
computing preach...
automaton for preach has 243 states.
minimized automaton for preach has 22 states.
...done.
trying to prove abstract safety...
...done.
Result: [0]
This means that the following properties could be separated from the initial configurations:
	[]
While the following properties could not be separated from the initial configurations:
	[twod]

real	0m0,594s
user	0m0,561s
sys	0m0,014s
********************
/home/jakob/Documents/abstracton/benchmarks/dodo/Dijkstra-Scholten.json
f
twod
Running as unit: run-r51137ebf472a433b94ccdb871990696b.scope; invocation ID: 474774e14c3a4c2180a53373093095f5
using Flow interpretation
computing ind...
automaton for ind has 2408 states.
minimized automaton for ind has 20 states.
...done.
computing preach...
automaton for preach has 74424 states.
minimized automaton for preach has 31 states.
...done.
trying to prove abstract safety...
...done.
Result: [1]
This means that the following properties could be separated from the initial configurations:
	[twod]
While the following properties could not be separated from the initial configurations:
	[]

real	0m59,684s
user	0m59,338s
sys	0m0,240s
********************
8 of 61
/home/jakob/Documents/abstracton/benchmarks/dodo/Dijkstra-Scholten.json
t
deadlock
Running as unit: run-r2ed26fe6a6f44d1382640ebd76275edc.scope; invocation ID: e6e290ba8f284bc5b1c60c59cc34b966
using Trap interpretation
computing ind...
automaton for ind has 181 states.
minimized automaton for ind has 9 states.
...done.
computing preach...
automaton for preach has 372 states.
minimized automaton for preach has 31 states.
...done.
trying to prove abstract safety...
...done.
Result: [1]
This means that the following properties could be separated from the initial configurations:
	[deadlock]
While the following properties could not be separated from the initial configurations:
	[]

real	0m1,263s
user	0m1,222s
sys	0m0,022s
********************
/home/jakob/Documents/abstracton/benchmarks/dodo/Dijkstra-Scholten.json
s
deadlock
Running as unit: run-rb164e280529e437d8d49f1d2af87bfb0.scope; invocation ID: fd778cd0bc074504a71ce485bf710e2c
using Siphon interpretation
computing ind...
automaton for ind has 98 states.
minimized automaton for ind has 6 states.
...done.
computing preach...
automaton for preach has 243 states.
minimized automaton for preach has 22 states.
...done.
trying to prove abstract safety...
...done.
Result: [0]
This means that the following properties could be separated from the initial configurations:
	[]
While the following properties could not be separated from the initial configurations:
	[deadlock]

real	0m0,562s
user	0m0,535s
sys	0m0,015s
********************
/home/jakob/Documents/abstracton/benchmarks/dodo/Dijkstra-Scholten.json
f
deadlock
Running as unit: run-r02226b2de2854ba29bfa8d972b09bdf3.scope; invocation ID: 9f9b4f5f096043a9a10503e1cc453c55
using Flow interpretation
computing ind...
automaton for ind has 2408 states.
minimized automaton for ind has 20 states.
...done.
computing preach...
automaton for preach has 74424 states.
minimized automaton for preach has 31 states.
...done.
trying to prove abstract safety...
...done.
Result: [1]
This means that the following properties could be separated from the initial configurations:
	[deadlock]
While the following properties could not be separated from the initial configurations:
	[]

real	0m58,340s
user	0m57,937s
sys	0m0,283s
********************
9 of 61
/home/jakob/Documents/abstracton/benchmarks/dodo/Dijkstra-ring.json
t
nomutex
Running as unit: run-r73b350e65d1043a4a63dca85ed9e5778.scope; invocation ID: fb8f0e57ea3b4689bb5b67e8ed816fcf
using Trap interpretation
computing ind...

real	20m0,306s
user	19m57,433s
sys	0m2,035s
********************
/home/jakob/Documents/abstracton/benchmarks/dodo/Dijkstra-ring.json
s
nomutex
Running as unit: run-r782eaa09ac4246b380460d4b296ba474.scope; invocation ID: 1201516d37ba4ee3a237da246fbf88dd
using Siphon interpretation
computing ind...

real	20m0,167s
user	19m57,915s
sys	0m1,206s
********************
/home/jakob/Documents/abstracton/benchmarks/dodo/Dijkstra-ring.json
f
nomutex
Running as unit: run-r4ece722f689643c692b48c1b86776638.scope; invocation ID: 02d579f3206c4893985be663f4f5f7b9
using Flow interpretation
computing ind...

real	20m0,408s
user	19m56,600s
sys	0m2,948s
********************
10 of 61
/home/jakob/Documents/abstracton/benchmarks/dodo/Dijkstra-ring.json
t
deadlock
Running as unit: run-r5f8a64f974884dc6a6d07012997d7a96.scope; invocation ID: 1867481f831349d19830216b610f5992
using Trap interpretation
computing ind...

real	20m0,392s
user	19m56,899s
sys	0m2,368s
********************
/home/jakob/Documents/abstracton/benchmarks/dodo/Dijkstra-ring.json
s
deadlock
Running as unit: run-r044b99fd29bd4887a90c06636ad9644a.scope; invocation ID: fb1c7eb654ab4aa0942f6ef8b21c4dfe
using Siphon interpretation
computing ind...

real	20m0,181s
user	19m58,262s
sys	0m1,332s
********************
/home/jakob/Documents/abstracton/benchmarks/dodo/Dijkstra-ring.json
f
deadlock
Running as unit: run-r7817fc5d2dad4ac1acd7aae324e51361.scope; invocation ID: cca45a58f68d4c4b968a3f34dde5b3aa
using Flow interpretation
computing ind...

real	20m0,388s
user	19m56,991s
sys	0m2,827s
********************
11 of 61
/home/jakob/Documents/abstracton/benchmarks/dodo/DijkstraMutEx.json
t
nomutex
Running as unit: run-rb31eccc6110d45a48de2a98967ca4276.scope; invocation ID: 14f48dd1e6f6487fa3a944220ea6649e
using Trap interpretation

real	20m2,067s
user	19m42,927s
sys	0m16,408s
********************
/home/jakob/Documents/abstracton/benchmarks/dodo/DijkstraMutEx.json
s
nomutex
Running as unit: run-r92938c0d8d014e7c984beff70b790119.scope; invocation ID: 97d6b7832fe849f6991c5f2c4819bd9e
using Siphon interpretation

real	20m1,681s
user	19m49,764s
sys	0m11,321s
********************
/home/jakob/Documents/abstracton/benchmarks/dodo/DijkstraMutEx.json
f
nomutex
Running as unit: run-rfa5de20d8bf143dc87da978fc489efa3.scope; invocation ID: d4d38c24ce504a9f8d0625f06e8a4ce4
using Flow interpretation

real	20m1,674s
user	19m48,894s
sys	0m12,093s
********************
12 of 61
/home/jakob/Documents/abstracton/benchmarks/dodo/DijkstraMutEx.json
t
deadlock
Running as unit: run-r9f3e5cf21703497e80da5b25f7d208ec.scope; invocation ID: f8064d2a830843099706fc19f1371b3c
using Trap interpretation

real	20m1,689s
user	19m48,383s
sys	0m12,672s
********************
/home/jakob/Documents/abstracton/benchmarks/dodo/DijkstraMutEx.json
s
deadlock
Running as unit: run-r66df254b79594cb28dbfdaf7d6d35d4e.scope; invocation ID: a537df1557e34ed48656bbef886a435f
using Siphon interpretation

real	20m1,573s
user	19m49,559s
sys	0m11,359s
********************
/home/jakob/Documents/abstracton/benchmarks/dodo/DijkstraMutEx.json
f
deadlock
Running as unit: run-r7d81add1a11946a5811e5fda2ed7f964.scope; invocation ID: 5243951e280e448681b748d881f0b436
using Flow interpretation

real	20m1,828s
user	19m48,970s
sys	0m12,356s
********************
13 of 61
/home/jakob/Documents/abstracton/benchmarks/dodo/FutureBus.json
t
pendingrightsecond
Running as unit: run-re0ce02c568f3431f85ddbe19849e8f4a.scope; invocation ID: cb590b2f98da49f085eb79b96a794f4d
using Trap interpretation
computing ind...

real	20m1,208s
user	19m52,794s
sys	0m7,869s
********************
/home/jakob/Documents/abstracton/benchmarks/dodo/FutureBus.json
s
pendingrightsecond
Running as unit: run-r2f8f3359af4642d880514a285b1785dd.scope; invocation ID: 58deca2d3a7d400b98b5a2a5c9e45473
using Siphon interpretation
computing ind...

real	20m0,854s
user	19m54,238s
sys	0m6,025s
********************
/home/jakob/Documents/abstracton/benchmarks/dodo/FutureBus.json
f
pendingrightsecond
Running as unit: run-r57c9a5379af949f6bdaa270335d6611d.scope; invocation ID: ad2e864d72154aeb8898a27d10ae67e7
using Flow interpretation
computing ind...

real	20m1,324s
user	19m50,582s
sys	0m10,169s
********************
14 of 61
/home/jakob/Documents/abstracton/benchmarks/dodo/FutureBus.json
t
sharedexclusive
Running as unit: run-rb7fea70f43134b38844fa7ddc81da525.scope; invocation ID: edf825b0b14a403ebd0a98bb7e009947
using Trap interpretation
computing ind...

real	20m1,148s
user	19m52,627s
sys	0m7,847s
********************
/home/jakob/Documents/abstracton/benchmarks/dodo/FutureBus.json
s
sharedexclusive
Running as unit: run-r87900f65bd58482198701e08728b59e5.scope; invocation ID: 2f108b3b46994835bbb067c77d61f4f6
using Siphon interpretation
computing ind...

real	20m0,846s
user	19m54,299s
sys	0m5,896s
********************
/home/jakob/Documents/abstracton/benchmarks/dodo/FutureBus.json
f
sharedexclusive
Running as unit: run-r9c18b8660cde4ec58c5194dea81b96b1.scope; invocation ID: 4f64414d5609449ab65fdc55aa118c10
using Flow interpretation
computing ind...

real	20m1,359s
user	19m50,957s
sys	0m9,754s
********************
15 of 61
/home/jakob/Documents/abstracton/benchmarks/dodo/FutureBus.json
t
secondpending
Running as unit: run-r24053b252bc549adbc421b362a4c2d7c.scope; invocation ID: 2acc8ba566394e9faae8a31d8f125818
using Trap interpretation
computing ind...

real	20m1,080s
user	19m52,912s
sys	0m7,569s
********************
/home/jakob/Documents/abstracton/benchmarks/dodo/FutureBus.json
s
secondpending
Running as unit: run-r032d6770bcf7435382bcb390501d7068.scope; invocation ID: 4629b8d423344ceb8370c9c481665e3a
using Siphon interpretation
computing ind...

real	20m0,825s
user	19m54,293s
sys	0m5,869s
********************
/home/jakob/Documents/abstracton/benchmarks/dodo/FutureBus.json
f
secondpending
Running as unit: run-r77a4cc2f3b41457990d45ef0da3f3923.scope; invocation ID: b2d7792596da4dfdac0de4ce330e4c03
using Flow interpretation
computing ind...

real	20m1,377s
user	19m51,063s
sys	0m9,689s
********************
16 of 61
/home/jakob/Documents/abstracton/benchmarks/dodo/FutureBus.json
t
exclusiveexclusive
Running as unit: run-r50cc0d0320be41ce88b157a6dcbff8ca.scope; invocation ID: e9206174e2f84e629b951c7b27dc3eb9
using Trap interpretation
computing ind...

real	20m1,150s
user	19m52,864s
sys	0m7,645s
********************
/home/jakob/Documents/abstracton/benchmarks/dodo/FutureBus.json
s
exclusiveexclusive
Running as unit: run-rd43a20f6f5a549198874a0fd5ebbd70d.scope; invocation ID: 3ca668b97a394dfe9945b149222eb1c8
using Siphon interpretation
computing ind...

real	20m0,792s
user	19m54,579s
sys	0m5,578s
********************
/home/jakob/Documents/abstracton/benchmarks/dodo/FutureBus.json
f
exclusiveexclusive
Running as unit: run-rdee09f246b9c4d3da890aaa4efc877e6.scope; invocation ID: aaa78bd4cb514e00bb96a8e9461071b6
using Flow interpretation
computing ind...

real	20m1,333s
user	19m51,131s
sys	0m9,568s
********************
17 of 61
/home/jakob/Documents/abstracton/benchmarks/dodo/FutureBus.json
t
deadlock
Running as unit: run-rc3767c6e1ff14067972cc2588b78e793.scope; invocation ID: 727f9b2bab974b9abdcd203fcb77376e
using Trap interpretation
computing ind...

real	20m1,050s
user	19m52,892s
sys	0m7,566s
********************
/home/jakob/Documents/abstracton/benchmarks/dodo/FutureBus.json
s
deadlock
Running as unit: run-ra2f66c86ae584d25a39b83566f4d33a7.scope; invocation ID: cc87f9b9769c49c89b72d2958f926057
using Siphon interpretation
computing ind...

real	20m0,787s
user	19m54,362s
sys	0m5,773s
********************
/home/jakob/Documents/abstracton/benchmarks/dodo/FutureBus.json
f
deadlock
Running as unit: run-rc1b9c9a26aa34b0cb177b4b499b14f6a.scope; invocation ID: 301dee7281a343abbe524fa1d924f033
using Flow interpretation
computing ind...

real	20m1,394s
user	19m51,209s
sys	0m9,470s
********************
18 of 61
/home/jakob/Documents/abstracton/benchmarks/dodo/Herman.json
t
notoken
Running as unit: run-r62be90799c694279b6b274e39e527c0e.scope; invocation ID: c13cb568014b417499f906e7ce22ba25
using Trap interpretation
computing ind...
automaton for ind has 88 states.
minimized automaton for ind has 5 states.
...done.
computing preach...
automaton for preach has 12 states.
minimized automaton for preach has 9 states.
...done.
trying to prove abstract safety...
...done.
Result: [1]
This means that the following properties could be separated from the initial configurations:
	[notoken]
While the following properties could not be separated from the initial configurations:
	[]

real	0m0,131s
user	0m0,104s
sys	0m0,010s
********************
/home/jakob/Documents/abstracton/benchmarks/dodo/Herman.json
s
notoken
Running as unit: run-rb48d490993c2403c8a168d8650a010d7.scope; invocation ID: 75fcc8be21794c779efd4bd5fc1969b0
using Siphon interpretation
computing ind...
automaton for ind has 56 states.
minimized automaton for ind has 4 states.
...done.
computing preach...
automaton for preach has 10 states.
minimized automaton for preach has 9 states.
...done.
trying to prove abstract safety...
...done.
Result: [0]
This means that the following properties could be separated from the initial configurations:
	[]
While the following properties could not be separated from the initial configurations:
	[notoken]

real	0m0,081s
user	0m0,054s
sys	0m0,011s
********************
/home/jakob/Documents/abstracton/benchmarks/dodo/Herman.json
f
notoken
Running as unit: run-r58c83411637c460dacd9e2f8230fb471.scope; invocation ID: e35aebbccd51439f82547f1a7ac61715
using Flow interpretation
computing ind...
automaton for ind has 341 states.
minimized automaton for ind has 4 states.
...done.
computing preach...
automaton for preach has 6 states.
minimized automaton for preach has 6 states.
...done.
trying to prove abstract safety...
...done.
Result: [0]
This means that the following properties could be separated from the initial configurations:
	[]
While the following properties could not be separated from the initial configurations:
	[notoken]

real	0m0,216s
user	0m0,190s
sys	0m0,012s
********************
19 of 61
/home/jakob/Documents/abstracton/benchmarks/dodo/Illinois.json
t
dirtydirty
Running as unit: run-rae41919a1da64dbeadcf4e152927c558.scope; invocation ID: b08b6920dfde480498dc5bdb3b727df9
using Trap interpretation
computing ind...
automaton for ind has 11192 states.
minimized automaton for ind has 12 states.
...done.
computing preach...
automaton for preach has 462 states.
minimized automaton for preach has 58 states.
...done.
trying to prove abstract safety...
...done.
Result: [0]
This means that the following properties could be separated from the initial configurations:
	[]
While the following properties could not be separated from the initial configurations:
	[dirtydirty]

real	0m11,185s
user	0m11,104s
sys	0m0,041s
********************
/home/jakob/Documents/abstracton/benchmarks/dodo/Illinois.json
s
dirtydirty
Running as unit: run-r16b96a10f4184e72ae37e21ad448b3a0.scope; invocation ID: 95c1f370a882415f8d5c4f272a46a7e5
using Siphon interpretation
computing ind...
automaton for ind has 4053 states.
minimized automaton for ind has 3 states.
...done.
computing preach...
automaton for preach has 7 states.
minimized automaton for preach has 5 states.
...done.
trying to prove abstract safety...
...done.
Result: [0]
This means that the following properties could be separated from the initial configurations:
	[]
While the following properties could not be separated from the initial configurations:
	[dirtydirty]

real	0m6,814s
user	0m6,766s
sys	0m0,031s
********************
/home/jakob/Documents/abstracton/benchmarks/dodo/Illinois.json
f
dirtydirty
Running as unit: run-r907cb10f3bbf40a2bd0613824477c08e.scope; invocation ID: 86a79c8d76e74596a29bcb4bb03a438e
using Flow interpretation
computing ind...
automaton for ind has 157716 states.
minimized automaton for ind has 4 states.
...done.
computing preach...
automaton for preach has 7 states.
minimized automaton for preach has 5 states.
...done.
trying to prove abstract safety...
...done.
Result: [0]
This means that the following properties could be separated from the initial configurations:
	[]
While the following properties could not be separated from the initial configurations:
	[dirtydirty]

real	7m46,495s
user	7m45,406s
sys	0m0,814s
********************
20 of 61
/home/jakob/Documents/abstracton/benchmarks/dodo/Illinois.json
t
dirtyshared
Running as unit: run-rbf1dbc51ae7342cdb9c8d4a153d7510d.scope; invocation ID: 804b020f4cee4e468a85a0cd2488f0da
using Trap interpretation
computing ind...
automaton for ind has 11192 states.
minimized automaton for ind has 12 states.
...done.
computing preach...
automaton for preach has 462 states.
minimized automaton for preach has 58 states.
...done.
trying to prove abstract safety...
...done.
Result: [0]
This means that the following properties could be separated from the initial configurations:
	[]
While the following properties could not be separated from the initial configurations:
	[dirtyshared]

real	0m10,937s
user	0m10,869s
sys	0m0,044s
********************
/home/jakob/Documents/abstracton/benchmarks/dodo/Illinois.json
s
dirtyshared
Running as unit: run-rff8dd043d323487bb573c6b43b8ae96f.scope; invocation ID: bcc806b61dd14036b5be3943bfeaef0f
using Siphon interpretation
computing ind...
automaton for ind has 4053 states.
minimized automaton for ind has 3 states.
...done.
computing preach...
automaton for preach has 7 states.
minimized automaton for preach has 5 states.
...done.
trying to prove abstract safety...
...done.
Result: [0]
This means that the following properties could be separated from the initial configurations:
	[]
While the following properties could not be separated from the initial configurations:
	[dirtyshared]

real	0m6,831s
user	0m6,777s
sys	0m0,034s
********************
/home/jakob/Documents/abstracton/benchmarks/dodo/Illinois.json
f
dirtyshared
Running as unit: run-r776a0ee89650405e8bd771f49fc5001d.scope; invocation ID: 9283488d8c384f2fa3fa4d46e4592ad8
using Flow interpretation
computing ind...
automaton for ind has 157716 states.
minimized automaton for ind has 4 states.
...done.
computing preach...
automaton for preach has 7 states.
minimized automaton for preach has 5 states.
...done.
trying to prove abstract safety...
...done.
Result: [0]
This means that the following properties could be separated from the initial configurations:
	[]
While the following properties could not be separated from the initial configurations:
	[dirtyshared]

real	7m46,979s
user	7m46,052s
sys	0m0,632s
********************
21 of 61
/home/jakob/Documents/abstracton/benchmarks/dodo/Illinois.json
t
deadlock
Running as unit: run-r93f58161a4f7418780b3148d2b27fd72.scope; invocation ID: 32e68e749d3b47f3a93578aef2d31da4
using Trap interpretation
computing ind...
automaton for ind has 11192 states.
minimized automaton for ind has 12 states.
...done.
computing preach...
automaton for preach has 462 states.
minimized automaton for preach has 58 states.
...done.
trying to prove abstract safety...
...done.
Result: [1]
This means that the following properties could be separated from the initial configurations:
	[deadlock]
While the following properties could not be separated from the initial configurations:
	[]

real	0m10,930s
user	0m10,858s
sys	0m0,049s
********************
/home/jakob/Documents/abstracton/benchmarks/dodo/Illinois.json
s
deadlock
Running as unit: run-r0d436ae2db4b457fb85c2d7cf1285191.scope; invocation ID: d8b670dc12874739a0182598b87dec94
using Siphon interpretation
computing ind...
automaton for ind has 4053 states.
minimized automaton for ind has 3 states.
...done.
computing preach...
automaton for preach has 7 states.
minimized automaton for preach has 5 states.
...done.
trying to prove abstract safety...
...done.
Result: [1]
This means that the following properties could be separated from the initial configurations:
	[deadlock]
While the following properties could not be separated from the initial configurations:
	[]

real	0m6,900s
user	0m6,840s
sys	0m0,035s
********************
/home/jakob/Documents/abstracton/benchmarks/dodo/Illinois.json
f
deadlock
Running as unit: run-r5c7fb101ab87412180d98982c2c2e64c.scope; invocation ID: 7955852d364f45d6886d8aca131c8da1
using Flow interpretation
computing ind...
automaton for ind has 157716 states.
minimized automaton for ind has 4 states.
...done.
computing preach...
automaton for preach has 7 states.
minimized automaton for preach has 5 states.
...done.
trying to prove abstract safety...
...done.
Result: [1]
This means that the following properties could be separated from the initial configurations:
	[deadlock]
While the following properties could not be separated from the initial configurations:
	[]

real	7m48,261s
user	7m47,289s
sys	0m0,698s
********************
22 of 61
/home/jakob/Documents/abstracton/benchmarks/dodo/Israeli-Jafon.json
t
notoken
Running as unit: run-r9536294dff8e430d84add7fdd2f85fb8.scope; invocation ID: 68a8f30821a7427481ca0da439a8c544
using Trap interpretation
computing ind...
automaton for ind has 74 states.
minimized automaton for ind has 5 states.
...done.
computing preach...
automaton for preach has 12 states.
minimized automaton for preach has 9 states.
...done.
trying to prove abstract safety...
...done.
Result: [1]
This means that the following properties could be separated from the initial configurations:
	[notoken]
While the following properties could not be separated from the initial configurations:
	[]

real	0m0,105s
user	0m0,074s
sys	0m0,014s
********************
/home/jakob/Documents/abstracton/benchmarks/dodo/Israeli-Jafon.json
s
notoken
Running as unit: run-rb76290e6f0bf43f99fe7ff1d380fd4f9.scope; invocation ID: 8d86aa6d24784a87b5495f7dd97dc18b
using Siphon interpretation
computing ind...
automaton for ind has 40 states.
minimized automaton for ind has 4 states.
...done.
computing preach...
automaton for preach has 10 states.
minimized automaton for preach has 9 states.
...done.
trying to prove abstract safety...
...done.
Result: [0]
This means that the following properties could be separated from the initial configurations:
	[]
While the following properties could not be separated from the initial configurations:
	[notoken]

real	0m0,062s
user	0m0,038s
sys	0m0,012s
********************
/home/jakob/Documents/abstracton/benchmarks/dodo/Israeli-Jafon.json
f
notoken
Running as unit: run-r2664fb69136748d69235d70e92a7889a.scope; invocation ID: d5bde7b7738d4cf7949d0e7ab13b2027
using Flow interpretation
computing ind...
automaton for ind has 240 states.
minimized automaton for ind has 4 states.
...done.
computing preach...
automaton for preach has 6 states.
minimized automaton for preach has 6 states.
...done.
trying to prove abstract safety...
...done.
Result: [0]
This means that the following properties could be separated from the initial configurations:
	[]
While the following properties could not be separated from the initial configurations:
	[notoken]

real	0m0,153s
user	0m0,123s
sys	0m0,012s
********************
23 of 61
/home/jakob/Documents/abstracton/benchmarks/dodo/MESI.json
t
modifiedmodified
Running as unit: run-r9a089936d7524e46a2da0e2ac23dfbd0.scope; invocation ID: 16c454482d754695be43e56f18ba9a6e
using Trap interpretation
computing ind...
automaton for ind has 667 states.
minimized automaton for ind has 6 states.
...done.
computing preach...
automaton for preach has 87 states.
minimized automaton for preach has 19 states.
...done.
trying to prove abstract safety...
...done.
Result: [1]
This means that the following properties could be separated from the initial configurations:
	[modifiedmodified]
While the following properties could not be separated from the initial configurations:
	[]

real	0m2,239s
user	0m2,205s
sys	0m0,014s
********************
/home/jakob/Documents/abstracton/benchmarks/dodo/MESI.json
s
modifiedmodified
Running as unit: run-rbcc41e6a43bd4117ae6f6f2ae6915357.scope; invocation ID: dcd5be088d5c4843845a1b947491799b
using Siphon interpretation
computing ind...
automaton for ind has 676 states.
minimized automaton for ind has 1 states.
...done.
computing preach...
automaton for preach has 3 states.
minimized automaton for preach has 2 states.
...done.
trying to prove abstract safety...
...done.
Result: [0]
This means that the following properties could be separated from the initial configurations:
	[]
While the following properties could not be separated from the initial configurations:
	[modifiedmodified]

real	0m1,405s
user	0m1,365s
sys	0m0,019s
********************
/home/jakob/Documents/abstracton/benchmarks/dodo/MESI.json
f
modifiedmodified
Running as unit: run-rbf9ff742df514a2ca4fe382ec1f2aaad.scope; invocation ID: efed6d99a4bd49bca6d0caf18cd60b56
using Flow interpretation
computing ind...
automaton for ind has 10009 states.
minimized automaton for ind has 2 states.
...done.
computing preach...
automaton for preach has 3 states.
minimized automaton for preach has 2 states.
...done.
trying to prove abstract safety...
...done.
Result: [0]
This means that the following properties could be separated from the initial configurations:
	[]
While the following properties could not be separated from the initial configurations:
	[modifiedmodified]

real	0m11,981s
user	0m11,907s
sys	0m0,051s
********************
24 of 61
/home/jakob/Documents/abstracton/benchmarks/dodo/MESI.json
t
sharedmodified
Running as unit: run-r83714e957c5c47468b9a66d89453b455.scope; invocation ID: 4f2418bf45d645709c612630286d6c3b
using Trap interpretation
computing ind...
automaton for ind has 667 states.
minimized automaton for ind has 6 states.
...done.
computing preach...
automaton for preach has 87 states.
minimized automaton for preach has 19 states.
...done.
trying to prove abstract safety...
...done.
Result: [1]
This means that the following properties could be separated from the initial configurations:
	[sharedmodified]
While the following properties could not be separated from the initial configurations:
	[]

real	0m2,280s
user	0m2,239s
sys	0m0,020s
********************
/home/jakob/Documents/abstracton/benchmarks/dodo/MESI.json
s
sharedmodified
Running as unit: run-r3f4fd6168ea34f6783cf94485b58e974.scope; invocation ID: 1d70d4684c28405cb549bb3960131a4b
using Siphon interpretation
computing ind...
automaton for ind has 676 states.
minimized automaton for ind has 1 states.
...done.
computing preach...
automaton for preach has 3 states.
minimized automaton for preach has 2 states.
...done.
trying to prove abstract safety...
...done.
Result: [0]
This means that the following properties could be separated from the initial configurations:
	[]
While the following properties could not be separated from the initial configurations:
	[sharedmodified]

real	0m1,447s
user	0m1,405s
sys	0m0,018s
********************
/home/jakob/Documents/abstracton/benchmarks/dodo/MESI.json
f
sharedmodified
Running as unit: run-r809cc2fe176a4183ba0da60c1581fb16.scope; invocation ID: 851f2ecf44114c82a077c2eb81667e15
using Flow interpretation
computing ind...
automaton for ind has 10009 states.
minimized automaton for ind has 2 states.
...done.
computing preach...
automaton for preach has 3 states.
minimized automaton for preach has 2 states.
...done.
trying to prove abstract safety...
...done.
Result: [0]
This means that the following properties could be separated from the initial configurations:
	[]
While the following properties could not be separated from the initial configurations:
	[sharedmodified]

real	0m12,034s
user	0m11,961s
sys	0m0,049s
********************
25 of 61
/home/jakob/Documents/abstracton/benchmarks/dodo/MESI.json
t
deadlock
Running as unit: run-ra181ff21c4f94ae2b197aa761d5d2a87.scope; invocation ID: cbd1e22c81bb4ad19506d76973fbf249
using Trap interpretation
computing ind...
automaton for ind has 667 states.
minimized automaton for ind has 6 states.
...done.
computing preach...
automaton for preach has 87 states.
minimized automaton for preach has 19 states.
...done.
trying to prove abstract safety...
...done.
Result: [1]
This means that the following properties could be separated from the initial configurations:
	[deadlock]
While the following properties could not be separated from the initial configurations:
	[]

real	0m2,230s
user	0m2,192s
sys	0m0,018s
********************
/home/jakob/Documents/abstracton/benchmarks/dodo/MESI.json
s
deadlock
Running as unit: run-rbc6d8d9ba8d243f4a2d66d4d84c7ad2a.scope; invocation ID: a2a704d4d2fc47d78325c8ece01d50d1
using Siphon interpretation
computing ind...
automaton for ind has 676 states.
minimized automaton for ind has 1 states.
...done.
computing preach...
automaton for preach has 3 states.
minimized automaton for preach has 2 states.
...done.
trying to prove abstract safety...
...done.
Result: [1]
This means that the following properties could be separated from the initial configurations:
	[deadlock]
While the following properties could not be separated from the initial configurations:
	[]

real	0m1,408s
user	0m1,374s
sys	0m0,017s
********************
/home/jakob/Documents/abstracton/benchmarks/dodo/MESI.json
f
deadlock
Running as unit: run-re02481dfa3c747d2a2c4e5fea3eeae43.scope; invocation ID: b3dec41a501d460eb043c2cbd938a88f
using Flow interpretation
computing ind...
automaton for ind has 10009 states.
minimized automaton for ind has 2 states.
...done.
computing preach...
automaton for preach has 3 states.
minimized automaton for preach has 2 states.
...done.
trying to prove abstract safety...
...done.
Result: [1]
This means that the following properties could be separated from the initial configurations:
	[deadlock]
While the following properties could not be separated from the initial configurations:
	[]

real	0m11,926s
user	0m11,842s
sys	0m0,054s
********************
26 of 61
/home/jakob/Documents/abstracton/benchmarks/dodo/MOESI.json
t
modifiedmodified
Running as unit: run-rf9afe54cbfc14e549b1864aaabb3d628.scope; invocation ID: bdd8cb1a6a4943ea9df4c2e08abaf0e0
using Trap interpretation
computing ind...
automaton for ind has 2045 states.
minimized automaton for ind has 13 states.
...done.
computing preach...
automaton for preach has 740 states.
minimized automaton for preach has 47 states.
...done.
trying to prove abstract safety...
...done.
Result: [1]
This means that the following properties could be separated from the initial configurations:
	[modifiedmodified]
While the following properties could not be separated from the initial configurations:
	[]

real	0m21,380s
user	0m21,275s
sys	0m0,061s
********************
/home/jakob/Documents/abstracton/benchmarks/dodo/MOESI.json
s
modifiedmodified
Running as unit: run-r9ef3f32772b6416aa051ed2a1c5ac1ea.scope; invocation ID: 5ccf022467544a6dbec6d0aa59d1eeee
using Siphon interpretation
computing ind...
automaton for ind has 1334 states.
minimized automaton for ind has 3 states.
...done.
computing preach...
automaton for preach has 8 states.
minimized automaton for preach has 5 states.
...done.
trying to prove abstract safety...
...done.
Result: [0]
This means that the following properties could be separated from the initial configurations:
	[]
While the following properties could not be separated from the initial configurations:
	[modifiedmodified]

real	0m11,559s
user	0m11,484s
sys	0m0,055s
********************
/home/jakob/Documents/abstracton/benchmarks/dodo/MOESI.json
f
modifiedmodified
Running as unit: run-r3b65bfcd51e64ab3baa3842c8fbea3d8.scope; invocation ID: feee54d3fa704512912149ebf9e46908
using Flow interpretation
computing ind...
automaton for ind has 34302 states.
minimized automaton for ind has 4 states.
...done.
computing preach...
automaton for preach has 8 states.
minimized automaton for preach has 5 states.
...done.
trying to prove abstract safety...
...done.
Result: [0]
This means that the following properties could be separated from the initial configurations:
	[]
While the following properties could not be separated from the initial configurations:
	[modifiedmodified]

real	1m44,526s
user	1m44,171s
sys	0m0,289s
********************
27 of 61
/home/jakob/Documents/abstracton/benchmarks/dodo/MOESI.json
t
exclusiveexclusive
Running as unit: run-rfb37ce3080544f749b76e2ede969ecbd.scope; invocation ID: 16299f4a5d7e416fbff178ebd3116445
using Trap interpretation
computing ind...
automaton for ind has 2045 states.
minimized automaton for ind has 13 states.
...done.
computing preach...
automaton for preach has 740 states.
minimized automaton for preach has 47 states.
...done.
trying to prove abstract safety...
...done.
Result: [1]
This means that the following properties could be separated from the initial configurations:
	[exclusiveexclusive]
While the following properties could not be separated from the initial configurations:
	[]

real	0m21,080s
user	0m20,984s
sys	0m0,072s
********************
/home/jakob/Documents/abstracton/benchmarks/dodo/MOESI.json
s
exclusiveexclusive
Running as unit: run-rd4e48042c0c041dea4cb714edf027f0b.scope; invocation ID: 730bf7a3ba0d4959844b84f7da01fd63
using Siphon interpretation
computing ind...
automaton for ind has 1334 states.
minimized automaton for ind has 3 states.
...done.
computing preach...
automaton for preach has 8 states.
minimized automaton for preach has 5 states.
...done.
trying to prove abstract safety...
...done.
Result: [0]
This means that the following properties could be separated from the initial configurations:
	[]
While the following properties could not be separated from the initial configurations:
	[exclusiveexclusive]

real	0m11,574s
user	0m11,479s
sys	0m0,067s
********************
/home/jakob/Documents/abstracton/benchmarks/dodo/MOESI.json
f
exclusiveexclusive
Running as unit: run-r9c3ac35e84224f8ca1cb597e828e6939.scope; invocation ID: 02d4ec9db5d44f068d750dfcdb7c9e47
using Flow interpretation
computing ind...
automaton for ind has 34302 states.
minimized automaton for ind has 4 states.
...done.
computing preach...
automaton for preach has 8 states.
minimized automaton for preach has 5 states.
...done.
trying to prove abstract safety...
...done.
Result: [0]
This means that the following properties could be separated from the initial configurations:
	[]
While the following properties could not be separated from the initial configurations:
	[exclusiveexclusive]

real	1m43,853s
user	1m43,484s
sys	0m0,300s
********************
28 of 61
/home/jakob/Documents/abstracton/benchmarks/dodo/MOESI.json
t
sharedexclusive
Running as unit: run-r0056d850389d4c4881f57bd4a1991dd5.scope; invocation ID: 3ab7ae01811045dd87efb534b694c1e1
using Trap interpretation
computing ind...
automaton for ind has 2045 states.
minimized automaton for ind has 13 states.
...done.
computing preach...
automaton for preach has 740 states.
minimized automaton for preach has 47 states.
...done.
trying to prove abstract safety...
...done.
Result: [1]
This means that the following properties could be separated from the initial configurations:
	[sharedexclusive]
While the following properties could not be separated from the initial configurations:
	[]

real	0m21,348s
user	0m21,235s
sys	0m0,084s
********************
/home/jakob/Documents/abstracton/benchmarks/dodo/MOESI.json
s
sharedexclusive
Running as unit: run-r72c9eaa4fb6245bb9bbc9b91dac48332.scope; invocation ID: 40574874fd044ec28a19b8c5c9a8342d
using Siphon interpretation
computing ind...
automaton for ind has 1334 states.
minimized automaton for ind has 3 states.
...done.
computing preach...
automaton for preach has 8 states.
minimized automaton for preach has 5 states.
...done.
trying to prove abstract safety...
...done.
Result: [0]
This means that the following properties could be separated from the initial configurations:
	[]
While the following properties could not be separated from the initial configurations:
	[sharedexclusive]

real	0m11,568s
user	0m11,467s
sys	0m0,081s
********************
/home/jakob/Documents/abstracton/benchmarks/dodo/MOESI.json
f
sharedexclusive
Running as unit: run-r233cb6ff53534503a4ec7d66bc197888.scope; invocation ID: a888024ca8e04cbc94dc5dc93267bc13
using Flow interpretation
computing ind...
automaton for ind has 34302 states.
minimized automaton for ind has 4 states.
...done.
computing preach...
automaton for preach has 8 states.
minimized automaton for preach has 5 states.
...done.
trying to prove abstract safety...
...done.
Result: [0]
This means that the following properties could be separated from the initial configurations:
	[]
While the following properties could not be separated from the initial configurations:
	[sharedexclusive]

real	1m44,896s
user	1m44,515s
sys	0m0,278s
********************
29 of 61
/home/jakob/Documents/abstracton/benchmarks/dodo/MOESI.json
t
ownedexclusive
Running as unit: run-rbe3b39e0d43a4edaaf95dd246024ed5d.scope; invocation ID: 5c1cc1bdc78341d3b3b43888d0b79904
using Trap interpretation
computing ind...
automaton for ind has 2045 states.
minimized automaton for ind has 13 states.
...done.
computing preach...
automaton for preach has 740 states.
minimized automaton for preach has 47 states.
...done.
trying to prove abstract safety...
...done.
Result: [1]
This means that the following properties could be separated from the initial configurations:
	[ownedexclusive]
While the following properties could not be separated from the initial configurations:
	[]

real	0m21,616s
user	0m21,514s
sys	0m0,076s
********************
/home/jakob/Documents/abstracton/benchmarks/dodo/MOESI.json
s
ownedexclusive
Running as unit: run-r10f7c0cb570941f997d8c8ffc1bdeea7.scope; invocation ID: d4933b7920b64faab9c818b4067b13b6
using Siphon interpretation
computing ind...
automaton for ind has 1334 states.
minimized automaton for ind has 3 states.
...done.
computing preach...
automaton for preach has 8 states.
minimized automaton for preach has 5 states.
...done.
trying to prove abstract safety...
...done.
Result: [0]
This means that the following properties could be separated from the initial configurations:
	[]
While the following properties could not be separated from the initial configurations:
	[ownedexclusive]

real	0m11,508s
user	0m11,420s
sys	0m0,064s
********************
/home/jakob/Documents/abstracton/benchmarks/dodo/MOESI.json
f
ownedexclusive
Running as unit: run-r829bc8bfd7184cb79de21583bedf4acd.scope; invocation ID: 31294411b9cf4e4aa1c2204b9c90388c
using Flow interpretation
computing ind...
automaton for ind has 34302 states.
minimized automaton for ind has 4 states.
...done.
computing preach...
automaton for preach has 8 states.
minimized automaton for preach has 5 states.
...done.
trying to prove abstract safety...
...done.
Result: [0]
This means that the following properties could be separated from the initial configurations:
	[]
While the following properties could not be separated from the initial configurations:
	[ownedexclusive]

real	1m43,580s
user	1m43,237s
sys	0m0,273s
********************
30 of 61
/home/jakob/Documents/abstracton/benchmarks/dodo/MOESI.json
t
exclusivemodified
Running as unit: run-r5874ecfdfa894a7099b734f2388c7f71.scope; invocation ID: 5c993352a40544538b0b4b5195c5c541
using Trap interpretation
computing ind...
automaton for ind has 2045 states.
minimized automaton for ind has 13 states.
...done.
computing preach...
automaton for preach has 740 states.
minimized automaton for preach has 47 states.
...done.
trying to prove abstract safety...
...done.
Result: [1]
This means that the following properties could be separated from the initial configurations:
	[exclusivemodified]
While the following properties could not be separated from the initial configurations:
	[]

real	0m21,486s
user	0m21,381s
sys	0m0,073s
********************
/home/jakob/Documents/abstracton/benchmarks/dodo/MOESI.json
s
exclusivemodified
Running as unit: run-r05207606eb9e49c7a185e28c54e88f80.scope; invocation ID: d56f83ed318145daa0a706ffffd6305a
using Siphon interpretation
computing ind...
automaton for ind has 1334 states.
minimized automaton for ind has 3 states.
...done.
computing preach...
automaton for preach has 8 states.
minimized automaton for preach has 5 states.
...done.
trying to prove abstract safety...
...done.
Result: [0]
This means that the following properties could be separated from the initial configurations:
	[]
While the following properties could not be separated from the initial configurations:
	[exclusivemodified]

real	0m11,176s
user	0m11,083s
sys	0m0,066s
********************
/home/jakob/Documents/abstracton/benchmarks/dodo/MOESI.json
f
exclusivemodified
Running as unit: run-raaeaf7dd77ee4a87bd17451e02e7fb17.scope; invocation ID: 56e364ebab7b4bffb1a05f8d94f5d099
using Flow interpretation
computing ind...
automaton for ind has 34302 states.
minimized automaton for ind has 4 states.
...done.
computing preach...
automaton for preach has 8 states.
minimized automaton for preach has 5 states.
...done.
trying to prove abstract safety...
...done.
Result: [0]
This means that the following properties could be separated from the initial configurations:
	[]
While the following properties could not be separated from the initial configurations:
	[exclusivemodified]

real	1m44,036s
user	1m43,648s
sys	0m0,295s
********************
31 of 61
/home/jakob/Documents/abstracton/benchmarks/dodo/MOESI.json
t
ownedmodified
Running as unit: run-r2a6f064eaaa8409e977fd5f2b2e1a90d.scope; invocation ID: 946e189c0633463f8585deb07d7318b0
using Trap interpretation
computing ind...
automaton for ind has 2045 states.
minimized automaton for ind has 13 states.
...done.
computing preach...
automaton for preach has 740 states.
minimized automaton for preach has 47 states.
...done.
trying to prove abstract safety...
...done.
Result: [1]
This means that the following properties could be separated from the initial configurations:
	[ownedmodified]
While the following properties could not be separated from the initial configurations:
	[]

real	0m21,397s
user	0m21,276s
sys	0m0,085s
********************
/home/jakob/Documents/abstracton/benchmarks/dodo/MOESI.json
s
ownedmodified
Running as unit: run-r71eeff5602cd462ba1f309b959a47c2b.scope; invocation ID: 0ac7dd74013843da8da0a578f30ef750
using Siphon interpretation
computing ind...
automaton for ind has 1334 states.
minimized automaton for ind has 3 states.
...done.
computing preach...
automaton for preach has 8 states.
minimized automaton for preach has 5 states.
...done.
trying to prove abstract safety...
...done.
Result: [0]
This means that the following properties could be separated from the initial configurations:
	[]
While the following properties could not be separated from the initial configurations:
	[ownedmodified]

real	0m11,318s
user	0m11,207s
sys	0m0,089s
********************
/home/jakob/Documents/abstracton/benchmarks/dodo/MOESI.json
f
ownedmodified
Running as unit: run-ra9f69d9c26444cc69c4a4ae6333afb4c.scope; invocation ID: dc90418297684e2093d21250d3eb07cb
using Flow interpretation
computing ind...
automaton for ind has 34302 states.
minimized automaton for ind has 4 states.
...done.
computing preach...
automaton for preach has 8 states.
minimized automaton for preach has 5 states.
...done.
trying to prove abstract safety...
...done.
Result: [0]
This means that the following properties could be separated from the initial configurations:
	[]
While the following properties could not be separated from the initial configurations:
	[ownedmodified]

real	1m44,523s
user	1m44,143s
sys	0m0,304s
********************
32 of 61
/home/jakob/Documents/abstracton/benchmarks/dodo/MOESI.json
t
sharedmodified
Running as unit: run-r2240f1d940aa4426bf3a0f5c2be0187d.scope; invocation ID: 8cc5109aedc04347b9ac32ec590bc77e
using Trap interpretation
computing ind...
automaton for ind has 2045 states.
minimized automaton for ind has 13 states.
...done.
computing preach...
automaton for preach has 740 states.
minimized automaton for preach has 47 states.
...done.
trying to prove abstract safety...
...done.
Result: [1]
This means that the following properties could be separated from the initial configurations:
	[sharedmodified]
While the following properties could not be separated from the initial configurations:
	[]

real	0m21,387s
user	0m21,272s
sys	0m0,086s
********************
/home/jakob/Documents/abstracton/benchmarks/dodo/MOESI.json
s
sharedmodified
Running as unit: run-r5ca638215e5e4a3fa9146f2d7c49dd5f.scope; invocation ID: c426f90b3cf14a4cab9130cf276bf06e
using Siphon interpretation
computing ind...
automaton for ind has 1334 states.
minimized automaton for ind has 3 states.
...done.
computing preach...
automaton for preach has 8 states.
minimized automaton for preach has 5 states.
...done.
trying to prove abstract safety...
...done.
Result: [0]
This means that the following properties could be separated from the initial configurations:
	[]
While the following properties could not be separated from the initial configurations:
	[sharedmodified]

real	0m11,384s
user	0m11,291s
sys	0m0,070s
********************
/home/jakob/Documents/abstracton/benchmarks/dodo/MOESI.json
f
sharedmodified
Running as unit: run-rdd58c1c6c26549be986e1a9b916d38ae.scope; invocation ID: 46531706102d4c2cb5de179ecec781c3
using Flow interpretation
computing ind...
automaton for ind has 34302 states.
minimized automaton for ind has 4 states.
...done.
computing preach...
automaton for preach has 8 states.
minimized automaton for preach has 5 states.
...done.
trying to prove abstract safety...
...done.
Result: [0]
This means that the following properties could be separated from the initial configurations:
	[]
While the following properties could not be separated from the initial configurations:
	[sharedmodified]

real	1m44,070s
user	1m43,759s
sys	0m0,234s
********************
33 of 61
/home/jakob/Documents/abstracton/benchmarks/dodo/MOESI.json
t
deadlock
Running as unit: run-rc06f04431aee47498aacfb0aca8833fa.scope; invocation ID: 4a692c46ec9f4db487fc17013e091e91
using Trap interpretation
computing ind...
automaton for ind has 2045 states.
minimized automaton for ind has 13 states.
...done.
computing preach...
automaton for preach has 740 states.
minimized automaton for preach has 47 states.
...done.
trying to prove abstract safety...
...done.
Result: [1]
This means that the following properties could be separated from the initial configurations:
	[deadlock]
While the following properties could not be separated from the initial configurations:
	[]

real	0m21,943s
user	0m21,823s
sys	0m0,094s
********************
/home/jakob/Documents/abstracton/benchmarks/dodo/MOESI.json
s
deadlock
Running as unit: run-r84b82f3b15bd4aa29e5f30a77a62defc.scope; invocation ID: 85a7ecddaaec4de18fa92b5c673c4d0a
using Siphon interpretation
computing ind...
automaton for ind has 1334 states.
minimized automaton for ind has 3 states.
...done.
computing preach...
automaton for preach has 8 states.
minimized automaton for preach has 5 states.
...done.
trying to prove abstract safety...
...done.
Result: [1]
This means that the following properties could be separated from the initial configurations:
	[deadlock]
While the following properties could not be separated from the initial configurations:
	[]

real	0m12,205s
user	0m12,103s
sys	0m0,081s
********************
/home/jakob/Documents/abstracton/benchmarks/dodo/MOESI.json
f
deadlock
Running as unit: run-r11572d8049f64b71bb6dd3b9fdbc6b9e.scope; invocation ID: fbd77b9a7bb34aef8d7413c7563f0dba
using Flow interpretation
computing ind...
automaton for ind has 34302 states.
minimized automaton for ind has 4 states.
...done.
computing preach...
automaton for preach has 8 states.
minimized automaton for preach has 5 states.
...done.
trying to prove abstract safety...
...done.
Result: [1]
This means that the following properties could be separated from the initial configurations:
	[deadlock]
While the following properties could not be separated from the initial configurations:
	[]

real	1m43,668s
user	1m43,317s
sys	0m0,283s
********************
34 of 61
/home/jakob/Documents/abstracton/benchmarks/dodo/Szymanski.json
t
nomutex
Running as unit: run-ra9b133dab56846abbcba40db09d2e8e7.scope; invocation ID: 4b09c1c4a1af473e95e9a74c8c049d23
using Trap interpretation

real	20m3,174s
user	19m36,511s
sys	0m25,899s
********************
/home/jakob/Documents/abstracton/benchmarks/dodo/Szymanski.json
s
nomutex
Running as unit: run-r77f8a3b34f27409aae9cf162fc0a03bd.scope; invocation ID: e99c9c280dc64e06b8f288befda70fc4
using Siphon interpretation

real	20m3,212s
user	19m36,693s
sys	0m25,784s
********************
/home/jakob/Documents/abstracton/benchmarks/dodo/Szymanski.json
f
nomutex
Running as unit: run-r12d91313aab947d2932b01cbe3ce105d.scope; invocation ID: 3e34a5db4059461c890baf6f700df2a7
using Flow interpretation

real	20m3,049s
user	19m36,298s
sys	0m25,837s
********************
35 of 61
/home/jakob/Documents/abstracton/benchmarks/dodo/Szymanski.json
t
deadlock
Running as unit: run-r9f6e423765854fc6b7b43f7447757090.scope; invocation ID: 014394e56bc14e4bb6f30897798942aa
using Trap interpretation

real	20m2,990s
user	19m36,657s
sys	0m25,519s
********************
/home/jakob/Documents/abstracton/benchmarks/dodo/Szymanski.json
s
deadlock
Running as unit: run-rc9a58d6f4af74a79b7ea33dc03877034.scope; invocation ID: fd8d29b9a89f42e99d60aad070bea740
using Siphon interpretation

real	20m3,088s
user	19m36,485s
sys	0m25,852s
********************
/home/jakob/Documents/abstracton/benchmarks/dodo/Szymanski.json
f
deadlock
Running as unit: run-rece6d6c18c7b4b2592bb775766a73edc.scope; invocation ID: 304765767889409f8e5e7da676cf359b
using Flow interpretation

real	20m3,165s
user	19m36,455s
sys	0m25,863s
********************
36 of 61
/home/jakob/Documents/abstracton/benchmarks/dodo/atomic-dining-philosophers.json
t
deadlock
Running as unit: run-r8744c905ee8e47c88ea55a933e3f861c.scope; invocation ID: 1996c2d490934026930bc4a4c8fad6d6
using Trap interpretation
computing ind...
automaton for ind has 1241 states.
minimized automaton for ind has 27 states.
...done.
computing preach...
automaton for preach has 3247 states.
minimized automaton for preach has 205 states.
...done.
trying to prove abstract safety...
...done.
Result: [1]
This means that the following properties could be separated from the initial configurations:
	[deadlock]
While the following properties could not be separated from the initial configurations:
	[]

real	0m3,156s
user	0m3,090s
sys	0m0,051s
********************
/home/jakob/Documents/abstracton/benchmarks/dodo/atomic-dining-philosophers.json
s
deadlock
Running as unit: run-r0d26073a619b48f49d24097f9aef6ad7.scope; invocation ID: cabad7febf8b4f0792d1c04bef32df0f
using Siphon interpretation
computing ind...
automaton for ind has 628 states.
minimized automaton for ind has 24 states.
...done.
computing preach...
automaton for preach has 1891 states.
minimized automaton for preach has 159 states.
...done.
trying to prove abstract safety...
...done.
Result: [0]
This means that the following properties could be separated from the initial configurations:
	[]
While the following properties could not be separated from the initial configurations:
	[deadlock]

real	0m1,505s
user	0m1,469s
sys	0m0,013s
********************
/home/jakob/Documents/abstracton/benchmarks/dodo/atomic-dining-philosophers.json
f
deadlock
Running as unit: run-re901db65a4c64808846ecf27bdf22e98.scope; invocation ID: c2560820bb644d4aa15c57dbba83ecde
using Flow interpretation
computing ind...
automaton for ind has 7382 states.
minimized automaton for ind has 56 states.
...done.
computing preach...
automaton for preach has 273565 states.
minimized automaton for preach has 1100 states.
...done.
trying to prove abstract safety...
...done.
Result: [0]
This means that the following properties could be separated from the initial configurations:
	[]
While the following properties could not be separated from the initial configurations:
	[deadlock]

real	4m18,606s
user	4m17,331s
sys	0m1,111s
********************
37 of 61
/home/jakob/Documents/abstracton/benchmarks/dodo/bakery.json
t
nomutex
Running as unit: run-r54e73db71c704e41b31480c31797a914.scope; invocation ID: dc15b0b95f474174a128aa0f06ab2e5c
using Trap interpretation
computing ind...
automaton for ind has 90 states.
minimized automaton for ind has 7 states.
...done.
computing preach...
automaton for preach has 270 states.
minimized automaton for preach has 32 states.
...done.
trying to prove abstract safety...
...done.
Result: [1]
This means that the following properties could be separated from the initial configurations:
	[nomutex]
While the following properties could not be separated from the initial configurations:
	[]

real	0m0,208s
user	0m0,176s
sys	0m0,011s
********************
/home/jakob/Documents/abstracton/benchmarks/dodo/bakery.json
s
nomutex
Running as unit: run-rb358e97248594486a3d0387304cc871c.scope; invocation ID: 82afdd9ace694ad49d447e0d48b559c5
using Siphon interpretation
computing ind...
automaton for ind has 60 states.
minimized automaton for ind has 2 states.
...done.
computing preach...
automaton for preach has 17 states.
minimized automaton for preach has 5 states.
...done.
trying to prove abstract safety...
...done.
Result: [0]
This means that the following properties could be separated from the initial configurations:
	[]
While the following properties could not be separated from the initial configurations:
	[nomutex]

real	0m0,091s
user	0m0,063s
sys	0m0,013s
********************
/home/jakob/Documents/abstracton/benchmarks/dodo/bakery.json
f
nomutex
Running as unit: run-rff8ade82921f4e47849713ae0fa968e2.scope; invocation ID: db4cdcbf43a94867ad067f20457708d3
using Flow interpretation
computing ind...
automaton for ind has 1053 states.
minimized automaton for ind has 4 states.
...done.
computing preach...
automaton for preach has 72 states.
minimized automaton for preach has 9 states.
...done.
trying to prove abstract safety...
...done.
Result: [0]
This means that the following properties could be separated from the initial configurations:
	[]
While the following properties could not be separated from the initial configurations:
	[nomutex]

real	0m0,393s
user	0m0,367s
sys	0m0,012s
********************
38 of 61
/home/jakob/Documents/abstracton/benchmarks/dodo/dining-cryptographers.json
t
internal
Running as unit: run-r91ff9a7868d4417695621fd182ced577.scope; invocation ID: e1b9e2db05b84f89a704878b6a38a26c
using Trap interpretation
computing ind...

real	20m0,256s
user	19m57,790s
sys	0m1,844s
********************
/home/jakob/Documents/abstracton/benchmarks/dodo/dining-cryptographers.json
s
internal
Running as unit: run-rd41f41f931c64d62beb105007a2358ad.scope; invocation ID: a51cabb490244037b52dc6298df284d6
using Siphon interpretation
computing ind...

real	20m0,149s
user	19m58,445s
sys	0m1,116s
********************
/home/jakob/Documents/abstracton/benchmarks/dodo/dining-cryptographers.json
f
internal
Running as unit: run-r5c7404bbd195408ba8149bd214918d9e.scope; invocation ID: d307e97733804f00a30230db5c57b61f
using Flow interpretation
computing ind...

real	20m0,324s
user	19m57,526s
sys	0m2,205s
********************
39 of 61
/home/jakob/Documents/abstracton/benchmarks/dodo/dining-cryptographers.json
t
external
Running as unit: run-r1ac08d3c9ec847209b86f5f7552282ca.scope; invocation ID: 3d8c2a198adb4642aae105fe463879d2
using Trap interpretation
computing ind...

real	20m0,247s
user	19m57,739s
sys	0m1,919s
********************
/home/jakob/Documents/abstracton/benchmarks/dodo/dining-cryptographers.json
s
external
Running as unit: run-rd9c1978d601440c498e2f71cf71418e1.scope; invocation ID: b7db69da4840499d94654dc675d61941
using Siphon interpretation
computing ind...

real	20m0,157s
user	19m58,427s
sys	0m1,137s
********************
/home/jakob/Documents/abstracton/benchmarks/dodo/dining-cryptographers.json
f
external
Running as unit: run-rbe7f59b58ce64a2eae2892d2c1e7d57b.scope; invocation ID: 447c37b1f8ec4c559536efdb4917b32d
using Flow interpretation
computing ind...

real	20m0,322s
user	19m57,398s
sys	0m2,345s
********************
40 of 61
/home/jakob/Documents/abstracton/benchmarks/dodo/dragon.json
t
dirtydirty
Running as unit: run-re8b423d3717a409294dfa70d16d64d1b.scope; invocation ID: ce88cb4c75ac4b75ab97aef6907087d3
using Trap interpretation
computing ind...
automaton for ind has 23107 states.
minimized automaton for ind has 37 states.
...done.
computing preach...
automaton for preach has 9428 states.
minimized automaton for preach has 141 states.
...done.
trying to prove abstract safety...
...done.
Result: [1]
This means that the following properties could be separated from the initial configurations:
	[dirtydirty]
While the following properties could not be separated from the initial configurations:
	[]

real	1m37,683s
user	1m37,416s
sys	0m0,206s
********************
/home/jakob/Documents/abstracton/benchmarks/dodo/dragon.json
s
dirtydirty
Running as unit: run-r40c357fc81cb4481bdc2d93932bdfdd6.scope; invocation ID: 8f868168cbbf4f89956d440d9e2ea3b9
using Siphon interpretation
computing ind...
automaton for ind has 11078 states.
minimized automaton for ind has 3 states.
...done.
computing preach...
automaton for preach has 9 states.
minimized automaton for preach has 7 states.
...done.
trying to prove abstract safety...
...done.
Result: [0]
This means that the following properties could be separated from the initial configurations:
	[]
While the following properties could not be separated from the initial configurations:
	[dirtydirty]

real	0m59,508s
user	0m59,290s
sys	0m0,170s
********************
/home/jakob/Documents/abstracton/benchmarks/dodo/dragon.json
f
dirtydirty
Running as unit: run-rc7d6bd36ca9f4c7bbf067352b678d7a2.scope; invocation ID: b0cbb224f847480fad6e282f6c24066e
using Flow interpretation
computing ind...

real	20m0,121s
user	19m58,464s
sys	0m1,001s
********************
41 of 61
/home/jakob/Documents/abstracton/benchmarks/dodo/dragon.json
t
exclusiveexclusive
Running as unit: run-rfb7276c3ab3d4e6280c10736a01d44c6.scope; invocation ID: 0ca6897fcb6449c78784663c0bdf3f94
using Trap interpretation
computing ind...
automaton for ind has 23107 states.
minimized automaton for ind has 37 states.
...done.
computing preach...
automaton for preach has 9428 states.
minimized automaton for preach has 141 states.
...done.
trying to prove abstract safety...
...done.
Result: [1]
This means that the following properties could be separated from the initial configurations:
	[exclusiveexclusive]
While the following properties could not be separated from the initial configurations:
	[]

real	1m37,448s
user	1m37,163s
sys	0m0,206s
********************
/home/jakob/Documents/abstracton/benchmarks/dodo/dragon.json
s
exclusiveexclusive
Running as unit: run-r6a0a4072ce2e47a59f28deafd9e3b0ba.scope; invocation ID: 6887e9d2b18d4adda8870680949b7116
using Siphon interpretation
computing ind...
automaton for ind has 11078 states.
minimized automaton for ind has 3 states.
...done.
computing preach...
automaton for preach has 9 states.
minimized automaton for preach has 7 states.
...done.
trying to prove abstract safety...
...done.
Result: [0]
This means that the following properties could be separated from the initial configurations:
	[]
While the following properties could not be separated from the initial configurations:
	[exclusiveexclusive]

real	0m59,507s
user	0m59,320s
sys	0m0,140s
********************
/home/jakob/Documents/abstracton/benchmarks/dodo/dragon.json
f
exclusiveexclusive
Running as unit: run-r42bfbb05020e4e40abbd73a2a3d76181.scope; invocation ID: c28c5a016bae496b9984bd759581f005
using Flow interpretation
computing ind...

real	20m0,116s
user	19m58,312s
sys	0m1,190s
********************
42 of 61
/home/jakob/Documents/abstracton/benchmarks/dodo/dragon.json
t
dirtysharedexclusive
Running as unit: run-r778ab4bf55634c06b33ad68275306902.scope; invocation ID: 400324acb9454e34aae5f61765b56df6
using Trap interpretation
computing ind...
automaton for ind has 23107 states.
minimized automaton for ind has 37 states.
...done.
computing preach...
automaton for preach has 9428 states.
minimized automaton for preach has 141 states.
...done.
trying to prove abstract safety...
...done.
Result: [1]
This means that the following properties could be separated from the initial configurations:
	[dirtysharedexclusive]
While the following properties could not be separated from the initial configurations:
	[]

real	1m37,748s
user	1m37,447s
sys	0m0,239s
********************
/home/jakob/Documents/abstracton/benchmarks/dodo/dragon.json
s
dirtysharedexclusive
Running as unit: run-rc4a20367b63844dbba4b3bc6d668bca4.scope; invocation ID: a7c9db07352e4744ae6cb58bc6890a2f
using Siphon interpretation
computing ind...
automaton for ind has 11078 states.
minimized automaton for ind has 3 states.
...done.
computing preach...
automaton for preach has 9 states.
minimized automaton for preach has 7 states.
...done.
trying to prove abstract safety...
...done.
Result: [0]
This means that the following properties could be separated from the initial configurations:
	[]
While the following properties could not be separated from the initial configurations:
	[dirtysharedexclusive]

real	1m0,210s
user	0m59,944s
sys	0m0,218s
********************
/home/jakob/Documents/abstracton/benchmarks/dodo/dragon.json
f
dirtysharedexclusive
Running as unit: run-rb9c70876b91a40ee952d52be84a8bcdb.scope; invocation ID: 707a4c4b88c2483a8479acbbed577127
using Flow interpretation
computing ind...

real	20m0,119s
user	19m58,273s
sys	0m1,235s
********************
43 of 61
/home/jakob/Documents/abstracton/benchmarks/dodo/dragon.json
t
exclusiveshared
Running as unit: run-r3bb0b703787746d0a1a243cbc07b6c99.scope; invocation ID: 89715964e476497aaa7a01ece5e959a2
using Trap interpretation
computing ind...
automaton for ind has 23107 states.
minimized automaton for ind has 37 states.
...done.
computing preach...
automaton for preach has 9428 states.
minimized automaton for preach has 141 states.
...done.
trying to prove abstract safety...
...done.
Result: [1]
This means that the following properties could be separated from the initial configurations:
	[exclusiveshared]
While the following properties could not be separated from the initial configurations:
	[]

real	1m37,401s
user	1m37,101s
sys	0m0,238s
********************
/home/jakob/Documents/abstracton/benchmarks/dodo/dragon.json
s
exclusiveshared
Running as unit: run-r7951ab86cf3a46649c16af3ec9dbcfea.scope; invocation ID: c483aaeabaa1465380da09ae9bebe0cf
using Siphon interpretation
computing ind...
automaton for ind has 11078 states.
minimized automaton for ind has 3 states.
...done.
computing preach...
automaton for preach has 9 states.
minimized automaton for preach has 7 states.
...done.
trying to prove abstract safety...
...done.
Result: [0]
This means that the following properties could be separated from the initial configurations:
	[]
While the following properties could not be separated from the initial configurations:
	[exclusiveshared]

real	1m0,081s
user	0m59,876s
sys	0m0,165s
********************
/home/jakob/Documents/abstracton/benchmarks/dodo/dragon.json
f
exclusiveshared
Running as unit: run-rfdbf5ae6e4d84d30acf0849f1cc267c0.scope; invocation ID: 313cb93a16ec4794821894c706020c9e
using Flow interpretation
computing ind...

real	20m0,112s
user	19m58,369s
sys	0m1,066s
********************
44 of 61
/home/jakob/Documents/abstracton/benchmarks/dodo/dragon.json
t
exclusivedirty
Running as unit: run-rf9ee44555ce04749a085d1d7cd33d6f0.scope; invocation ID: 94b236b3d2de491181f34f20fee851b7
using Trap interpretation
computing ind...
automaton for ind has 23107 states.
minimized automaton for ind has 37 states.
...done.
computing preach...
automaton for preach has 9428 states.
minimized automaton for preach has 141 states.
...done.
trying to prove abstract safety...
...done.
Result: [1]
This means that the following properties could be separated from the initial configurations:
	[exclusivedirty]
While the following properties could not be separated from the initial configurations:
	[]

real	1m38,000s
user	1m37,683s
sys	0m0,241s
********************
/home/jakob/Documents/abstracton/benchmarks/dodo/dragon.json
s
exclusivedirty
Running as unit: run-rf0fa618edcb1426482a1b5aa20357ba2.scope; invocation ID: fc80d5c2e1f84a36926a6cc7f4f7248e
using Siphon interpretation
computing ind...
automaton for ind has 11078 states.
minimized automaton for ind has 3 states.
...done.
computing preach...
automaton for preach has 9 states.
minimized automaton for preach has 7 states.
...done.
trying to prove abstract safety...
...done.
Result: [0]
This means that the following properties could be separated from the initial configurations:
	[]
While the following properties could not be separated from the initial configurations:
	[exclusivedirty]

real	0m59,317s
user	0m59,095s
sys	0m0,171s
********************
/home/jakob/Documents/abstracton/benchmarks/dodo/dragon.json
f
exclusivedirty
Running as unit: run-r0185e177d3714ceba9db63d251f444a4.scope; invocation ID: 63d2ef298db8402a80cdd2b7641b098e
using Flow interpretation
computing ind...

real	20m0,115s
user	19m58,236s
sys	0m1,276s
********************
45 of 61
/home/jakob/Documents/abstracton/benchmarks/dodo/dragon.json
t
shareddirty
Running as unit: run-r0fb70470d4894a9483084b1c57d62415.scope; invocation ID: 04c36821f555467292f921143a519ec8
using Trap interpretation
computing ind...
automaton for ind has 23107 states.
minimized automaton for ind has 37 states.
...done.
computing preach...
automaton for preach has 9428 states.
minimized automaton for preach has 141 states.
...done.
trying to prove abstract safety...
...done.
Result: [1]
This means that the following properties could be separated from the initial configurations:
	[shareddirty]
While the following properties could not be separated from the initial configurations:
	[]

real	1m37,773s
user	1m37,466s
sys	0m0,239s
********************
/home/jakob/Documents/abstracton/benchmarks/dodo/dragon.json
s
shareddirty
Running as unit: run-r52cc0e05cf3f40c1a4d69a2615fb99ff.scope; invocation ID: 2f01f9a1bc9b48ae9d87bf0c2c00473f
using Siphon interpretation
computing ind...
automaton for ind has 11078 states.
minimized automaton for ind has 3 states.
...done.
computing preach...
automaton for preach has 9 states.
minimized automaton for preach has 7 states.
...done.
trying to prove abstract safety...
...done.
Result: [0]
This means that the following properties could be separated from the initial configurations:
	[]
While the following properties could not be separated from the initial configurations:
	[shareddirty]

real	0m59,765s
user	0m59,549s
sys	0m0,151s
********************
/home/jakob/Documents/abstracton/benchmarks/dodo/dragon.json
f
shareddirty
Running as unit: run-re383f7a2b3d7450790fcae768837326a.scope; invocation ID: 5f746ee5ffa549ddaf65d270979ef28c
using Flow interpretation
computing ind...

real	20m0,120s
user	19m58,293s
sys	0m1,105s
********************
46 of 61
/home/jakob/Documents/abstracton/benchmarks/dodo/dragon.json
t
dirtyshareddirty
Running as unit: run-rd1670360d06546a1be6d266976401652.scope; invocation ID: ff59be7e701f43a2b87ed77426cf5d7c
using Trap interpretation
computing ind...
automaton for ind has 23107 states.
minimized automaton for ind has 37 states.
...done.
computing preach...
automaton for preach has 9428 states.
minimized automaton for preach has 141 states.
...done.
trying to prove abstract safety...
...done.
Result: [0]
This means that the following properties could be separated from the initial configurations:
	[]
While the following properties could not be separated from the initial configurations:
	[dirtyshareddirty]

real	1m37,825s
user	1m37,553s
sys	0m0,201s
********************
/home/jakob/Documents/abstracton/benchmarks/dodo/dragon.json
s
dirtyshareddirty
Running as unit: run-rf212c954eb254b388b7a44567c80c31e.scope; invocation ID: fe80a50cdffa4e81a8b0440d9760ddef
using Siphon interpretation
computing ind...
automaton for ind has 11078 states.
minimized automaton for ind has 3 states.
...done.
computing preach...
automaton for preach has 9 states.
minimized automaton for preach has 7 states.
...done.
trying to prove abstract safety...
...done.
Result: [0]
This means that the following properties could be separated from the initial configurations:
	[]
While the following properties could not be separated from the initial configurations:
	[dirtyshareddirty]

real	0m59,912s
user	0m59,699s
sys	0m0,167s
********************
/home/jakob/Documents/abstracton/benchmarks/dodo/dragon.json
f
dirtyshareddirty
Running as unit: run-r1565229b2f62489eb7c0b35c9f2dddcc.scope; invocation ID: a3b9b00b0287456db6e5f3609a51b378
using Flow interpretation
computing ind...

real	20m0,117s
user	19m58,402s
sys	0m0,947s
********************
47 of 61
/home/jakob/Documents/abstracton/benchmarks/dodo/dragon.json
t
deadlock
Running as unit: run-r1e3e1f6e8767430a89c11ebd7917d432.scope; invocation ID: f698c6ad7cb2404aaee0a645345118b4
using Trap interpretation
computing ind...
automaton for ind has 23107 states.
minimized automaton for ind has 37 states.
...done.
computing preach...
automaton for preach has 9428 states.
minimized automaton for preach has 141 states.
...done.
trying to prove abstract safety...
...done.
Result: [1]
This means that the following properties could be separated from the initial configurations:
	[deadlock]
While the following properties could not be separated from the initial configurations:
	[]

real	1m37,405s
user	1m37,117s
sys	0m0,219s
********************
/home/jakob/Documents/abstracton/benchmarks/dodo/dragon.json
s
deadlock
Running as unit: run-rbfb7f146392443ce80395a00365f9c09.scope; invocation ID: a2c631be68234ff2a441578e7ef1e0ec
using Siphon interpretation
computing ind...
automaton for ind has 11078 states.
minimized automaton for ind has 3 states.
...done.
computing preach...
automaton for preach has 9 states.
minimized automaton for preach has 7 states.
...done.
trying to prove abstract safety...
...done.
Result: [1]
This means that the following properties could be separated from the initial configurations:
	[deadlock]
While the following properties could not be separated from the initial configurations:
	[]

real	0m59,700s
user	0m59,481s
sys	0m0,164s
********************
/home/jakob/Documents/abstracton/benchmarks/dodo/dragon.json
f
deadlock
Running as unit: run-r8742f4ba723940a2ba1a0ba0d1a64370.scope; invocation ID: 6e29b6a98dd94ec6b9ee1944e745281e
using Flow interpretation
computing ind...

real	20m0,113s
user	19m58,582s
sys	0m0,915s
********************
48 of 61
/home/jakob/Documents/abstracton/benchmarks/dodo/firefly.json
t
dirtydirty
Running as unit: run-r3f4ae5a04c274abc9e331263e49195c5.scope; invocation ID: 403727583e13433780cee464edda943e
using Trap interpretation
computing ind...
automaton for ind has 4478 states.
minimized automaton for ind has 4 states.
...done.
computing preach...
automaton for preach has 32 states.
minimized automaton for preach has 13 states.
...done.
trying to prove abstract safety...
...done.
Result: [0]
This means that the following properties could be separated from the initial configurations:
	[]
While the following properties could not be separated from the initial configurations:
	[dirtydirty]

real	0m6,714s
user	0m6,663s
sys	0m0,036s
********************
/home/jakob/Documents/abstracton/benchmarks/dodo/firefly.json
s
dirtydirty
Running as unit: run-r6f294576a13b44b19247c5c5686a1e43.scope; invocation ID: 619017cb3ef1415ea5bcc32645c225fb
using Siphon interpretation
computing ind...
automaton for ind has 3630 states.
minimized automaton for ind has 3 states.
...done.
computing preach...
automaton for preach has 7 states.
minimized automaton for preach has 5 states.
...done.
trying to prove abstract safety...
...done.
Result: [0]
This means that the following properties could be separated from the initial configurations:
	[]
While the following properties could not be separated from the initial configurations:
	[dirtydirty]

real	0m5,974s
user	0m5,921s
sys	0m0,038s
********************
/home/jakob/Documents/abstracton/benchmarks/dodo/firefly.json
f
dirtydirty
Running as unit: run-r0de37d1a9e41434b93540d6032212fbc.scope; invocation ID: fa8bf73073bf4b6490a37fc3bfaa6784
using Flow interpretation
computing ind...
automaton for ind has 48266 states.
minimized automaton for ind has 4 states.
...done.
computing preach...
automaton for preach has 7 states.
minimized automaton for preach has 5 states.
...done.
trying to prove abstract safety...
...done.
Result: [0]
This means that the following properties could be separated from the initial configurations:
	[]
While the following properties could not be separated from the initial configurations:
	[dirtydirty]

real	1m35,543s
user	1m35,302s
sys	0m0,168s
********************
49 of 61
/home/jakob/Documents/abstracton/benchmarks/dodo/firefly.json
t
exclusiveexclusive
Running as unit: run-r38ed7800ff424294a77e975637eacfe0.scope; invocation ID: fc2f4acf8e0a4c5787aa59b7b5827a9e
using Trap interpretation
computing ind...
automaton for ind has 4478 states.
minimized automaton for ind has 4 states.
...done.
computing preach...
automaton for preach has 32 states.
minimized automaton for preach has 13 states.
...done.
trying to prove abstract safety...
...done.
Result: [0]
This means that the following properties could be separated from the initial configurations:
	[]
While the following properties could not be separated from the initial configurations:
	[exclusiveexclusive]

real	0m6,715s
user	0m6,659s
sys	0m0,038s
********************
/home/jakob/Documents/abstracton/benchmarks/dodo/firefly.json
s
exclusiveexclusive
Running as unit: run-r35561e15e6df413daa11f8d8517a4503.scope; invocation ID: 5d265546b77a40269bb927d9580b951f
using Siphon interpretation
computing ind...
automaton for ind has 3630 states.
minimized automaton for ind has 3 states.
...done.
computing preach...
automaton for preach has 7 states.
minimized automaton for preach has 5 states.
...done.
trying to prove abstract safety...
...done.
Result: [0]
This means that the following properties could be separated from the initial configurations:
	[]
While the following properties could not be separated from the initial configurations:
	[exclusiveexclusive]

real	0m5,714s
user	0m5,665s
sys	0m0,029s
********************
/home/jakob/Documents/abstracton/benchmarks/dodo/firefly.json
f
exclusiveexclusive
Running as unit: run-re7fb05d35c0544f1912afa562e0d84d8.scope; invocation ID: a0ce37c458a0463a84298bfafd685440
using Flow interpretation
computing ind...
automaton for ind has 48266 states.
minimized automaton for ind has 4 states.
...done.
computing preach...
automaton for preach has 7 states.
minimized automaton for preach has 5 states.
...done.
trying to prove abstract safety...
...done.
Result: [0]
This means that the following properties could be separated from the initial configurations:
	[]
While the following properties could not be separated from the initial configurations:
	[exclusiveexclusive]

real	1m36,167s
user	1m35,827s
sys	0m0,279s
********************
50 of 61
/home/jakob/Documents/abstracton/benchmarks/dodo/firefly.json
t
dirtyshared
Running as unit: run-rb5c2745c4a334595977e936e8d0a66c5.scope; invocation ID: afb1ad1f4cf14ec49393f8b45aab0480
using Trap interpretation
computing ind...
automaton for ind has 4478 states.
minimized automaton for ind has 4 states.
...done.
computing preach...
automaton for preach has 32 states.
minimized automaton for preach has 13 states.
...done.
trying to prove abstract safety...
...done.
Result: [0]
This means that the following properties could be separated from the initial configurations:
	[]
While the following properties could not be separated from the initial configurations:
	[dirtyshared]

real	0m6,769s
user	0m6,717s
sys	0m0,030s
********************
/home/jakob/Documents/abstracton/benchmarks/dodo/firefly.json
s
dirtyshared
Running as unit: run-r71060d893c6744ac9b3ceada85c26f42.scope; invocation ID: 30b9074457c54fa68e5d54f76b99b9e4
using Siphon interpretation
computing ind...
automaton for ind has 3630 states.
minimized automaton for ind has 3 states.
...done.
computing preach...
automaton for preach has 7 states.
minimized automaton for preach has 5 states.
...done.
trying to prove abstract safety...
...done.
Result: [0]
This means that the following properties could be separated from the initial configurations:
	[]
While the following properties could not be separated from the initial configurations:
	[dirtyshared]

real	0m5,818s
user	0m5,773s
sys	0m0,022s
********************
/home/jakob/Documents/abstracton/benchmarks/dodo/firefly.json
f
dirtyshared
Running as unit: run-r41237cd46e1d4bba8b056d4c922c53b3.scope; invocation ID: 9a0e7dfede8a42b48a0b77c3556e367f
using Flow interpretation
computing ind...
automaton for ind has 48266 states.
minimized automaton for ind has 4 states.
...done.
computing preach...
automaton for preach has 7 states.
minimized automaton for preach has 5 states.
...done.
trying to prove abstract safety...
...done.
Result: [0]
This means that the following properties could be separated from the initial configurations:
	[]
While the following properties could not be separated from the initial configurations:
	[dirtyshared]

real	1m36,333s
user	1m36,092s
sys	0m0,160s
********************
51 of 61
/home/jakob/Documents/abstracton/benchmarks/dodo/firefly.json
t
dirtyexclusive
Running as unit: run-re14530a2c5fb4c4bb5bd559e6977de8d.scope; invocation ID: 860bc82723804e93ac1cee9640bee800
using Trap interpretation
computing ind...
automaton for ind has 4478 states.
minimized automaton for ind has 4 states.
...done.
computing preach...
automaton for preach has 32 states.
minimized automaton for preach has 13 states.
...done.
trying to prove abstract safety...
...done.
Result: [0]
This means that the following properties could be separated from the initial configurations:
	[]
While the following properties could not be separated from the initial configurations:
	[dirtyexclusive]

real	0m6,732s
user	0m6,656s
sys	0m0,042s
********************
/home/jakob/Documents/abstracton/benchmarks/dodo/firefly.json
s
dirtyexclusive
Running as unit: run-r6394d41dd10b4d818d8558aab0760dbd.scope; invocation ID: 28470bf49f0f4bb3ac6d709730e7587e
using Siphon interpretation
computing ind...
automaton for ind has 3630 states.
minimized automaton for ind has 3 states.
...done.
computing preach...
automaton for preach has 7 states.
minimized automaton for preach has 5 states.
...done.
trying to prove abstract safety...
...done.
Result: [0]
This means that the following properties could be separated from the initial configurations:
	[]
While the following properties could not be separated from the initial configurations:
	[dirtyexclusive]

real	0m5,729s
user	0m5,674s
sys	0m0,031s
********************
/home/jakob/Documents/abstracton/benchmarks/dodo/firefly.json
f
dirtyexclusive
Running as unit: run-re01d76c2b476417f9beb1d2fc833fb9c.scope; invocation ID: 76a9f36bfa7f43d4915382e3ace2a40c
using Flow interpretation
computing ind...
automaton for ind has 48266 states.
minimized automaton for ind has 4 states.
...done.
computing preach...
automaton for preach has 7 states.
minimized automaton for preach has 5 states.
...done.
trying to prove abstract safety...
...done.
Result: [0]
This means that the following properties could be separated from the initial configurations:
	[]
While the following properties could not be separated from the initial configurations:
	[dirtyexclusive]

real	1m35,269s
user	1m35,030s
sys	0m0,170s
********************
52 of 61
/home/jakob/Documents/abstracton/benchmarks/dodo/firefly.json
t
deadlock
Running as unit: run-rd28fc902af6246e1b64b279059f98115.scope; invocation ID: a423046e603a48bcbd6caf6088b81fba
using Trap interpretation
computing ind...
automaton for ind has 4478 states.
minimized automaton for ind has 4 states.
...done.
computing preach...
automaton for preach has 32 states.
minimized automaton for preach has 13 states.
...done.
trying to prove abstract safety...
...done.
Result: [1]
This means that the following properties could be separated from the initial configurations:
	[deadlock]
While the following properties could not be separated from the initial configurations:
	[]

real	0m6,906s
user	0m6,850s
sys	0m0,037s
********************
/home/jakob/Documents/abstracton/benchmarks/dodo/firefly.json
s
deadlock
Running as unit: run-r9127f3ada1de496b96d83fc91ef2f6ee.scope; invocation ID: 2f618626f2204f2b87623335a30c2f8e
using Siphon interpretation
computing ind...
automaton for ind has 3630 states.
minimized automaton for ind has 3 states.
...done.
computing preach...
automaton for preach has 7 states.
minimized automaton for preach has 5 states.
...done.
trying to prove abstract safety...
...done.
Result: [1]
This means that the following properties could be separated from the initial configurations:
	[deadlock]
While the following properties could not be separated from the initial configurations:
	[]

real	0m5,664s
user	0m5,609s
sys	0m0,037s
********************
/home/jakob/Documents/abstracton/benchmarks/dodo/firefly.json
f
deadlock
Running as unit: run-r30d0c0d7d5604c1082572e0f83fcb95a.scope; invocation ID: ec7e0f4bf1f84be98c77a5070a304195
using Flow interpretation
computing ind...
automaton for ind has 48266 states.
minimized automaton for ind has 4 states.
...done.
computing preach...
automaton for preach has 7 states.
minimized automaton for preach has 5 states.
...done.
trying to prove abstract safety...
...done.
Result: [1]
This means that the following properties could be separated from the initial configurations:
	[deadlock]
While the following properties could not be separated from the initial configurations:
	[]

real	1m35,518s
user	1m35,203s
sys	0m0,254s
********************
53 of 61
/home/jakob/Documents/abstracton/benchmarks/dodo/left-dining-philosophers.json
t
deadlock
Running as unit: run-rd9170e466ede41899f6ef5ccd3053861.scope; invocation ID: 51a0e81ecd58441fb06b39ac97531e94
using Trap interpretation
computing ind...
automaton for ind has 11242 states.
minimized automaton for ind has 42 states.
...done.
computing preach...
automaton for preach has 39258 states.
minimized automaton for preach has 280 states.
...done.
trying to prove abstract safety...
...done.
Result: [0]
This means that the following properties could be separated from the initial configurations:
	[]
While the following properties could not be separated from the initial configurations:
	[deadlock]

real	4m48,982s
user	4m47,947s
sys	0m0,834s
********************
/home/jakob/Documents/abstracton/benchmarks/dodo/left-dining-philosophers.json
s
deadlock
Running as unit: run-r73d8b9ee3e634902bc81eaabf54b2771.scope; invocation ID: b0b66132db5e40cea12238f2db56d685
using Siphon interpretation
computing ind...
automaton for ind has 5672 states.
minimized automaton for ind has 40 states.
...done.
computing preach...
automaton for preach has 16544 states.
minimized automaton for preach has 208 states.
...done.
trying to prove abstract safety...
...done.
Result: [0]
This means that the following properties could be separated from the initial configurations:
	[]
While the following properties could not be separated from the initial configurations:
	[deadlock]

real	2m29,486s
user	2m28,806s
sys	0m0,579s
********************
/home/jakob/Documents/abstracton/benchmarks/dodo/left-dining-philosophers.json
f
deadlock
Running as unit: run-rf82b83bd080c46cab3240d4bbc1fb540.scope; invocation ID: c84cb66794d6436eb46e581f00aa9106
using Flow interpretation
computing ind...
automaton for ind has 85260 states.
minimized automaton for ind has 71 states.
...done.
computing preach...

real	20m0,183s
user	19m56,903s
sys	0m2,602s
********************
54 of 61
/home/jakob/Documents/abstracton/benchmarks/dodo/lehmann-rabin.json
t
deadlock
Running as unit: run-ra83f47fa793749818979c483f003fce1.scope; invocation ID: 9999dbc4600f4b22b6f4b36a884ce875
using Trap interpretation
computing ind...
automaton for ind has 5932 states.
minimized automaton for ind has 12 states.
...done.
computing preach...
automaton for preach has 751 states.
minimized automaton for preach has 50 states.
...done.
trying to prove abstract safety...
...done.
Result: [1]
This means that the following properties could be separated from the initial configurations:
	[deadlock]
While the following properties could not be separated from the initial configurations:
	[]

real	2m44,174s
user	2m43,509s
sys	0m0,567s
********************
/home/jakob/Documents/abstracton/benchmarks/dodo/lehmann-rabin.json
s
deadlock
Running as unit: run-r331ca6791a344ee1948c7e97e51d4c65.scope; invocation ID: 9c78f9c5a79f4e23b7dcbae196a3ea40
using Siphon interpretation
computing ind...
automaton for ind has 3029 states.
minimized automaton for ind has 11 states.
...done.
computing preach...
automaton for preach has 421 states.
minimized automaton for preach has 38 states.
...done.
trying to prove abstract safety...
...done.
Result: [0]
This means that the following properties could be separated from the initial configurations:
	[]
While the following properties could not be separated from the initial configurations:
	[deadlock]

real	1m25,065s
user	1m24,594s
sys	0m0,411s
********************
/home/jakob/Documents/abstracton/benchmarks/dodo/lehmann-rabin.json
f
deadlock
Running as unit: run-r5780534e7cdb4565bbefee408dcee616.scope; invocation ID: 3e12c4a2ecf5493cafab1d2127aa8006
using Flow interpretation
computing ind...
automaton for ind has 33302 states.
minimized automaton for ind has 24 states.
...done.
computing preach...
automaton for preach has 2654 states.
minimized automaton for preach has 115 states.
...done.
trying to prove abstract safety...
...done.
Result: [0]
This means that the following properties could be separated from the initial configurations:
	[]
While the following properties could not be separated from the initial configurations:
	[deadlock]

real	9m37,318s
user	9m35,024s
sys	0m1,968s
********************
55 of 61
/home/jakob/Documents/abstracton/benchmarks/dodo/synapse.json
t
dirtydirty
Running as unit: run-rb161f7abc2024032947ae9f85a448704.scope; invocation ID: 3548122bfa6b44e5a1d1a83d70e75163
using Trap interpretation
computing ind...
automaton for ind has 106 states.
minimized automaton for ind has 5 states.
...done.
computing preach...
automaton for preach has 34 states.
minimized automaton for preach has 10 states.
...done.
trying to prove abstract safety...
...done.
Result: [1]
This means that the following properties could be separated from the initial configurations:
	[dirtydirty]
While the following properties could not be separated from the initial configurations:
	[]

real	0m0,256s
user	0m0,229s
sys	0m0,013s
********************
/home/jakob/Documents/abstracton/benchmarks/dodo/synapse.json
s
dirtydirty
Running as unit: run-r0383986851594fe5b5594680e2eb4052.scope; invocation ID: 2161c7a2c7ae489cb37dbd8af2f4046a
using Siphon interpretation
computing ind...
automaton for ind has 57 states.
minimized automaton for ind has 1 states.
...done.
computing preach...
automaton for preach has 3 states.
minimized automaton for preach has 2 states.
...done.
trying to prove abstract safety...
...done.
Result: [0]
This means that the following properties could be separated from the initial configurations:
	[]
While the following properties could not be separated from the initial configurations:
	[dirtydirty]

real	0m0,141s
user	0m0,118s
sys	0m0,011s
********************
/home/jakob/Documents/abstracton/benchmarks/dodo/synapse.json
f
dirtydirty
Running as unit: run-r119665876a3548a681ac516b6a3cd0d0.scope; invocation ID: 2eb875649ffb48d9a67f166c933d90a1
using Flow interpretation
computing ind...
automaton for ind has 367 states.
minimized automaton for ind has 2 states.
...done.
computing preach...
automaton for preach has 3 states.
minimized automaton for preach has 2 states.
...done.
trying to prove abstract safety...
...done.
Result: [0]
This means that the following properties could be separated from the initial configurations:
	[]
While the following properties could not be separated from the initial configurations:
	[dirtydirty]

real	0m0,451s
user	0m0,424s
sys	0m0,012s
********************
56 of 61
/home/jakob/Documents/abstracton/benchmarks/dodo/synapse.json
t
dirtyvalid
Running as unit: run-r685df787c7394adda371e42841741c28.scope; invocation ID: 024bc68fb2c54833aa9425955d27a813
using Trap interpretation
computing ind...
automaton for ind has 106 states.
minimized automaton for ind has 5 states.
...done.
computing preach...
automaton for preach has 34 states.
minimized automaton for preach has 10 states.
...done.
trying to prove abstract safety...
...done.
Result: [1]
This means that the following properties could be separated from the initial configurations:
	[dirtyvalid]
While the following properties could not be separated from the initial configurations:
	[]

real	0m0,252s
user	0m0,225s
sys	0m0,010s
********************
/home/jakob/Documents/abstracton/benchmarks/dodo/synapse.json
s
dirtyvalid
Running as unit: run-rfd0bac5f07104af09c784be67ecb1cc2.scope; invocation ID: 394346d48d9f4e2aa5534b4ec24e60ad
using Siphon interpretation
computing ind...
automaton for ind has 57 states.
minimized automaton for ind has 1 states.
...done.
computing preach...
automaton for preach has 3 states.
minimized automaton for preach has 2 states.
...done.
trying to prove abstract safety...
...done.
Result: [0]
This means that the following properties could be separated from the initial configurations:
	[]
While the following properties could not be separated from the initial configurations:
	[dirtyvalid]

real	0m0,143s
user	0m0,114s
sys	0m0,011s
********************
/home/jakob/Documents/abstracton/benchmarks/dodo/synapse.json
f
dirtyvalid
Running as unit: run-r14cb66b551ac4e21be43926ada3a5b4e.scope; invocation ID: 5eb1e0a5723d4d66a379323b8e8ce67d
using Flow interpretation
computing ind...
automaton for ind has 367 states.
minimized automaton for ind has 2 states.
...done.
computing preach...
automaton for preach has 3 states.
minimized automaton for preach has 2 states.
...done.
trying to prove abstract safety...
...done.
Result: [0]
This means that the following properties could be separated from the initial configurations:
	[]
While the following properties could not be separated from the initial configurations:
	[dirtyvalid]

real	0m0,437s
user	0m0,418s
sys	0m0,013s
********************
57 of 61
/home/jakob/Documents/abstracton/benchmarks/dodo/synapse.json
t
deadlock
Running as unit: run-r873b8eda3a7848d6a35a616b8920e6f1.scope; invocation ID: a99736dbae2247918d7838c0fdfd757b
using Trap interpretation
computing ind...
automaton for ind has 106 states.
minimized automaton for ind has 5 states.
...done.
computing preach...
automaton for preach has 34 states.
minimized automaton for preach has 10 states.
...done.
trying to prove abstract safety...
...done.
Result: [1]
This means that the following properties could be separated from the initial configurations:
	[deadlock]
While the following properties could not be separated from the initial configurations:
	[]

real	0m0,253s
user	0m0,221s
sys	0m0,012s
********************
/home/jakob/Documents/abstracton/benchmarks/dodo/synapse.json
s
deadlock
Running as unit: run-r6d4d0618d79c44d7a385840ba7ba1bb8.scope; invocation ID: 874f3e266a9141a9987f81db0d77fbe8
using Siphon interpretation
computing ind...
automaton for ind has 57 states.
minimized automaton for ind has 1 states.
...done.
computing preach...
automaton for preach has 3 states.
minimized automaton for preach has 2 states.
...done.
trying to prove abstract safety...
...done.
Result: [1]
This means that the following properties could be separated from the initial configurations:
	[deadlock]
While the following properties could not be separated from the initial configurations:
	[]

real	0m0,142s
user	0m0,115s
sys	0m0,010s
********************
/home/jakob/Documents/abstracton/benchmarks/dodo/synapse.json
f
deadlock
Running as unit: run-r4a864c80449f4ab29a74cb4093d36409.scope; invocation ID: 2bfe2b696e724f819037e14dfa4d668c
using Flow interpretation
computing ind...
automaton for ind has 367 states.
minimized automaton for ind has 2 states.
...done.
computing preach...
automaton for preach has 3 states.
minimized automaton for preach has 2 states.
...done.
trying to prove abstract safety...
...done.
Result: [1]
This means that the following properties could be separated from the initial configurations:
	[deadlock]
While the following properties could not be separated from the initial configurations:
	[]

real	0m0,455s
user	0m0,421s
sys	0m0,015s
********************
58 of 61
/home/jakob/Documents/abstracton/benchmarks/dodo/token-passing-no-invariant.json
t
notoken
Running as unit: run-r852420c559fa459896ab3fd3a2937132.scope; invocation ID: 6164b925d24e4f83bc5e8dd6ff2f6dce
using Trap interpretation
computing ind...
automaton for ind has 26 states.
minimized automaton for ind has 7 states.
...done.
computing preach...
automaton for preach has 65 states.
minimized automaton for preach has 7 states.
...done.
trying to prove abstract safety...
...done.
Result: [1]
This means that the following properties could be separated from the initial configurations:
	[notoken]
While the following properties could not be separated from the initial configurations:
	[]

real	0m0,074s
user	0m0,040s
sys	0m0,011s
********************
/home/jakob/Documents/abstracton/benchmarks/dodo/token-passing-no-invariant.json
s
notoken
Running as unit: run-r0ee81cedf0fb41349fb8e5a7bb561362.scope; invocation ID: 275a22f77ab543de92608cb7c04f1fbb
using Siphon interpretation
computing ind...
automaton for ind has 13 states.
minimized automaton for ind has 3 states.
...done.
computing preach...
automaton for preach has 30 states.
minimized automaton for preach has 7 states.
...done.
trying to prove abstract safety...
...done.
Result: [0]
This means that the following properties could be separated from the initial configurations:
	[]
While the following properties could not be separated from the initial configurations:
	[notoken]

real	0m0,043s
user	0m0,021s
sys	0m0,008s
********************
/home/jakob/Documents/abstracton/benchmarks/dodo/token-passing-no-invariant.json
f
notoken
Running as unit: run-rab6e7682bc9e4e2089c96137f96a9415.scope; invocation ID: b37b33d7839f4fd68627f5b277c8e8e1
using Flow interpretation
computing ind...
automaton for ind has 181 states.
minimized automaton for ind has 9 states.
...done.
computing preach...
automaton for preach has 278 states.
minimized automaton for preach has 23 states.
...done.
trying to prove abstract safety...
...done.
Result: [1]
This means that the following properties could be separated from the initial configurations:
	[notoken]
While the following properties could not be separated from the initial configurations:
	[]

real	0m0,102s
user	0m0,074s
sys	0m0,011s
********************
59 of 61
/home/jakob/Documents/abstracton/benchmarks/dodo/token-passing-no-invariant.json
t
manytoken
Running as unit: run-rda2a2e4883204897a89f3cfc3b650b24.scope; invocation ID: 7c9f16e84d0f45c98e8f088639ecae4b
using Trap interpretation
computing ind...
automaton for ind has 26 states.
minimized automaton for ind has 7 states.
...done.
computing preach...
automaton for preach has 65 states.
minimized automaton for preach has 7 states.
...done.
trying to prove abstract safety...
...done.
Result: [0]
This means that the following properties could be separated from the initial configurations:
	[]
While the following properties could not be separated from the initial configurations:
	[manytoken]

real	0m0,065s
user	0m0,041s
sys	0m0,008s
********************
/home/jakob/Documents/abstracton/benchmarks/dodo/token-passing-no-invariant.json
s
manytoken
Running as unit: run-r4069ee9f16b8411884fdc3ceceea9c3a.scope; invocation ID: aa9ec262f538425e8623bc5b4ca37327
using Siphon interpretation
computing ind...
automaton for ind has 13 states.
minimized automaton for ind has 3 states.
...done.
computing preach...
automaton for preach has 30 states.
minimized automaton for preach has 7 states.
...done.
trying to prove abstract safety...
...done.
Result: [0]
This means that the following properties could be separated from the initial configurations:
	[]
While the following properties could not be separated from the initial configurations:
	[manytoken]

real	0m0,048s
user	0m0,019s
sys	0m0,010s
********************
/home/jakob/Documents/abstracton/benchmarks/dodo/token-passing-no-invariant.json
f
manytoken
Running as unit: run-r378908adc96a432fafba320edf2c5b33.scope; invocation ID: 5124e67db1ad45998aaa55d4851b32ba
using Flow interpretation
computing ind...
automaton for ind has 181 states.
minimized automaton for ind has 9 states.
...done.
computing preach...
automaton for preach has 278 states.
minimized automaton for preach has 23 states.
...done.
trying to prove abstract safety...
...done.
Result: [1]
This means that the following properties could be separated from the initial configurations:
	[manytoken]
While the following properties could not be separated from the initial configurations:
	[]

real	0m0,104s
user	0m0,073s
sys	0m0,010s
********************
60 of 61
/home/jakob/Documents/abstracton/benchmarks/dodo/token-passing.json
t
notoken
Running as unit: run-r83e151b104c34dcfb9847e8c40d00c5c.scope; invocation ID: 85bc7cd2834f443f9f96a1a125ef907d
using Trap interpretation
computing ind...
automaton for ind has 24 states.
minimized automaton for ind has 6 states.
...done.
computing preach...
automaton for preach has 347 states.
minimized automaton for preach has 12 states.
...done.
trying to prove abstract safety...
...done.
Result: [1]
This means that the following properties could be separated from the initial configurations:
	[notoken]
While the following properties could not be separated from the initial configurations:
	[]

real	0m0,093s
user	0m0,059s
sys	0m0,009s
********************
/home/jakob/Documents/abstracton/benchmarks/dodo/token-passing.json
s
notoken
Running as unit: run-rff835429a8cc49fc9d2dd2488ce67bf6.scope; invocation ID: ea13018b2b644586bdec0771d6a4aa6c
using Siphon interpretation
computing ind...
automaton for ind has 15 states.
minimized automaton for ind has 6 states.
...done.
computing preach...
automaton for preach has 281 states.
minimized automaton for preach has 11 states.
...done.
trying to prove abstract safety...
...done.
Result: [0]
This means that the following properties could be separated from the initial configurations:
	[]
While the following properties could not be separated from the initial configurations:
	[notoken]

real	0m0,071s
user	0m0,040s
sys	0m0,009s
********************
/home/jakob/Documents/abstracton/benchmarks/dodo/token-passing.json
f
notoken
Running as unit: run-r66219f25d621487d93772bb6f391584e.scope; invocation ID: 2736bb7b0bed41d48de9c90985b9eed7
using Flow interpretation
computing ind...
automaton for ind has 125 states.
minimized automaton for ind has 19 states.
...done.
computing preach...
automaton for preach has 28718 states.
minimized automaton for preach has 10 states.
...done.
trying to prove abstract safety...
...done.
Result: [1]
This means that the following properties could be separated from the initial configurations:
	[notoken]
While the following properties could not be separated from the initial configurations:
	[]

real	0m10,984s
user	0m10,885s
sys	0m0,076s
********************
61 of 61
/home/jakob/Documents/abstracton/benchmarks/dodo/token-passing.json
t
manytoken
Running as unit: run-r0aa5c29449fb4a299e8f8235ed50631c.scope; invocation ID: 05bfc231c22b421f938a35cc318159aa
using Trap interpretation
computing ind...
automaton for ind has 24 states.
minimized automaton for ind has 6 states.
...done.
computing preach...
automaton for preach has 347 states.
minimized automaton for preach has 12 states.
...done.
trying to prove abstract safety...
...done.
Result: [1]
This means that the following properties could be separated from the initial configurations:
	[manytoken]
While the following properties could not be separated from the initial configurations:
	[]

real	0m0,077s
user	0m0,054s
sys	0m0,011s
********************
/home/jakob/Documents/abstracton/benchmarks/dodo/token-passing.json
s
manytoken
Running as unit: run-r066342d5aee549339a927f32fb1efc67.scope; invocation ID: 0fd5f0b4c512424c9d28b630a93c9a62
using Siphon interpretation
computing ind...
automaton for ind has 15 states.
minimized automaton for ind has 6 states.
...done.
computing preach...
automaton for preach has 281 states.
minimized automaton for preach has 11 states.
...done.
trying to prove abstract safety...
...done.
Result: [0]
This means that the following properties could be separated from the initial configurations:
	[]
While the following properties could not be separated from the initial configurations:
	[manytoken]

real	0m0,066s
user	0m0,035s
sys	0m0,012s
********************
/home/jakob/Documents/abstracton/benchmarks/dodo/token-passing.json
f
manytoken
Running as unit: run-r184b8a2075d94004b773034d98e4da24.scope; invocation ID: 029a62721d6f46cb9ea9cbc92d905669
using Flow interpretation
computing ind...
automaton for ind has 125 states.
minimized automaton for ind has 19 states.
...done.
computing preach...
automaton for preach has 28718 states.
minimized automaton for preach has 10 states.
...done.
trying to prove abstract safety...
...done.
Result: [1]
This means that the following properties could be separated from the initial configurations:
	[manytoken]
While the following properties could not be separated from the initial configurations:
	[]

real	0m11,074s
user	0m10,952s
sys	0m0,091s
********************
