0 of 61
/home/jakob/Documents/abstracton/benchmarks/dodo/Berkeley.json
t
exclusiveexclusive
Running as unit: run-r265c76d9303e47d2a5708c1cf838992f.scope; invocation ID: 713d01b01b004ae69cb29dd9c7eff470
Time needed for parsing json file: 2149[µs]
alphabet size: 4
using Trap interpretation
Time needed for constructing Trap interpretation transducer: 2437[µs]
computing ind...
Time needed for constructing complement of ind: 4724[µs]
Time needed for computing ind: 158201[µs]
Time needed for minimizing ind: 15449[µs]
Time needed for computing ind (total): 178501[µs]
automaton for ind has 10 states.
...done.
computing complement of preach...
Time needed for constructing identity on ind: 357[µs]
Time needed for computing product v_id of abstraction framework with identity on ind: 15618[µs]
Time needed for computing product of v_id with complement of abstraction framework: 79856[µs]
Time needed for computing complement of preach: 97232[µs]
automaton for complement of preach has 462 states.
...of which, 14 states are at level 0.
Time needed for trimming complement of preach: 1171[µs]
...done.
trying to prove abstract safety...
Time needed for constructing transducer for unsafe property: 7[µs]
Time needed for constructing transducer for (initial, unsafe) pairs: 172[µs]
Time needed for constructing transducer for complement of (initial, unsafe) pairs: 342[µs]
Time needed for building union of complements of preach and (initial, unsafe)-transducer: 390[µs]
Time needed for checking universality using lazy-inclusion-bfs algorithm: 138[µs]
Time needed for checking abstract safety: 1145[µs]
...done.
Result: [0]
This means that the following properties could be separated from the initial configurations:
	[]
While the following properties could not be separated from the initial configurations:
	[exclusiveexclusive]

real	0m0,311s
user	0m0,277s
sys	0m0,020s
********************
/home/jakob/Documents/abstracton/benchmarks/dodo/Berkeley.json
s
exclusiveexclusive
Running as unit: run-r21a2f2ca06e24225b4f5d24eed92c84a.scope; invocation ID: f589a1a5945f4313a692072b151499c4
Time needed for parsing json file: 2023[µs]
alphabet size: 4
using Siphon interpretation
Time needed for constructing Siphon interpretation transducer: 965[µs]
computing ind...
Time needed for constructing complement of ind: 1555[µs]
Time needed for computing ind: 23485[µs]
Time needed for minimizing ind: 6888[µs]
Time needed for computing ind (total): 31980[µs]
automaton for ind has 5 states.
...done.
computing complement of preach...
Time needed for constructing identity on ind: 216[µs]
Time needed for computing product v_id of abstraction framework with identity on ind: 2557[µs]
Time needed for computing product of v_id with complement of abstraction framework: 712[µs]
Time needed for computing complement of preach: 4191[µs]
automaton for complement of preach has 5 states.
...of which, 2 states are at level 0.
Time needed for trimming complement of preach: 22[µs]
...done.
trying to prove abstract safety...
Time needed for constructing transducer for unsafe property: 6[µs]
Time needed for constructing transducer for (initial, unsafe) pairs: 142[µs]
Time needed for constructing transducer for complement of (initial, unsafe) pairs: 307[µs]
Time needed for building union of complements of preach and (initial, unsafe)-transducer: 53[µs]
Time needed for checking universality using lazy-inclusion-bfs algorithm: 24[µs]
Time needed for checking abstract safety: 577[µs]
...done.
Result: [0]
This means that the following properties could be separated from the initial configurations:
	[]
While the following properties could not be separated from the initial configurations:
	[exclusiveexclusive]

real	0m0,064s
user	0m0,041s
sys	0m0,010s
********************
/home/jakob/Documents/abstracton/benchmarks/dodo/Berkeley.json
f
exclusiveexclusive
Running as unit: run-r12f9e4deb20e430abb4236eb5182281c.scope; invocation ID: 4fb117ee5daf44e79935f29da01f617a
Time needed for parsing json file: 2117[µs]
alphabet size: 4
using Flow interpretation
Time needed for constructing Flow interpretation transducer: 2049[µs]
computing ind...
Time needed for constructing complement of ind: 4900[µs]
Time needed for computing ind: 909611[µs]
Time needed for minimizing ind: 81812[µs]
Time needed for computing ind (total): 996452[µs]
automaton for ind has 7 states.
...done.
computing complement of preach...
Time needed for constructing identity on ind: 250[µs]
Time needed for computing product v_id of abstraction framework with identity on ind: 4813[µs]
Time needed for computing product of v_id with complement of abstraction framework: 1189[µs]
Time needed for computing complement of preach: 7534[µs]
automaton for complement of preach has 5 states.
...of which, 2 states are at level 0.
Time needed for trimming complement of preach: 26[µs]
...done.
trying to prove abstract safety...
Time needed for constructing transducer for unsafe property: 5[µs]
Time needed for constructing transducer for (initial, unsafe) pairs: 166[µs]
Time needed for constructing transducer for complement of (initial, unsafe) pairs: 285[µs]
Time needed for building union of complements of preach and (initial, unsafe)-transducer: 61[µs]
Time needed for checking universality using lazy-inclusion-bfs algorithm: 23[µs]
Time needed for checking abstract safety: 585[µs]
...done.
Result: [0]
This means that the following properties could be separated from the initial configurations:
	[]
While the following properties could not be separated from the initial configurations:
	[exclusiveexclusive]

real	0m1,038s
user	0m1,006s
sys	0m0,014s
********************
1 of 61
/home/jakob/Documents/abstracton/benchmarks/dodo/Berkeley.json
t
exclusiveunowned
Running as unit: run-r466cf5867ab74311b82eb47bfbb2ccec.scope; invocation ID: 90d47ffae5084ea2886c675f736e4b7a
Time needed for parsing json file: 1861[µs]
alphabet size: 4
using Trap interpretation
Time needed for constructing Trap interpretation transducer: 2136[µs]
computing ind...
Time needed for constructing complement of ind: 3951[µs]
Time needed for computing ind: 170003[µs]
Time needed for minimizing ind: 15826[µs]
Time needed for computing ind (total): 189893[µs]
automaton for ind has 10 states.
...done.
computing complement of preach...
Time needed for constructing identity on ind: 358[µs]
Time needed for computing product v_id of abstraction framework with identity on ind: 16377[µs]
Time needed for computing product of v_id with complement of abstraction framework: 62972[µs]
Time needed for computing complement of preach: 81091[µs]
automaton for complement of preach has 462 states.
...of which, 14 states are at level 0.
Time needed for trimming complement of preach: 997[µs]
...done.
trying to prove abstract safety...
Time needed for constructing transducer for unsafe property: 6[µs]
Time needed for constructing transducer for (initial, unsafe) pairs: 173[µs]
Time needed for constructing transducer for complement of (initial, unsafe) pairs: 404[µs]
Time needed for building union of complements of preach and (initial, unsafe)-transducer: 309[µs]
Time needed for checking universality using lazy-inclusion-bfs algorithm: 390[µs]
Time needed for checking abstract safety: 1368[µs]
...done.
Result: [1]
This means that the following properties could be separated from the initial configurations:
	[exclusiveunowned]
While the following properties could not be separated from the initial configurations:
	[]

real	0m0,301s
user	0m0,270s
sys	0m0,019s
********************
/home/jakob/Documents/abstracton/benchmarks/dodo/Berkeley.json
s
exclusiveunowned
Running as unit: run-r9868155f0c8e439bb837a4d7582d08c6.scope; invocation ID: 0415fa0e0b9746a3a37eb6e65464df78
Time needed for parsing json file: 2113[µs]
alphabet size: 4
using Siphon interpretation
Time needed for constructing Siphon interpretation transducer: 874[µs]
computing ind...
Time needed for constructing complement of ind: 1522[µs]
Time needed for computing ind: 26302[µs]
Time needed for minimizing ind: 7925[µs]
Time needed for computing ind (total): 35864[µs]
automaton for ind has 5 states.
...done.
computing complement of preach...
Time needed for constructing identity on ind: 255[µs]
Time needed for computing product v_id of abstraction framework with identity on ind: 3208[µs]
Time needed for computing product of v_id with complement of abstraction framework: 874[µs]
Time needed for computing complement of preach: 5197[µs]
automaton for complement of preach has 5 states.
...of which, 2 states are at level 0.
Time needed for trimming complement of preach: 37[µs]
...done.
trying to prove abstract safety...
Time needed for constructing transducer for unsafe property: 8[µs]
Time needed for constructing transducer for (initial, unsafe) pairs: 219[µs]
Time needed for constructing transducer for complement of (initial, unsafe) pairs: 674[µs]
Time needed for building union of complements of preach and (initial, unsafe)-transducer: 119[µs]
Time needed for checking universality using lazy-inclusion-bfs algorithm: 44[µs]
Time needed for checking abstract safety: 1144[µs]
...done.
Result: [0]
This means that the following properties could be separated from the initial configurations:
	[]
While the following properties could not be separated from the initial configurations:
	[exclusiveunowned]

real	0m0,073s
user	0m0,046s
sys	0m0,010s
********************
/home/jakob/Documents/abstracton/benchmarks/dodo/Berkeley.json
f
exclusiveunowned
Running as unit: run-r524b182ab0944c94b0de6730a002b9a6.scope; invocation ID: 24e432a49341400a9311df5232876c14
Time needed for parsing json file: 2142[µs]
alphabet size: 4
using Flow interpretation
Time needed for constructing Flow interpretation transducer: 2016[µs]
computing ind...
Time needed for constructing complement of ind: 4880[µs]
Time needed for computing ind: 939548[µs]
Time needed for minimizing ind: 83148[µs]
Time needed for computing ind (total): 1027722[µs]
automaton for ind has 7 states.
...done.
computing complement of preach...
Time needed for constructing identity on ind: 252[µs]
Time needed for computing product v_id of abstraction framework with identity on ind: 4784[µs]
Time needed for computing product of v_id with complement of abstraction framework: 1159[µs]
Time needed for computing complement of preach: 7501[µs]
automaton for complement of preach has 5 states.
...of which, 2 states are at level 0.
Time needed for trimming complement of preach: 27[µs]
...done.
trying to prove abstract safety...
Time needed for constructing transducer for unsafe property: 7[µs]
Time needed for constructing transducer for (initial, unsafe) pairs: 189[µs]
Time needed for constructing transducer for complement of (initial, unsafe) pairs: 356[µs]
Time needed for building union of complements of preach and (initial, unsafe)-transducer: 59[µs]
Time needed for checking universality using lazy-inclusion-bfs algorithm: 25[µs]
Time needed for checking abstract safety: 685[µs]
...done.
Result: [0]
This means that the following properties could be separated from the initial configurations:
	[]
While the following properties could not be separated from the initial configurations:
	[exclusiveunowned]

real	0m1,064s
user	0m1,041s
sys	0m0,012s
********************
2 of 61
/home/jakob/Documents/abstracton/benchmarks/dodo/Berkeley.json
t
exclusivenonexclusive
Running as unit: run-rd75f6973bbcb40beb4351faca17ec22d.scope; invocation ID: 554106d6c0734b9ba0bceab42657ea2d
Time needed for parsing json file: 1923[µs]
alphabet size: 4
using Trap interpretation
Time needed for constructing Trap interpretation transducer: 2199[µs]
computing ind...
Time needed for constructing complement of ind: 4112[µs]
Time needed for computing ind: 155732[µs]
Time needed for minimizing ind: 17055[µs]
Time needed for computing ind (total): 177002[µs]
automaton for ind has 10 states.
...done.
computing complement of preach...
Time needed for constructing identity on ind: 351[µs]
Time needed for computing product v_id of abstraction framework with identity on ind: 16722[µs]
Time needed for computing product of v_id with complement of abstraction framework: 83752[µs]
Time needed for computing complement of preach: 102357[µs]
automaton for complement of preach has 462 states.
...of which, 14 states are at level 0.
Time needed for trimming complement of preach: 1186[µs]
...done.
trying to prove abstract safety...
Time needed for constructing transducer for unsafe property: 8[µs]
Time needed for constructing transducer for (initial, unsafe) pairs: 199[µs]
Time needed for constructing transducer for complement of (initial, unsafe) pairs: 442[µs]
Time needed for building union of complements of preach and (initial, unsafe)-transducer: 364[µs]
Time needed for checking universality using lazy-inclusion-bfs algorithm: 597[µs]
Time needed for checking abstract safety: 1711[µs]
...done.
Result: [1]
This means that the following properties could be separated from the initial configurations:
	[exclusivenonexclusive]
While the following properties could not be separated from the initial configurations:
	[]

real	0m0,308s
user	0m0,279s
sys	0m0,019s
********************
/home/jakob/Documents/abstracton/benchmarks/dodo/Berkeley.json
s
exclusivenonexclusive
Running as unit: run-r70a70c71a32e4b1c8cbef643688fe7fe.scope; invocation ID: 2b6f9a0cee8a4a21bdf1f2219ffc9219
Time needed for parsing json file: 2070[µs]
alphabet size: 4
using Siphon interpretation
Time needed for constructing Siphon interpretation transducer: 937[µs]
computing ind...
Time needed for constructing complement of ind: 1655[µs]
Time needed for computing ind: 32099[µs]
Time needed for minimizing ind: 12290[µs]
Time needed for computing ind (total): 46200[µs]
automaton for ind has 5 states.
...done.
computing complement of preach...
Time needed for constructing identity on ind: 357[µs]
Time needed for computing product v_id of abstraction framework with identity on ind: 4113[µs]
Time needed for computing product of v_id with complement of abstraction framework: 803[µs]
Time needed for computing complement of preach: 6492[µs]
automaton for complement of preach has 5 states.
...of which, 2 states are at level 0.
Time needed for trimming complement of preach: 27[µs]
...done.
trying to prove abstract safety...
Time needed for constructing transducer for unsafe property: 8[µs]
Time needed for constructing transducer for (initial, unsafe) pairs: 255[µs]
Time needed for constructing transducer for complement of (initial, unsafe) pairs: 500[µs]
Time needed for building union of complements of preach and (initial, unsafe)-transducer: 70[µs]
Time needed for checking universality using lazy-inclusion-bfs algorithm: 31[µs]
Time needed for checking abstract safety: 929[µs]
...done.
Result: [0]
This means that the following properties could be separated from the initial configurations:
	[]
While the following properties could not be separated from the initial configurations:
	[exclusivenonexclusive]

real	0m0,081s
user	0m0,060s
sys	0m0,010s
********************
/home/jakob/Documents/abstracton/benchmarks/dodo/Berkeley.json
f
exclusivenonexclusive
Running as unit: run-r019d57dbe70d41249e585bc0fd291213.scope; invocation ID: f96e3eafb3be40d59f0747a76f9da444
Time needed for parsing json file: 3348[µs]
alphabet size: 4
using Flow interpretation
Time needed for constructing Flow interpretation transducer: 3559[µs]
computing ind...
Time needed for constructing complement of ind: 9318[µs]
Time needed for computing ind: 1035232[µs]
Time needed for minimizing ind: 87298[µs]
Time needed for computing ind (total): 1132085[µs]
automaton for ind has 7 states.
...done.
computing complement of preach...
Time needed for constructing identity on ind: 256[µs]
Time needed for computing product v_id of abstraction framework with identity on ind: 4772[µs]
Time needed for computing product of v_id with complement of abstraction framework: 1161[µs]
Time needed for computing complement of preach: 7549[µs]
automaton for complement of preach has 5 states.
...of which, 2 states are at level 0.
Time needed for trimming complement of preach: 28[µs]
...done.
trying to prove abstract safety...
Time needed for constructing transducer for unsafe property: 7[µs]
Time needed for constructing transducer for (initial, unsafe) pairs: 206[µs]
Time needed for constructing transducer for complement of (initial, unsafe) pairs: 389[µs]
Time needed for building union of complements of preach and (initial, unsafe)-transducer: 64[µs]
Time needed for checking universality using lazy-inclusion-bfs algorithm: 33[µs]
Time needed for checking abstract safety: 774[µs]
...done.
Result: [0]
This means that the following properties could be separated from the initial configurations:
	[]
While the following properties could not be separated from the initial configurations:
	[exclusivenonexclusive]

real	0m1,177s
user	0m1,143s
sys	0m0,018s
********************
3 of 61
/home/jakob/Documents/abstracton/benchmarks/dodo/Berkeley.json
t
deadlock
Running as unit: run-rf15097cb9ae84ae6b50405698336fdbd.scope; invocation ID: 00570cddbc1748c8a3fd3914bc95f170
Time needed for parsing json file: 2033[µs]
alphabet size: 4
using Trap interpretation
Time needed for constructing Trap interpretation transducer: 2347[µs]
computing ind...
Time needed for constructing complement of ind: 4231[µs]
Time needed for computing ind: 165816[µs]
Time needed for minimizing ind: 16064[µs]
Time needed for computing ind (total): 186234[µs]
automaton for ind has 10 states.
...done.
computing complement of preach...
Time needed for constructing identity on ind: 393[µs]
Time needed for computing product v_id of abstraction framework with identity on ind: 19597[µs]
Time needed for computing product of v_id with complement of abstraction framework: 89505[µs]
Time needed for computing complement of preach: 111013[µs]
automaton for complement of preach has 462 states.
...of which, 14 states are at level 0.
Time needed for trimming complement of preach: 1099[µs]
...done.
trying to prove abstract safety...
Time needed for constructing transducer for unsafe property: 13[µs]
Time needed for constructing transducer for (initial, unsafe) pairs: 168[µs]
Time needed for constructing transducer for complement of (initial, unsafe) pairs: 43[µs]
Time needed for building union of complements of preach and (initial, unsafe)-transducer: 315[µs]
Time needed for checking universality using lazy-inclusion-bfs algorithm: 4[µs]
Time needed for checking abstract safety: 628[µs]
...done.
Result: [1]
This means that the following properties could be separated from the initial configurations:
	[deadlock]
While the following properties could not be separated from the initial configurations:
	[]

real	0m0,334s
user	0m0,296s
sys	0m0,020s
********************
/home/jakob/Documents/abstracton/benchmarks/dodo/Berkeley.json
s
deadlock
Running as unit: run-rc2af85569d1e47c68aed2a08f7a130a1.scope; invocation ID: ccc2bcf3034044e5aef77c37ff3388b9
Time needed for parsing json file: 2185[µs]
alphabet size: 4
using Siphon interpretation
Time needed for constructing Siphon interpretation transducer: 945[µs]
computing ind...
Time needed for constructing complement of ind: 1572[µs]
Time needed for computing ind: 31359[µs]
Time needed for minimizing ind: 9992[µs]
Time needed for computing ind (total): 43065[µs]
automaton for ind has 5 states.
...done.
computing complement of preach...
Time needed for constructing identity on ind: 340[µs]
Time needed for computing product v_id of abstraction framework with identity on ind: 3410[µs]
Time needed for computing product of v_id with complement of abstraction framework: 700[µs]
Time needed for computing complement of preach: 5629[µs]
automaton for complement of preach has 5 states.
...of which, 2 states are at level 0.
Time needed for trimming complement of preach: 23[µs]
...done.
trying to prove abstract safety...
Time needed for constructing transducer for unsafe property: 12[µs]
Time needed for constructing transducer for (initial, unsafe) pairs: 150[µs]
Time needed for constructing transducer for complement of (initial, unsafe) pairs: 42[µs]
Time needed for building union of complements of preach and (initial, unsafe)-transducer: 49[µs]
Time needed for checking universality using lazy-inclusion-bfs algorithm: 4[µs]
Time needed for checking abstract safety: 324[µs]
...done.
Result: [1]
This means that the following properties could be separated from the initial configurations:
	[deadlock]
While the following properties could not be separated from the initial configurations:
	[]

real	0m0,075s
user	0m0,058s
sys	0m0,008s
********************
/home/jakob/Documents/abstracton/benchmarks/dodo/Berkeley.json
f
deadlock
Running as unit: run-r71553faa595b428da8b88a1d4c7ebc3d.scope; invocation ID: b8a4ba33a2d3440b8c65668f61352f67
Time needed for parsing json file: 1964[µs]
alphabet size: 4
using Flow interpretation
Time needed for constructing Flow interpretation transducer: 1978[µs]
computing ind...
Time needed for constructing complement of ind: 4994[µs]
Time needed for computing ind: 976364[µs]
Time needed for minimizing ind: 85977[µs]
Time needed for computing ind (total): 1067492[µs]
automaton for ind has 7 states.
...done.
computing complement of preach...
Time needed for constructing identity on ind: 266[µs]
Time needed for computing product v_id of abstraction framework with identity on ind: 4788[µs]
Time needed for computing product of v_id with complement of abstraction framework: 1207[µs]
Time needed for computing complement of preach: 7598[µs]
automaton for complement of preach has 5 states.
...of which, 2 states are at level 0.
Time needed for trimming complement of preach: 31[µs]
...done.
trying to prove abstract safety...
Time needed for constructing transducer for unsafe property: 11[µs]
Time needed for constructing transducer for (initial, unsafe) pairs: 132[µs]
Time needed for constructing transducer for complement of (initial, unsafe) pairs: 37[µs]
Time needed for building union of complements of preach and (initial, unsafe)-transducer: 28[µs]
Time needed for checking universality using lazy-inclusion-bfs algorithm: 4[µs]
Time needed for checking abstract safety: 250[µs]
...done.
Result: [1]
This means that the following properties could be separated from the initial configurations:
	[deadlock]
While the following properties could not be separated from the initial configurations:
	[]

real	0m1,103s
user	0m1,075s
sys	0m0,016s
********************
4 of 61
/home/jakob/Documents/abstracton/benchmarks/dodo/Burns.json
t
nomutex
Running as unit: run-r9211649f5c8e4c6ab6ef05cd4776e5a4.scope; invocation ID: 01fdfe26de45440eae1276701a3bc218
Time needed for parsing json file: 10230[µs]
alphabet size: 6
using Trap interpretation
Time needed for constructing Trap interpretation transducer: 12395[µs]
computing ind...
Time needed for constructing complement of ind: 10524[µs]
Time needed for computing ind: 192230[µs]
Time needed for minimizing ind: 27964[µs]
Time needed for computing ind (total): 230832[µs]
automaton for ind has 7 states.
...done.
computing complement of preach...
Time needed for constructing identity on ind: 980[µs]
Time needed for computing product v_id of abstraction framework with identity on ind: 67016[µs]
Time needed for computing product of v_id with complement of abstraction framework: 312531[µs]
Time needed for computing complement of preach: 385857[µs]
automaton for complement of preach has 410 states.
...of which, 8 states are at level 0.
Time needed for trimming complement of preach: 1327[µs]
...done.
trying to prove abstract safety...
Time needed for constructing transducer for unsafe property: 7[µs]
Time needed for constructing transducer for (initial, unsafe) pairs: 198[µs]
Time needed for constructing transducer for complement of (initial, unsafe) pairs: 418[µs]
Time needed for building union of complements of preach and (initial, unsafe)-transducer: 431[µs]
Time needed for checking universality using lazy-inclusion-bfs algorithm: 255[µs]
Time needed for checking abstract safety: 1431[µs]
...done.
Result: [1]
This means that the following properties could be separated from the initial configurations:
	[nomutex]
While the following properties could not be separated from the initial configurations:
	[]

real	0m0,670s
user	0m0,585s
sys	0m0,066s
********************
/home/jakob/Documents/abstracton/benchmarks/dodo/Burns.json
s
nomutex
Running as unit: run-rbce307a9fd76488382a276b5a11373b1.scope; invocation ID: 49fe1bde8e774026a27cf8fe34dac47d
Time needed for parsing json file: 1746[µs]
alphabet size: 6
using Siphon interpretation
Time needed for constructing Siphon interpretation transducer: 4148[µs]
computing ind...
Time needed for constructing complement of ind: 4177[µs]
Time needed for computing ind: 17259[µs]
Time needed for minimizing ind: 7308[µs]
Time needed for computing ind (total): 28858[µs]
automaton for ind has 3 states.
...done.
computing complement of preach...
Time needed for constructing identity on ind: 540[µs]
Time needed for computing product v_id of abstraction framework with identity on ind: 8058[µs]
Time needed for computing product of v_id with complement of abstraction framework: 920[µs]
Time needed for computing complement of preach: 12264[µs]
automaton for complement of preach has 0 states.
...of which, 0 states are at level 0.
Time needed for trimming complement of preach: 8[µs]
...done.
trying to prove abstract safety...
Time needed for constructing transducer for unsafe property: 13[µs]
Time needed for constructing transducer for (initial, unsafe) pairs: 266[µs]
Time needed for constructing transducer for complement of (initial, unsafe) pairs: 474[µs]
Time needed for building union of complements of preach and (initial, unsafe)-transducer: 63[µs]
Time needed for checking universality using lazy-inclusion-bfs algorithm: 14[µs]
Time needed for checking abstract safety: 893[µs]
...done.
Result: [0]
This means that the following properties could be separated from the initial configurations:
	[]
While the following properties could not be separated from the initial configurations:
	[nomutex]

real	0m0,080s
user	0m0,049s
sys	0m0,011s
********************
/home/jakob/Documents/abstracton/benchmarks/dodo/Burns.json
f
nomutex
Running as unit: run-r6b343cb899964c598a58ce0783608658.scope; invocation ID: 16c50d0447764a57ba426857c287cae5
Time needed for parsing json file: 1407[µs]
alphabet size: 6
using Flow interpretation
Time needed for constructing Flow interpretation transducer: 9886[µs]
computing ind...
Time needed for constructing complement of ind: 12987[µs]
Time needed for computing ind: 520137[µs]
Time needed for minimizing ind: 78399[µs]
Time needed for computing ind (total): 611686[µs]
automaton for ind has 5 states.
...done.
computing complement of preach...
Time needed for constructing identity on ind: 695[µs]
Time needed for computing product v_id of abstraction framework with identity on ind: 22270[µs]
Time needed for computing product of v_id with complement of abstraction framework: 1958[µs]
Time needed for computing complement of preach: 31837[µs]
automaton for complement of preach has 0 states.
...of which, 0 states are at level 0.
Time needed for trimming complement of preach: 8[µs]
...done.
trying to prove abstract safety...
Time needed for constructing transducer for unsafe property: 6[µs]
Time needed for constructing transducer for (initial, unsafe) pairs: 201[µs]
Time needed for constructing transducer for complement of (initial, unsafe) pairs: 369[µs]
Time needed for building union of complements of preach and (initial, unsafe)-transducer: 64[µs]
Time needed for checking universality using lazy-inclusion-bfs algorithm: 15[µs]
Time needed for checking abstract safety: 704[µs]
...done.
Result: [0]
This means that the following properties could be separated from the initial configurations:
	[]
While the following properties could not be separated from the initial configurations:
	[nomutex]

real	0m0,686s
user	0m0,650s
sys	0m0,017s
********************
5 of 61
/home/jakob/Documents/abstracton/benchmarks/dodo/Burns.json
t
deadlock
Running as unit: run-r20c0e0216cc743c48d38fde6935101d0.scope; invocation ID: 2fe62008826a4ecc800d72004d11bcf6
Time needed for parsing json file: 1462[µs]
alphabet size: 6
using Trap interpretation
Time needed for constructing Trap interpretation transducer: 11962[µs]
computing ind...
Time needed for constructing complement of ind: 10708[µs]
Time needed for computing ind: 185274[µs]
Time needed for minimizing ind: 27023[µs]
Time needed for computing ind (total): 223132[µs]
automaton for ind has 7 states.
...done.
computing complement of preach...
Time needed for constructing identity on ind: 965[µs]
Time needed for computing product v_id of abstraction framework with identity on ind: 62333[µs]
Time needed for computing product of v_id with complement of abstraction framework: 303583[µs]
Time needed for computing complement of preach: 371884[µs]
automaton for complement of preach has 410 states.
...of which, 8 states are at level 0.
Time needed for trimming complement of preach: 1260[µs]
...done.
trying to prove abstract safety...
Time needed for constructing transducer for unsafe property: 15[µs]
Time needed for constructing transducer for (initial, unsafe) pairs: 150[µs]
Time needed for constructing transducer for complement of (initial, unsafe) pairs: 59[µs]
Time needed for building union of complements of preach and (initial, unsafe)-transducer: 389[µs]
Time needed for checking universality using lazy-inclusion-bfs algorithm: 4[µs]
Time needed for checking abstract safety: 733[µs]
...done.
Result: [1]
This means that the following properties could be separated from the initial configurations:
	[deadlock]
While the following properties could not be separated from the initial configurations:
	[]

real	0m0,637s
user	0m0,586s
sys	0m0,042s
********************
/home/jakob/Documents/abstracton/benchmarks/dodo/Burns.json
s
deadlock
Running as unit: run-r7813822660ae4f96ade990e4f9c962ad.scope; invocation ID: d920b7e993144c4b9ea10db6ab7419c4
Time needed for parsing json file: 1558[µs]
alphabet size: 6
using Siphon interpretation
Time needed for constructing Siphon interpretation transducer: 4005[µs]
computing ind...
Time needed for constructing complement of ind: 4252[µs]
Time needed for computing ind: 16857[µs]
Time needed for minimizing ind: 7185[µs]
Time needed for computing ind (total): 28368[µs]
automaton for ind has 3 states.
...done.
computing complement of preach...
Time needed for constructing identity on ind: 509[µs]
Time needed for computing product v_id of abstraction framework with identity on ind: 7691[µs]
Time needed for computing product of v_id with complement of abstraction framework: 910[µs]
Time needed for computing complement of preach: 11808[µs]
automaton for complement of preach has 0 states.
...of which, 0 states are at level 0.
Time needed for trimming complement of preach: 4[µs]
...done.
trying to prove abstract safety...
Time needed for constructing transducer for unsafe property: 9[µs]
Time needed for constructing transducer for (initial, unsafe) pairs: 124[µs]
Time needed for constructing transducer for complement of (initial, unsafe) pairs: 42[µs]
Time needed for building union of complements of preach and (initial, unsafe)-transducer: 35[µs]
Time needed for checking universality using lazy-inclusion-bfs algorithm: 4[µs]
Time needed for checking abstract safety: 267[µs]
...done.
Result: [1]
This means that the following properties could be separated from the initial configurations:
	[deadlock]
While the following properties could not be separated from the initial configurations:
	[]

real	0m0,071s
user	0m0,047s
sys	0m0,012s
********************
/home/jakob/Documents/abstracton/benchmarks/dodo/Burns.json
f
deadlock
Running as unit: run-re0cb772cbf6e406b8e60c324720b2ffd.scope; invocation ID: aca74299ddbf404fabf6fd70401c8eca
Time needed for parsing json file: 1430[µs]
alphabet size: 6
using Flow interpretation
Time needed for constructing Flow interpretation transducer: 9801[µs]
computing ind...
Time needed for constructing complement of ind: 9676[µs]
Time needed for computing ind: 491151[µs]
Time needed for minimizing ind: 80450[µs]
Time needed for computing ind (total): 581433[µs]
automaton for ind has 5 states.
...done.
computing complement of preach...
Time needed for constructing identity on ind: 795[µs]
Time needed for computing product v_id of abstraction framework with identity on ind: 23032[µs]
Time needed for computing product of v_id with complement of abstraction framework: 1879[µs]
Time needed for computing complement of preach: 32340[µs]
automaton for complement of preach has 0 states.
...of which, 0 states are at level 0.
Time needed for trimming complement of preach: 5[µs]
...done.
trying to prove abstract safety...
Time needed for constructing transducer for unsafe property: 18[µs]
Time needed for constructing transducer for (initial, unsafe) pairs: 144[µs]
Time needed for constructing transducer for complement of (initial, unsafe) pairs: 44[µs]
Time needed for building union of complements of preach and (initial, unsafe)-transducer: 34[µs]
Time needed for checking universality using lazy-inclusion-bfs algorithm: 4[µs]
Time needed for checking abstract safety: 295[µs]
...done.
Result: [1]
This means that the following properties could be separated from the initial configurations:
	[deadlock]
While the following properties could not be separated from the initial configurations:
	[]

real	0m0,647s
user	0m0,617s
sys	0m0,019s
********************
6 of 61
/home/jakob/Documents/abstracton/benchmarks/dodo/Dijkstra-Scholten.json
t
twob
Running as unit: run-rbe0a7d4fb6404908a7d84a4f385d3d32.scope; invocation ID: 9070fd1e7dc5463393a8b83eb2dc3f8a
Time needed for parsing json file: 1231[µs]
alphabet size: 4
using Trap interpretation
Time needed for constructing Trap interpretation transducer: 2679[µs]
computing ind...
Time needed for constructing complement of ind: 1440[µs]
Time needed for computing ind: 28746[µs]
Time needed for minimizing ind: 7452[µs]
Time needed for computing ind (total): 37743[µs]
automaton for ind has 8 states.
...done.
computing complement of preach...
Time needed for constructing identity on ind: 306[µs]
Time needed for computing product v_id of abstraction framework with identity on ind: 15295[µs]
Time needed for computing product of v_id with complement of abstraction framework: 63093[µs]
Time needed for computing complement of preach: 80028[µs]
automaton for complement of preach has 428 states.
...of which, 12 states are at level 0.
Time needed for trimming complement of preach: 892[µs]
...done.
trying to prove abstract safety...
Time needed for constructing transducer for unsafe property: 6[µs]
Time needed for constructing transducer for (initial, unsafe) pairs: 161[µs]
Time needed for constructing transducer for complement of (initial, unsafe) pairs: 312[µs]
Time needed for building union of complements of preach and (initial, unsafe)-transducer: 302[µs]
Time needed for checking universality using lazy-inclusion-bfs algorithm: 635[µs]
Time needed for checking abstract safety: 1519[µs]
...done.
Result: [1]
This means that the following properties could be separated from the initial configurations:
	[twob]
While the following properties could not be separated from the initial configurations:
	[]

real	0m0,146s
user	0m0,116s
sys	0m0,024s
********************
/home/jakob/Documents/abstracton/benchmarks/dodo/Dijkstra-Scholten.json
s
twob
Running as unit: run-rfef0b3233db142748ac60ae889e252ac.scope; invocation ID: 29dec012c4c640908f756b7d482b9ff0
Time needed for parsing json file: 1098[µs]
alphabet size: 4
using Siphon interpretation
Time needed for constructing Siphon interpretation transducer: 877[µs]
computing ind...
Time needed for constructing complement of ind: 501[µs]
Time needed for computing ind: 3263[µs]
Time needed for minimizing ind: 2349[µs]
Time needed for computing ind (total): 6165[µs]
automaton for ind has 8 states.
...done.
computing complement of preach...
Time needed for constructing identity on ind: 436[µs]
Time needed for computing product v_id of abstraction framework with identity on ind: 5067[µs]
Time needed for computing product of v_id with complement of abstraction framework: 7376[µs]
Time needed for computing complement of preach: 13692[µs]
automaton for complement of preach has 222 states.
...of which, 12 states are at level 0.
Time needed for trimming complement of preach: 592[µs]
...done.
trying to prove abstract safety...
Time needed for constructing transducer for unsafe property: 8[µs]
Time needed for constructing transducer for (initial, unsafe) pairs: 153[µs]
Time needed for constructing transducer for complement of (initial, unsafe) pairs: 309[µs]
Time needed for building union of complements of preach and (initial, unsafe)-transducer: 229[µs]
Time needed for checking universality using lazy-inclusion-bfs algorithm: 51[µs]
Time needed for checking abstract safety: 838[µs]
...done.
Result: [0]
This means that the following properties could be separated from the initial configurations:
	[]
While the following properties could not be separated from the initial configurations:
	[twob]

real	0m0,050s
user	0m0,028s
sys	0m0,007s
********************
/home/jakob/Documents/abstracton/benchmarks/dodo/Dijkstra-Scholten.json
f
twob
Running as unit: run-r9388f3c9bb86482994868f9abb79c8f8.scope; invocation ID: ddfa9df1dcb04a158f094bc1b1091223
Time needed for parsing json file: 1339[µs]
alphabet size: 4
using Flow interpretation
Time needed for constructing Flow interpretation transducer: 2599[µs]
computing ind...
Time needed for constructing complement of ind: 1646[µs]
Time needed for computing ind: 81318[µs]
Time needed for minimizing ind: 20380[µs]
Time needed for computing ind (total): 103494[µs]
automaton for ind has 23 states.
...done.
computing complement of preach...
Time needed for constructing identity on ind: 851[µs]
Time needed for computing product v_id of abstraction framework with identity on ind: 26982[µs]
Time needed for computing product of v_id with complement of abstraction framework: 32540[µs]
Time needed for computing complement of preach: 62249[µs]
automaton for complement of preach has 1114 states.
...of which, 65 states are at level 0.
Time needed for trimming complement of preach: 4190[µs]
...done.
trying to prove abstract safety...
Time needed for constructing transducer for unsafe property: 7[µs]
Time needed for constructing transducer for (initial, unsafe) pairs: 169[µs]
Time needed for constructing transducer for complement of (initial, unsafe) pairs: 312[µs]
Time needed for building union of complements of preach and (initial, unsafe)-transducer: 1005[µs]
Time needed for checking universality using lazy-inclusion-bfs algorithm: 6054[µs]
Time needed for checking abstract safety: 7855[µs]
...done.
Result: [1]
This means that the following properties could be separated from the initial configurations:
	[twob]
While the following properties could not be separated from the initial configurations:
	[]

real	0m0,211s
user	0m0,178s
sys	0m0,017s
********************
7 of 61
/home/jakob/Documents/abstracton/benchmarks/dodo/Dijkstra-Scholten.json
t
twod
Running as unit: run-rfe12180e05054aa3b20a6aadf32ace38.scope; invocation ID: 80cb17021939459ca562ad9a049e7a6e
Time needed for parsing json file: 1122[µs]
alphabet size: 4
using Trap interpretation
Time needed for constructing Trap interpretation transducer: 2411[µs]
computing ind...
Time needed for constructing complement of ind: 1447[µs]
Time needed for computing ind: 26776[µs]
Time needed for minimizing ind: 7478[µs]
Time needed for computing ind (total): 35797[µs]
automaton for ind has 8 states.
...done.
computing complement of preach...
Time needed for constructing identity on ind: 309[µs]
Time needed for computing product v_id of abstraction framework with identity on ind: 15757[µs]
Time needed for computing product of v_id with complement of abstraction framework: 66806[µs]
Time needed for computing complement of preach: 84271[µs]
automaton for complement of preach has 428 states.
...of which, 12 states are at level 0.
Time needed for trimming complement of preach: 923[µs]
...done.
trying to prove abstract safety...
Time needed for constructing transducer for unsafe property: 8[µs]
Time needed for constructing transducer for (initial, unsafe) pairs: 264[µs]
Time needed for constructing transducer for complement of (initial, unsafe) pairs: 377[µs]
Time needed for building union of complements of preach and (initial, unsafe)-transducer: 345[µs]
Time needed for checking universality using lazy-inclusion-bfs algorithm: 590[µs]
Time needed for checking abstract safety: 1751[µs]
...done.
Result: [1]
This means that the following properties could be separated from the initial configurations:
	[twod]
While the following properties could not be separated from the initial configurations:
	[]

real	0m0,152s
user	0m0,113s
sys	0m0,026s
********************
/home/jakob/Documents/abstracton/benchmarks/dodo/Dijkstra-Scholten.json
s
twod
Running as unit: run-ra33ff7097e9b458e9ac594cf340dddef.scope; invocation ID: 14c2bd13210341c68ddaba7d1f574d7d
Time needed for parsing json file: 1292[µs]
alphabet size: 4
using Siphon interpretation
Time needed for constructing Siphon interpretation transducer: 858[µs]
computing ind...
Time needed for constructing complement of ind: 688[µs]
Time needed for computing ind: 4715[µs]
Time needed for minimizing ind: 3017[µs]
Time needed for computing ind (total): 8528[µs]
automaton for ind has 8 states.
...done.
computing complement of preach...
Time needed for constructing identity on ind: 436[µs]
Time needed for computing product v_id of abstraction framework with identity on ind: 5107[µs]
Time needed for computing product of v_id with complement of abstraction framework: 7059[µs]
Time needed for computing complement of preach: 13346[µs]
automaton for complement of preach has 222 states.
...of which, 12 states are at level 0.
Time needed for trimming complement of preach: 566[µs]
...done.
trying to prove abstract safety...
Time needed for constructing transducer for unsafe property: 7[µs]
Time needed for constructing transducer for (initial, unsafe) pairs: 150[µs]
Time needed for constructing transducer for complement of (initial, unsafe) pairs: 305[µs]
Time needed for building union of complements of preach and (initial, unsafe)-transducer: 230[µs]
Time needed for checking universality using lazy-inclusion-bfs algorithm: 66[µs]
Time needed for checking abstract safety: 845[µs]
...done.
Result: [0]
This means that the following properties could be separated from the initial configurations:
	[]
While the following properties could not be separated from the initial configurations:
	[twod]

real	0m0,052s
user	0m0,029s
sys	0m0,008s
********************
/home/jakob/Documents/abstracton/benchmarks/dodo/Dijkstra-Scholten.json
f
twod
Running as unit: run-r984e7172a002443e83000d96b9262451.scope; invocation ID: 8bed31b5d1c14821a2ff955a8a3d3b62
Time needed for parsing json file: 1166[µs]
alphabet size: 4
using Flow interpretation
Time needed for constructing Flow interpretation transducer: 2202[µs]
computing ind...
Time needed for constructing complement of ind: 1486[µs]
Time needed for computing ind: 73234[µs]
Time needed for minimizing ind: 21965[µs]
Time needed for computing ind (total): 96821[µs]
automaton for ind has 23 states.
...done.
computing complement of preach...
Time needed for constructing identity on ind: 920[µs]
Time needed for computing product v_id of abstraction framework with identity on ind: 31594[µs]
Time needed for computing product of v_id with complement of abstraction framework: 34826[µs]
Time needed for computing complement of preach: 69427[µs]
automaton for complement of preach has 1114 states.
...of which, 65 states are at level 0.
Time needed for trimming complement of preach: 3354[µs]
...done.
trying to prove abstract safety...
Time needed for constructing transducer for unsafe property: 6[µs]
Time needed for constructing transducer for (initial, unsafe) pairs: 151[µs]
Time needed for constructing transducer for complement of (initial, unsafe) pairs: 294[µs]
Time needed for building union of complements of preach and (initial, unsafe)-transducer: 988[µs]
Time needed for checking universality using lazy-inclusion-bfs algorithm: 5310[µs]
Time needed for checking abstract safety: 7119[µs]
...done.
Result: [1]
This means that the following properties could be separated from the initial configurations:
	[twod]
While the following properties could not be separated from the initial configurations:
	[]

real	0m0,208s
user	0m0,177s
sys	0m0,017s
********************
8 of 61
/home/jakob/Documents/abstracton/benchmarks/dodo/Dijkstra-Scholten.json
t
deadlock
Running as unit: run-r8c827a9343b64fdc81824a2caa0d999f.scope; invocation ID: c331c0ab2726405a86f7cfe94f709d0a
Time needed for parsing json file: 1149[µs]
alphabet size: 4
using Trap interpretation
Time needed for constructing Trap interpretation transducer: 2473[µs]
computing ind...
Time needed for constructing complement of ind: 1305[µs]
Time needed for computing ind: 28541[µs]
Time needed for minimizing ind: 8222[µs]
Time needed for computing ind (total): 38155[µs]
automaton for ind has 8 states.
...done.
computing complement of preach...
Time needed for constructing identity on ind: 306[µs]
Time needed for computing product v_id of abstraction framework with identity on ind: 15072[µs]
Time needed for computing product of v_id with complement of abstraction framework: 64669[µs]
Time needed for computing complement of preach: 81475[µs]
automaton for complement of preach has 428 states.
...of which, 12 states are at level 0.
Time needed for trimming complement of preach: 1475[µs]
...done.
trying to prove abstract safety...
Time needed for constructing transducer for unsafe property: 13[µs]
Time needed for constructing transducer for (initial, unsafe) pairs: 256[µs]
Time needed for constructing transducer for complement of (initial, unsafe) pairs: 467[µs]
Time needed for building union of complements of preach and (initial, unsafe)-transducer: 366[µs]
Time needed for checking universality using lazy-inclusion-bfs algorithm: 397[µs]
Time needed for checking abstract safety: 1605[µs]
...done.
Result: [1]
This means that the following properties could be separated from the initial configurations:
	[deadlock]
While the following properties could not be separated from the initial configurations:
	[]

real	0m0,161s
user	0m0,122s
sys	0m0,017s
********************
/home/jakob/Documents/abstracton/benchmarks/dodo/Dijkstra-Scholten.json
s
deadlock
Running as unit: run-re2429c1bd835471883f9a27330b662d7.scope; invocation ID: 3db17db3aa3740a5b64868f7aa4f2f06
Time needed for parsing json file: 1436[µs]
alphabet size: 4
using Siphon interpretation
Time needed for constructing Siphon interpretation transducer: 1130[µs]
computing ind...
Time needed for constructing complement of ind: 1100[µs]
Time needed for computing ind: 4996[µs]
Time needed for minimizing ind: 2437[µs]
Time needed for computing ind (total): 8616[µs]
automaton for ind has 8 states.
...done.
computing complement of preach...
Time needed for constructing identity on ind: 507[µs]
Time needed for computing product v_id of abstraction framework with identity on ind: 5335[µs]
Time needed for computing product of v_id with complement of abstraction framework: 7502[µs]
Time needed for computing complement of preach: 14207[µs]
automaton for complement of preach has 222 states.
...of which, 12 states are at level 0.
Time needed for trimming complement of preach: 600[µs]
...done.
trying to prove abstract safety...
Time needed for constructing transducer for unsafe property: 15[µs]
Time needed for constructing transducer for (initial, unsafe) pairs: 246[µs]
Time needed for constructing transducer for complement of (initial, unsafe) pairs: 444[µs]
Time needed for building union of complements of preach and (initial, unsafe)-transducer: 255[µs]
Time needed for checking universality using lazy-inclusion-bfs algorithm: 51[µs]
Time needed for checking abstract safety: 1115[µs]
...done.
Result: [0]
This means that the following properties could be separated from the initial configurations:
	[]
While the following properties could not be separated from the initial configurations:
	[deadlock]

real	0m0,053s
user	0m0,028s
sys	0m0,011s
********************
/home/jakob/Documents/abstracton/benchmarks/dodo/Dijkstra-Scholten.json
f
deadlock
Running as unit: run-r53ab8501a3b94dffa5f9608e89b28e3e.scope; invocation ID: eb207f882eb84239b4364333c4068f17
Time needed for parsing json file: 1972[µs]
alphabet size: 4
using Flow interpretation
Time needed for constructing Flow interpretation transducer: 3345[µs]
computing ind...
Time needed for constructing complement of ind: 1545[µs]
Time needed for computing ind: 77064[µs]
Time needed for minimizing ind: 19259[µs]
Time needed for computing ind (total): 97985[µs]
automaton for ind has 23 states.
...done.
computing complement of preach...
Time needed for constructing identity on ind: 790[µs]
Time needed for computing product v_id of abstraction framework with identity on ind: 26546[µs]
Time needed for computing product of v_id with complement of abstraction framework: 36045[µs]
Time needed for computing complement of preach: 65223[µs]
automaton for complement of preach has 1114 states.
...of which, 65 states are at level 0.
Time needed for trimming complement of preach: 3563[µs]
...done.
trying to prove abstract safety...
Time needed for constructing transducer for unsafe property: 17[µs]
Time needed for constructing transducer for (initial, unsafe) pairs: 400[µs]
Time needed for constructing transducer for complement of (initial, unsafe) pairs: 678[µs]
Time needed for building union of complements of preach and (initial, unsafe)-transducer: 1358[µs]
Time needed for checking universality using lazy-inclusion-bfs algorithm: 4488[µs]
Time needed for checking abstract safety: 7350[µs]
...done.
Result: [1]
This means that the following properties could be separated from the initial configurations:
	[deadlock]
While the following properties could not be separated from the initial configurations:
	[]

real	0m0,205s
user	0m0,173s
sys	0m0,019s
********************
9 of 61
/home/jakob/Documents/abstracton/benchmarks/dodo/Dijkstra-ring.json
t
nomutex
Running as unit: run-r857821bbd788474899fdd41938394cb5.scope; invocation ID: 7462baa33b3a461cb03acd29cffef99d
Time needed for parsing json file: 14875[µs]
alphabet size: 12
using Trap interpretation
Time needed for constructing Trap interpretation transducer: 1500700[µs]
computing ind...
Time needed for constructing complement of ind: 2565295[µs]

real	20m0,187s
user	19m58,074s
sys	0m1,495s
********************
/home/jakob/Documents/abstracton/benchmarks/dodo/Dijkstra-ring.json
s
nomutex
Running as unit: run-r02bf81b735264c5bb7e2500070c3c6ed.scope; invocation ID: 1033314f4d31433a907470ae35b3acc6
Time needed for parsing json file: 6094[µs]
alphabet size: 12
using Siphon interpretation
Time needed for constructing Siphon interpretation transducer: 449484[µs]
computing ind...
Time needed for constructing complement of ind: 843048[µs]
Time needed for computing ind: 121709167[µs]
Time needed for minimizing ind: 31405654[µs]
Time needed for computing ind (total): 153960455[µs]
automaton for ind has 14 states.
...done.
computing complement of preach...
Time needed for constructing identity on ind: 119483[µs]
Time needed for computing product v_id of abstraction framework with identity on ind: 9670846[µs]
Time needed for computing product of v_id with complement of abstraction framework: 770211[µs]
Time needed for computing complement of preach: 10866017[µs]
automaton for complement of preach has 4370 states.
...of which, 22 states are at level 0.
Time needed for trimming complement of preach: 26926[µs]
...done.
trying to prove abstract safety...
Time needed for constructing transducer for unsafe property: 11[µs]
Time needed for constructing transducer for (initial, unsafe) pairs: 312[µs]
Time needed for constructing transducer for complement of (initial, unsafe) pairs: 671[µs]
Time needed for building union of complements of preach and (initial, unsafe)-transducer: 9409[µs]
Time needed for checking universality using lazy-inclusion-bfs algorithm: 822[µs]
Time needed for checking abstract safety: 13853[µs]
...done.
Result: [0]
This means that the following properties could be separated from the initial configurations:
	[]
While the following properties could not be separated from the initial configurations:
	[nomutex]

real	2m45,497s
user	2m44,058s
sys	0m1,354s
********************
/home/jakob/Documents/abstracton/benchmarks/dodo/Dijkstra-ring.json
f
nomutex
Running as unit: run-r5e7ae909889045fba5916ccc7165f54e.scope; invocation ID: ab0c4937d2a44a0f8a8e3e64f6796a1e
Time needed for parsing json file: 7493[µs]
alphabet size: 12
using Flow interpretation
Time needed for constructing Flow interpretation transducer: 1229820[µs]
computing ind...
Time needed for constructing complement of ind: 2504847[µs]

real	20m0,188s
user	19m58,002s
sys	0m1,521s
********************
10 of 61
/home/jakob/Documents/abstracton/benchmarks/dodo/Dijkstra-ring.json
t
deadlock
Running as unit: run-ra83d9761a45747ba9f524afe155e4048.scope; invocation ID: 5a08f7f12029472da2539c717c53c78e
Time needed for parsing json file: 5689[µs]
alphabet size: 12
using Trap interpretation
Time needed for constructing Trap interpretation transducer: 1468078[µs]
computing ind...
Time needed for constructing complement of ind: 2667640[µs]

real	20m0,203s
user	19m57,938s
sys	0m1,580s
********************
/home/jakob/Documents/abstracton/benchmarks/dodo/Dijkstra-ring.json
s
deadlock
Running as unit: run-r21079e4c05aa4bcd90792f321810738b.scope; invocation ID: f6078525dadc493ea902eab107648d00
Time needed for parsing json file: 5630[µs]
alphabet size: 12
using Siphon interpretation
Time needed for constructing Siphon interpretation transducer: 447385[µs]
computing ind...
Time needed for constructing complement of ind: 840432[µs]
Time needed for computing ind: 122189826[µs]
Time needed for minimizing ind: 31501802[µs]
Time needed for computing ind (total): 154534602[µs]
automaton for ind has 14 states.
...done.
computing complement of preach...
Time needed for constructing identity on ind: 123664[µs]
Time needed for computing product v_id of abstraction framework with identity on ind: 9522862[µs]
Time needed for computing product of v_id with complement of abstraction framework: 744796[µs]
Time needed for computing complement of preach: 10693323[µs]
automaton for complement of preach has 4370 states.
...of which, 22 states are at level 0.
Time needed for trimming complement of preach: 26543[µs]
...done.
trying to prove abstract safety...
Time needed for constructing transducer for unsafe property: 52[µs]
Time needed for constructing transducer for (initial, unsafe) pairs: 1021[µs]
Time needed for constructing transducer for complement of (initial, unsafe) pairs: 1614[µs]
Time needed for building union of complements of preach and (initial, unsafe)-transducer: 8699[µs]
Time needed for checking universality using lazy-inclusion-bfs algorithm: 670[µs]
Time needed for checking abstract safety: 14364[µs]
...done.
Result: [0]
This means that the following properties could be separated from the initial configurations:
	[]
While the following properties could not be separated from the initial configurations:
	[deadlock]

real	2m45,904s
user	2m44,383s
sys	0m1,408s
********************
/home/jakob/Documents/abstracton/benchmarks/dodo/Dijkstra-ring.json
f
deadlock
Running as unit: run-redcfc81ed8c8434dbe5934ba6e36009c.scope; invocation ID: d2338bdd976b42c3a78dc49dbc61c598
Time needed for parsing json file: 5665[µs]
alphabet size: 12
using Flow interpretation
Time needed for constructing Flow interpretation transducer: 1258752[µs]
computing ind...
Time needed for constructing complement of ind: 2445307[µs]

real	20m0,211s
user	19m57,949s
sys	0m1,546s
********************
11 of 61
/home/jakob/Documents/abstracton/benchmarks/dodo/DijkstraMutEx.json
t
nomutex
Running as unit: run-ra0df84c741304898a041baad17004dd7.scope; invocation ID: 556ea8edc6614eb281fde3f33d42f0ce
Time needed for parsing json file: 52517[µs]
alphabet size: 24
using Trap interpretation

real	20m22,499s
user	3m18,963s
sys	1m1,199s
********************
/home/jakob/Documents/abstracton/benchmarks/dodo/DijkstraMutEx.json
s
nomutex
Running as unit: run-re1aecd2ff42941bd827dfd939564750c.scope; invocation ID: 6a1960a184474b8a9a6df976070fa380
Time needed for parsing json file: 62727[µs]
alphabet size: 24
using Siphon interpretation

real	20m28,108s
user	3m10,189s
sys	0m54,538s
********************
/home/jakob/Documents/abstracton/benchmarks/dodo/DijkstraMutEx.json
f
nomutex
Running as unit: run-r50548b7035464efbbc18818d9901c838.scope; invocation ID: fa3610f0686a41f090639f28b2672de6
Time needed for parsing json file: 49930[µs]
alphabet size: 24
using Flow interpretation

real	20m57,645s
user	3m14,607s
sys	1m0,545s
********************
12 of 61
/home/jakob/Documents/abstracton/benchmarks/dodo/DijkstraMutEx.json
t
deadlock
Running as unit: run-r0171032656ab4bbf88df15a9db355f62.scope; invocation ID: 526110827995451c855204fbbe3b2dd0
Time needed for parsing json file: 64045[µs]
alphabet size: 24
using Trap interpretation

real	20m20,569s
user	3m9,064s
sys	0m58,366s
********************
/home/jakob/Documents/abstracton/benchmarks/dodo/DijkstraMutEx.json
s
deadlock
Running as unit: run-r7f4b786888524520b9cd0b956122b588.scope; invocation ID: 58e373d5666045f6a4132b8081f4419d
Time needed for parsing json file: 62014[µs]
alphabet size: 24
using Siphon interpretation

real	20m9,764s
user	3m18,476s
sys	1m1,282s
********************
/home/jakob/Documents/abstracton/benchmarks/dodo/DijkstraMutEx.json
f
deadlock
Running as unit: run-r5cb9e01299d74189b261d330a317ace9.scope; invocation ID: c93ad3071f9b4c278d4a9e5f70f6f63f
Time needed for parsing json file: 65044[µs]
alphabet size: 24
using Flow interpretation

real	20m9,972s
user	3m19,517s
sys	1m3,684s
********************
13 of 61
/home/jakob/Documents/abstracton/benchmarks/dodo/FutureBus.json
t
pendingrightsecond
Running as unit: run-rebf95dcfdb6a4199b1263c046672a7af.scope; invocation ID: 368a51b133644928bdfd360f10131c18
Time needed for parsing json file: 22304[µs]
alphabet size: 9
using Trap interpretation
Time needed for constructing Trap interpretation transducer: 220344[µs]
computing ind...
Time needed for constructing complement of ind: 753547[µs]

real	20m0,163s
user	19m58,457s
sys	0m1,055s
********************
/home/jakob/Documents/abstracton/benchmarks/dodo/FutureBus.json
s
pendingrightsecond
Running as unit: run-r015f7c51f7da42e9b4ddd46c6e854d55.scope; invocation ID: 279a3761353e42899fdc48fb71d73e24
Time needed for parsing json file: 15558[µs]
alphabet size: 9
using Siphon interpretation
Time needed for constructing Siphon interpretation transducer: 39480[µs]
computing ind...
Time needed for constructing complement of ind: 181774[µs]

real	20m0,352s
user	19m57,136s
sys	0m2,493s
********************
/home/jakob/Documents/abstracton/benchmarks/dodo/FutureBus.json
f
pendingrightsecond
Running as unit: run-re6a60205905f45baa8f60e30deb7f515.scope; invocation ID: 1b8f2f08a7b64ad3a7050dfe37793638
Time needed for parsing json file: 16288[µs]
alphabet size: 9
using Flow interpretation
Time needed for constructing Flow interpretation transducer: 113887[µs]
computing ind...
Time needed for constructing complement of ind: 611751[µs]

real	20m0,171s
user	19m58,183s
sys	0m1,255s
********************
14 of 61
/home/jakob/Documents/abstracton/benchmarks/dodo/FutureBus.json
t
sharedexclusive
Running as unit: run-r57a379930aea473b9712c12fe1853a72.scope; invocation ID: 4c463d898c70449fb63d67d1b7f59c60
Time needed for parsing json file: 15200[µs]
alphabet size: 9
using Trap interpretation
Time needed for constructing Trap interpretation transducer: 139664[µs]
computing ind...
Time needed for constructing complement of ind: 547402[µs]

real	20m0,160s
user	19m58,390s
sys	0m1,088s
********************
/home/jakob/Documents/abstracton/benchmarks/dodo/FutureBus.json
s
sharedexclusive
Running as unit: run-rf4d98c244d3348fb837f100937383717.scope; invocation ID: bceee7c9adbf48fa9e928c428286ff6e
Time needed for parsing json file: 15656[µs]
alphabet size: 9
using Siphon interpretation
Time needed for constructing Siphon interpretation transducer: 41515[µs]
computing ind...
Time needed for constructing complement of ind: 185151[µs]

real	20m0,348s
user	19m57,287s
sys	0m2,377s
********************
/home/jakob/Documents/abstracton/benchmarks/dodo/FutureBus.json
f
sharedexclusive
Running as unit: run-r54f48471b800433c85058297acf673c6.scope; invocation ID: bbfae98fa00841b4bd32cd21c19f78da
Time needed for parsing json file: 15286[µs]
alphabet size: 9
using Flow interpretation
Time needed for constructing Flow interpretation transducer: 108107[µs]
computing ind...
Time needed for constructing complement of ind: 628212[µs]

real	20m0,177s
user	19m58,176s
sys	0m1,284s
********************
15 of 61
/home/jakob/Documents/abstracton/benchmarks/dodo/FutureBus.json
t
secondpending
Running as unit: run-rc9daecd3509d4f1fb1a6dd97f7582c57.scope; invocation ID: 396447b2b3f74b35803a5f9597035313
Time needed for parsing json file: 15319[µs]
alphabet size: 9
using Trap interpretation
Time needed for constructing Trap interpretation transducer: 133966[µs]
computing ind...
Time needed for constructing complement of ind: 555649[µs]

real	20m0,143s
user	19m58,371s
sys	0m1,068s
********************
/home/jakob/Documents/abstracton/benchmarks/dodo/FutureBus.json
s
secondpending
Running as unit: run-raff414106f2e47839831509f9c81e3b3.scope; invocation ID: b1d8721d49934db9b6ac5b3c28b1c326
Time needed for parsing json file: 15292[µs]
alphabet size: 9
using Siphon interpretation
Time needed for constructing Siphon interpretation transducer: 39268[µs]
computing ind...
Time needed for constructing complement of ind: 183877[µs]

real	20m0,342s
user	19m57,255s
sys	0m2,359s
********************
/home/jakob/Documents/abstracton/benchmarks/dodo/FutureBus.json
f
secondpending
Running as unit: run-r5249c54386c54d15954f7b232040343a.scope; invocation ID: 240e2a6006714284ab9dbe1a6223891d
Time needed for parsing json file: 15904[µs]
alphabet size: 9
using Flow interpretation
Time needed for constructing Flow interpretation transducer: 119421[µs]
computing ind...
Time needed for constructing complement of ind: 601288[µs]

real	20m0,178s
user	19m58,239s
sys	0m1,271s
********************
16 of 61
/home/jakob/Documents/abstracton/benchmarks/dodo/FutureBus.json
t
exclusiveexclusive
Running as unit: run-r8484fe4041fe4ca3a53abbf858f91f6c.scope; invocation ID: 8276b4ee46c247e8a0dd54cf2f7ac83c
Time needed for parsing json file: 15061[µs]
alphabet size: 9
using Trap interpretation
Time needed for constructing Trap interpretation transducer: 137289[µs]
computing ind...
Time needed for constructing complement of ind: 547511[µs]

real	20m0,158s
user	19m58,236s
sys	0m1,170s
********************
/home/jakob/Documents/abstracton/benchmarks/dodo/FutureBus.json
s
exclusiveexclusive
Running as unit: run-rccac9c9019e645aa8e98e63d08021a88.scope; invocation ID: f2397588bfa942e888f1d30c6b2e686c
Time needed for parsing json file: 15247[µs]
alphabet size: 9
using Siphon interpretation
Time needed for constructing Siphon interpretation transducer: 40719[µs]
computing ind...
Time needed for constructing complement of ind: 195246[µs]

real	20m0,347s
user	19m57,266s
sys	0m2,380s
********************
/home/jakob/Documents/abstracton/benchmarks/dodo/FutureBus.json
f
exclusiveexclusive
Running as unit: run-rc605185b284a43b1ae2408ada5732f93.scope; invocation ID: 6c1af61237cf444d9aba7e11e26e6eec
Time needed for parsing json file: 15731[µs]
alphabet size: 9
using Flow interpretation
Time needed for constructing Flow interpretation transducer: 110005[µs]
computing ind...
Time needed for constructing complement of ind: 610838[µs]

real	20m0,171s
user	19m58,347s
sys	0m1,202s
********************
17 of 61
/home/jakob/Documents/abstracton/benchmarks/dodo/FutureBus.json
t
deadlock
Running as unit: run-rb5b6c44385e2400a9e29b30a3a2e7bfb.scope; invocation ID: 4f396dd02aa9471cae48b6621a8befe6
Time needed for parsing json file: 15296[µs]
alphabet size: 9
using Trap interpretation
Time needed for constructing Trap interpretation transducer: 139776[µs]
computing ind...
Time needed for constructing complement of ind: 549688[µs]

real	20m0,147s
user	19m58,311s
sys	0m1,124s
********************
/home/jakob/Documents/abstracton/benchmarks/dodo/FutureBus.json
s
deadlock
Running as unit: run-rfde464c605e44b748f551333fb1daa8c.scope; invocation ID: 1a655fda2d4a4087903ada689a2473aa
Time needed for parsing json file: 16197[µs]
alphabet size: 9
using Siphon interpretation
Time needed for constructing Siphon interpretation transducer: 39177[µs]
computing ind...
Time needed for constructing complement of ind: 185724[µs]

real	20m0,353s
user	19m57,267s
sys	0m2,389s
********************
/home/jakob/Documents/abstracton/benchmarks/dodo/FutureBus.json
f
deadlock
Running as unit: run-r3e06851daa01428193eb89bbfaec66a6.scope; invocation ID: 8547f098561b44d5ab1157339af024d8
Time needed for parsing json file: 15267[µs]
alphabet size: 9
using Flow interpretation
Time needed for constructing Flow interpretation transducer: 111762[µs]
computing ind...
Time needed for constructing complement of ind: 608654[µs]

real	20m0,197s
user	19m58,169s
sys	0m1,288s
********************
18 of 61
/home/jakob/Documents/abstracton/benchmarks/dodo/Herman.json
t
notoken
Running as unit: run-red2704e8dafc4d708e0ff9ac511cbc8d.scope; invocation ID: 433e2c3d7ab1403390af0ee917f21517
Time needed for parsing json file: 1230[µs]
alphabet size: 2
using Trap interpretation
Time needed for constructing Trap interpretation transducer: 613[µs]
computing ind...
Time needed for constructing complement of ind: 683[µs]
Time needed for computing ind: 13125[µs]
Time needed for minimizing ind: 1647[µs]
Time needed for computing ind (total): 15526[µs]
automaton for ind has 6 states.
...done.
computing complement of preach...
Time needed for constructing identity on ind: 76[µs]
Time needed for computing product v_id of abstraction framework with identity on ind: 1845[µs]
Time needed for computing product of v_id with complement of abstraction framework: 3470[µs]
Time needed for computing complement of preach: 5789[µs]
automaton for complement of preach has 11 states.
...of which, 4 states are at level 0.
Time needed for trimming complement of preach: 56[µs]
...done.
trying to prove abstract safety...
Time needed for constructing transducer for unsafe property: 3[µs]
Time needed for constructing transducer for (initial, unsafe) pairs: 126[µs]
Time needed for constructing transducer for complement of (initial, unsafe) pairs: 221[µs]
Time needed for building union of complements of preach and (initial, unsafe)-transducer: 40[µs]
Time needed for checking universality using lazy-inclusion-bfs algorithm: 58[µs]
Time needed for checking abstract safety: 514[µs]
...done.
Result: [1]
This means that the following properties could be separated from the initial configurations:
	[notoken]
While the following properties could not be separated from the initial configurations:
	[]

real	0m0,049s
user	0m0,029s
sys	0m0,006s
********************
/home/jakob/Documents/abstracton/benchmarks/dodo/Herman.json
s
notoken
Running as unit: run-ra0539b2029454659b06fd23fbf00a237.scope; invocation ID: c18a4b05122447dbab517d3f0dbf4de2
Time needed for parsing json file: 977[µs]
alphabet size: 2
using Siphon interpretation
Time needed for constructing Siphon interpretation transducer: 309[µs]
computing ind...
Time needed for constructing complement of ind: 222[µs]
Time needed for computing ind: 3024[µs]
Time needed for minimizing ind: 1145[µs]
Time needed for computing ind (total): 4454[µs]
automaton for ind has 6 states.
...done.
computing complement of preach...
Time needed for constructing identity on ind: 69[µs]
Time needed for computing product v_id of abstraction framework with identity on ind: 759[µs]
Time needed for computing product of v_id with complement of abstraction framework: 492[µs]
Time needed for computing complement of preach: 1593[µs]
automaton for complement of preach has 8 states.
...of which, 4 states are at level 0.
Time needed for trimming complement of preach: 32[µs]
...done.
trying to prove abstract safety...
Time needed for constructing transducer for unsafe property: 3[µs]
Time needed for constructing transducer for (initial, unsafe) pairs: 116[µs]
Time needed for constructing transducer for complement of (initial, unsafe) pairs: 243[µs]
Time needed for building union of complements of preach and (initial, unsafe)-transducer: 35[µs]
Time needed for checking universality using lazy-inclusion-bfs algorithm: 34[µs]
Time needed for checking abstract safety: 505[µs]
...done.
Result: [0]
This means that the following properties could be separated from the initial configurations:
	[]
While the following properties could not be separated from the initial configurations:
	[notoken]

real	0m0,031s
user	0m0,011s
sys	0m0,008s
********************
/home/jakob/Documents/abstracton/benchmarks/dodo/Herman.json
f
notoken
Running as unit: run-rc1099b27280e4b328a81ca947b0745bb.scope; invocation ID: 1016ca699b9e4c9786ec112dd0d263fe
Time needed for parsing json file: 1077[µs]
alphabet size: 2
using Flow interpretation
Time needed for constructing Flow interpretation transducer: 524[µs]
computing ind...
Time needed for constructing complement of ind: 655[µs]
Time needed for computing ind: 26848[µs]
Time needed for minimizing ind: 3658[µs]
Time needed for computing ind (total): 31233[µs]
automaton for ind has 7 states.
...done.
computing complement of preach...
Time needed for constructing identity on ind: 74[µs]
Time needed for computing product v_id of abstraction framework with identity on ind: 1118[µs]
Time needed for computing product of v_id with complement of abstraction framework: 606[µs]
Time needed for computing complement of preach: 2253[µs]
automaton for complement of preach has 4 states.
...of which, 2 states are at level 0.
Time needed for trimming complement of preach: 22[µs]
...done.
trying to prove abstract safety...
Time needed for constructing transducer for unsafe property: 3[µs]
Time needed for constructing transducer for (initial, unsafe) pairs: 130[µs]
Time needed for constructing transducer for complement of (initial, unsafe) pairs: 218[µs]
Time needed for building union of complements of preach and (initial, unsafe)-transducer: 34[µs]
Time needed for checking universality using lazy-inclusion-bfs algorithm: 30[µs]
Time needed for checking abstract safety: 489[µs]
...done.
Result: [0]
This means that the following properties could be separated from the initial configurations:
	[]
While the following properties could not be separated from the initial configurations:
	[notoken]

real	0m0,065s
user	0m0,038s
sys	0m0,009s
********************
19 of 61
/home/jakob/Documents/abstracton/benchmarks/dodo/Illinois.json
t
dirtydirty
Running as unit: run-r09abe041b58747789f5876f5a9d158a6.scope; invocation ID: 43aae3083f314f2d8b30f724d322498c
Time needed for parsing json file: 11351[µs]
alphabet size: 4
using Trap interpretation
Time needed for constructing Trap interpretation transducer: 2340[µs]
computing ind...
Time needed for constructing complement of ind: 7480[µs]
Time needed for computing ind: 1275918[µs]
Time needed for minimizing ind: 64591[µs]
Time needed for computing ind (total): 1348134[µs]
automaton for ind has 12 states.
...done.
computing complement of preach...
Time needed for constructing identity on ind: 381[µs]
Time needed for computing product v_id of abstraction framework with identity on ind: 17600[µs]
Time needed for computing product of v_id with complement of abstraction framework: 79134[µs]
Time needed for computing complement of preach: 98429[µs]
automaton for complement of preach has 234 states.
...of which, 18 states are at level 0.
Time needed for trimming complement of preach: 649[µs]
...done.
trying to prove abstract safety...
Time needed for constructing transducer for unsafe property: 6[µs]
Time needed for constructing transducer for (initial, unsafe) pairs: 167[µs]
Time needed for constructing transducer for complement of (initial, unsafe) pairs: 342[µs]
Time needed for building union of complements of preach and (initial, unsafe)-transducer: 215[µs]
Time needed for checking universality using lazy-inclusion-bfs algorithm: 64[µs]
Time needed for checking abstract safety: 879[µs]
...done.
Result: [0]
This means that the following properties could be separated from the initial configurations:
	[]
While the following properties could not be separated from the initial configurations:
	[dirtydirty]

real	0m1,490s
user	0m1,439s
sys	0m0,026s
********************
/home/jakob/Documents/abstracton/benchmarks/dodo/Illinois.json
s
dirtydirty
Running as unit: run-rbdabd8b29d534105a87c92dd0510d049.scope; invocation ID: ea8c9792a7d34ea49e00a9001ac5eb52
Time needed for parsing json file: 2368[µs]
alphabet size: 4
using Siphon interpretation
Time needed for constructing Siphon interpretation transducer: 978[µs]
computing ind...
Time needed for constructing complement of ind: 2469[µs]
Time needed for computing ind: 130346[µs]
Time needed for minimizing ind: 22434[µs]
Time needed for computing ind (total): 155395[µs]
automaton for ind has 5 states.
...done.
computing complement of preach...
Time needed for constructing identity on ind: 206[µs]
Time needed for computing product v_id of abstraction framework with identity on ind: 2189[µs]
Time needed for computing product of v_id with complement of abstraction framework: 679[µs]
Time needed for computing complement of preach: 4018[µs]
automaton for complement of preach has 5 states.
...of which, 2 states are at level 0.
Time needed for trimming complement of preach: 18[µs]
...done.
trying to prove abstract safety...
Time needed for constructing transducer for unsafe property: 16[µs]
Time needed for constructing transducer for (initial, unsafe) pairs: 129[µs]
Time needed for constructing transducer for complement of (initial, unsafe) pairs: 335[µs]
Time needed for building union of complements of preach and (initial, unsafe)-transducer: 56[µs]
Time needed for checking universality using lazy-inclusion-bfs algorithm: 26[µs]
Time needed for checking abstract safety: 624[µs]
...done.
Result: [0]
This means that the following properties could be separated from the initial configurations:
	[]
While the following properties could not be separated from the initial configurations:
	[dirtydirty]

real	0m0,184s
user	0m0,165s
sys	0m0,010s
********************
/home/jakob/Documents/abstracton/benchmarks/dodo/Illinois.json
f
dirtydirty
Running as unit: run-r67fae66af004472eb173836f51f9142d.scope; invocation ID: d135e88b9651446f976453fec609ac26
Time needed for parsing json file: 2295[µs]
alphabet size: 4
using Flow interpretation
Time needed for constructing Flow interpretation transducer: 1880[µs]
computing ind...
Time needed for constructing complement of ind: 7706[µs]
Time needed for computing ind: 8999331[µs]
Time needed for minimizing ind: 441368[µs]
Time needed for computing ind (total): 9448639[µs]
automaton for ind has 7 states.
...done.
computing complement of preach...
Time needed for constructing identity on ind: 280[µs]
Time needed for computing product v_id of abstraction framework with identity on ind: 5919[µs]
Time needed for computing product of v_id with complement of abstraction framework: 1247[µs]
Time needed for computing complement of preach: 9157[µs]
automaton for complement of preach has 5 states.
...of which, 2 states are at level 0.
Time needed for trimming complement of preach: 36[µs]
...done.
trying to prove abstract safety...
Time needed for constructing transducer for unsafe property: 6[µs]
Time needed for constructing transducer for (initial, unsafe) pairs: 147[µs]
Time needed for constructing transducer for complement of (initial, unsafe) pairs: 327[µs]
Time needed for building union of complements of preach and (initial, unsafe)-transducer: 59[µs]
Time needed for checking universality using lazy-inclusion-bfs algorithm: 35[µs]
Time needed for checking abstract safety: 637[µs]
...done.
Result: [0]
This means that the following properties could be separated from the initial configurations:
	[]
While the following properties could not be separated from the initial configurations:
	[dirtydirty]

real	0m9,490s
user	0m9,440s
sys	0m0,033s
********************
20 of 61
/home/jakob/Documents/abstracton/benchmarks/dodo/Illinois.json
t
dirtyshared
Running as unit: run-r68446cb7c3584c6188eec655ad8d7593.scope; invocation ID: cb2fe7cf4c0f47548bd8654783ef5382
Time needed for parsing json file: 2624[µs]
alphabet size: 4
using Trap interpretation
Time needed for constructing Trap interpretation transducer: 2327[µs]
computing ind...
Time needed for constructing complement of ind: 7308[µs]
Time needed for computing ind: 1233562[µs]
Time needed for minimizing ind: 63719[µs]
Time needed for computing ind (total): 1304740[µs]
automaton for ind has 12 states.
...done.
computing complement of preach...
Time needed for constructing identity on ind: 412[µs]
Time needed for computing product v_id of abstraction framework with identity on ind: 17295[µs]
Time needed for computing product of v_id with complement of abstraction framework: 79662[µs]
Time needed for computing complement of preach: 98806[µs]
automaton for complement of preach has 234 states.
...of which, 18 states are at level 0.
Time needed for trimming complement of preach: 688[µs]
...done.
trying to prove abstract safety...
Time needed for constructing transducer for unsafe property: 11[µs]
Time needed for constructing transducer for (initial, unsafe) pairs: 210[µs]
Time needed for constructing transducer for complement of (initial, unsafe) pairs: 409[µs]
Time needed for building union of complements of preach and (initial, unsafe)-transducer: 251[µs]
Time needed for checking universality using lazy-inclusion-bfs algorithm: 152[µs]
Time needed for checking abstract safety: 1157[µs]
...done.
Result: [0]
This means that the following properties could be separated from the initial configurations:
	[]
While the following properties could not be separated from the initial configurations:
	[dirtyshared]

real	0m1,443s
user	0m1,401s
sys	0m0,023s
********************
/home/jakob/Documents/abstracton/benchmarks/dodo/Illinois.json
s
dirtyshared
Running as unit: run-r687cb2df75f74869aa123b223071d731.scope; invocation ID: 6d2030702ded4845a48142ea0cfa3420
Time needed for parsing json file: 2398[µs]
alphabet size: 4
using Siphon interpretation
Time needed for constructing Siphon interpretation transducer: 886[µs]
computing ind...
Time needed for constructing complement of ind: 2549[µs]
Time needed for computing ind: 129458[µs]
Time needed for minimizing ind: 21502[µs]
Time needed for computing ind (total): 153636[µs]
automaton for ind has 5 states.
...done.
computing complement of preach...
Time needed for constructing identity on ind: 184[µs]
Time needed for computing product v_id of abstraction framework with identity on ind: 2068[µs]
Time needed for computing product of v_id with complement of abstraction framework: 731[µs]
Time needed for computing complement of preach: 3964[µs]
automaton for complement of preach has 5 states.
...of which, 2 states are at level 0.
Time needed for trimming complement of preach: 22[µs]
...done.
trying to prove abstract safety...
Time needed for constructing transducer for unsafe property: 7[µs]
Time needed for constructing transducer for (initial, unsafe) pairs: 159[µs]
Time needed for constructing transducer for complement of (initial, unsafe) pairs: 382[µs]
Time needed for building union of complements of preach and (initial, unsafe)-transducer: 62[µs]
Time needed for checking universality using lazy-inclusion-bfs algorithm: 27[µs]
Time needed for checking abstract safety: 701[µs]
...done.
Result: [0]
This means that the following properties could be separated from the initial configurations:
	[]
While the following properties could not be separated from the initial configurations:
	[dirtyshared]

real	0m0,183s
user	0m0,166s
sys	0m0,008s
********************
/home/jakob/Documents/abstracton/benchmarks/dodo/Illinois.json
f
dirtyshared
Running as unit: run-rbdeb2faf81dd4344864940e7db61f81d.scope; invocation ID: 080f389bee3e4af1884e7842c528aa2d
Time needed for parsing json file: 2305[µs]
alphabet size: 4
using Flow interpretation
Time needed for constructing Flow interpretation transducer: 1944[µs]
computing ind...
Time needed for constructing complement of ind: 8479[µs]
Time needed for computing ind: 8874289[µs]
Time needed for minimizing ind: 432938[µs]
Time needed for computing ind (total): 9315939[µs]
automaton for ind has 7 states.
...done.
computing complement of preach...
Time needed for constructing identity on ind: 290[µs]
Time needed for computing product v_id of abstraction framework with identity on ind: 5515[µs]
Time needed for computing product of v_id with complement of abstraction framework: 1311[µs]
Time needed for computing complement of preach: 8772[µs]
automaton for complement of preach has 5 states.
...of which, 2 states are at level 0.
Time needed for trimming complement of preach: 37[µs]
...done.
trying to prove abstract safety...
Time needed for constructing transducer for unsafe property: 6[µs]
Time needed for constructing transducer for (initial, unsafe) pairs: 159[µs]
Time needed for constructing transducer for complement of (initial, unsafe) pairs: 378[µs]
Time needed for building union of complements of preach and (initial, unsafe)-transducer: 65[µs]
Time needed for checking universality using lazy-inclusion-bfs algorithm: 28[µs]
Time needed for checking abstract safety: 694[µs]
...done.
Result: [0]
This means that the following properties could be separated from the initial configurations:
	[]
While the following properties could not be separated from the initial configurations:
	[dirtyshared]

real	0m9,358s
user	0m9,316s
sys	0m0,024s
********************
21 of 61
/home/jakob/Documents/abstracton/benchmarks/dodo/Illinois.json
t
deadlock
Running as unit: run-re39802a3f02a41e39db9bd41dd37f1cc.scope; invocation ID: c92f1350ca4a4800946dfabefb674c99
Time needed for parsing json file: 2463[µs]
alphabet size: 4
using Trap interpretation
Time needed for constructing Trap interpretation transducer: 2325[µs]
computing ind...
Time needed for constructing complement of ind: 7399[µs]
Time needed for computing ind: 1218764[µs]
Time needed for minimizing ind: 69282[µs]
Time needed for computing ind (total): 1295597[µs]
automaton for ind has 12 states.
...done.
computing complement of preach...
Time needed for constructing identity on ind: 414[µs]
Time needed for computing product v_id of abstraction framework with identity on ind: 16829[µs]
Time needed for computing product of v_id with complement of abstraction framework: 95196[µs]
Time needed for computing complement of preach: 113995[µs]
automaton for complement of preach has 234 states.
...of which, 18 states are at level 0.
Time needed for trimming complement of preach: 627[µs]
...done.
trying to prove abstract safety...
Time needed for constructing transducer for unsafe property: 18[µs]
Time needed for constructing transducer for (initial, unsafe) pairs: 171[µs]
Time needed for constructing transducer for complement of (initial, unsafe) pairs: 42[µs]
Time needed for building union of complements of preach and (initial, unsafe)-transducer: 192[µs]
Time needed for checking universality using lazy-inclusion-bfs algorithm: 4[µs]
Time needed for checking abstract safety: 519[µs]
...done.
Result: [1]
This means that the following properties could be separated from the initial configurations:
	[deadlock]
While the following properties could not be separated from the initial configurations:
	[]

real	0m1,440s
user	0m1,407s
sys	0m0,020s
********************
/home/jakob/Documents/abstracton/benchmarks/dodo/Illinois.json
s
deadlock
Running as unit: run-rce49077e6d7a49c7b9c44012c5599c56.scope; invocation ID: 288a1d03e4df453086e43d91f85959fa
Time needed for parsing json file: 2603[µs]
alphabet size: 4
using Siphon interpretation
Time needed for constructing Siphon interpretation transducer: 978[µs]
computing ind...
Time needed for constructing complement of ind: 2485[µs]
Time needed for computing ind: 126023[µs]
Time needed for minimizing ind: 20843[µs]
Time needed for computing ind (total): 149445[µs]
automaton for ind has 5 states.
...done.
computing complement of preach...
Time needed for constructing identity on ind: 182[µs]
Time needed for computing product v_id of abstraction framework with identity on ind: 2108[µs]
Time needed for computing product of v_id with complement of abstraction framework: 652[µs]
Time needed for computing complement of preach: 3844[µs]
automaton for complement of preach has 5 states.
...of which, 2 states are at level 0.
Time needed for trimming complement of preach: 19[µs]
...done.
trying to prove abstract safety...
Time needed for constructing transducer for unsafe property: 16[µs]
Time needed for constructing transducer for (initial, unsafe) pairs: 143[µs]
Time needed for constructing transducer for complement of (initial, unsafe) pairs: 35[µs]
Time needed for building union of complements of preach and (initial, unsafe)-transducer: 30[µs]
Time needed for checking universality using lazy-inclusion-bfs algorithm: 3[µs]
Time needed for checking abstract safety: 283[µs]
...done.
Result: [1]
This means that the following properties could be separated from the initial configurations:
	[deadlock]
While the following properties could not be separated from the initial configurations:
	[]

real	0m0,184s
user	0m0,157s
sys	0m0,013s
********************
/home/jakob/Documents/abstracton/benchmarks/dodo/Illinois.json
f
deadlock
Running as unit: run-r57da33449b244cbca45434a994d0d44a.scope; invocation ID: a270a36c756b473bb71b567ef4b2b9d2
Time needed for parsing json file: 2351[µs]
alphabet size: 4
using Flow interpretation
Time needed for constructing Flow interpretation transducer: 1916[µs]
computing ind...
Time needed for constructing complement of ind: 9772[µs]
Time needed for computing ind: 8896538[µs]
Time needed for minimizing ind: 451930[µs]
Time needed for computing ind (total): 9358457[µs]
automaton for ind has 7 states.
...done.
computing complement of preach...
Time needed for constructing identity on ind: 261[µs]
Time needed for computing product v_id of abstraction framework with identity on ind: 5252[µs]
Time needed for computing product of v_id with complement of abstraction framework: 1213[µs]
Time needed for computing complement of preach: 8250[µs]
automaton for complement of preach has 5 states.
...of which, 2 states are at level 0.
Time needed for trimming complement of preach: 38[µs]
...done.
trying to prove abstract safety...
Time needed for constructing transducer for unsafe property: 18[µs]
Time needed for constructing transducer for (initial, unsafe) pairs: 171[µs]
Time needed for constructing transducer for complement of (initial, unsafe) pairs: 41[µs]
Time needed for building union of complements of preach and (initial, unsafe)-transducer: 34[µs]
Time needed for checking universality using lazy-inclusion-bfs algorithm: 4[µs]
Time needed for checking abstract safety: 336[µs]
...done.
Result: [1]
This means that the following properties could be separated from the initial configurations:
	[deadlock]
While the following properties could not be separated from the initial configurations:
	[]

real	0m9,398s
user	0m9,359s
sys	0m0,022s
********************
22 of 61
/home/jakob/Documents/abstracton/benchmarks/dodo/Israeli-Jafon.json
t
notoken
Running as unit: run-rad7b1354c41a4ba6bbf57bb7bafa166c.scope; invocation ID: ee57ba50ec404f8a8f3d65e75ac9fdf8
Time needed for parsing json file: 9834[µs]
alphabet size: 2
using Trap interpretation
Time needed for constructing Trap interpretation transducer: 620[µs]
computing ind...
Time needed for constructing complement of ind: 594[µs]
Time needed for computing ind: 5402[µs]
Time needed for minimizing ind: 1094[µs]
Time needed for computing ind (total): 7161[µs]
automaton for ind has 6 states.
...done.
computing complement of preach...
Time needed for constructing identity on ind: 85[µs]
Time needed for computing product v_id of abstraction framework with identity on ind: 1618[µs]
Time needed for computing product of v_id with complement of abstraction framework: 3597[µs]
Time needed for computing complement of preach: 5719[µs]
automaton for complement of preach has 11 states.
...of which, 4 states are at level 0.
Time needed for trimming complement of preach: 64[µs]
...done.
trying to prove abstract safety...
Time needed for constructing transducer for unsafe property: 4[µs]
Time needed for constructing transducer for (initial, unsafe) pairs: 139[µs]
Time needed for constructing transducer for complement of (initial, unsafe) pairs: 234[µs]
Time needed for building union of complements of preach and (initial, unsafe)-transducer: 56[µs]
Time needed for checking universality using lazy-inclusion-bfs algorithm: 60[µs]
Time needed for checking abstract safety: 591[µs]
...done.
Result: [1]
This means that the following properties could be separated from the initial configurations:
	[notoken]
While the following properties could not be separated from the initial configurations:
	[]

real	0m0,047s
user	0m0,020s
sys	0m0,006s
********************
/home/jakob/Documents/abstracton/benchmarks/dodo/Israeli-Jafon.json
s
notoken
Running as unit: run-re45a3202a6444405ba94b3f34b9bf883.scope; invocation ID: 8ec798cbd6ee41ca94a7d1ae216de3ae
Time needed for parsing json file: 839[µs]
alphabet size: 2
using Siphon interpretation
Time needed for constructing Siphon interpretation transducer: 344[µs]
computing ind...
Time needed for constructing complement of ind: 227[µs]
Time needed for computing ind: 1180[µs]
Time needed for minimizing ind: 747[µs]
Time needed for computing ind (total): 2211[µs]
automaton for ind has 6 states.
...done.
computing complement of preach...
Time needed for constructing identity on ind: 97[µs]
Time needed for computing product v_id of abstraction framework with identity on ind: 881[µs]
Time needed for computing product of v_id with complement of abstraction framework: 513[µs]
Time needed for computing complement of preach: 1766[µs]
automaton for complement of preach has 8 states.
...of which, 4 states are at level 0.
Time needed for trimming complement of preach: 72[µs]
...done.
trying to prove abstract safety...
Time needed for constructing transducer for unsafe property: 3[µs]
Time needed for constructing transducer for (initial, unsafe) pairs: 128[µs]
Time needed for constructing transducer for complement of (initial, unsafe) pairs: 231[µs]
Time needed for building union of complements of preach and (initial, unsafe)-transducer: 40[µs]
Time needed for checking universality using lazy-inclusion-bfs algorithm: 36[µs]
Time needed for checking abstract safety: 495[µs]
...done.
Result: [0]
This means that the following properties could be separated from the initial configurations:
	[]
While the following properties could not be separated from the initial configurations:
	[notoken]

real	0m0,034s
user	0m0,008s
sys	0m0,009s
********************
/home/jakob/Documents/abstracton/benchmarks/dodo/Israeli-Jafon.json
f
notoken
Running as unit: run-r56d659b097934275aa59a0a3848fed5d.scope; invocation ID: 5059195f18584b409eacf405dbc6cac1
Time needed for parsing json file: 832[µs]
alphabet size: 2
using Flow interpretation
Time needed for constructing Flow interpretation transducer: 533[µs]
computing ind...
Time needed for constructing complement of ind: 567[µs]
Time needed for computing ind: 9190[µs]
Time needed for minimizing ind: 2295[µs]
Time needed for computing ind (total): 12142[µs]
automaton for ind has 7 states.
...done.
computing complement of preach...
Time needed for constructing identity on ind: 88[µs]
Time needed for computing product v_id of abstraction framework with identity on ind: 1336[µs]
Time needed for computing product of v_id with complement of abstraction framework: 635[µs]
Time needed for computing complement of preach: 2523[µs]
automaton for complement of preach has 4 states.
...of which, 2 states are at level 0.
Time needed for trimming complement of preach: 34[µs]
...done.
trying to prove abstract safety...
Time needed for constructing transducer for unsafe property: 4[µs]
Time needed for constructing transducer for (initial, unsafe) pairs: 135[µs]
Time needed for constructing transducer for complement of (initial, unsafe) pairs: 234[µs]
Time needed for building union of complements of preach and (initial, unsafe)-transducer: 52[µs]
Time needed for checking universality using lazy-inclusion-bfs algorithm: 43[µs]
Time needed for checking abstract safety: 546[µs]
...done.
Result: [0]
This means that the following properties could be separated from the initial configurations:
	[]
While the following properties could not be separated from the initial configurations:
	[notoken]

real	0m0,040s
user	0m0,019s
sys	0m0,009s
********************
23 of 61
/home/jakob/Documents/abstracton/benchmarks/dodo/MESI.json
t
modifiedmodified
Running as unit: run-r60df3b074a4c4595af0f153f8164318e.scope; invocation ID: 9e642babda014399b7c7254a19156949
Time needed for parsing json file: 10441[µs]
alphabet size: 4
using Trap interpretation
Time needed for constructing Trap interpretation transducer: 2469[µs]
computing ind...
Time needed for constructing complement of ind: 3596[µs]
Time needed for computing ind: 54238[µs]
Time needed for minimizing ind: 7481[µs]
Time needed for computing ind (total): 65412[µs]
automaton for ind has 6 states.
...done.
computing complement of preach...
Time needed for constructing identity on ind: 213[µs]
Time needed for computing product v_id of abstraction framework with identity on ind: 9480[µs]
Time needed for computing product of v_id with complement of abstraction framework: 39811[µs]
Time needed for computing complement of preach: 50698[µs]
automaton for complement of preach has 175 states.
...of which, 7 states are at level 0.
Time needed for trimming complement of preach: 442[µs]
...done.
trying to prove abstract safety...
Time needed for constructing transducer for unsafe property: 6[µs]
Time needed for constructing transducer for (initial, unsafe) pairs: 159[µs]
Time needed for constructing transducer for complement of (initial, unsafe) pairs: 333[µs]
Time needed for building union of complements of preach and (initial, unsafe)-transducer: 168[µs]
Time needed for checking universality using lazy-inclusion-bfs algorithm: 124[µs]
Time needed for checking abstract safety: 872[µs]
...done.
Result: [1]
This means that the following properties could be separated from the initial configurations:
	[modifiedmodified]
While the following properties could not be separated from the initial configurations:
	[]

real	0m0,158s
user	0m0,115s
sys	0m0,020s
********************
/home/jakob/Documents/abstracton/benchmarks/dodo/MESI.json
s
modifiedmodified
Running as unit: run-r8b816b89809c4a19b5173599d5aad496.scope; invocation ID: 3d1b42b670f94275961612a899766531
Time needed for parsing json file: 1578[µs]
alphabet size: 4
using Siphon interpretation
Time needed for constructing Siphon interpretation transducer: 946[µs]
computing ind...
Time needed for constructing complement of ind: 1331[µs]
Time needed for computing ind: 10516[µs]
Time needed for minimizing ind: 3701[µs]
Time needed for computing ind (total): 15633[µs]
automaton for ind has 3 states.
...done.
computing complement of preach...
Time needed for constructing identity on ind: 124[µs]
Time needed for computing product v_id of abstraction framework with identity on ind: 1719[µs]
Time needed for computing product of v_id with complement of abstraction framework: 420[µs]
Time needed for computing complement of preach: 2971[µs]
automaton for complement of preach has 0 states.
...of which, 0 states are at level 0.
Time needed for trimming complement of preach: 4[µs]
...done.
trying to prove abstract safety...
Time needed for constructing transducer for unsafe property: 12[µs]
Time needed for constructing transducer for (initial, unsafe) pairs: 160[µs]
Time needed for constructing transducer for complement of (initial, unsafe) pairs: 305[µs]
Time needed for building union of complements of preach and (initial, unsafe)-transducer: 50[µs]
Time needed for checking universality using lazy-inclusion-bfs algorithm: 14[µs]
Time needed for checking abstract safety: 616[µs]
...done.
Result: [0]
This means that the following properties could be separated from the initial configurations:
	[]
While the following properties could not be separated from the initial configurations:
	[modifiedmodified]

real	0m0,049s
user	0m0,024s
sys	0m0,010s
********************
/home/jakob/Documents/abstracton/benchmarks/dodo/MESI.json
f
modifiedmodified
Running as unit: run-r6e90a100631e4f7cb3e35d6034137ccb.scope; invocation ID: 1aa83398027b4647a1a9cb5add370cad
Time needed for parsing json file: 1493[µs]
alphabet size: 4
using Flow interpretation
Time needed for constructing Flow interpretation transducer: 1953[µs]
computing ind...
Time needed for constructing complement of ind: 3625[µs]
Time needed for computing ind: 211895[µs]
Time needed for minimizing ind: 30295[µs]
Time needed for computing ind (total): 245987[µs]
automaton for ind has 5 states.
...done.
computing complement of preach...
Time needed for constructing identity on ind: 375[µs]
Time needed for computing product v_id of abstraction framework with identity on ind: 5788[µs]
Time needed for computing product of v_id with complement of abstraction framework: 1235[µs]
Time needed for computing complement of preach: 9583[µs]
automaton for complement of preach has 0 states.
...of which, 0 states are at level 0.
Time needed for trimming complement of preach: 7[µs]
...done.
trying to prove abstract safety...
Time needed for constructing transducer for unsafe property: 8[µs]
Time needed for constructing transducer for (initial, unsafe) pairs: 243[µs]
Time needed for constructing transducer for complement of (initial, unsafe) pairs: 469[µs]
Time needed for building union of complements of preach and (initial, unsafe)-transducer: 87[µs]
Time needed for checking universality using lazy-inclusion-bfs algorithm: 23[µs]
Time needed for checking abstract safety: 914[µs]
...done.
Result: [0]
This means that the following properties could be separated from the initial configurations:
	[]
While the following properties could not be separated from the initial configurations:
	[modifiedmodified]

real	0m0,290s
user	0m0,260s
sys	0m0,010s
********************
24 of 61
/home/jakob/Documents/abstracton/benchmarks/dodo/MESI.json
t
sharedmodified
Running as unit: run-r23550b32662a423798cfdf62482e5504.scope; invocation ID: f5331b21953b462ab6175cb324a77c5b
Time needed for parsing json file: 1704[µs]
alphabet size: 4
using Trap interpretation
Time needed for constructing Trap interpretation transducer: 2689[µs]
computing ind...
Time needed for constructing complement of ind: 3310[µs]
Time needed for computing ind: 57045[µs]
Time needed for minimizing ind: 7023[µs]
Time needed for computing ind (total): 67470[µs]
automaton for ind has 6 states.
...done.
computing complement of preach...
Time needed for constructing identity on ind: 214[µs]
Time needed for computing product v_id of abstraction framework with identity on ind: 9668[µs]
Time needed for computing product of v_id with complement of abstraction framework: 35962[µs]
Time needed for computing complement of preach: 46950[µs]
automaton for complement of preach has 175 states.
...of which, 7 states are at level 0.
Time needed for trimming complement of preach: 410[µs]
...done.
trying to prove abstract safety...
Time needed for constructing transducer for unsafe property: 6[µs]
Time needed for constructing transducer for (initial, unsafe) pairs: 164[µs]
Time needed for constructing transducer for complement of (initial, unsafe) pairs: 384[µs]
Time needed for building union of complements of preach and (initial, unsafe)-transducer: 162[µs]
Time needed for checking universality using lazy-inclusion-bfs algorithm: 221[µs]
Time needed for checking abstract safety: 1013[µs]
...done.
Result: [1]
This means that the following properties could be separated from the initial configurations:
	[sharedmodified]
While the following properties could not be separated from the initial configurations:
	[]

real	0m0,151s
user	0m0,119s
sys	0m0,013s
********************
/home/jakob/Documents/abstracton/benchmarks/dodo/MESI.json
s
sharedmodified
Running as unit: run-rb9e6f7f7e491480e9f74eb72bba3087a.scope; invocation ID: 8afcd2a7f3f54d479b1ebfdb093a788e
Time needed for parsing json file: 1483[µs]
alphabet size: 4
using Siphon interpretation
Time needed for constructing Siphon interpretation transducer: 903[µs]
computing ind...
Time needed for constructing complement of ind: 1241[µs]
Time needed for computing ind: 9829[µs]
Time needed for minimizing ind: 4417[µs]
Time needed for computing ind (total): 15589[µs]
automaton for ind has 3 states.
...done.
computing complement of preach...
Time needed for constructing identity on ind: 126[µs]
Time needed for computing product v_id of abstraction framework with identity on ind: 1660[µs]
Time needed for computing product of v_id with complement of abstraction framework: 412[µs]
Time needed for computing complement of preach: 3018[µs]
automaton for complement of preach has 0 states.
...of which, 0 states are at level 0.
Time needed for trimming complement of preach: 7[µs]
...done.
trying to prove abstract safety...
Time needed for constructing transducer for unsafe property: 12[µs]
Time needed for constructing transducer for (initial, unsafe) pairs: 173[µs]
Time needed for constructing transducer for complement of (initial, unsafe) pairs: 489[µs]
Time needed for building union of complements of preach and (initial, unsafe)-transducer: 61[µs]
Time needed for checking universality using lazy-inclusion-bfs algorithm: 16[µs]
Time needed for checking abstract safety: 830[µs]
...done.
Result: [0]
This means that the following properties could be separated from the initial configurations:
	[]
While the following properties could not be separated from the initial configurations:
	[sharedmodified]

real	0m0,045s
user	0m0,024s
sys	0m0,009s
********************
/home/jakob/Documents/abstracton/benchmarks/dodo/MESI.json
f
sharedmodified
Running as unit: run-raae5293274f84660ba6724489885a4d4.scope; invocation ID: d89c66a47d9547dc8f40fb6093000329
Time needed for parsing json file: 1712[µs]
alphabet size: 4
using Flow interpretation
Time needed for constructing Flow interpretation transducer: 1905[µs]
computing ind...
Time needed for constructing complement of ind: 3718[µs]
Time needed for computing ind: 210970[µs]
Time needed for minimizing ind: 25325[µs]
Time needed for computing ind (total): 240143[µs]
automaton for ind has 5 states.
...done.
computing complement of preach...
Time needed for constructing identity on ind: 183[µs]
Time needed for computing product v_id of abstraction framework with identity on ind: 3146[µs]
Time needed for computing product of v_id with complement of abstraction framework: 734[µs]
Time needed for computing complement of preach: 5357[µs]
automaton for complement of preach has 0 states.
...of which, 0 states are at level 0.
Time needed for trimming complement of preach: 4[µs]
...done.
trying to prove abstract safety...
Time needed for constructing transducer for unsafe property: 12[µs]
Time needed for constructing transducer for (initial, unsafe) pairs: 159[µs]
Time needed for constructing transducer for complement of (initial, unsafe) pairs: 359[µs]
Time needed for building union of complements of preach and (initial, unsafe)-transducer: 56[µs]
Time needed for checking universality using lazy-inclusion-bfs algorithm: 15[µs]
Time needed for checking abstract safety: 653[µs]
...done.
Result: [0]
This means that the following properties could be separated from the initial configurations:
	[]
While the following properties could not be separated from the initial configurations:
	[sharedmodified]

real	0m0,272s
user	0m0,250s
sys	0m0,011s
********************
25 of 61
/home/jakob/Documents/abstracton/benchmarks/dodo/MESI.json
t
deadlock
Running as unit: run-rdfb7c14519c24981b59ba35240e49e56.scope; invocation ID: eb6a831dc33a4f01aa178c331ab1fd13
Time needed for parsing json file: 1511[µs]
alphabet size: 4
using Trap interpretation
Time needed for constructing Trap interpretation transducer: 2293[µs]
computing ind...
Time needed for constructing complement of ind: 3330[µs]
Time needed for computing ind: 55758[µs]
Time needed for minimizing ind: 7950[µs]
Time needed for computing ind (total): 67140[µs]
automaton for ind has 6 states.
...done.
computing complement of preach...
Time needed for constructing identity on ind: 257[µs]
Time needed for computing product v_id of abstraction framework with identity on ind: 9414[µs]
Time needed for computing product of v_id with complement of abstraction framework: 36317[µs]
Time needed for computing complement of preach: 47254[µs]
automaton for complement of preach has 175 states.
...of which, 7 states are at level 0.
Time needed for trimming complement of preach: 455[µs]
...done.
trying to prove abstract safety...
Time needed for constructing transducer for unsafe property: 9[µs]
Time needed for constructing transducer for (initial, unsafe) pairs: 117[µs]
Time needed for constructing transducer for complement of (initial, unsafe) pairs: 40[µs]
Time needed for building union of complements of preach and (initial, unsafe)-transducer: 183[µs]
Time needed for checking universality using lazy-inclusion-bfs algorithm: 4[µs]
Time needed for checking abstract safety: 425[µs]
...done.
Result: [1]
This means that the following properties could be separated from the initial configurations:
	[deadlock]
While the following properties could not be separated from the initial configurations:
	[]

real	0m0,140s
user	0m0,116s
sys	0m0,015s
********************
/home/jakob/Documents/abstracton/benchmarks/dodo/MESI.json
s
deadlock
Running as unit: run-r9a032bb7cf414635873c541c7be7da6c.scope; invocation ID: 778e66290c7b48788e5b6469e767f9bc
Time needed for parsing json file: 1495[µs]
alphabet size: 4
using Siphon interpretation
Time needed for constructing Siphon interpretation transducer: 950[µs]
computing ind...
Time needed for constructing complement of ind: 1277[µs]
Time needed for computing ind: 10144[µs]
Time needed for minimizing ind: 3525[µs]
Time needed for computing ind (total): 15008[µs]
automaton for ind has 3 states.
...done.
computing complement of preach...
Time needed for constructing identity on ind: 116[µs]
Time needed for computing product v_id of abstraction framework with identity on ind: 1475[µs]
Time needed for computing product of v_id with complement of abstraction framework: 369[µs]
Time needed for computing complement of preach: 2631[µs]
automaton for complement of preach has 0 states.
...of which, 0 states are at level 0.
Time needed for trimming complement of preach: 4[µs]
...done.
trying to prove abstract safety...
Time needed for constructing transducer for unsafe property: 8[µs]
Time needed for constructing transducer for (initial, unsafe) pairs: 95[µs]
Time needed for constructing transducer for complement of (initial, unsafe) pairs: 32[µs]
Time needed for building union of complements of preach and (initial, unsafe)-transducer: 25[µs]
Time needed for checking universality using lazy-inclusion-bfs algorithm: 3[µs]
Time needed for checking abstract safety: 208[µs]
...done.
Result: [1]
This means that the following properties could be separated from the initial configurations:
	[deadlock]
While the following properties could not be separated from the initial configurations:
	[]

real	0m0,048s
user	0m0,023s
sys	0m0,008s
********************
/home/jakob/Documents/abstracton/benchmarks/dodo/MESI.json
f
deadlock
Running as unit: run-r3ba0bce146ad4efe931730a2bc932de6.scope; invocation ID: fef7562ba0f145b2a652ca0fb8b64ed6
Time needed for parsing json file: 1493[µs]
alphabet size: 4
using Flow interpretation
Time needed for constructing Flow interpretation transducer: 1899[µs]
computing ind...
Time needed for constructing complement of ind: 3724[µs]
Time needed for computing ind: 220691[µs]
Time needed for minimizing ind: 24498[µs]
Time needed for computing ind (total): 249019[µs]
automaton for ind has 5 states.
...done.
computing complement of preach...
Time needed for constructing identity on ind: 179[µs]
Time needed for computing product v_id of abstraction framework with identity on ind: 3376[µs]
Time needed for computing product of v_id with complement of abstraction framework: 1149[µs]
Time needed for computing complement of preach: 6004[µs]
automaton for complement of preach has 0 states.
...of which, 0 states are at level 0.
Time needed for trimming complement of preach: 6[µs]
...done.
trying to prove abstract safety...
Time needed for constructing transducer for unsafe property: 18[µs]
Time needed for constructing transducer for (initial, unsafe) pairs: 192[µs]
Time needed for constructing transducer for complement of (initial, unsafe) pairs: 48[µs]
Time needed for building union of complements of preach and (initial, unsafe)-transducer: 43[µs]
Time needed for checking universality using lazy-inclusion-bfs algorithm: 5[µs]
Time needed for checking abstract safety: 391[µs]
...done.
Result: [1]
This means that the following properties could be separated from the initial configurations:
	[deadlock]
While the following properties could not be separated from the initial configurations:
	[]

real	0m0,286s
user	0m0,260s
sys	0m0,011s
********************
26 of 61
/home/jakob/Documents/abstracton/benchmarks/dodo/MOESI.json
t
modifiedmodified
Running as unit: run-r941b63fa0b804a518639ae4c5d60e21f.scope; invocation ID: 12c8dd8b2c4c4d0f84518e87186a31ba
Time needed for parsing json file: 13412[µs]
alphabet size: 5
using Trap interpretation
Time needed for constructing Trap interpretation transducer: 5907[µs]
computing ind...
Time needed for constructing complement of ind: 8677[µs]
Time needed for computing ind: 168004[µs]
Time needed for minimizing ind: 20480[µs]
Time needed for computing ind (total): 197271[µs]
automaton for ind has 13 states.
...done.
computing complement of preach...
Time needed for constructing identity on ind: 906[µs]
Time needed for computing product v_id of abstraction framework with identity on ind: 55613[µs]
Time needed for computing product of v_id with complement of abstraction framework: 258444[µs]
Time needed for computing complement of preach: 317941[µs]
automaton for complement of preach has 1220 states.
...of which, 20 states are at level 0.
Time needed for trimming complement of preach: 3600[µs]
...done.
trying to prove abstract safety...
Time needed for constructing transducer for unsafe property: 7[µs]
Time needed for constructing transducer for (initial, unsafe) pairs: 174[µs]
Time needed for constructing transducer for complement of (initial, unsafe) pairs: 393[µs]
Time needed for building union of complements of preach and (initial, unsafe)-transducer: 1080[µs]
Time needed for checking universality using lazy-inclusion-bfs algorithm: 1581[µs]
Time needed for checking abstract safety: 3617[µs]
...done.
Result: [1]
This means that the following properties could be separated from the initial configurations:
	[modifiedmodified]
While the following properties could not be separated from the initial configurations:
	[]

real	0m0,569s
user	0m0,505s
sys	0m0,045s
********************
/home/jakob/Documents/abstracton/benchmarks/dodo/MOESI.json
s
modifiedmodified
Running as unit: run-rdc9d12e2dba14e0a91615c72696621a6.scope; invocation ID: 6002d2d95474434ebdc8f39869503a9d
Time needed for parsing json file: 2946[µs]
alphabet size: 5
using Siphon interpretation
Time needed for constructing Siphon interpretation transducer: 1827[µs]
computing ind...
Time needed for constructing complement of ind: 2956[µs]
Time needed for computing ind: 20023[µs]
Time needed for minimizing ind: 6781[µs]
Time needed for computing ind (total): 29833[µs]
automaton for ind has 5 states.
...done.
computing complement of preach...
Time needed for constructing identity on ind: 473[µs]
Time needed for computing product v_id of abstraction framework with identity on ind: 6553[µs]
Time needed for computing product of v_id with complement of abstraction framework: 996[µs]
Time needed for computing complement of preach: 9636[µs]
automaton for complement of preach has 6 states.
...of which, 2 states are at level 0.
Time needed for trimming complement of preach: 22[µs]
...done.
trying to prove abstract safety...
Time needed for constructing transducer for unsafe property: 10[µs]
Time needed for constructing transducer for (initial, unsafe) pairs: 153[µs]
Time needed for constructing transducer for complement of (initial, unsafe) pairs: 332[µs]
Time needed for building union of complements of preach and (initial, unsafe)-transducer: 66[µs]
Time needed for checking universality using lazy-inclusion-bfs algorithm: 25[µs]
Time needed for checking abstract safety: 659[µs]
...done.
Result: [0]
This means that the following properties could be separated from the initial configurations:
	[]
While the following properties could not be separated from the initial configurations:
	[modifiedmodified]

real	0m0,072s
user	0m0,047s
sys	0m0,011s
********************
/home/jakob/Documents/abstracton/benchmarks/dodo/MOESI.json
f
modifiedmodified
Running as unit: run-rc915a2d3b3db4fc7a028260e3f31aba6.scope; invocation ID: 893f8a2ef17a4caa903d68406d8983b5
Time needed for parsing json file: 2612[µs]
alphabet size: 5
using Flow interpretation
Time needed for constructing Flow interpretation transducer: 4495[µs]
computing ind...
Time needed for constructing complement of ind: 9113[µs]
Time needed for computing ind: 723734[µs]
Time needed for minimizing ind: 79485[µs]
Time needed for computing ind (total): 812518[µs]
automaton for ind has 7 states.
...done.
computing complement of preach...
Time needed for constructing identity on ind: 509[µs]
Time needed for computing product v_id of abstraction framework with identity on ind: 13431[µs]
Time needed for computing product of v_id with complement of abstraction framework: 1637[µs]
Time needed for computing complement of preach: 18420[µs]
automaton for complement of preach has 6 states.
...of which, 2 states are at level 0.
Time needed for trimming complement of preach: 30[µs]
...done.
trying to prove abstract safety...
Time needed for constructing transducer for unsafe property: 5[µs]
Time needed for constructing transducer for (initial, unsafe) pairs: 170[µs]
Time needed for constructing transducer for complement of (initial, unsafe) pairs: 330[µs]
Time needed for building union of complements of preach and (initial, unsafe)-transducer: 58[µs]
Time needed for checking universality using lazy-inclusion-bfs algorithm: 24[µs]
Time needed for checking abstract safety: 650[µs]
...done.
Result: [0]
This means that the following properties could be separated from the initial configurations:
	[]
While the following properties could not be separated from the initial configurations:
	[modifiedmodified]

real	0m0,862s
user	0m0,836s
sys	0m0,013s
********************
27 of 61
/home/jakob/Documents/abstracton/benchmarks/dodo/MOESI.json
t
exclusiveexclusive
Running as unit: run-rd50c91869e95445297ba1a8589d9a417.scope; invocation ID: 120f06d30f7545ec897c4a170be4c577
Time needed for parsing json file: 3035[µs]
alphabet size: 5
using Trap interpretation
Time needed for constructing Trap interpretation transducer: 5844[µs]
computing ind...
Time needed for constructing complement of ind: 8512[µs]
Time needed for computing ind: 156129[µs]
Time needed for minimizing ind: 18844[µs]
Time needed for computing ind (total): 183592[µs]
automaton for ind has 13 states.
...done.
computing complement of preach...
Time needed for constructing identity on ind: 946[µs]
Time needed for computing product v_id of abstraction framework with identity on ind: 54087[µs]
Time needed for computing product of v_id with complement of abstraction framework: 257714[µs]
Time needed for computing complement of preach: 315806[µs]
automaton for complement of preach has 1220 states.
...of which, 20 states are at level 0.
Time needed for trimming complement of preach: 3574[µs]
...done.
trying to prove abstract safety...
Time needed for constructing transducer for unsafe property: 7[µs]
Time needed for constructing transducer for (initial, unsafe) pairs: 194[µs]
Time needed for constructing transducer for complement of (initial, unsafe) pairs: 384[µs]
Time needed for building union of complements of preach and (initial, unsafe)-transducer: 1101[µs]
Time needed for checking universality using lazy-inclusion-bfs algorithm: 1349[µs]
Time needed for checking abstract safety: 3349[µs]
...done.
Result: [1]
This means that the following properties could be separated from the initial configurations:
	[exclusiveexclusive]
While the following properties could not be separated from the initial configurations:
	[]

real	0m0,556s
user	0m0,480s
sys	0m0,055s
********************
/home/jakob/Documents/abstracton/benchmarks/dodo/MOESI.json
s
exclusiveexclusive
Running as unit: run-r1025d0ed9ef340789f09d63952d995a9.scope; invocation ID: 6e24335980624573be359a8ee3422d12
Time needed for parsing json file: 2890[µs]
alphabet size: 5
using Siphon interpretation
Time needed for constructing Siphon interpretation transducer: 1819[µs]
computing ind...
Time needed for constructing complement of ind: 3061[µs]
Time needed for computing ind: 20938[µs]
Time needed for minimizing ind: 6693[µs]
Time needed for computing ind (total): 30767[µs]
automaton for ind has 5 states.
...done.
computing complement of preach...
Time needed for constructing identity on ind: 377[µs]
Time needed for computing product v_id of abstraction framework with identity on ind: 6370[µs]
Time needed for computing product of v_id with complement of abstraction framework: 966[µs]
Time needed for computing complement of preach: 9109[µs]
automaton for complement of preach has 6 states.
...of which, 2 states are at level 0.
Time needed for trimming complement of preach: 22[µs]
...done.
trying to prove abstract safety...
Time needed for constructing transducer for unsafe property: 10[µs]
Time needed for constructing transducer for (initial, unsafe) pairs: 152[µs]
Time needed for constructing transducer for complement of (initial, unsafe) pairs: 331[µs]
Time needed for building union of complements of preach and (initial, unsafe)-transducer: 60[µs]
Time needed for checking universality using lazy-inclusion-bfs algorithm: 25[µs]
Time needed for checking abstract safety: 652[µs]
...done.
Result: [0]
This means that the following properties could be separated from the initial configurations:
	[]
While the following properties could not be separated from the initial configurations:
	[exclusiveexclusive]

real	0m0,073s
user	0m0,047s
sys	0m0,010s
********************
/home/jakob/Documents/abstracton/benchmarks/dodo/MOESI.json
f
exclusiveexclusive
Running as unit: run-r18e22cf3053e4bd8ab4f3540c0c603c2.scope; invocation ID: 1fa08d210f3049278da02d6e8ded85f1
Time needed for parsing json file: 2574[µs]
alphabet size: 5
using Flow interpretation
Time needed for constructing Flow interpretation transducer: 4178[µs]
computing ind...
Time needed for constructing complement of ind: 8125[µs]
Time needed for computing ind: 715177[µs]
Time needed for minimizing ind: 78057[µs]
Time needed for computing ind (total): 801518[µs]
automaton for ind has 7 states.
...done.
computing complement of preach...
Time needed for constructing identity on ind: 511[µs]
Time needed for computing product v_id of abstraction framework with identity on ind: 13658[µs]
Time needed for computing product of v_id with complement of abstraction framework: 1707[µs]
Time needed for computing complement of preach: 18510[µs]
automaton for complement of preach has 6 states.
...of which, 2 states are at level 0.
Time needed for trimming complement of preach: 43[µs]
...done.
trying to prove abstract safety...
Time needed for constructing transducer for unsafe property: 8[µs]
Time needed for constructing transducer for (initial, unsafe) pairs: 192[µs]
Time needed for constructing transducer for complement of (initial, unsafe) pairs: 339[µs]
Time needed for building union of complements of preach and (initial, unsafe)-transducer: 77[µs]
Time needed for checking universality using lazy-inclusion-bfs algorithm: 34[µs]
Time needed for checking abstract safety: 725[µs]
...done.
Result: [0]
This means that the following properties could be separated from the initial configurations:
	[]
While the following properties could not be separated from the initial configurations:
	[exclusiveexclusive]

real	0m0,854s
user	0m0,827s
sys	0m0,012s
********************
28 of 61
/home/jakob/Documents/abstracton/benchmarks/dodo/MOESI.json
t
sharedexclusive
Running as unit: run-rae2a5ac4b89d477ca9b1ee525977fff7.scope; invocation ID: 48d363bc4b904a88afdefd9d833d26df
Time needed for parsing json file: 2780[µs]
alphabet size: 5
using Trap interpretation
Time needed for constructing Trap interpretation transducer: 5083[µs]
computing ind...
Time needed for constructing complement of ind: 7557[µs]
Time needed for computing ind: 169211[µs]
Time needed for minimizing ind: 22837[µs]
Time needed for computing ind (total): 199735[µs]
automaton for ind has 13 states.
...done.
computing complement of preach...
Time needed for constructing identity on ind: 896[µs]
Time needed for computing product v_id of abstraction framework with identity on ind: 56695[µs]
Time needed for computing product of v_id with complement of abstraction framework: 282036[µs]
Time needed for computing complement of preach: 342771[µs]
automaton for complement of preach has 1220 states.
...of which, 20 states are at level 0.
Time needed for trimming complement of preach: 3480[µs]
...done.
trying to prove abstract safety...
Time needed for constructing transducer for unsafe property: 13[µs]
Time needed for constructing transducer for (initial, unsafe) pairs: 229[µs]
Time needed for constructing transducer for complement of (initial, unsafe) pairs: 503[µs]
Time needed for building union of complements of preach and (initial, unsafe)-transducer: 1168[µs]
Time needed for checking universality using lazy-inclusion-bfs algorithm: 1879[µs]
Time needed for checking abstract safety: 4162[µs]
...done.
Result: [1]
This means that the following properties could be separated from the initial configurations:
	[sharedexclusive]
While the following properties could not be separated from the initial configurations:
	[]

real	0m0,588s
user	0m0,521s
sys	0m0,054s
********************
/home/jakob/Documents/abstracton/benchmarks/dodo/MOESI.json
s
sharedexclusive
Running as unit: run-r913c7e7c5387455ba13c866818d87535.scope; invocation ID: e2adc4b9007646dca2080e0447551a79
Time needed for parsing json file: 2731[µs]
alphabet size: 5
using Siphon interpretation
Time needed for constructing Siphon interpretation transducer: 1739[µs]
computing ind...
Time needed for constructing complement of ind: 4893[µs]
Time needed for computing ind: 21194[µs]
Time needed for minimizing ind: 6642[µs]
Time needed for computing ind (total): 32821[µs]
automaton for ind has 5 states.
...done.
computing complement of preach...
Time needed for constructing identity on ind: 347[µs]
Time needed for computing product v_id of abstraction framework with identity on ind: 5938[µs]
Time needed for computing product of v_id with complement of abstraction framework: 1067[µs]
Time needed for computing complement of preach: 8697[µs]
automaton for complement of preach has 6 states.
...of which, 2 states are at level 0.
Time needed for trimming complement of preach: 37[µs]
...done.
trying to prove abstract safety...
Time needed for constructing transducer for unsafe property: 12[µs]
Time needed for constructing transducer for (initial, unsafe) pairs: 219[µs]
Time needed for constructing transducer for complement of (initial, unsafe) pairs: 457[µs]
Time needed for building union of complements of preach and (initial, unsafe)-transducer: 99[µs]
Time needed for checking universality using lazy-inclusion-bfs algorithm: 54[µs]
Time needed for checking abstract safety: 946[µs]
...done.
Result: [0]
This means that the following properties could be separated from the initial configurations:
	[]
While the following properties could not be separated from the initial configurations:
	[sharedexclusive]

real	0m0,074s
user	0m0,052s
sys	0m0,007s
********************
/home/jakob/Documents/abstracton/benchmarks/dodo/MOESI.json
f
sharedexclusive
Running as unit: run-r69b6b67a3da445549b56a70202b76c5c.scope; invocation ID: c42c13df3dbe4c63b30be36eb97580d6
Time needed for parsing json file: 2737[µs]
alphabet size: 5
using Flow interpretation
Time needed for constructing Flow interpretation transducer: 4192[µs]
computing ind...
Time needed for constructing complement of ind: 8656[µs]
Time needed for computing ind: 735171[µs]
Time needed for minimizing ind: 86264[µs]
Time needed for computing ind (total): 830266[µs]
automaton for ind has 7 states.
...done.
computing complement of preach...
Time needed for constructing identity on ind: 482[µs]
Time needed for computing product v_id of abstraction framework with identity on ind: 14369[µs]
Time needed for computing product of v_id with complement of abstraction framework: 3217[µs]
Time needed for computing complement of preach: 20934[µs]
automaton for complement of preach has 6 states.
...of which, 2 states are at level 0.
Time needed for trimming complement of preach: 44[µs]
...done.
trying to prove abstract safety...
Time needed for constructing transducer for unsafe property: 10[µs]
Time needed for constructing transducer for (initial, unsafe) pairs: 292[µs]
Time needed for constructing transducer for complement of (initial, unsafe) pairs: 548[µs]
Time needed for building union of complements of preach and (initial, unsafe)-transducer: 69[µs]
Time needed for checking universality using lazy-inclusion-bfs algorithm: 26[µs]
Time needed for checking abstract safety: 1014[µs]
...done.
Result: [0]
This means that the following properties could be separated from the initial configurations:
	[]
While the following properties could not be separated from the initial configurations:
	[sharedexclusive]

real	0m0,886s
user	0m0,852s
sys	0m0,018s
********************
29 of 61
/home/jakob/Documents/abstracton/benchmarks/dodo/MOESI.json
t
ownedexclusive
Running as unit: run-re62e954b93de49a3a43e8223043730b3.scope; invocation ID: 4e8cd375a08b4a6f90b0f4115f851df9
Time needed for parsing json file: 2896[µs]
alphabet size: 5
using Trap interpretation
Time needed for constructing Trap interpretation transducer: 5597[µs]
computing ind...
Time needed for constructing complement of ind: 8064[µs]
Time needed for computing ind: 159563[µs]
Time needed for minimizing ind: 19212[µs]
Time needed for computing ind (total): 186950[µs]
automaton for ind has 13 states.
...done.
computing complement of preach...
Time needed for constructing identity on ind: 895[µs]
Time needed for computing product v_id of abstraction framework with identity on ind: 57475[µs]
Time needed for computing product of v_id with complement of abstraction framework: 255800[µs]
Time needed for computing complement of preach: 316981[µs]
automaton for complement of preach has 1220 states.
...of which, 20 states are at level 0.
Time needed for trimming complement of preach: 3706[µs]
...done.
trying to prove abstract safety...
Time needed for constructing transducer for unsafe property: 10[µs]
Time needed for constructing transducer for (initial, unsafe) pairs: 271[µs]
Time needed for constructing transducer for complement of (initial, unsafe) pairs: 513[µs]
Time needed for building union of complements of preach and (initial, unsafe)-transducer: 1272[µs]
Time needed for checking universality using lazy-inclusion-bfs algorithm: 2077[µs]
Time needed for checking abstract safety: 4516[µs]
...done.
Result: [1]
This means that the following properties could be separated from the initial configurations:
	[ownedexclusive]
While the following properties could not be separated from the initial configurations:
	[]

real	0m0,552s
user	0m0,479s
sys	0m0,059s
********************
/home/jakob/Documents/abstracton/benchmarks/dodo/MOESI.json
s
ownedexclusive
Running as unit: run-rb6b1e936d171452a89ab34b02d9a6c0b.scope; invocation ID: 397d7eab8fe7433984dd7e85463afccc
Time needed for parsing json file: 3020[µs]
alphabet size: 5
using Siphon interpretation
Time needed for constructing Siphon interpretation transducer: 2012[µs]
computing ind...
Time needed for constructing complement of ind: 3040[µs]
Time needed for computing ind: 20311[µs]
Time needed for minimizing ind: 6778[µs]
Time needed for computing ind (total): 30200[µs]
automaton for ind has 5 states.
...done.
computing complement of preach...
Time needed for constructing identity on ind: 380[µs]
Time needed for computing product v_id of abstraction framework with identity on ind: 6619[µs]
Time needed for computing product of v_id with complement of abstraction framework: 999[µs]
Time needed for computing complement of preach: 9428[µs]
automaton for complement of preach has 6 states.
...of which, 2 states are at level 0.
Time needed for trimming complement of preach: 35[µs]
...done.
trying to prove abstract safety...
Time needed for constructing transducer for unsafe property: 8[µs]
Time needed for constructing transducer for (initial, unsafe) pairs: 193[µs]
Time needed for constructing transducer for complement of (initial, unsafe) pairs: 436[µs]
Time needed for building union of complements of preach and (initial, unsafe)-transducer: 70[µs]
Time needed for checking universality using lazy-inclusion-bfs algorithm: 30[µs]
Time needed for checking abstract safety: 803[µs]
...done.
Result: [0]
This means that the following properties could be separated from the initial configurations:
	[]
While the following properties could not be separated from the initial configurations:
	[ownedexclusive]

real	0m0,074s
user	0m0,050s
sys	0m0,008s
********************
/home/jakob/Documents/abstracton/benchmarks/dodo/MOESI.json
f
ownedexclusive
Running as unit: run-r20f87bfb96144d80b79840c892d75c94.scope; invocation ID: c2fc363d1e4244589107b02c94d25176
Time needed for parsing json file: 2622[µs]
alphabet size: 5
using Flow interpretation
Time needed for constructing Flow interpretation transducer: 4187[µs]
computing ind...
Time needed for constructing complement of ind: 9216[µs]
Time needed for computing ind: 718603[µs]
Time needed for minimizing ind: 80157[µs]
Time needed for computing ind (total): 808149[µs]
automaton for ind has 7 states.
...done.
computing complement of preach...
Time needed for constructing identity on ind: 672[µs]
Time needed for computing product v_id of abstraction framework with identity on ind: 24114[µs]
Time needed for computing product of v_id with complement of abstraction framework: 1892[µs]
Time needed for computing complement of preach: 29549[µs]
automaton for complement of preach has 6 states.
...of which, 2 states are at level 0.
Time needed for trimming complement of preach: 36[µs]
...done.
trying to prove abstract safety...
Time needed for constructing transducer for unsafe property: 10[µs]
Time needed for constructing transducer for (initial, unsafe) pairs: 226[µs]
Time needed for constructing transducer for complement of (initial, unsafe) pairs: 469[µs]
Time needed for building union of complements of preach and (initial, unsafe)-transducer: 94[µs]
Time needed for checking universality using lazy-inclusion-bfs algorithm: 33[µs]
Time needed for checking abstract safety: 904[µs]
...done.
Result: [0]
This means that the following properties could be separated from the initial configurations:
	[]
While the following properties could not be separated from the initial configurations:
	[ownedexclusive]

real	0m0,872s
user	0m0,842s
sys	0m0,015s
********************
30 of 61
/home/jakob/Documents/abstracton/benchmarks/dodo/MOESI.json
t
exclusivemodified
Running as unit: run-rc4a685c2c0a244f49b7814478f88a7e2.scope; invocation ID: d2f7749a52004fb88cedfff9e7af4cda
Time needed for parsing json file: 2902[µs]
alphabet size: 5
using Trap interpretation
Time needed for constructing Trap interpretation transducer: 5451[µs]
computing ind...
Time needed for constructing complement of ind: 8534[µs]
Time needed for computing ind: 159552[µs]
Time needed for minimizing ind: 20077[µs]
Time needed for computing ind (total): 188306[µs]
automaton for ind has 13 states.
...done.
computing complement of preach...
Time needed for constructing identity on ind: 972[µs]
Time needed for computing product v_id of abstraction framework with identity on ind: 59468[µs]
Time needed for computing product of v_id with complement of abstraction framework: 265379[µs]
Time needed for computing complement of preach: 328910[µs]
automaton for complement of preach has 1220 states.
...of which, 20 states are at level 0.
Time needed for trimming complement of preach: 3542[µs]
...done.
trying to prove abstract safety...
Time needed for constructing transducer for unsafe property: 10[µs]
Time needed for constructing transducer for (initial, unsafe) pairs: 198[µs]
Time needed for constructing transducer for complement of (initial, unsafe) pairs: 462[µs]
Time needed for building union of complements of preach and (initial, unsafe)-transducer: 1026[µs]
Time needed for checking universality using lazy-inclusion-bfs algorithm: 1959[µs]
Time needed for checking abstract safety: 4034[µs]
...done.
Result: [1]
This means that the following properties could be separated from the initial configurations:
	[exclusivemodified]
While the following properties could not be separated from the initial configurations:
	[]

real	0m0,571s
user	0m0,490s
sys	0m0,063s
********************
/home/jakob/Documents/abstracton/benchmarks/dodo/MOESI.json
s
exclusivemodified
Running as unit: run-r28d50290f9bf464abeb9608dc13c2dfe.scope; invocation ID: b7e465f54162447c87740c9922877593
Time needed for parsing json file: 2909[µs]
alphabet size: 5
using Siphon interpretation
Time needed for constructing Siphon interpretation transducer: 1802[µs]
computing ind...
Time needed for constructing complement of ind: 2969[µs]
Time needed for computing ind: 20031[µs]
Time needed for minimizing ind: 6920[µs]
Time needed for computing ind (total): 29992[µs]
automaton for ind has 5 states.
...done.
computing complement of preach...
Time needed for constructing identity on ind: 383[µs]
Time needed for computing product v_id of abstraction framework with identity on ind: 6958[µs]
Time needed for computing product of v_id with complement of abstraction framework: 1001[µs]
Time needed for computing complement of preach: 9737[µs]
automaton for complement of preach has 6 states.
...of which, 2 states are at level 0.
Time needed for trimming complement of preach: 22[µs]
...done.
trying to prove abstract safety...
Time needed for constructing transducer for unsafe property: 8[µs]
Time needed for constructing transducer for (initial, unsafe) pairs: 180[µs]
Time needed for constructing transducer for complement of (initial, unsafe) pairs: 428[µs]
Time needed for building union of complements of preach and (initial, unsafe)-transducer: 69[µs]
Time needed for checking universality using lazy-inclusion-bfs algorithm: 37[µs]
Time needed for checking abstract safety: 793[µs]
...done.
Result: [0]
This means that the following properties could be separated from the initial configurations:
	[]
While the following properties could not be separated from the initial configurations:
	[exclusivemodified]

real	0m0,070s
user	0m0,049s
sys	0m0,008s
********************
/home/jakob/Documents/abstracton/benchmarks/dodo/MOESI.json
f
exclusivemodified
Running as unit: run-r46c209d1586a496197fc34b43c99c24b.scope; invocation ID: e1f3131405444363af494b82dbde1dfa
Time needed for parsing json file: 2704[µs]
alphabet size: 5
using Flow interpretation
Time needed for constructing Flow interpretation transducer: 4198[µs]
computing ind...
Time needed for constructing complement of ind: 8674[µs]
Time needed for computing ind: 723805[µs]
Time needed for minimizing ind: 81470[µs]
Time needed for computing ind (total): 814158[µs]
automaton for ind has 7 states.
...done.
computing complement of preach...
Time needed for constructing identity on ind: 550[µs]
Time needed for computing product v_id of abstraction framework with identity on ind: 14223[µs]
Time needed for computing product of v_id with complement of abstraction framework: 1750[µs]
Time needed for computing complement of preach: 19426[µs]
automaton for complement of preach has 6 states.
...of which, 2 states are at level 0.
Time needed for trimming complement of preach: 42[µs]
...done.
trying to prove abstract safety...
Time needed for constructing transducer for unsafe property: 10[µs]
Time needed for constructing transducer for (initial, unsafe) pairs: 223[µs]
Time needed for constructing transducer for complement of (initial, unsafe) pairs: 479[µs]
Time needed for building union of complements of preach and (initial, unsafe)-transducer: 96[µs]
Time needed for checking universality using lazy-inclusion-bfs algorithm: 41[µs]
Time needed for checking abstract safety: 954[µs]
...done.
Result: [0]
This means that the following properties could be separated from the initial configurations:
	[]
While the following properties could not be separated from the initial configurations:
	[exclusivemodified]

real	0m0,864s
user	0m0,839s
sys	0m0,014s
********************
31 of 61
/home/jakob/Documents/abstracton/benchmarks/dodo/MOESI.json
t
ownedmodified
Running as unit: run-rb8c845edb8064ac2afd6059ab51b1f8a.scope; invocation ID: 06815394df2d4c489fa4ee12f4fa56a5
Time needed for parsing json file: 2648[µs]
alphabet size: 5
using Trap interpretation
Time needed for constructing Trap interpretation transducer: 5243[µs]
computing ind...
Time needed for constructing complement of ind: 8767[µs]
Time needed for computing ind: 155314[µs]
Time needed for minimizing ind: 22998[µs]
Time needed for computing ind (total): 187229[µs]
automaton for ind has 13 states.
...done.
computing complement of preach...
Time needed for constructing identity on ind: 906[µs]
Time needed for computing product v_id of abstraction framework with identity on ind: 56383[µs]
Time needed for computing product of v_id with complement of abstraction framework: 258472[µs]
Time needed for computing complement of preach: 318918[µs]
automaton for complement of preach has 1220 states.
...of which, 20 states are at level 0.
Time needed for trimming complement of preach: 3449[µs]
...done.
trying to prove abstract safety...
Time needed for constructing transducer for unsafe property: 8[µs]
Time needed for constructing transducer for (initial, unsafe) pairs: 212[µs]
Time needed for constructing transducer for complement of (initial, unsafe) pairs: 467[µs]
Time needed for building union of complements of preach and (initial, unsafe)-transducer: 1117[µs]
Time needed for checking universality using lazy-inclusion-bfs algorithm: 2019[µs]
Time needed for checking abstract safety: 4166[µs]
...done.
Result: [1]
This means that the following properties could be separated from the initial configurations:
	[ownedmodified]
While the following properties could not be separated from the initial configurations:
	[]

real	0m0,555s
user	0m0,490s
sys	0m0,051s
********************
/home/jakob/Documents/abstracton/benchmarks/dodo/MOESI.json
s
ownedmodified
Running as unit: run-r58a3ddae9f5943b0a24d4bf57d56d739.scope; invocation ID: 210bedb20deb4f1fa5dcb018ebc25fc0
Time needed for parsing json file: 2881[µs]
alphabet size: 5
using Siphon interpretation
Time needed for constructing Siphon interpretation transducer: 1803[µs]
computing ind...
Time needed for constructing complement of ind: 2964[µs]
Time needed for computing ind: 20787[µs]
Time needed for minimizing ind: 6798[µs]
Time needed for computing ind (total): 30632[µs]
automaton for ind has 5 states.
...done.
computing complement of preach...
Time needed for constructing identity on ind: 371[µs]
Time needed for computing product v_id of abstraction framework with identity on ind: 6292[µs]
Time needed for computing product of v_id with complement of abstraction framework: 908[µs]
Time needed for computing complement of preach: 8989[µs]
automaton for complement of preach has 6 states.
...of which, 2 states are at level 0.
Time needed for trimming complement of preach: 21[µs]
...done.
trying to prove abstract safety...
Time needed for constructing transducer for unsafe property: 7[µs]
Time needed for constructing transducer for (initial, unsafe) pairs: 170[µs]
Time needed for constructing transducer for complement of (initial, unsafe) pairs: 390[µs]
Time needed for building union of complements of preach and (initial, unsafe)-transducer: 65[µs]
Time needed for checking universality using lazy-inclusion-bfs algorithm: 27[µs]
Time needed for checking abstract safety: 717[µs]
...done.
Result: [0]
This means that the following properties could be separated from the initial configurations:
	[]
While the following properties could not be separated from the initial configurations:
	[ownedmodified]

real	0m0,073s
user	0m0,044s
sys	0m0,013s
********************
/home/jakob/Documents/abstracton/benchmarks/dodo/MOESI.json
f
ownedmodified
Running as unit: run-rc10943829d38482e92842592279d9d4f.scope; invocation ID: b12b41f737e64712ae49eef83b49d830
Time needed for parsing json file: 2860[µs]
alphabet size: 5
using Flow interpretation
Time needed for constructing Flow interpretation transducer: 4447[µs]
computing ind...
Time needed for constructing complement of ind: 8505[µs]
Time needed for computing ind: 738942[µs]
Time needed for minimizing ind: 82440[µs]
Time needed for computing ind (total): 830035[µs]
automaton for ind has 7 states.
...done.
computing complement of preach...
Time needed for constructing identity on ind: 551[µs]
Time needed for computing product v_id of abstraction framework with identity on ind: 14104[µs]
Time needed for computing product of v_id with complement of abstraction framework: 1767[µs]
Time needed for computing complement of preach: 19177[µs]
automaton for complement of preach has 6 states.
...of which, 2 states are at level 0.
Time needed for trimming complement of preach: 32[µs]
...done.
trying to prove abstract safety...
Time needed for constructing transducer for unsafe property: 8[µs]
Time needed for constructing transducer for (initial, unsafe) pairs: 201[µs]
Time needed for constructing transducer for complement of (initial, unsafe) pairs: 451[µs]
Time needed for building union of complements of preach and (initial, unsafe)-transducer: 75[µs]
Time needed for checking universality using lazy-inclusion-bfs algorithm: 31[µs]
Time needed for checking abstract safety: 832[µs]
...done.
Result: [0]
This means that the following properties could be separated from the initial configurations:
	[]
While the following properties could not be separated from the initial configurations:
	[ownedmodified]

real	0m0,889s
user	0m0,858s
sys	0m0,011s
********************
32 of 61
/home/jakob/Documents/abstracton/benchmarks/dodo/MOESI.json
t
sharedmodified
Running as unit: run-r90cd8e5186b74310846d145de924215e.scope; invocation ID: f72b6eb665444b4d96ebd5644e950a2c
Time needed for parsing json file: 2844[µs]
alphabet size: 5
using Trap interpretation
Time needed for constructing Trap interpretation transducer: 5323[µs]
computing ind...
Time needed for constructing complement of ind: 8338[µs]
Time needed for computing ind: 160869[µs]
Time needed for minimizing ind: 21105[µs]
Time needed for computing ind (total): 190452[µs]
automaton for ind has 13 states.
...done.
computing complement of preach...
Time needed for constructing identity on ind: 1371[µs]
Time needed for computing product v_id of abstraction framework with identity on ind: 61008[µs]
Time needed for computing product of v_id with complement of abstraction framework: 284333[µs]
Time needed for computing complement of preach: 350899[µs]
automaton for complement of preach has 1220 states.
...of which, 20 states are at level 0.
Time needed for trimming complement of preach: 3444[µs]
...done.
trying to prove abstract safety...
Time needed for constructing transducer for unsafe property: 10[µs]
Time needed for constructing transducer for (initial, unsafe) pairs: 211[µs]
Time needed for constructing transducer for complement of (initial, unsafe) pairs: 480[µs]
Time needed for building union of complements of preach and (initial, unsafe)-transducer: 1090[µs]
Time needed for checking universality using lazy-inclusion-bfs algorithm: 1823[µs]
Time needed for checking abstract safety: 3930[µs]
...done.
Result: [1]
This means that the following properties could be separated from the initial configurations:
	[sharedmodified]
While the following properties could not be separated from the initial configurations:
	[]

real	0m0,592s
user	0m0,523s
sys	0m0,052s
********************
/home/jakob/Documents/abstracton/benchmarks/dodo/MOESI.json
s
sharedmodified
Running as unit: run-r1e5e5f33f47a4b5d98e21ce078638065.scope; invocation ID: 3d9b55ff618b46e1804f34bcccf931b8
Time needed for parsing json file: 2767[µs]
alphabet size: 5
using Siphon interpretation
Time needed for constructing Siphon interpretation transducer: 1871[µs]
computing ind...
Time needed for constructing complement of ind: 3059[µs]
Time needed for computing ind: 20352[µs]
Time needed for minimizing ind: 6882[µs]
Time needed for computing ind (total): 30365[µs]
automaton for ind has 5 states.
...done.
computing complement of preach...
Time needed for constructing identity on ind: 382[µs]
Time needed for computing product v_id of abstraction framework with identity on ind: 6344[µs]
Time needed for computing product of v_id with complement of abstraction framework: 907[µs]
Time needed for computing complement of preach: 9036[µs]
automaton for complement of preach has 6 states.
...of which, 2 states are at level 0.
Time needed for trimming complement of preach: 21[µs]
...done.
trying to prove abstract safety...
Time needed for constructing transducer for unsafe property: 7[µs]
Time needed for constructing transducer for (initial, unsafe) pairs: 163[µs]
Time needed for constructing transducer for complement of (initial, unsafe) pairs: 404[µs]
Time needed for building union of complements of preach and (initial, unsafe)-transducer: 66[µs]
Time needed for checking universality using lazy-inclusion-bfs algorithm: 26[µs]
Time needed for checking abstract safety: 728[µs]
...done.
Result: [0]
This means that the following properties could be separated from the initial configurations:
	[]
While the following properties could not be separated from the initial configurations:
	[sharedmodified]

real	0m0,067s
user	0m0,046s
sys	0m0,012s
********************
/home/jakob/Documents/abstracton/benchmarks/dodo/MOESI.json
f
sharedmodified
Running as unit: run-rfd08dda2c0384c2497fa8a07e83b256d.scope; invocation ID: 7242f6664e0c46eca13ab8e1c0f75822
Time needed for parsing json file: 2679[µs]
alphabet size: 5
using Flow interpretation
Time needed for constructing Flow interpretation transducer: 5052[µs]
computing ind...
Time needed for constructing complement of ind: 10159[µs]
Time needed for computing ind: 742476[µs]
Time needed for minimizing ind: 77285[µs]
Time needed for computing ind (total): 830088[µs]
automaton for ind has 7 states.
...done.
computing complement of preach...
Time needed for constructing identity on ind: 520[µs]
Time needed for computing product v_id of abstraction framework with identity on ind: 13135[µs]
Time needed for computing product of v_id with complement of abstraction framework: 1637[µs]
Time needed for computing complement of preach: 18045[µs]
automaton for complement of preach has 6 states.
...of which, 2 states are at level 0.
Time needed for trimming complement of preach: 29[µs]
...done.
trying to prove abstract safety...
Time needed for constructing transducer for unsafe property: 7[µs]
Time needed for constructing transducer for (initial, unsafe) pairs: 201[µs]
Time needed for constructing transducer for complement of (initial, unsafe) pairs: 421[µs]
Time needed for building union of complements of preach and (initial, unsafe)-transducer: 67[µs]
Time needed for checking universality using lazy-inclusion-bfs algorithm: 27[µs]
Time needed for checking abstract safety: 779[µs]
...done.
Result: [0]
This means that the following properties could be separated from the initial configurations:
	[]
While the following properties could not be separated from the initial configurations:
	[sharedmodified]

real	0m0,884s
user	0m0,852s
sys	0m0,016s
********************
33 of 61
/home/jakob/Documents/abstracton/benchmarks/dodo/MOESI.json
t
deadlock
Running as unit: run-r1be98ea413634b3085cb0a081c3c6697.scope; invocation ID: 29548fa87412491a8f289eacb5137374
Time needed for parsing json file: 2614[µs]
alphabet size: 5
using Trap interpretation
Time needed for constructing Trap interpretation transducer: 4923[µs]
computing ind...
Time needed for constructing complement of ind: 8034[µs]
Time needed for computing ind: 157876[µs]
Time needed for minimizing ind: 20094[µs]
Time needed for computing ind (total): 186133[µs]
automaton for ind has 13 states.
...done.
computing complement of preach...
Time needed for constructing identity on ind: 904[µs]
Time needed for computing product v_id of abstraction framework with identity on ind: 54144[µs]
Time needed for computing product of v_id with complement of abstraction framework: 254890[µs]
Time needed for computing complement of preach: 312908[µs]
automaton for complement of preach has 1220 states.
...of which, 20 states are at level 0.
Time needed for trimming complement of preach: 3510[µs]
...done.
trying to prove abstract safety...
Time needed for constructing transducer for unsafe property: 10[µs]
Time needed for constructing transducer for (initial, unsafe) pairs: 132[µs]
Time needed for constructing transducer for complement of (initial, unsafe) pairs: 43[µs]
Time needed for building union of complements of preach and (initial, unsafe)-transducer: 994[µs]
Time needed for checking universality using lazy-inclusion-bfs algorithm: 5[µs]
Time needed for checking abstract safety: 1449[µs]
...done.
Result: [1]
This means that the following properties could be separated from the initial configurations:
	[deadlock]
While the following properties could not be separated from the initial configurations:
	[]

real	0m0,541s
user	0m0,466s
sys	0m0,062s
********************
/home/jakob/Documents/abstracton/benchmarks/dodo/MOESI.json
s
deadlock
Running as unit: run-r3c20c08d9ed643239ae8da006a267f8f.scope; invocation ID: d7153d06ff30480b896558519ded9bcb
Time needed for parsing json file: 2877[µs]
alphabet size: 5
using Siphon interpretation
Time needed for constructing Siphon interpretation transducer: 1799[µs]
computing ind...
Time needed for constructing complement of ind: 2876[µs]
Time needed for computing ind: 20187[µs]
Time needed for minimizing ind: 6550[µs]
Time needed for computing ind (total): 29685[µs]
automaton for ind has 5 states.
...done.
computing complement of preach...
Time needed for constructing identity on ind: 385[µs]
Time needed for computing product v_id of abstraction framework with identity on ind: 6400[µs]
Time needed for computing product of v_id with complement of abstraction framework: 997[µs]
Time needed for computing complement of preach: 9181[µs]
automaton for complement of preach has 6 states.
...of which, 2 states are at level 0.
Time needed for trimming complement of preach: 30[µs]
...done.
trying to prove abstract safety...
Time needed for constructing transducer for unsafe property: 8[µs]
Time needed for constructing transducer for (initial, unsafe) pairs: 107[µs]
Time needed for constructing transducer for complement of (initial, unsafe) pairs: 37[µs]
Time needed for building union of complements of preach and (initial, unsafe)-transducer: 32[µs]
Time needed for checking universality using lazy-inclusion-bfs algorithm: 3[µs]
Time needed for checking abstract safety: 234[µs]
...done.
Result: [1]
This means that the following properties could be separated from the initial configurations:
	[deadlock]
While the following properties could not be separated from the initial configurations:
	[]

real	0m0,066s
user	0m0,043s
sys	0m0,013s
********************
/home/jakob/Documents/abstracton/benchmarks/dodo/MOESI.json
f
deadlock
Running as unit: run-r87042f53f980456d8ea81e3aced86f9a.scope; invocation ID: b71933ad4e2041a7b37084655e102448
Time needed for parsing json file: 2701[µs]
alphabet size: 5
using Flow interpretation
Time needed for constructing Flow interpretation transducer: 4640[µs]
computing ind...
Time needed for constructing complement of ind: 8547[µs]
Time needed for computing ind: 718184[µs]
Time needed for minimizing ind: 76902[µs]
Time needed for computing ind (total): 803804[µs]
automaton for ind has 7 states.
...done.
computing complement of preach...
Time needed for constructing identity on ind: 489[µs]
Time needed for computing product v_id of abstraction framework with identity on ind: 13210[µs]
Time needed for computing product of v_id with complement of abstraction framework: 1652[µs]
Time needed for computing complement of preach: 18135[µs]
automaton for complement of preach has 6 states.
...of which, 2 states are at level 0.
Time needed for trimming complement of preach: 66[µs]
...done.
trying to prove abstract safety...
Time needed for constructing transducer for unsafe property: 13[µs]
Time needed for constructing transducer for (initial, unsafe) pairs: 148[µs]
Time needed for constructing transducer for complement of (initial, unsafe) pairs: 53[µs]
Time needed for building union of complements of preach and (initial, unsafe)-transducer: 47[µs]
Time needed for checking universality using lazy-inclusion-bfs algorithm: 5[µs]
Time needed for checking abstract safety: 333[µs]
...done.
Result: [1]
This means that the following properties could be separated from the initial configurations:
	[deadlock]
While the following properties could not be separated from the initial configurations:
	[]

real	0m0,856s
user	0m0,827s
sys	0m0,014s
********************
34 of 61
/home/jakob/Documents/abstracton/benchmarks/dodo/Szymanski.json
t
nomutex
Running as unit: run-refc6b0eba5ab4ce1810ef34df3a99e61.scope; invocation ID: b8113898da9f43b497a275a75d9fd162
Time needed for parsing json file: 184705[µs]
alphabet size: 50
using Trap interpretation

real	22m58,595s
user	2m4,254s
sys	1m2,427s
********************
/home/jakob/Documents/abstracton/benchmarks/dodo/Szymanski.json
s
nomutex
Running as unit: run-r70b1476d8d454f568c781cff9f2c4d4e.scope; invocation ID: 203f7a5d55c349068a774d7f632a4261
Time needed for parsing json file: 241352[µs]
alphabet size: 50
using Siphon interpretation

real	21m31,991s
user	2m6,991s
sys	1m1,998s
********************
/home/jakob/Documents/abstracton/benchmarks/dodo/Szymanski.json
f
nomutex
Running as unit: run-r5a426d5e80444bc3942f9c3710c31f06.scope; invocation ID: c0b48f8280e5458abd903edfc7bbf6a8
Time needed for parsing json file: 282681[µs]
alphabet size: 50
using Flow interpretation

real	21m3,445s
user	2m8,541s
sys	1m5,121s
********************
35 of 61
/home/jakob/Documents/abstracton/benchmarks/dodo/Szymanski.json
t
deadlock
Running as unit: run-r99d2728151f24882a69fe5df9acfbf17.scope; invocation ID: dcef7344701e4469bf67751c0a379648
Time needed for parsing json file: 211356[µs]
alphabet size: 50
using Trap interpretation

real	20m49,762s
user	2m4,633s
sys	0m59,185s
********************
/home/jakob/Documents/abstracton/benchmarks/dodo/Szymanski.json
s
deadlock
Running as unit: run-r99fd32c3f6bc4e63a6ed84b14359b5c4.scope; invocation ID: eb08ca4e03e6435c8a77e8780117faa1
Time needed for parsing json file: 175253[µs]
alphabet size: 50
using Siphon interpretation

real	20m42,030s
user	2m6,108s
sys	0m59,980s
********************
/home/jakob/Documents/abstracton/benchmarks/dodo/Szymanski.json
f
deadlock
Running as unit: run-rea6922a50b5b447f9c35f58a78d816b2.scope; invocation ID: 537d1907ed104b2bb1494ec796874dde
Time needed for parsing json file: 201535[µs]
alphabet size: 50
using Flow interpretation

real	22m45,965s
user	2m0,606s
sys	1m2,025s
********************
36 of 61
/home/jakob/Documents/abstracton/benchmarks/dodo/atomic-dining-philosophers.json
t
deadlock
Running as unit: run-r43090ac4ac95493c99490e6d2b1a50b6.scope; invocation ID: 59ff936c9151466a974f67e5a34d667e
Time needed for parsing json file: 2419[µs]
alphabet size: 4
using Trap interpretation
Time needed for constructing Trap interpretation transducer: 3184[µs]
computing ind...
Time needed for constructing complement of ind: 2526[µs]
Time needed for computing ind: 102617[µs]
Time needed for minimizing ind: 15840[µs]
Time needed for computing ind (total): 121327[µs]
automaton for ind has 26 states.
...done.
computing complement of preach...
Time needed for constructing identity on ind: 923[µs]
Time needed for computing product v_id of abstraction framework with identity on ind: 51650[µs]
Time needed for computing product of v_id with complement of abstraction framework: 227037[µs]
Time needed for computing complement of preach: 281676[µs]
automaton for complement of preach has 1043 states.
...of which, 47 states are at level 0.
Time needed for trimming complement of preach: 2588[µs]
...done.
trying to prove abstract safety...
Time needed for constructing transducer for unsafe property: 22[µs]
Time needed for constructing transducer for (initial, unsafe) pairs: 533[µs]
Time needed for constructing transducer for complement of (initial, unsafe) pairs: 984[µs]
Time needed for building union of complements of preach and (initial, unsafe)-transducer: 905[µs]
Time needed for checking universality using lazy-inclusion-bfs algorithm: 2603[µs]
Time needed for checking abstract safety: 5266[µs]
...done.
Result: [1]
This means that the following properties could be separated from the initial configurations:
	[deadlock]
While the following properties could not be separated from the initial configurations:
	[]

real	0m0,456s
user	0m0,383s
sys	0m0,054s
********************
/home/jakob/Documents/abstracton/benchmarks/dodo/atomic-dining-philosophers.json
s
deadlock
Running as unit: run-r5086b7eceb2b41f1b157045f0272b95a.scope; invocation ID: 52457245b3bc44e29f588245ba28c206
Time needed for parsing json file: 2107[µs]
alphabet size: 4
using Siphon interpretation
Time needed for constructing Siphon interpretation transducer: 974[µs]
computing ind...
Time needed for constructing complement of ind: 899[µs]
Time needed for computing ind: 18721[µs]
Time needed for minimizing ind: 10698[µs]
Time needed for computing ind (total): 30415[µs]
automaton for ind has 26 states.
...done.
computing complement of preach...
Time needed for constructing identity on ind: 1630[µs]
Time needed for computing product v_id of abstraction framework with identity on ind: 19404[µs]
Time needed for computing product of v_id with complement of abstraction framework: 20519[µs]
Time needed for computing complement of preach: 42901[µs]
automaton for complement of preach has 527 states.
...of which, 47 states are at level 0.
Time needed for trimming complement of preach: 1581[µs]
...done.
trying to prove abstract safety...
Time needed for constructing transducer for unsafe property: 25[µs]
Time needed for constructing transducer for (initial, unsafe) pairs: 521[µs]
Time needed for constructing transducer for complement of (initial, unsafe) pairs: 953[µs]
Time needed for building union of complements of preach and (initial, unsafe)-transducer: 602[µs]
Time needed for checking universality using lazy-inclusion-bfs algorithm: 72[µs]
Time needed for checking abstract safety: 2372[µs]
...done.
Result: [0]
This means that the following properties could be separated from the initial configurations:
	[]
While the following properties could not be separated from the initial configurations:
	[deadlock]

real	0m0,108s
user	0m0,081s
sys	0m0,013s
********************
/home/jakob/Documents/abstracton/benchmarks/dodo/atomic-dining-philosophers.json
f
deadlock
Running as unit: run-r0dc075cf34a0493f9efcd64862900d9b.scope; invocation ID: 8f251634580a4f038482789adb6211df
Time needed for parsing json file: 1532[µs]
alphabet size: 4
using Flow interpretation
Time needed for constructing Flow interpretation transducer: 1968[µs]
computing ind...
Time needed for constructing complement of ind: 2539[µs]
Time needed for computing ind: 343158[µs]
Time needed for minimizing ind: 102001[µs]
Time needed for computing ind (total): 447909[µs]
automaton for ind has 59 states.
...done.
computing complement of preach...
Time needed for constructing identity on ind: 4041[µs]
Time needed for computing product v_id of abstraction framework with identity on ind: 97895[µs]
Time needed for computing product of v_id with complement of abstraction framework: 67935[µs]
Time needed for computing complement of preach: 173031[µs]
automaton for complement of preach has 1955 states.
...of which, 171 states are at level 0.
Time needed for trimming complement of preach: 10973[µs]
...done.
trying to prove abstract safety...
Time needed for constructing transducer for unsafe property: 40[µs]
Time needed for constructing transducer for (initial, unsafe) pairs: 795[µs]
Time needed for constructing transducer for complement of (initial, unsafe) pairs: 1418[µs]
Time needed for building union of complements of preach and (initial, unsafe)-transducer: 2977[µs]
Time needed for checking universality using lazy-inclusion-bfs algorithm: 182[µs]
Time needed for checking abstract safety: 6331[µs]
...done.
Result: [0]
This means that the following properties could be separated from the initial configurations:
	[]
While the following properties could not be separated from the initial configurations:
	[deadlock]

real	0m0,673s
user	0m0,628s
sys	0m0,032s
********************
37 of 61
/home/jakob/Documents/abstracton/benchmarks/dodo/bakery.json
t
nomutex
Running as unit: run-r576c0cd83cf845c9a4c63187859ad951.scope; invocation ID: ee901ca43d974a87b606ee8fcfb1f2b9
Time needed for parsing json file: 975[µs]
alphabet size: 3
using Trap interpretation
Time needed for constructing Trap interpretation transducer: 1170[µs]
computing ind...
Time needed for constructing complement of ind: 439[µs]
Time needed for computing ind: 14372[µs]
Time needed for minimizing ind: 4233[µs]
Time needed for computing ind (total): 19170[µs]
automaton for ind has 7 states.
...done.
computing complement of preach...
Time needed for constructing identity on ind: 161[µs]
Time needed for computing product v_id of abstraction framework with identity on ind: 6050[µs]
Time needed for computing product of v_id with complement of abstraction framework: 18624[µs]
Time needed for computing complement of preach: 25840[µs]
automaton for complement of preach has 196 states.
...of which, 10 states are at level 0.
Time needed for trimming complement of preach: 918[µs]
...done.
trying to prove abstract safety...
Time needed for constructing transducer for unsafe property: 9[µs]
Time needed for constructing transducer for (initial, unsafe) pairs: 271[µs]
Time needed for constructing transducer for complement of (initial, unsafe) pairs: 555[µs]
Time needed for building union of complements of preach and (initial, unsafe)-transducer: 331[µs]
Time needed for checking universality using lazy-inclusion-bfs algorithm: 793[µs]
Time needed for checking abstract safety: 2070[µs]
...done.
Result: [1]
This means that the following properties could be separated from the initial configurations:
	[nomutex]
While the following properties could not be separated from the initial configurations:
	[]

real	0m0,075s
user	0m0,049s
sys	0m0,016s
********************
/home/jakob/Documents/abstracton/benchmarks/dodo/bakery.json
s
nomutex
Running as unit: run-r3a91bc6e138a42d28b25fe9ca395eeaa.scope; invocation ID: 4b26f984c0d541199c8c33e38e605034
Time needed for parsing json file: 1096[µs]
alphabet size: 3
using Siphon interpretation
Time needed for constructing Siphon interpretation transducer: 622[µs]
computing ind...
Time needed for constructing complement of ind: 155[µs]
Time needed for computing ind: 1579[µs]
Time needed for minimizing ind: 1318[µs]
Time needed for computing ind (total): 3107[µs]
automaton for ind has 4 states.
...done.
computing complement of preach...
Time needed for constructing identity on ind: 109[µs]
Time needed for computing product v_id of abstraction framework with identity on ind: 1194[µs]
Time needed for computing product of v_id with complement of abstraction framework: 772[µs]
Time needed for computing complement of preach: 2492[µs]
automaton for complement of preach has 15 states.
...of which, 3 states are at level 0.
Time needed for trimming complement of preach: 84[µs]
...done.
trying to prove abstract safety...
Time needed for constructing transducer for unsafe property: 5[µs]
Time needed for constructing transducer for (initial, unsafe) pairs: 142[µs]
Time needed for constructing transducer for complement of (initial, unsafe) pairs: 356[µs]
Time needed for building union of complements of preach and (initial, unsafe)-transducer: 66[µs]
Time needed for checking universality using lazy-inclusion-bfs algorithm: 38[µs]
Time needed for checking abstract safety: 677[µs]
...done.
Result: [0]
This means that the following properties could be separated from the initial configurations:
	[]
While the following properties could not be separated from the initial configurations:
	[nomutex]

real	0m0,032s
user	0m0,011s
sys	0m0,009s
********************
/home/jakob/Documents/abstracton/benchmarks/dodo/bakery.json
f
nomutex
Running as unit: run-r8af11ff8b1de47d2ab4c5f4c2b1e4367.scope; invocation ID: 9549c9585c71462397c8e2f951f6128e
Time needed for parsing json file: 900[µs]
alphabet size: 3
using Flow interpretation
Time needed for constructing Flow interpretation transducer: 1403[µs]
computing ind...
Time needed for constructing complement of ind: 829[µs]
Time needed for computing ind: 48683[µs]
Time needed for minimizing ind: 16232[µs]
Time needed for computing ind (total): 65859[µs]
automaton for ind has 9 states.
...done.
computing complement of preach...
Time needed for constructing identity on ind: 168[µs]
Time needed for computing product v_id of abstraction framework with identity on ind: 3301[µs]
Time needed for computing product of v_id with complement of abstraction framework: 2280[µs]
Time needed for computing complement of preach: 6497[µs]
automaton for complement of preach has 53 states.
...of which, 8 states are at level 0.
Time needed for trimming complement of preach: 151[µs]
...done.
trying to prove abstract safety...
Time needed for constructing transducer for unsafe property: 5[µs]
Time needed for constructing transducer for (initial, unsafe) pairs: 134[µs]
Time needed for constructing transducer for complement of (initial, unsafe) pairs: 297[µs]
Time needed for building union of complements of preach and (initial, unsafe)-transducer: 85[µs]
Time needed for checking universality using lazy-inclusion-bfs algorithm: 26[µs]
Time needed for checking abstract safety: 605[µs]
...done.
Result: [0]
This means that the following properties could be separated from the initial configurations:
	[]
While the following properties could not be separated from the initial configurations:
	[nomutex]

real	0m0,102s
user	0m0,077s
sys	0m0,010s
********************
38 of 61
/home/jakob/Documents/abstracton/benchmarks/dodo/dining-cryptographers.json
t
internal
Running as unit: run-rb21e31f9c72849f2815e156443b0fbe4.scope; invocation ID: 12e26c79816840f792286db409d2b987
Time needed for parsing json file: 4178[µs]
alphabet size: 12
using Trap interpretation
Time needed for constructing Trap interpretation transducer: 1552195[µs]
computing ind...
Time needed for constructing complement of ind: 1438680[µs]
Time needed for computing ind: 154746245[µs]
Time needed for minimizing ind: 21189504[µs]
Time needed for computing ind (total): 177377791[µs]
automaton for ind has 17 states.
...done.
computing complement of preach...
Time needed for constructing identity on ind: 152683[µs]
Time needed for computing product v_id of abstraction framework with identity on ind: 38366284[µs]
Time needed for computing product of v_id with complement of abstraction framework: 461009055[µs]
Time needed for computing complement of preach: 500594364[µs]
automaton for complement of preach has 188736 states.
...of which, 28 states are at level 0.
Time needed for trimming complement of preach: 1219189[µs]
...done.
trying to prove abstract safety...
Time needed for constructing transducer for unsafe property: 51[µs]
Time needed for constructing transducer for (initial, unsafe) pairs: 58854[µs]
Time needed for constructing transducer for complement of (initial, unsafe) pairs: 2886[µs]
Time needed for building union of complements of preach and (initial, unsafe)-transducer: 542296[µs]
Time needed for checking universality using lazy-inclusion-bfs algorithm: 3158578[µs]
Time needed for checking abstract safety: 3958992[µs]
...done.
Result: [1]
This means that the following properties could be separated from the initial configurations:
	[internal]
While the following properties could not be separated from the initial configurations:
	[]

real	11m27,568s
user	11m6,138s
sys	0m20,963s
********************
/home/jakob/Documents/abstracton/benchmarks/dodo/dining-cryptographers.json
s
internal
Running as unit: run-r61ad78e2d7014979b21828718072e612.scope; invocation ID: 92b68bec073a4113b211927db6a7ca14
Time needed for parsing json file: 3902[µs]
alphabet size: 12
using Siphon interpretation
Time needed for constructing Siphon interpretation transducer: 440978[µs]
computing ind...
Time needed for constructing complement of ind: 495752[µs]
Time needed for computing ind: 7253472[µs]
Time needed for minimizing ind: 2581888[µs]
Time needed for computing ind (total): 10332926[µs]
automaton for ind has 17 states.
...done.
computing complement of preach...
Time needed for constructing identity on ind: 161559[µs]
Time needed for computing product v_id of abstraction framework with identity on ind: 13046853[µs]
Time needed for computing product of v_id with complement of abstraction framework: 13622441[µs]
Time needed for computing complement of preach: 27149363[µs]
automaton for complement of preach has 99836 states.
...of which, 28 states are at level 0.
Time needed for trimming complement of preach: 603687[µs]
...done.
trying to prove abstract safety...
Time needed for constructing transducer for unsafe property: 20[µs]
Time needed for constructing transducer for (initial, unsafe) pairs: 622[µs]
Time needed for constructing transducer for complement of (initial, unsafe) pairs: 1808[µs]
Time needed for building union of complements of preach and (initial, unsafe)-transducer: 270571[µs]
Time needed for checking universality using lazy-inclusion-bfs algorithm: 637798[µs]
Time needed for checking abstract safety: 986581[µs]
...done.
Result: [1]
This means that the following properties could be separated from the initial configurations:
	[internal]
While the following properties could not be separated from the initial configurations:
	[]

real	0m39,888s
user	0m38,273s
sys	0m1,572s
********************
/home/jakob/Documents/abstracton/benchmarks/dodo/dining-cryptographers.json
f
internal
Running as unit: run-re995518398594bb69156776b3b941ce4.scope; invocation ID: 7ef785ad30604523b7639a8b80b08b8f
Time needed for parsing json file: 4093[µs]
alphabet size: 12
using Flow interpretation
Time needed for constructing Flow interpretation transducer: 1221741[µs]
computing ind...
Time needed for constructing complement of ind: 1237148[µs]
Time needed for computing ind: 375745932[µs]
Time needed for minimizing ind: 47760019[µs]
Time needed for computing ind (total): 424747084[µs]
automaton for ind has 73 states.
...done.
computing complement of preach...
Time needed for constructing identity on ind: 616472[µs]
Time needed for computing product v_id of abstraction framework with identity on ind: 128253098[µs]
Time needed for computing product of v_id with complement of abstraction framework: 130832201[µs]
Time needed for computing complement of preach: 260655290[µs]
automaton for complement of preach has 984056 states.
...of which, 260 states are at level 0.
Time needed for trimming complement of preach: 6042204[µs]
...done.
trying to prove abstract safety...
Time needed for constructing transducer for unsafe property: 21[µs]
Time needed for constructing transducer for (initial, unsafe) pairs: 662[µs]
Time needed for constructing transducer for complement of (initial, unsafe) pairs: 1865[µs]
Time needed for building union of complements of preach and (initial, unsafe)-transducer: 2298813[µs]
Time needed for checking universality using lazy-inclusion-bfs algorithm: 105637990[µs]
Time needed for checking abstract safety: 108474008[µs]
...done.
Result: [1]
This means that the following properties could be separated from the initial configurations:
	[internal]
While the following properties could not be separated from the initial configurations:
	[]

real	13m23,790s
user	13m8,590s
sys	0m14,669s
********************
39 of 61
/home/jakob/Documents/abstracton/benchmarks/dodo/dining-cryptographers.json
t
external
Running as unit: run-r1f6927493d364c9eaa78ec0c658b6e29.scope; invocation ID: 1b67125f05a24accb18fde0f7c8bfdff
Time needed for parsing json file: 3980[µs]
alphabet size: 12
using Trap interpretation
Time needed for constructing Trap interpretation transducer: 1482944[µs]
computing ind...
Time needed for constructing complement of ind: 1321231[µs]
Time needed for computing ind: 153237110[µs]
Time needed for minimizing ind: 21049284[µs]
Time needed for computing ind (total): 175611106[µs]
automaton for ind has 17 states.
...done.
computing complement of preach...
Time needed for constructing identity on ind: 147164[µs]
Time needed for computing product v_id of abstraction framework with identity on ind: 37577210[µs]
Time needed for computing product of v_id with complement of abstraction framework: 461680999[µs]
Time needed for computing complement of preach: 500843956[µs]
automaton for complement of preach has 188736 states.
...of which, 28 states are at level 0.
Time needed for trimming complement of preach: 1223023[µs]
...done.
trying to prove abstract safety...
Time needed for constructing transducer for unsafe property: 38246[µs]
Time needed for constructing transducer for (initial, unsafe) pairs: 9977[µs]
Time needed for constructing transducer for complement of (initial, unsafe) pairs: 52130[µs]
Time needed for building union of complements of preach and (initial, unsafe)-transducer: 555875[µs]
Time needed for checking universality using lazy-inclusion-bfs algorithm: 914356[µs]
Time needed for checking abstract safety: 1724779[µs]
...done.
Result: [1]
This means that the following properties could be separated from the initial configurations:
	[external]
While the following properties could not be separated from the initial configurations:
	[]

real	11m23,646s
user	11m1,560s
sys	0m21,257s
********************
/home/jakob/Documents/abstracton/benchmarks/dodo/dining-cryptographers.json
s
external
Running as unit: run-r9390bc35daab4c13861d5ffc8ec0e32e.scope; invocation ID: 707629cab72242d59e213911ff2219d2
Time needed for parsing json file: 4316[µs]
alphabet size: 12
using Siphon interpretation
Time needed for constructing Siphon interpretation transducer: 458722[µs]
computing ind...
Time needed for constructing complement of ind: 499640[µs]
Time needed for computing ind: 7484985[µs]
Time needed for minimizing ind: 2689056[µs]
Time needed for computing ind (total): 10675539[µs]
automaton for ind has 17 states.
...done.
computing complement of preach...
Time needed for constructing identity on ind: 165336[µs]
Time needed for computing product v_id of abstraction framework with identity on ind: 12841845[µs]
Time needed for computing product of v_id with complement of abstraction framework: 13693994[µs]
Time needed for computing complement of preach: 27016661[µs]
automaton for complement of preach has 99836 states.
...of which, 28 states are at level 0.
Time needed for trimming complement of preach: 596184[µs]
...done.
trying to prove abstract safety...
Time needed for constructing transducer for unsafe property: 6[µs]
Time needed for constructing transducer for (initial, unsafe) pairs: 334[µs]
Time needed for constructing transducer for complement of (initial, unsafe) pairs: 728[µs]
Time needed for building union of complements of preach and (initial, unsafe)-transducer: 261296[µs]
Time needed for checking universality using lazy-inclusion-bfs algorithm: 193304[µs]
Time needed for checking abstract safety: 529656[µs]
...done.
Result: [1]
This means that the following properties could be separated from the initial configurations:
	[external]
While the following properties could not be separated from the initial configurations:
	[]

real	0m39,655s
user	0m38,078s
sys	0m1,531s
********************
/home/jakob/Documents/abstracton/benchmarks/dodo/dining-cryptographers.json
f
external
Running as unit: run-r3fc841f046e9463a827bde004126596a.scope; invocation ID: 5ec41bbf32924d3980f839570f808c59
Time needed for parsing json file: 3869[µs]
alphabet size: 12
using Flow interpretation
Time needed for constructing Flow interpretation transducer: 1230188[µs]
computing ind...
Time needed for constructing complement of ind: 1282143[µs]
Time needed for computing ind: 377417903[µs]
Time needed for minimizing ind: 48354098[µs]
Time needed for computing ind (total): 427058053[µs]
automaton for ind has 73 states.
...done.
computing complement of preach...
Time needed for constructing identity on ind: 636749[µs]
Time needed for computing product v_id of abstraction framework with identity on ind: 128733323[µs]
Time needed for computing product of v_id with complement of abstraction framework: 132054512[µs]
Time needed for computing complement of preach: 262366184[µs]
automaton for complement of preach has 984056 states.
...of which, 260 states are at level 0.
Time needed for trimming complement of preach: 6200913[µs]
...done.
trying to prove abstract safety...
Time needed for constructing transducer for unsafe property: 12[µs]
Time needed for constructing transducer for (initial, unsafe) pairs: 400[µs]
Time needed for constructing transducer for complement of (initial, unsafe) pairs: 822[µs]
Time needed for building union of complements of preach and (initial, unsafe)-transducer: 2340084[µs]
Time needed for checking universality using lazy-inclusion-bfs algorithm: 26102156[µs]
Time needed for checking abstract safety: 28985002[µs]
...done.
Result: [1]
This means that the following properties could be separated from the initial configurations:
	[external]
While the following properties could not be separated from the initial configurations:
	[]

real	12m8,600s
user	11m53,415s
sys	0m14,720s
********************
40 of 61
/home/jakob/Documents/abstracton/benchmarks/dodo/dragon.json
t
dirtydirty
Running as unit: run-rd6bb1895a68e485f833cd3db36b83ecb.scope; invocation ID: 7f8c574bf3b14decb3b94d07171a6f81
Time needed for parsing json file: 4927[µs]
alphabet size: 5
using Trap interpretation
Time needed for constructing Trap interpretation transducer: 4834[µs]
computing ind...
Time needed for constructing complement of ind: 23249[µs]
Time needed for computing ind: 15321662[µs]
Time needed for minimizing ind: 539301[µs]
Time needed for computing ind (total): 15884463[µs]
automaton for ind has 37 states.
...done.
computing complement of preach...
Time needed for constructing identity on ind: 4804[µs]
Time needed for computing product v_id of abstraction framework with identity on ind: 172138[µs]
Time needed for computing product of v_id with complement of abstraction framework: 877091[µs]
Time needed for computing complement of preach: 1059128[µs]
automaton for complement of preach has 4148 states.
...of which, 68 states are at level 0.
Time needed for trimming complement of preach: 12962[µs]
...done.
trying to prove abstract safety...
Time needed for constructing transducer for unsafe property: 9[µs]
Time needed for constructing transducer for (initial, unsafe) pairs: 207[µs]
Time needed for constructing transducer for complement of (initial, unsafe) pairs: 407[µs]
Time needed for building union of complements of preach and (initial, unsafe)-transducer: 3678[µs]
Time needed for checking universality using lazy-inclusion-bfs algorithm: 13958[µs]
Time needed for checking abstract safety: 19358[µs]
...done.
Result: [1]
This means that the following properties could be separated from the initial configurations:
	[dirtydirty]
While the following properties could not be separated from the initial configurations:
	[]

real	0m17,038s
user	0m16,846s
sys	0m0,168s
********************
/home/jakob/Documents/abstracton/benchmarks/dodo/dragon.json
s
dirtydirty
Running as unit: run-r1f285e1991bc45d6bdc5413a530e89b3.scope; invocation ID: 43ba30d8a6954caf82d74190877d713c
Time needed for parsing json file: 5283[µs]
alphabet size: 5
using Siphon interpretation
Time needed for constructing Siphon interpretation transducer: 1855[µs]
computing ind...
Time needed for constructing complement of ind: 8738[µs]
Time needed for computing ind: 1085947[µs]
Time needed for minimizing ind: 110643[µs]
Time needed for computing ind (total): 1205513[µs]
automaton for ind has 5 states.
...done.
computing complement of preach...
Time needed for constructing identity on ind: 352[µs]
Time needed for computing product v_id of abstraction framework with identity on ind: 4430[µs]
Time needed for computing product of v_id with complement of abstraction framework: 1218[µs]
Time needed for computing complement of preach: 7395[µs]
automaton for complement of preach has 13 states.
...of which, 2 states are at level 0.
Time needed for trimming complement of preach: 79[µs]
...done.
trying to prove abstract safety...
Time needed for constructing transducer for unsafe property: 7[µs]
Time needed for constructing transducer for (initial, unsafe) pairs: 133[µs]
Time needed for constructing transducer for complement of (initial, unsafe) pairs: 350[µs]
Time needed for building union of complements of preach and (initial, unsafe)-transducer: 60[µs]
Time needed for checking universality using lazy-inclusion-bfs algorithm: 26[µs]
Time needed for checking abstract safety: 639[µs]
...done.
Result: [0]
This means that the following properties could be separated from the initial configurations:
	[]
While the following properties could not be separated from the initial configurations:
	[dirtydirty]

real	0m1,246s
user	0m1,221s
sys	0m0,014s
********************
/home/jakob/Documents/abstracton/benchmarks/dodo/dragon.json
f
dirtydirty
Running as unit: run-rd9dde219620d42aeb5827c6464070511.scope; invocation ID: cf5bc1dbdc08441d8498091a75db4aab
Time needed for parsing json file: 4246[µs]
alphabet size: 5
using Flow interpretation
Time needed for constructing Flow interpretation transducer: 6331[µs]
computing ind...
Time needed for constructing complement of ind: 27134[µs]
Time needed for computing ind: 135728578[µs]
Time needed for minimizing ind: 3566231[µs]
Time needed for computing ind (total): 139322279[µs]
automaton for ind has 7 states.
...done.
computing complement of preach...
Time needed for constructing identity on ind: 571[µs]
Time needed for computing product v_id of abstraction framework with identity on ind: 12655[µs]
Time needed for computing product of v_id with complement of abstraction framework: 1933[µs]
Time needed for computing complement of preach: 18488[µs]
automaton for complement of preach has 13 states.
...of which, 2 states are at level 0.
Time needed for trimming complement of preach: 83[µs]
...done.
trying to prove abstract safety...
Time needed for constructing transducer for unsafe property: 7[µs]
Time needed for constructing transducer for (initial, unsafe) pairs: 142[µs]
Time needed for constructing transducer for complement of (initial, unsafe) pairs: 369[µs]
Time needed for building union of complements of preach and (initial, unsafe)-transducer: 67[µs]
Time needed for checking universality using lazy-inclusion-bfs algorithm: 28[µs]
Time needed for checking abstract safety: 683[µs]
...done.
Result: [0]
This means that the following properties could be separated from the initial configurations:
	[]
While the following properties could not be separated from the initial configurations:
	[dirtydirty]

real	2m19,393s
user	2m19,145s
sys	0m0,178s
********************
41 of 61
/home/jakob/Documents/abstracton/benchmarks/dodo/dragon.json
t
exclusiveexclusive
Running as unit: run-rfed3570d88d94db889bf616b346cf9aa.scope; invocation ID: 44675f1a7fb040d2a62486e3366d2fa0
Time needed for parsing json file: 4461[µs]
alphabet size: 5
using Trap interpretation
Time needed for constructing Trap interpretation transducer: 6364[µs]
computing ind...
Time needed for constructing complement of ind: 24766[µs]
Time needed for computing ind: 15180630[µs]
Time needed for minimizing ind: 517519[µs]
Time needed for computing ind (total): 15723148[µs]
automaton for ind has 37 states.
...done.
computing complement of preach...
Time needed for constructing identity on ind: 2674[µs]
Time needed for computing product v_id of abstraction framework with identity on ind: 161974[µs]
Time needed for computing product of v_id with complement of abstraction framework: 827469[µs]
Time needed for computing complement of preach: 997160[µs]
automaton for complement of preach has 4148 states.
...of which, 68 states are at level 0.
Time needed for trimming complement of preach: 12653[µs]
...done.
trying to prove abstract safety...
Time needed for constructing transducer for unsafe property: 9[µs]
Time needed for constructing transducer for (initial, unsafe) pairs: 248[µs]
Time needed for constructing transducer for complement of (initial, unsafe) pairs: 432[µs]
Time needed for building union of complements of preach and (initial, unsafe)-transducer: 3684[µs]
Time needed for checking universality using lazy-inclusion-bfs algorithm: 14038[µs]
Time needed for checking abstract safety: 19288[µs]
...done.
Result: [1]
This means that the following properties could be separated from the initial configurations:
	[exclusiveexclusive]
While the following properties could not be separated from the initial configurations:
	[]

real	0m16,811s
user	0m16,648s
sys	0m0,140s
********************
/home/jakob/Documents/abstracton/benchmarks/dodo/dragon.json
s
exclusiveexclusive
Running as unit: run-r8b612ac6540843478138aea0b7f14b94.scope; invocation ID: c72abe1b140c4983819a6888c10e681e
Time needed for parsing json file: 4667[µs]
alphabet size: 5
using Siphon interpretation
Time needed for constructing Siphon interpretation transducer: 1821[µs]
computing ind...
Time needed for constructing complement of ind: 8261[µs]
Time needed for computing ind: 1014005[µs]
Time needed for minimizing ind: 120136[µs]
Time needed for computing ind (total): 1142564[µs]
automaton for ind has 5 states.
...done.
computing complement of preach...
Time needed for constructing identity on ind: 361[µs]
Time needed for computing product v_id of abstraction framework with identity on ind: 4387[µs]
Time needed for computing product of v_id with complement of abstraction framework: 1197[µs]
Time needed for computing complement of preach: 7303[µs]
automaton for complement of preach has 13 states.
...of which, 2 states are at level 0.
Time needed for trimming complement of preach: 81[µs]
...done.
trying to prove abstract safety...
Time needed for constructing transducer for unsafe property: 7[µs]
Time needed for constructing transducer for (initial, unsafe) pairs: 148[µs]
Time needed for constructing transducer for complement of (initial, unsafe) pairs: 320[µs]
Time needed for building union of complements of preach and (initial, unsafe)-transducer: 61[µs]
Time needed for checking universality using lazy-inclusion-bfs algorithm: 26[µs]
Time needed for checking abstract safety: 624[µs]
...done.
Result: [0]
This means that the following properties could be separated from the initial configurations:
	[]
While the following properties could not be separated from the initial configurations:
	[exclusiveexclusive]

real	0m1,179s
user	0m1,153s
sys	0m0,015s
********************
/home/jakob/Documents/abstracton/benchmarks/dodo/dragon.json
f
exclusiveexclusive
Running as unit: run-r9ce8011bdf16452f9e9656c6d44c86bd.scope; invocation ID: 94816c0159284a659c6e9d7ede94e332
Time needed for parsing json file: 4477[µs]
alphabet size: 5
using Flow interpretation
Time needed for constructing Flow interpretation transducer: 4257[µs]
computing ind...
Time needed for constructing complement of ind: 26016[µs]
Time needed for computing ind: 136082460[µs]
Time needed for minimizing ind: 3674853[µs]
Time needed for computing ind (total): 139783633[µs]
automaton for ind has 7 states.
...done.
computing complement of preach...
Time needed for constructing identity on ind: 576[µs]
Time needed for computing product v_id of abstraction framework with identity on ind: 13204[µs]
Time needed for computing product of v_id with complement of abstraction framework: 1972[µs]
Time needed for computing complement of preach: 19092[µs]
automaton for complement of preach has 13 states.
...of which, 2 states are at level 0.
Time needed for trimming complement of preach: 69[µs]
...done.
trying to prove abstract safety...
Time needed for constructing transducer for unsafe property: 7[µs]
Time needed for constructing transducer for (initial, unsafe) pairs: 144[µs]
Time needed for constructing transducer for complement of (initial, unsafe) pairs: 355[µs]
Time needed for building union of complements of preach and (initial, unsafe)-transducer: 67[µs]
Time needed for checking universality using lazy-inclusion-bfs algorithm: 28[µs]
Time needed for checking abstract safety: 692[µs]
...done.
Result: [0]
This means that the following properties could be separated from the initial configurations:
	[]
While the following properties could not be separated from the initial configurations:
	[exclusiveexclusive]

real	2m19,856s
user	2m19,578s
sys	0m0,189s
********************
42 of 61
/home/jakob/Documents/abstracton/benchmarks/dodo/dragon.json
t
dirtysharedexclusive
Running as unit: run-rb17eb64d583840b38c921cd430e7eafa.scope; invocation ID: acb08471944c4f53bf1e72e640cdb4ad
Time needed for parsing json file: 4559[µs]
alphabet size: 5
using Trap interpretation
Time needed for constructing Trap interpretation transducer: 4855[µs]
computing ind...
Time needed for constructing complement of ind: 23702[µs]
Time needed for computing ind: 15324392[µs]
Time needed for minimizing ind: 504310[µs]
Time needed for computing ind (total): 15852655[µs]
automaton for ind has 37 states.
...done.
computing complement of preach...
Time needed for constructing identity on ind: 2879[µs]
Time needed for computing product v_id of abstraction framework with identity on ind: 161212[µs]
Time needed for computing product of v_id with complement of abstraction framework: 844369[µs]
Time needed for computing complement of preach: 1013449[µs]
automaton for complement of preach has 4148 states.
...of which, 68 states are at level 0.
Time needed for trimming complement of preach: 12686[µs]
...done.
trying to prove abstract safety...
Time needed for constructing transducer for unsafe property: 11[µs]
Time needed for constructing transducer for (initial, unsafe) pairs: 248[µs]
Time needed for constructing transducer for complement of (initial, unsafe) pairs: 487[µs]
Time needed for building union of complements of preach and (initial, unsafe)-transducer: 3569[µs]
Time needed for checking universality using lazy-inclusion-bfs algorithm: 15605[µs]
Time needed for checking abstract safety: 20818[µs]
...done.
Result: [1]
This means that the following properties could be separated from the initial configurations:
	[dirtysharedexclusive]
While the following properties could not be separated from the initial configurations:
	[]

real	0m16,968s
user	0m16,761s
sys	0m0,175s
********************
/home/jakob/Documents/abstracton/benchmarks/dodo/dragon.json
s
dirtysharedexclusive
Running as unit: run-rd3ca6ff4147844f8bc966945980fbc15.scope; invocation ID: 90cdb87dc9564a39b3f586b3c4a7c92a
Time needed for parsing json file: 4702[µs]
alphabet size: 5
using Siphon interpretation
Time needed for constructing Siphon interpretation transducer: 1841[µs]
computing ind...
Time needed for constructing complement of ind: 8293[µs]
Time needed for computing ind: 1001738[µs]
Time needed for minimizing ind: 113942[µs]
Time needed for computing ind (total): 1124172[µs]
automaton for ind has 5 states.
...done.
computing complement of preach...
Time needed for constructing identity on ind: 389[µs]
Time needed for computing product v_id of abstraction framework with identity on ind: 4788[µs]
Time needed for computing product of v_id with complement of abstraction framework: 1572[µs]
Time needed for computing complement of preach: 8251[µs]
automaton for complement of preach has 13 states.
...of which, 2 states are at level 0.
Time needed for trimming complement of preach: 74[µs]
...done.
trying to prove abstract safety...
Time needed for constructing transducer for unsafe property: 13[µs]
Time needed for constructing transducer for (initial, unsafe) pairs: 194[µs]
Time needed for constructing transducer for complement of (initial, unsafe) pairs: 439[µs]
Time needed for building union of complements of preach and (initial, unsafe)-transducer: 75[µs]
Time needed for checking universality using lazy-inclusion-bfs algorithm: 35[µs]
Time needed for checking abstract safety: 854[µs]
...done.
Result: [0]
This means that the following properties could be separated from the initial configurations:
	[]
While the following properties could not be separated from the initial configurations:
	[dirtysharedexclusive]

real	0m1,168s
user	0m1,137s
sys	0m0,015s
********************
/home/jakob/Documents/abstracton/benchmarks/dodo/dragon.json
f
dirtysharedexclusive
Running as unit: run-rc8ea2bc2234242f09d737b293ae1964f.scope; invocation ID: 5cc8d56327a34708ae39ca87ed547e48
Time needed for parsing json file: 4270[µs]
alphabet size: 5
using Flow interpretation
Time needed for constructing Flow interpretation transducer: 3999[µs]
computing ind...
Time needed for constructing complement of ind: 25794[µs]
Time needed for computing ind: 136190473[µs]
Time needed for minimizing ind: 3618256[µs]
Time needed for computing ind (total): 139834812[µs]
automaton for ind has 7 states.
...done.
computing complement of preach...
Time needed for constructing identity on ind: 572[µs]
Time needed for computing product v_id of abstraction framework with identity on ind: 15157[µs]
Time needed for computing product of v_id with complement of abstraction framework: 2142[µs]
Time needed for computing complement of preach: 21239[µs]
automaton for complement of preach has 13 states.
...of which, 2 states are at level 0.
Time needed for trimming complement of preach: 82[µs]
...done.
trying to prove abstract safety...
Time needed for constructing transducer for unsafe property: 10[µs]
Time needed for constructing transducer for (initial, unsafe) pairs: 181[µs]
Time needed for constructing transducer for complement of (initial, unsafe) pairs: 443[µs]
Time needed for building union of complements of preach and (initial, unsafe)-transducer: 82[µs]
Time needed for checking universality using lazy-inclusion-bfs algorithm: 36[µs]
Time needed for checking abstract safety: 827[µs]
...done.
Result: [0]
This means that the following properties could be separated from the initial configurations:
	[]
While the following properties could not be separated from the initial configurations:
	[dirtysharedexclusive]

real	2m19,909s
user	2m19,610s
sys	0m0,195s
********************
43 of 61
/home/jakob/Documents/abstracton/benchmarks/dodo/dragon.json
t
exclusiveshared
Running as unit: run-rfe731e2c5fec4613a498494cbc7c18a4.scope; invocation ID: 318b27dad5f94c77a95c4b0d75352dc3
Time needed for parsing json file: 4571[µs]
alphabet size: 5
using Trap interpretation
Time needed for constructing Trap interpretation transducer: 5264[µs]
computing ind...
Time needed for constructing complement of ind: 23972[µs]
Time needed for computing ind: 15200432[µs]
Time needed for minimizing ind: 525788[µs]
Time needed for computing ind (total): 15750438[µs]
automaton for ind has 37 states.
...done.
computing complement of preach...
Time needed for constructing identity on ind: 2794[µs]
Time needed for computing product v_id of abstraction framework with identity on ind: 176931[µs]
Time needed for computing product of v_id with complement of abstraction framework: 893612[µs]
Time needed for computing complement of preach: 1078395[µs]
automaton for complement of preach has 4148 states.
...of which, 68 states are at level 0.
Time needed for trimming complement of preach: 12910[µs]
...done.
trying to prove abstract safety...
Time needed for constructing transducer for unsafe property: 11[µs]
Time needed for constructing transducer for (initial, unsafe) pairs: 231[µs]
Time needed for constructing transducer for complement of (initial, unsafe) pairs: 591[µs]
Time needed for building union of complements of preach and (initial, unsafe)-transducer: 3780[µs]
Time needed for checking universality using lazy-inclusion-bfs algorithm: 15395[µs]
Time needed for checking abstract safety: 20936[µs]
...done.
Result: [1]
This means that the following properties could be separated from the initial configurations:
	[exclusiveshared]
While the following properties could not be separated from the initial configurations:
	[]

real	0m16,926s
user	0m16,718s
sys	0m0,175s
********************
/home/jakob/Documents/abstracton/benchmarks/dodo/dragon.json
s
exclusiveshared
Running as unit: run-r6d6d86d9be964b96af7dc30f4be0ad83.scope; invocation ID: 77e1f8b35c094aa3b4e1ae7b05fd83f1
Time needed for parsing json file: 4648[µs]
alphabet size: 5
using Siphon interpretation
Time needed for constructing Siphon interpretation transducer: 1813[µs]
computing ind...
Time needed for constructing complement of ind: 8265[µs]
Time needed for computing ind: 1007014[µs]
Time needed for minimizing ind: 111661[µs]
Time needed for computing ind (total): 1127122[µs]
automaton for ind has 5 states.
...done.
computing complement of preach...
Time needed for constructing identity on ind: 357[µs]
Time needed for computing product v_id of abstraction framework with identity on ind: 4453[µs]
Time needed for computing product of v_id with complement of abstraction framework: 1199[µs]
Time needed for computing complement of preach: 7387[µs]
automaton for complement of preach has 13 states.
...of which, 2 states are at level 0.
Time needed for trimming complement of preach: 57[µs]
...done.
trying to prove abstract safety...
Time needed for constructing transducer for unsafe property: 8[µs]
Time needed for constructing transducer for (initial, unsafe) pairs: 157[µs]
Time needed for constructing transducer for complement of (initial, unsafe) pairs: 408[µs]
Time needed for building union of complements of preach and (initial, unsafe)-transducer: 70[µs]
Time needed for checking universality using lazy-inclusion-bfs algorithm: 31[µs]
Time needed for checking abstract safety: 739[µs]
...done.
Result: [0]
This means that the following properties could be separated from the initial configurations:
	[]
While the following properties could not be separated from the initial configurations:
	[exclusiveshared]

real	0m1,164s
user	0m1,140s
sys	0m0,013s
********************
/home/jakob/Documents/abstracton/benchmarks/dodo/dragon.json
f
exclusiveshared
Running as unit: run-r16849d3cd5e24cd89c96951943417521.scope; invocation ID: 4ef0bc041fee42459bc544632480b41b
Time needed for parsing json file: 5089[µs]
alphabet size: 5
using Flow interpretation
Time needed for constructing Flow interpretation transducer: 6217[µs]
computing ind...
Time needed for constructing complement of ind: 28935[µs]
Time needed for computing ind: 136469981[µs]
Time needed for minimizing ind: 3755240[µs]
Time needed for computing ind (total): 140254493[µs]
automaton for ind has 7 states.
...done.
computing complement of preach...
Time needed for constructing identity on ind: 608[µs]
Time needed for computing product v_id of abstraction framework with identity on ind: 13384[µs]
Time needed for computing product of v_id with complement of abstraction framework: 2211[µs]
Time needed for computing complement of preach: 19668[µs]
automaton for complement of preach has 13 states.
...of which, 2 states are at level 0.
Time needed for trimming complement of preach: 82[µs]
...done.
trying to prove abstract safety...
Time needed for constructing transducer for unsafe property: 9[µs]
Time needed for constructing transducer for (initial, unsafe) pairs: 194[µs]
Time needed for constructing transducer for complement of (initial, unsafe) pairs: 474[µs]
Time needed for building union of complements of preach and (initial, unsafe)-transducer: 76[µs]
Time needed for checking universality using lazy-inclusion-bfs algorithm: 33[µs]
Time needed for checking abstract safety: 864[µs]
...done.
Result: [0]
This means that the following properties could be separated from the initial configurations:
	[]
While the following properties could not be separated from the initial configurations:
	[exclusiveshared]

real	2m20,332s
user	2m20,082s
sys	0m0,168s
********************
44 of 61
/home/jakob/Documents/abstracton/benchmarks/dodo/dragon.json
t
exclusivedirty
Running as unit: run-r2f0fda1fff2349c6aec09da0f262a91c.scope; invocation ID: dd17098171674ea9be2db8a9cc5cf34c
Time needed for parsing json file: 4625[µs]
alphabet size: 5
using Trap interpretation
Time needed for constructing Trap interpretation transducer: 4878[µs]
computing ind...
Time needed for constructing complement of ind: 23502[µs]
Time needed for computing ind: 15210300[µs]
Time needed for minimizing ind: 511843[µs]
Time needed for computing ind (total): 15745885[µs]
automaton for ind has 37 states.
...done.
computing complement of preach...
Time needed for constructing identity on ind: 2723[µs]
Time needed for computing product v_id of abstraction framework with identity on ind: 158267[µs]
Time needed for computing product of v_id with complement of abstraction framework: 834464[µs]
Time needed for computing complement of preach: 1000306[µs]
automaton for complement of preach has 4148 states.
...of which, 68 states are at level 0.
Time needed for trimming complement of preach: 12628[µs]
...done.
trying to prove abstract safety...
Time needed for constructing transducer for unsafe property: 10[µs]
Time needed for constructing transducer for (initial, unsafe) pairs: 234[µs]
Time needed for constructing transducer for complement of (initial, unsafe) pairs: 489[µs]
Time needed for building union of complements of preach and (initial, unsafe)-transducer: 3904[µs]
Time needed for checking universality using lazy-inclusion-bfs algorithm: 18311[µs]
Time needed for checking abstract safety: 23979[µs]
...done.
Result: [1]
This means that the following properties could be separated from the initial configurations:
	[exclusivedirty]
While the following properties could not be separated from the initial configurations:
	[]

real	0m16,839s
user	0m16,675s
sys	0m0,142s
********************
/home/jakob/Documents/abstracton/benchmarks/dodo/dragon.json
s
exclusivedirty
Running as unit: run-r57aa992dbe1843af94b6e87a5673a46e.scope; invocation ID: 4e4d262e6888486a9241514af857569d
Time needed for parsing json file: 4553[µs]
alphabet size: 5
using Siphon interpretation
Time needed for constructing Siphon interpretation transducer: 1810[µs]
computing ind...
Time needed for constructing complement of ind: 7971[µs]
Time needed for computing ind: 1017038[µs]
Time needed for minimizing ind: 112604[µs]
Time needed for computing ind (total): 1137803[µs]
automaton for ind has 5 states.
...done.
computing complement of preach...
Time needed for constructing identity on ind: 376[µs]
Time needed for computing product v_id of abstraction framework with identity on ind: 4688[µs]
Time needed for computing product of v_id with complement of abstraction framework: 1278[µs]
Time needed for computing complement of preach: 7721[µs]
automaton for complement of preach has 13 states.
...of which, 2 states are at level 0.
Time needed for trimming complement of preach: 63[µs]
...done.
trying to prove abstract safety...
Time needed for constructing transducer for unsafe property: 8[µs]
Time needed for constructing transducer for (initial, unsafe) pairs: 161[µs]
Time needed for constructing transducer for complement of (initial, unsafe) pairs: 421[µs]
Time needed for building union of complements of preach and (initial, unsafe)-transducer: 71[µs]
Time needed for checking universality using lazy-inclusion-bfs algorithm: 29[µs]
Time needed for checking abstract safety: 754[µs]
...done.
Result: [0]
This means that the following properties could be separated from the initial configurations:
	[]
While the following properties could not be separated from the initial configurations:
	[exclusivedirty]

real	0m1,175s
user	0m1,153s
sys	0m0,011s
********************
/home/jakob/Documents/abstracton/benchmarks/dodo/dragon.json
f
exclusivedirty
Running as unit: run-rdf9b3fdd8e65467086458b1eb4e9a462.scope; invocation ID: 30f4c00939ea4c268d01c5a56f2b7714
Time needed for parsing json file: 4595[µs]
alphabet size: 5
using Flow interpretation
Time needed for constructing Flow interpretation transducer: 4359[µs]
computing ind...
Time needed for constructing complement of ind: 27080[µs]
Time needed for computing ind: 137913256[µs]
Time needed for minimizing ind: 3663817[µs]
Time needed for computing ind (total): 141604453[µs]
automaton for ind has 7 states.
...done.
computing complement of preach...
Time needed for constructing identity on ind: 549[µs]
Time needed for computing product v_id of abstraction framework with identity on ind: 13025[µs]
Time needed for computing product of v_id with complement of abstraction framework: 1987[µs]
Time needed for computing complement of preach: 18931[µs]
automaton for complement of preach has 13 states.
...of which, 2 states are at level 0.
Time needed for trimming complement of preach: 88[µs]
...done.
trying to prove abstract safety...
Time needed for constructing transducer for unsafe property: 9[µs]
Time needed for constructing transducer for (initial, unsafe) pairs: 175[µs]
Time needed for constructing transducer for complement of (initial, unsafe) pairs: 432[µs]
Time needed for building union of complements of preach and (initial, unsafe)-transducer: 86[µs]
Time needed for checking universality using lazy-inclusion-bfs algorithm: 32[µs]
Time needed for checking abstract safety: 796[µs]
...done.
Result: [0]
This means that the following properties could be separated from the initial configurations:
	[]
While the following properties could not be separated from the initial configurations:
	[exclusivedirty]

real	2m21,681s
user	2m21,338s
sys	0m0,224s
********************
45 of 61
/home/jakob/Documents/abstracton/benchmarks/dodo/dragon.json
t
shareddirty
Running as unit: run-rf56b40a705b940e7aba41237179e71fb.scope; invocation ID: 0b518229b0144e8bb120310e83dcf005
Time needed for parsing json file: 4487[µs]
alphabet size: 5
using Trap interpretation
Time needed for constructing Trap interpretation transducer: 5319[µs]
computing ind...
Time needed for constructing complement of ind: 23144[µs]
Time needed for computing ind: 15206794[µs]
Time needed for minimizing ind: 510503[µs]
Time needed for computing ind (total): 15740657[µs]
automaton for ind has 37 states.
...done.
computing complement of preach...
Time needed for constructing identity on ind: 2677[µs]
Time needed for computing product v_id of abstraction framework with identity on ind: 173316[µs]
Time needed for computing product of v_id with complement of abstraction framework: 834043[µs]
Time needed for computing complement of preach: 1014983[µs]
automaton for complement of preach has 4148 states.
...of which, 68 states are at level 0.
Time needed for trimming complement of preach: 12684[µs]
...done.
trying to prove abstract safety...
Time needed for constructing transducer for unsafe property: 9[µs]
Time needed for constructing transducer for (initial, unsafe) pairs: 230[µs]
Time needed for constructing transducer for complement of (initial, unsafe) pairs: 495[µs]
Time needed for building union of complements of preach and (initial, unsafe)-transducer: 3601[µs]
Time needed for checking universality using lazy-inclusion-bfs algorithm: 16751[µs]
Time needed for checking abstract safety: 22158[µs]
...done.
Result: [1]
This means that the following properties could be separated from the initial configurations:
	[shareddirty]
While the following properties could not be separated from the initial configurations:
	[]

real	0m16,851s
user	0m16,673s
sys	0m0,157s
********************
/home/jakob/Documents/abstracton/benchmarks/dodo/dragon.json
s
shareddirty
Running as unit: run-r73a008ff15cf4f12b6068320345c658b.scope; invocation ID: 3b464686644942b4a3234bf695bd9e3d
Time needed for parsing json file: 4592[µs]
alphabet size: 5
using Siphon interpretation
Time needed for constructing Siphon interpretation transducer: 1839[µs]
computing ind...
Time needed for constructing complement of ind: 8372[µs]
Time needed for computing ind: 1033772[µs]
Time needed for minimizing ind: 115643[µs]
Time needed for computing ind (total): 1157950[µs]
automaton for ind has 5 states.
...done.
computing complement of preach...
Time needed for constructing identity on ind: 346[µs]
Time needed for computing product v_id of abstraction framework with identity on ind: 4406[µs]
Time needed for computing product of v_id with complement of abstraction framework: 1199[µs]
Time needed for computing complement of preach: 7236[µs]
automaton for complement of preach has 13 states.
...of which, 2 states are at level 0.
Time needed for trimming complement of preach: 58[µs]
...done.
trying to prove abstract safety...
Time needed for constructing transducer for unsafe property: 8[µs]
Time needed for constructing transducer for (initial, unsafe) pairs: 160[µs]
Time needed for constructing transducer for complement of (initial, unsafe) pairs: 397[µs]
Time needed for building union of complements of preach and (initial, unsafe)-transducer: 69[µs]
Time needed for checking universality using lazy-inclusion-bfs algorithm: 30[µs]
Time needed for checking abstract safety: 731[µs]
...done.
Result: [0]
This means that the following properties could be separated from the initial configurations:
	[]
While the following properties could not be separated from the initial configurations:
	[shareddirty]

real	0m1,204s
user	0m1,172s
sys	0m0,013s
********************
/home/jakob/Documents/abstracton/benchmarks/dodo/dragon.json
f
shareddirty
Running as unit: run-re3cefc2e265747b996027effcb59660d.scope; invocation ID: ae6eb1ce744845f0986b1595c600e5c5
Time needed for parsing json file: 4360[µs]
alphabet size: 5
using Flow interpretation
Time needed for constructing Flow interpretation transducer: 4267[µs]
computing ind...
Time needed for constructing complement of ind: 26849[µs]
Time needed for computing ind: 136459182[µs]
Time needed for minimizing ind: 3693184[µs]
Time needed for computing ind (total): 140179495[µs]
automaton for ind has 7 states.
...done.
computing complement of preach...
Time needed for constructing identity on ind: 593[µs]
Time needed for computing product v_id of abstraction framework with identity on ind: 13460[µs]
Time needed for computing product of v_id with complement of abstraction framework: 2096[µs]
Time needed for computing complement of preach: 19659[µs]
automaton for complement of preach has 13 states.
...of which, 2 states are at level 0.
Time needed for trimming complement of preach: 80[µs]
...done.
trying to prove abstract safety...
Time needed for constructing transducer for unsafe property: 9[µs]
Time needed for constructing transducer for (initial, unsafe) pairs: 180[µs]
Time needed for constructing transducer for complement of (initial, unsafe) pairs: 439[µs]
Time needed for building union of complements of preach and (initial, unsafe)-transducer: 118[µs]
Time needed for checking universality using lazy-inclusion-bfs algorithm: 33[µs]
Time needed for checking abstract safety: 851[µs]
...done.
Result: [0]
This means that the following properties could be separated from the initial configurations:
	[]
While the following properties could not be separated from the initial configurations:
	[shareddirty]

real	2m20,256s
user	2m19,958s
sys	0m0,200s
********************
46 of 61
/home/jakob/Documents/abstracton/benchmarks/dodo/dragon.json
t
dirtyshareddirty
Running as unit: run-r9ac4456341314a7eb5f0d4ef75072fd6.scope; invocation ID: 4b7c48cae0f745108c9bccfddbd511ae
Time needed for parsing json file: 4599[µs]
alphabet size: 5
using Trap interpretation
Time needed for constructing Trap interpretation transducer: 5207[µs]
computing ind...
Time needed for constructing complement of ind: 23343[µs]
Time needed for computing ind: 15183438[µs]
Time needed for minimizing ind: 517960[µs]
Time needed for computing ind (total): 15725003[µs]
automaton for ind has 37 states.
...done.
computing complement of preach...
Time needed for constructing identity on ind: 2732[µs]
Time needed for computing product v_id of abstraction framework with identity on ind: 159827[µs]
Time needed for computing product of v_id with complement of abstraction framework: 841137[µs]
Time needed for computing complement of preach: 1008647[µs]
automaton for complement of preach has 4148 states.
...of which, 68 states are at level 0.
Time needed for trimming complement of preach: 12558[µs]
...done.
trying to prove abstract safety...
Time needed for constructing transducer for unsafe property: 10[µs]
Time needed for constructing transducer for (initial, unsafe) pairs: 235[µs]
Time needed for constructing transducer for complement of (initial, unsafe) pairs: 502[µs]
Time needed for building union of complements of preach and (initial, unsafe)-transducer: 3669[µs]
Time needed for checking universality using lazy-inclusion-bfs algorithm: 361[µs]
Time needed for checking abstract safety: 5765[µs]
...done.
Result: [0]
This means that the following properties could be separated from the initial configurations:
	[]
While the following properties could not be separated from the initial configurations:
	[dirtyshareddirty]

real	0m16,817s
user	0m16,644s
sys	0m0,150s
********************
/home/jakob/Documents/abstracton/benchmarks/dodo/dragon.json
s
dirtyshareddirty
Running as unit: run-rde8159c5d61a41c4932861ff053e96f5.scope; invocation ID: 2eef54964f0a47789f211441de45bbd6
Time needed for parsing json file: 4633[µs]
alphabet size: 5
using Siphon interpretation
Time needed for constructing Siphon interpretation transducer: 1808[µs]
computing ind...
Time needed for constructing complement of ind: 8266[µs]
Time needed for computing ind: 997757[µs]
Time needed for minimizing ind: 110472[µs]
Time needed for computing ind (total): 1116654[µs]
automaton for ind has 5 states.
...done.
computing complement of preach...
Time needed for constructing identity on ind: 357[µs]
Time needed for computing product v_id of abstraction framework with identity on ind: 4404[µs]
Time needed for computing product of v_id with complement of abstraction framework: 1307[µs]
Time needed for computing complement of preach: 7512[µs]
automaton for complement of preach has 13 states.
...of which, 2 states are at level 0.
Time needed for trimming complement of preach: 61[µs]
...done.
trying to prove abstract safety...
Time needed for constructing transducer for unsafe property: 9[µs]
Time needed for constructing transducer for (initial, unsafe) pairs: 170[µs]
Time needed for constructing transducer for complement of (initial, unsafe) pairs: 419[µs]
Time needed for building union of complements of preach and (initial, unsafe)-transducer: 88[µs]
Time needed for checking universality using lazy-inclusion-bfs algorithm: 32[µs]
Time needed for checking abstract safety: 800[µs]
...done.
Result: [0]
This means that the following properties could be separated from the initial configurations:
	[]
While the following properties could not be separated from the initial configurations:
	[dirtyshareddirty]

real	0m1,157s
user	0m1,130s
sys	0m0,014s
********************
/home/jakob/Documents/abstracton/benchmarks/dodo/dragon.json
f
dirtyshareddirty
Running as unit: run-r66e70fd0aac1421f8944cef7e101e975.scope; invocation ID: 77b9f7b36e204689bdcbd568a8044d2a
Time needed for parsing json file: 4557[µs]
alphabet size: 5
using Flow interpretation
Time needed for constructing Flow interpretation transducer: 4351[µs]
computing ind...
Time needed for constructing complement of ind: 26572[µs]
Time needed for computing ind: 136961064[µs]
Time needed for minimizing ind: 3626387[µs]
Time needed for computing ind (total): 140614330[µs]
automaton for ind has 7 states.
...done.
computing complement of preach...
Time needed for constructing identity on ind: 570[µs]
Time needed for computing product v_id of abstraction framework with identity on ind: 12664[µs]
Time needed for computing product of v_id with complement of abstraction framework: 2062[µs]
Time needed for computing complement of preach: 18677[µs]
automaton for complement of preach has 13 states.
...of which, 2 states are at level 0.
Time needed for trimming complement of preach: 101[µs]
...done.
trying to prove abstract safety...
Time needed for constructing transducer for unsafe property: 9[µs]
Time needed for constructing transducer for (initial, unsafe) pairs: 182[µs]
Time needed for constructing transducer for complement of (initial, unsafe) pairs: 430[µs]
Time needed for building union of complements of preach and (initial, unsafe)-transducer: 84[µs]
Time needed for checking universality using lazy-inclusion-bfs algorithm: 35[µs]
Time needed for checking abstract safety: 826[µs]
...done.
Result: [0]
This means that the following properties could be separated from the initial configurations:
	[]
While the following properties could not be separated from the initial configurations:
	[dirtyshareddirty]

real	2m20,695s
user	2m20,432s
sys	0m0,180s
********************
47 of 61
/home/jakob/Documents/abstracton/benchmarks/dodo/dragon.json
t
deadlock
Running as unit: run-rd9bc1aa04a984375a9960938e6b2e4a2.scope; invocation ID: 763da81b3567415b907977d47919ba02
Time needed for parsing json file: 4678[µs]
alphabet size: 5
using Trap interpretation
Time needed for constructing Trap interpretation transducer: 5110[µs]
computing ind...
Time needed for constructing complement of ind: 23725[µs]
Time needed for computing ind: 15419175[µs]
Time needed for minimizing ind: 512497[µs]
Time needed for computing ind (total): 15955632[µs]
automaton for ind has 37 states.
...done.
computing complement of preach...
Time needed for constructing identity on ind: 2772[µs]
Time needed for computing product v_id of abstraction framework with identity on ind: 163647[µs]
Time needed for computing product of v_id with complement of abstraction framework: 834533[µs]
Time needed for computing complement of preach: 1005777[µs]
automaton for complement of preach has 4148 states.
...of which, 68 states are at level 0.
Time needed for trimming complement of preach: 12816[µs]
...done.
trying to prove abstract safety...
Time needed for constructing transducer for unsafe property: 31[µs]
Time needed for constructing transducer for (initial, unsafe) pairs: 310[µs]
Time needed for constructing transducer for complement of (initial, unsafe) pairs: 53[µs]
Time needed for building union of complements of preach and (initial, unsafe)-transducer: 3635[µs]
Time needed for checking universality using lazy-inclusion-bfs algorithm: 5[µs]
Time needed for checking abstract safety: 4895[µs]
...done.
Result: [1]
This means that the following properties could be separated from the initial configurations:
	[deadlock]
While the following properties could not be separated from the initial configurations:
	[]

real	0m17,040s
user	0m16,850s
sys	0m0,158s
********************
/home/jakob/Documents/abstracton/benchmarks/dodo/dragon.json
s
deadlock
Running as unit: run-r2e34667e6ff74670ba742b0e93eca472.scope; invocation ID: 4862afb75e20419795f7bc0b9cc16878
Time needed for parsing json file: 4765[µs]
alphabet size: 5
using Siphon interpretation
Time needed for constructing Siphon interpretation transducer: 2098[µs]
computing ind...
Time needed for constructing complement of ind: 8281[µs]
Time needed for computing ind: 996069[µs]
Time needed for minimizing ind: 116414[µs]
Time needed for computing ind (total): 1120917[µs]
automaton for ind has 5 states.
...done.
computing complement of preach...
Time needed for constructing identity on ind: 400[µs]
Time needed for computing product v_id of abstraction framework with identity on ind: 4540[µs]
Time needed for computing product of v_id with complement of abstraction framework: 1231[µs]
Time needed for computing complement of preach: 7585[µs]
automaton for complement of preach has 13 states.
...of which, 2 states are at level 0.
Time needed for trimming complement of preach: 86[µs]
...done.
trying to prove abstract safety...
Time needed for constructing transducer for unsafe property: 22[µs]
Time needed for constructing transducer for (initial, unsafe) pairs: 208[µs]
Time needed for constructing transducer for complement of (initial, unsafe) pairs: 45[µs]
Time needed for building union of complements of preach and (initial, unsafe)-transducer: 40[µs]
Time needed for checking universality using lazy-inclusion-bfs algorithm: 4[µs]
Time needed for checking abstract safety: 385[µs]
...done.
Result: [1]
This means that the following properties could be separated from the initial configurations:
	[deadlock]
While the following properties could not be separated from the initial configurations:
	[]

real	0m1,161s
user	0m1,134s
sys	0m0,014s
********************
/home/jakob/Documents/abstracton/benchmarks/dodo/dragon.json
f
deadlock
Running as unit: run-r5cf74de0825f44bdacb83544deed5abd.scope; invocation ID: c796396d642c46bdb2dab553a41c18e6
Time needed for parsing json file: 4439[µs]
alphabet size: 5
using Flow interpretation
Time needed for constructing Flow interpretation transducer: 4173[µs]
computing ind...
Time needed for constructing complement of ind: 25192[µs]
Time needed for computing ind: 136416017[µs]
Time needed for minimizing ind: 3572260[µs]
Time needed for computing ind (total): 140013760[µs]
automaton for ind has 7 states.
...done.
computing complement of preach...
Time needed for constructing identity on ind: 574[µs]
Time needed for computing product v_id of abstraction framework with identity on ind: 13115[µs]
Time needed for computing product of v_id with complement of abstraction framework: 2076[µs]
Time needed for computing complement of preach: 19042[µs]
automaton for complement of preach has 13 states.
...of which, 2 states are at level 0.
Time needed for trimming complement of preach: 76[µs]
...done.
trying to prove abstract safety...
Time needed for constructing transducer for unsafe property: 23[µs]
Time needed for constructing transducer for (initial, unsafe) pairs: 211[µs]
Time needed for constructing transducer for complement of (initial, unsafe) pairs: 47[µs]
Time needed for building union of complements of preach and (initial, unsafe)-transducer: 40[µs]
Time needed for checking universality using lazy-inclusion-bfs algorithm: 4[µs]
Time needed for checking abstract safety: 396[µs]
...done.
Result: [1]
This means that the following properties could be separated from the initial configurations:
	[deadlock]
While the following properties could not be separated from the initial configurations:
	[]

real	2m20,081s
user	2m19,804s
sys	0m0,190s
********************
48 of 61
/home/jakob/Documents/abstracton/benchmarks/dodo/firefly.json
t
dirtydirty
Running as unit: run-r74c08755e8394f4cb907ea60a9835c89.scope; invocation ID: 94d9110711864314a8d780b74448955f
Time needed for parsing json file: 3147[µs]
alphabet size: 4
using Trap interpretation
Time needed for constructing Trap interpretation transducer: 2345[µs]
computing ind...
Time needed for constructing complement of ind: 6934[µs]
Time needed for computing ind: 1039844[µs]
Time needed for minimizing ind: 53500[µs]
Time needed for computing ind (total): 1100432[µs]
automaton for ind has 6 states.
...done.
computing complement of preach...
Time needed for constructing identity on ind: 219[µs]
Time needed for computing product v_id of abstraction framework with identity on ind: 6591[µs]
Time needed for computing product of v_id with complement of abstraction framework: 30483[µs]
Time needed for computing complement of preach: 38510[µs]
automaton for complement of preach has 57 states.
...of which, 5 states are at level 0.
Time needed for trimming complement of preach: 162[µs]
...done.
trying to prove abstract safety...
Time needed for constructing transducer for unsafe property: 6[µs]
Time needed for constructing transducer for (initial, unsafe) pairs: 151[µs]
Time needed for constructing transducer for complement of (initial, unsafe) pairs: 299[µs]
Time needed for building union of complements of preach and (initial, unsafe)-transducer: 84[µs]
Time needed for checking universality using lazy-inclusion-bfs algorithm: 38[µs]
Time needed for checking abstract safety: 652[µs]
...done.
Result: [0]
This means that the following properties could be separated from the initial configurations:
	[]
While the following properties could not be separated from the initial configurations:
	[dirtydirty]

real	0m1,171s
user	0m1,139s
sys	0m0,019s
********************
/home/jakob/Documents/abstracton/benchmarks/dodo/firefly.json
s
dirtydirty
Running as unit: run-r8715b48ef1ae4f309e9031674f5d8788.scope; invocation ID: f64a4779e50d46b2b7994b4948c90c21
Time needed for parsing json file: 2998[µs]
alphabet size: 4
using Siphon interpretation
Time needed for constructing Siphon interpretation transducer: 957[µs]
computing ind...
Time needed for constructing complement of ind: 2329[µs]
Time needed for computing ind: 162618[µs]
Time needed for minimizing ind: 27335[µs]
Time needed for computing ind (total): 192407[µs]
automaton for ind has 5 states.
...done.
computing complement of preach...
Time needed for constructing identity on ind: 182[µs]
Time needed for computing product v_id of abstraction framework with identity on ind: 2028[µs]
Time needed for computing product of v_id with complement of abstraction framework: 670[µs]
Time needed for computing complement of preach: 3549[µs]
automaton for complement of preach has 5 states.
...of which, 2 states are at level 0.
Time needed for trimming complement of preach: 18[µs]
...done.
trying to prove abstract safety...
Time needed for constructing transducer for unsafe property: 9[µs]
Time needed for constructing transducer for (initial, unsafe) pairs: 147[µs]
Time needed for constructing transducer for complement of (initial, unsafe) pairs: 298[µs]
Time needed for building union of complements of preach and (initial, unsafe)-transducer: 56[µs]
Time needed for checking universality using lazy-inclusion-bfs algorithm: 24[µs]
Time needed for checking abstract safety: 586[µs]
...done.
Result: [0]
This means that the following properties could be separated from the initial configurations:
	[]
While the following properties could not be separated from the initial configurations:
	[dirtydirty]

real	0m0,224s
user	0m0,202s
sys	0m0,010s
********************
/home/jakob/Documents/abstracton/benchmarks/dodo/firefly.json
f
dirtydirty
Running as unit: run-r866c0847d963440a9f4d844add088792.scope; invocation ID: d5be8180f5df4a20a5da59bab902f3e8
Time needed for parsing json file: 2912[µs]
alphabet size: 4
using Flow interpretation
Time needed for constructing Flow interpretation transducer: 2030[µs]
computing ind...
Time needed for constructing complement of ind: 7385[µs]
Time needed for computing ind: 3502861[µs]
Time needed for minimizing ind: 178448[µs]
Time needed for computing ind (total): 3688911[µs]
automaton for ind has 7 states.
...done.
computing complement of preach...
Time needed for constructing identity on ind: 260[µs]
Time needed for computing product v_id of abstraction framework with identity on ind: 5460[µs]
Time needed for computing product of v_id with complement of abstraction framework: 1282[µs]
Time needed for computing complement of preach: 15722[µs]
automaton for complement of preach has 5 states.
...of which, 2 states are at level 0.
Time needed for trimming complement of preach: 47[µs]
...done.
trying to prove abstract safety...
Time needed for constructing transducer for unsafe property: 9[µs]
Time needed for constructing transducer for (initial, unsafe) pairs: 153[µs]
Time needed for constructing transducer for complement of (initial, unsafe) pairs: 331[µs]
Time needed for building union of complements of preach and (initial, unsafe)-transducer: 76[µs]
Time needed for checking universality using lazy-inclusion-bfs algorithm: 36[µs]
Time needed for checking abstract safety: 682[µs]
...done.
Result: [0]
This means that the following properties could be separated from the initial configurations:
	[]
While the following properties could not be separated from the initial configurations:
	[dirtydirty]

real	0m3,742s
user	0m3,696s
sys	0m0,019s
********************
49 of 61
/home/jakob/Documents/abstracton/benchmarks/dodo/firefly.json
t
exclusiveexclusive
Running as unit: run-r956e082e67a44e66b486a5275d05261d.scope; invocation ID: d8587a3061004b93a16eaaffb07fdc24
Time needed for parsing json file: 2928[µs]
alphabet size: 4
using Trap interpretation
Time needed for constructing Trap interpretation transducer: 2361[µs]
computing ind...
Time needed for constructing complement of ind: 7591[µs]
Time needed for computing ind: 1055219[µs]
Time needed for minimizing ind: 55030[µs]
Time needed for computing ind (total): 1117998[µs]
automaton for ind has 6 states.
...done.
computing complement of preach...
Time needed for constructing identity on ind: 212[µs]
Time needed for computing product v_id of abstraction framework with identity on ind: 6708[µs]
Time needed for computing product of v_id with complement of abstraction framework: 30417[µs]
Time needed for computing complement of preach: 38527[µs]
automaton for complement of preach has 57 states.
...of which, 5 states are at level 0.
Time needed for trimming complement of preach: 145[µs]
...done.
trying to prove abstract safety...
Time needed for constructing transducer for unsafe property: 6[µs]
Time needed for constructing transducer for (initial, unsafe) pairs: 148[µs]
Time needed for constructing transducer for complement of (initial, unsafe) pairs: 300[µs]
Time needed for building union of complements of preach and (initial, unsafe)-transducer: 84[µs]
Time needed for checking universality using lazy-inclusion-bfs algorithm: 40[µs]
Time needed for checking abstract safety: 676[µs]
...done.
Result: [0]
This means that the following properties could be separated from the initial configurations:
	[]
While the following properties could not be separated from the initial configurations:
	[exclusiveexclusive]

real	0m1,195s
user	0m1,159s
sys	0m0,016s
********************
/home/jakob/Documents/abstracton/benchmarks/dodo/firefly.json
s
exclusiveexclusive
Running as unit: run-r7f990590e984435b833ef5fdd01e71da.scope; invocation ID: c4fb6d80748e40439ea8764146397507
Time needed for parsing json file: 2820[µs]
alphabet size: 4
using Siphon interpretation
Time needed for constructing Siphon interpretation transducer: 921[µs]
computing ind...
Time needed for constructing complement of ind: 2396[µs]
Time needed for computing ind: 162871[µs]
Time needed for minimizing ind: 27613[µs]
Time needed for computing ind (total): 193009[µs]
automaton for ind has 5 states.
...done.
computing complement of preach...
Time needed for constructing identity on ind: 238[µs]
Time needed for computing product v_id of abstraction framework with identity on ind: 2500[µs]
Time needed for computing product of v_id with complement of abstraction framework: 646[µs]
Time needed for computing complement of preach: 4187[µs]
automaton for complement of preach has 5 states.
...of which, 2 states are at level 0.
Time needed for trimming complement of preach: 20[µs]
...done.
trying to prove abstract safety...
Time needed for constructing transducer for unsafe property: 9[µs]
Time needed for constructing transducer for (initial, unsafe) pairs: 147[µs]
Time needed for constructing transducer for complement of (initial, unsafe) pairs: 284[µs]
Time needed for building union of complements of preach and (initial, unsafe)-transducer: 52[µs]
Time needed for checking universality using lazy-inclusion-bfs algorithm: 23[µs]
Time needed for checking abstract safety: 569[µs]
...done.
Result: [0]
This means that the following properties could be separated from the initial configurations:
	[]
While the following properties could not be separated from the initial configurations:
	[exclusiveexclusive]

real	0m0,228s
user	0m0,204s
sys	0m0,010s
********************
/home/jakob/Documents/abstracton/benchmarks/dodo/firefly.json
f
exclusiveexclusive
Running as unit: run-rd12c85da2dc448d3bebfad842ae17ce9.scope; invocation ID: 69ef0e44bea74e29864e1b7a43725c6e
Time needed for parsing json file: 2840[µs]
alphabet size: 4
using Flow interpretation
Time needed for constructing Flow interpretation transducer: 1949[µs]
computing ind...
Time needed for constructing complement of ind: 7384[µs]
Time needed for computing ind: 3588975[µs]
Time needed for minimizing ind: 190111[µs]
Time needed for computing ind (total): 3786641[µs]
automaton for ind has 7 states.
...done.
computing complement of preach...
Time needed for constructing identity on ind: 271[µs]
Time needed for computing product v_id of abstraction framework with identity on ind: 5399[µs]
Time needed for computing product of v_id with complement of abstraction framework: 1203[µs]
Time needed for computing complement of preach: 8492[µs]
automaton for complement of preach has 5 states.
...of which, 2 states are at level 0.
Time needed for trimming complement of preach: 35[µs]
...done.
trying to prove abstract safety...
Time needed for constructing transducer for unsafe property: 6[µs]
Time needed for constructing transducer for (initial, unsafe) pairs: 132[µs]
Time needed for constructing transducer for complement of (initial, unsafe) pairs: 289[µs]
Time needed for building union of complements of preach and (initial, unsafe)-transducer: 51[µs]
Time needed for checking universality using lazy-inclusion-bfs algorithm: 23[µs]
Time needed for checking abstract safety: 552[µs]
...done.
Result: [0]
This means that the following properties could be separated from the initial configurations:
	[]
While the following properties could not be separated from the initial configurations:
	[exclusiveexclusive]

real	0m3,830s
user	0m3,797s
sys	0m0,015s
********************
50 of 61
/home/jakob/Documents/abstracton/benchmarks/dodo/firefly.json
t
dirtyshared
Running as unit: run-r0240c75b23044bb89034165faed9078c.scope; invocation ID: 50912e35f90341a183cd171ea770d7cd
Time needed for parsing json file: 2811[µs]
alphabet size: 4
using Trap interpretation
Time needed for constructing Trap interpretation transducer: 2260[µs]
computing ind...
Time needed for constructing complement of ind: 9753[µs]
Time needed for computing ind: 1052557[µs]
Time needed for minimizing ind: 55428[µs]
Time needed for computing ind (total): 1117939[µs]
automaton for ind has 6 states.
...done.
computing complement of preach...
Time needed for constructing identity on ind: 201[µs]
Time needed for computing product v_id of abstraction framework with identity on ind: 6725[µs]
Time needed for computing product of v_id with complement of abstraction framework: 29812[µs]
Time needed for computing complement of preach: 37896[µs]
automaton for complement of preach has 57 states.
...of which, 5 states are at level 0.
Time needed for trimming complement of preach: 152[µs]
...done.
trying to prove abstract safety...
Time needed for constructing transducer for unsafe property: 9[µs]
Time needed for constructing transducer for (initial, unsafe) pairs: 180[µs]
Time needed for constructing transducer for complement of (initial, unsafe) pairs: 415[µs]
Time needed for building union of complements of preach and (initial, unsafe)-transducer: 112[µs]
Time needed for checking universality using lazy-inclusion-bfs algorithm: 71[µs]
Time needed for checking abstract safety: 876[µs]
...done.
Result: [0]
This means that the following properties could be separated from the initial configurations:
	[]
While the following properties could not be separated from the initial configurations:
	[dirtyshared]

real	0m1,186s
user	0m1,159s
sys	0m0,015s
********************
/home/jakob/Documents/abstracton/benchmarks/dodo/firefly.json
s
dirtyshared
Running as unit: run-ra0a74eeb6bc44469a321a30e27194c9c.scope; invocation ID: 83f67cbdd21f43ce9e2910a9ccb83d47
Time needed for parsing json file: 2602[µs]
alphabet size: 4
using Siphon interpretation
Time needed for constructing Siphon interpretation transducer: 864[µs]
computing ind...
Time needed for constructing complement of ind: 2204[µs]
Time needed for computing ind: 159218[µs]
Time needed for minimizing ind: 26163[µs]
Time needed for computing ind (total): 187700[µs]
automaton for ind has 5 states.
...done.
computing complement of preach...
Time needed for constructing identity on ind: 173[µs]
Time needed for computing product v_id of abstraction framework with identity on ind: 1986[µs]
Time needed for computing product of v_id with complement of abstraction framework: 637[µs]
Time needed for computing complement of preach: 3453[µs]
automaton for complement of preach has 5 states.
...of which, 2 states are at level 0.
Time needed for trimming complement of preach: 18[µs]
...done.
trying to prove abstract safety...
Time needed for constructing transducer for unsafe property: 10[µs]
Time needed for constructing transducer for (initial, unsafe) pairs: 173[µs]
Time needed for constructing transducer for complement of (initial, unsafe) pairs: 373[µs]
Time needed for building union of complements of preach and (initial, unsafe)-transducer: 61[µs]
Time needed for checking universality using lazy-inclusion-bfs algorithm: 26[µs]
Time needed for checking abstract safety: 722[µs]
...done.
Result: [0]
This means that the following properties could be separated from the initial configurations:
	[]
While the following properties could not be separated from the initial configurations:
	[dirtyshared]

real	0m0,216s
user	0m0,199s
sys	0m0,007s
********************
/home/jakob/Documents/abstracton/benchmarks/dodo/firefly.json
f
dirtyshared
Running as unit: run-r1dd5a42bcbc5421da4709b6a9fcb0cc4.scope; invocation ID: 1bab395f29794500a1031337ae655a72
Time needed for parsing json file: 2747[µs]
alphabet size: 4
using Flow interpretation
Time needed for constructing Flow interpretation transducer: 1882[µs]
computing ind...
Time needed for constructing complement of ind: 7887[µs]
Time needed for computing ind: 3502331[µs]
Time needed for minimizing ind: 179253[µs]
Time needed for computing ind (total): 3689678[µs]
automaton for ind has 7 states.
...done.
computing complement of preach...
Time needed for constructing identity on ind: 278[µs]
Time needed for computing product v_id of abstraction framework with identity on ind: 5055[µs]
Time needed for computing product of v_id with complement of abstraction framework: 1180[µs]
Time needed for computing complement of preach: 7992[µs]
automaton for complement of preach has 5 states.
...of which, 2 states are at level 0.
Time needed for trimming complement of preach: 32[µs]
...done.
trying to prove abstract safety...
Time needed for constructing transducer for unsafe property: 7[µs]
Time needed for constructing transducer for (initial, unsafe) pairs: 150[µs]
Time needed for constructing transducer for complement of (initial, unsafe) pairs: 362[µs]
Time needed for building union of complements of preach and (initial, unsafe)-transducer: 61[µs]
Time needed for checking universality using lazy-inclusion-bfs algorithm: 26[µs]
Time needed for checking abstract safety: 667[µs]
...done.
Result: [0]
This means that the following properties could be separated from the initial configurations:
	[]
While the following properties could not be separated from the initial configurations:
	[dirtyshared]

real	0m3,731s
user	0m3,692s
sys	0m0,022s
********************
51 of 61
/home/jakob/Documents/abstracton/benchmarks/dodo/firefly.json
t
dirtyexclusive
Running as unit: run-r8a17c4143128418093baa5816d5c0aed.scope; invocation ID: 5f72ee8f043048ffaf8731ce4c0874fe
Time needed for parsing json file: 2759[µs]
alphabet size: 4
using Trap interpretation
Time needed for constructing Trap interpretation transducer: 2223[µs]
computing ind...
Time needed for constructing complement of ind: 6616[µs]
Time needed for computing ind: 1068426[µs]
Time needed for minimizing ind: 53171[µs]
Time needed for computing ind (total): 1128366[µs]
automaton for ind has 6 states.
...done.
computing complement of preach...
Time needed for constructing identity on ind: 206[µs]
Time needed for computing product v_id of abstraction framework with identity on ind: 6691[µs]
Time needed for computing product of v_id with complement of abstraction framework: 29573[µs]
Time needed for computing complement of preach: 37557[µs]
automaton for complement of preach has 57 states.
...of which, 5 states are at level 0.
Time needed for trimming complement of preach: 153[µs]
...done.
trying to prove abstract safety...
Time needed for constructing transducer for unsafe property: 8[µs]
Time needed for constructing transducer for (initial, unsafe) pairs: 179[µs]
Time needed for constructing transducer for complement of (initial, unsafe) pairs: 408[µs]
Time needed for building union of complements of preach and (initial, unsafe)-transducer: 99[µs]
Time needed for checking universality using lazy-inclusion-bfs algorithm: 45[µs]
Time needed for checking abstract safety: 814[µs]
...done.
Result: [0]
This means that the following properties could be separated from the initial configurations:
	[]
While the following properties could not be separated from the initial configurations:
	[dirtyexclusive]

real	0m1,200s
user	0m1,167s
sys	0m0,017s
********************
/home/jakob/Documents/abstracton/benchmarks/dodo/firefly.json
s
dirtyexclusive
Running as unit: run-rc22ccb0504ec4e598f3c946e01eba3b2.scope; invocation ID: 4d0ed6155dcf44e89f322581ea28a15d
Time needed for parsing json file: 2769[µs]
alphabet size: 4
using Siphon interpretation
Time needed for constructing Siphon interpretation transducer: 915[µs]
computing ind...
Time needed for constructing complement of ind: 2227[µs]
Time needed for computing ind: 159395[µs]
Time needed for minimizing ind: 27714[µs]
Time needed for computing ind (total): 189446[µs]
automaton for ind has 5 states.
...done.
computing complement of preach...
Time needed for constructing identity on ind: 184[µs]
Time needed for computing product v_id of abstraction framework with identity on ind: 2211[µs]
Time needed for computing product of v_id with complement of abstraction framework: 774[µs]
Time needed for computing complement of preach: 3879[µs]
automaton for complement of preach has 5 states.
...of which, 2 states are at level 0.
Time needed for trimming complement of preach: 20[µs]
...done.
trying to prove abstract safety...
Time needed for constructing transducer for unsafe property: 11[µs]
Time needed for constructing transducer for (initial, unsafe) pairs: 181[µs]
Time needed for constructing transducer for complement of (initial, unsafe) pairs: 393[µs]
Time needed for building union of complements of preach and (initial, unsafe)-transducer: 63[µs]
Time needed for checking universality using lazy-inclusion-bfs algorithm: 26[µs]
Time needed for checking abstract safety: 735[µs]
...done.
Result: [0]
This means that the following properties could be separated from the initial configurations:
	[]
While the following properties could not be separated from the initial configurations:
	[dirtyexclusive]

real	0m0,223s
user	0m0,200s
sys	0m0,009s
********************
/home/jakob/Documents/abstracton/benchmarks/dodo/firefly.json
f
dirtyexclusive
Running as unit: run-rfe5e1961299e406e971e9da9fc625cf4.scope; invocation ID: 9ac8df77df0244aea3d67d90122dc5b5
Time needed for parsing json file: 3003[µs]
alphabet size: 4
using Flow interpretation
Time needed for constructing Flow interpretation transducer: 2056[µs]
computing ind...
Time needed for constructing complement of ind: 7277[µs]
Time needed for computing ind: 3510100[µs]
Time needed for minimizing ind: 185443[µs]
Time needed for computing ind (total): 3703005[µs]
automaton for ind has 7 states.
...done.
computing complement of preach...
Time needed for constructing identity on ind: 261[µs]
Time needed for computing product v_id of abstraction framework with identity on ind: 5344[µs]
Time needed for computing product of v_id with complement of abstraction framework: 1294[µs]
Time needed for computing complement of preach: 8383[µs]
automaton for complement of preach has 5 states.
...of which, 2 states are at level 0.
Time needed for trimming complement of preach: 35[µs]
...done.
trying to prove abstract safety...
Time needed for constructing transducer for unsafe property: 7[µs]
Time needed for constructing transducer for (initial, unsafe) pairs: 160[µs]
Time needed for constructing transducer for complement of (initial, unsafe) pairs: 378[µs]
Time needed for building union of complements of preach and (initial, unsafe)-transducer: 64[µs]
Time needed for checking universality using lazy-inclusion-bfs algorithm: 35[µs]
Time needed for checking abstract safety: 707[µs]
...done.
Result: [0]
This means that the following properties could be separated from the initial configurations:
	[]
While the following properties could not be separated from the initial configurations:
	[dirtyexclusive]

real	0m3,746s
user	0m3,712s
sys	0m0,016s
********************
52 of 61
/home/jakob/Documents/abstracton/benchmarks/dodo/firefly.json
t
deadlock
Running as unit: run-rdaad974271df42759ec57b95807657cc.scope; invocation ID: b9da0b3ab747411aad0dbf0fe96808ed
Time needed for parsing json file: 2792[µs]
alphabet size: 4
using Trap interpretation
Time needed for constructing Trap interpretation transducer: 2345[µs]
computing ind...
Time needed for constructing complement of ind: 6458[µs]
Time needed for computing ind: 1045104[µs]
Time needed for minimizing ind: 52709[µs]
Time needed for computing ind (total): 1104413[µs]
automaton for ind has 6 states.
...done.
computing complement of preach...
Time needed for constructing identity on ind: 213[µs]
Time needed for computing product v_id of abstraction framework with identity on ind: 6609[µs]
Time needed for computing product of v_id with complement of abstraction framework: 29885[µs]
Time needed for computing complement of preach: 37866[µs]
automaton for complement of preach has 57 states.
...of which, 5 states are at level 0.
Time needed for trimming complement of preach: 155[µs]
...done.
trying to prove abstract safety...
Time needed for constructing transducer for unsafe property: 19[µs]
Time needed for constructing transducer for (initial, unsafe) pairs: 199[µs]
Time needed for constructing transducer for complement of (initial, unsafe) pairs: 46[µs]
Time needed for building union of complements of preach and (initial, unsafe)-transducer: 75[µs]
Time needed for checking universality using lazy-inclusion-bfs algorithm: 4[µs]
Time needed for checking abstract safety: 416[µs]
...done.
Result: [1]
This means that the following properties could be separated from the initial configurations:
	[deadlock]
While the following properties could not be separated from the initial configurations:
	[]

real	0m1,171s
user	0m1,148s
sys	0m0,012s
********************
/home/jakob/Documents/abstracton/benchmarks/dodo/firefly.json
s
deadlock
Running as unit: run-r804fccae731c4174bbeb1ff1948570d3.scope; invocation ID: 8f7c5196b0854780bac1f62a298b7977
Time needed for parsing json file: 2766[µs]
alphabet size: 4
using Siphon interpretation
Time needed for constructing Siphon interpretation transducer: 870[µs]
computing ind...
Time needed for constructing complement of ind: 2226[µs]
Time needed for computing ind: 161793[µs]
Time needed for minimizing ind: 27078[µs]
Time needed for computing ind (total): 191199[µs]
automaton for ind has 5 states.
...done.
computing complement of preach...
Time needed for constructing identity on ind: 183[µs]
Time needed for computing product v_id of abstraction framework with identity on ind: 2139[µs]
Time needed for computing product of v_id with complement of abstraction framework: 665[µs]
Time needed for computing complement of preach: 3664[µs]
automaton for complement of preach has 5 states.
...of which, 2 states are at level 0.
Time needed for trimming complement of preach: 19[µs]
...done.
trying to prove abstract safety...
Time needed for constructing transducer for unsafe property: 15[µs]
Time needed for constructing transducer for (initial, unsafe) pairs: 189[µs]
Time needed for constructing transducer for complement of (initial, unsafe) pairs: 39[µs]
Time needed for building union of complements of preach and (initial, unsafe)-transducer: 33[µs]
Time needed for checking universality using lazy-inclusion-bfs algorithm: 3[µs]
Time needed for checking abstract safety: 333[µs]
...done.
Result: [1]
This means that the following properties could be separated from the initial configurations:
	[deadlock]
While the following properties could not be separated from the initial configurations:
	[]

real	0m0,223s
user	0m0,203s
sys	0m0,007s
********************
/home/jakob/Documents/abstracton/benchmarks/dodo/firefly.json
f
deadlock
Running as unit: run-r47a5e34724ab43b2b925561e38bf55b8.scope; invocation ID: 08589e0e24c44ac284f793d2a92e4dab
Time needed for parsing json file: 2715[µs]
alphabet size: 4
using Flow interpretation
Time needed for constructing Flow interpretation transducer: 1860[µs]
computing ind...
Time needed for constructing complement of ind: 6402[µs]
Time needed for computing ind: 3521675[µs]
Time needed for minimizing ind: 176232[µs]
Time needed for computing ind (total): 3704492[µs]
automaton for ind has 7 states.
...done.
computing complement of preach...
Time needed for constructing identity on ind: 262[µs]
Time needed for computing product v_id of abstraction framework with identity on ind: 4740[µs]
Time needed for computing product of v_id with complement of abstraction framework: 1161[µs]
Time needed for computing complement of preach: 7566[µs]
automaton for complement of preach has 5 states.
...of which, 2 states are at level 0.
Time needed for trimming complement of preach: 33[µs]
...done.
trying to prove abstract safety...
Time needed for constructing transducer for unsafe property: 19[µs]
Time needed for constructing transducer for (initial, unsafe) pairs: 224[µs]
Time needed for constructing transducer for complement of (initial, unsafe) pairs: 38[µs]
Time needed for building union of complements of preach and (initial, unsafe)-transducer: 30[µs]
Time needed for checking universality using lazy-inclusion-bfs algorithm: 3[µs]
Time needed for checking abstract safety: 385[µs]
...done.
Result: [1]
This means that the following properties could be separated from the initial configurations:
	[deadlock]
While the following properties could not be separated from the initial configurations:
	[]

real	0m3,740s
user	0m3,706s
sys	0m0,021s
********************
53 of 61
/home/jakob/Documents/abstracton/benchmarks/dodo/left-dining-philosophers.json
t
deadlock
Running as unit: run-rfcbb42fc1956406ab2e7f71ccbd88fe5.scope; invocation ID: 5933062a51e645c3b7c9dab77a6a0341
Time needed for parsing json file: 11483[µs]
alphabet size: 6
using Trap interpretation
Time needed for constructing Trap interpretation transducer: 12339[µs]
computing ind...
Time needed for constructing complement of ind: 21103[µs]
Time needed for computing ind: 1417625[µs]
Time needed for minimizing ind: 196933[µs]
Time needed for computing ind (total): 1635893[µs]
automaton for ind has 41 states.
...done.
computing complement of preach...
Time needed for constructing identity on ind: 5880[µs]
Time needed for computing product v_id of abstraction framework with identity on ind: 470842[µs]
Time needed for computing product of v_id with complement of abstraction framework: 2484766[µs]
Time needed for computing complement of preach: 2976180[µs]
automaton for complement of preach has 6441 states.
...of which, 76 states are at level 0.
Time needed for trimming complement of preach: 20471[µs]
...done.
trying to prove abstract safety...
Time needed for constructing transducer for unsafe property: 45[µs]
Time needed for constructing transducer for (initial, unsafe) pairs: 708[µs]
Time needed for constructing transducer for complement of (initial, unsafe) pairs: 1358[µs]
Time needed for building union of complements of preach and (initial, unsafe)-transducer: 6999[µs]
Time needed for checking universality using lazy-inclusion-bfs algorithm: 3908[µs]
Time needed for checking abstract safety: 16171[µs]
...done.
Result: [0]
This means that the following properties could be separated from the initial configurations:
	[]
While the following properties could not be separated from the initial configurations:
	[deadlock]

real	0m4,768s
user	0m4,333s
sys	0m0,411s
********************
/home/jakob/Documents/abstracton/benchmarks/dodo/left-dining-philosophers.json
s
deadlock
Running as unit: run-rcb37e36abc4f41a98b84d2860110040f.scope; invocation ID: ef892e1c6ab44627a7ee918dd87dd971
Time needed for parsing json file: 2424[µs]
alphabet size: 6
using Siphon interpretation
Time needed for constructing Siphon interpretation transducer: 4142[µs]
computing ind...
Time needed for constructing complement of ind: 5897[µs]
Time needed for computing ind: 189832[µs]
Time needed for minimizing ind: 83230[µs]
Time needed for computing ind (total): 279129[µs]
automaton for ind has 42 states.
...done.
computing complement of preach...
Time needed for constructing identity on ind: 7323[µs]
Time needed for computing product v_id of abstraction framework with identity on ind: 146635[µs]
Time needed for computing product of v_id with complement of abstraction framework: 111086[µs]
Time needed for computing complement of preach: 270206[µs]
automaton for complement of preach has 2916 states.
...of which, 78 states are at level 0.
Time needed for trimming complement of preach: 12089[µs]
...done.
trying to prove abstract safety...
Time needed for constructing transducer for unsafe property: 38[µs]
Time needed for constructing transducer for (initial, unsafe) pairs: 664[µs]
Time needed for constructing transducer for complement of (initial, unsafe) pairs: 1341[µs]
Time needed for building union of complements of preach and (initial, unsafe)-transducer: 3203[µs]
Time needed for checking universality using lazy-inclusion-bfs algorithm: 120[µs]
Time needed for checking abstract safety: 6222[µs]
...done.
Result: [0]
This means that the following properties could be separated from the initial configurations:
	[]
While the following properties could not be separated from the initial configurations:
	[deadlock]

real	0m0,619s
user	0m0,542s
sys	0m0,053s
********************
/home/jakob/Documents/abstracton/benchmarks/dodo/left-dining-philosophers.json
f
deadlock
Running as unit: run-re627e2c753fc48eea9c19478ae25008a.scope; invocation ID: afc4343b9d6142ce8f6683cd21343eb5
Time needed for parsing json file: 2648[µs]
alphabet size: 6
using Flow interpretation
Time needed for constructing Flow interpretation transducer: 10383[µs]
computing ind...
Time needed for constructing complement of ind: 16538[µs]
Time needed for computing ind: 5553441[µs]
Time needed for minimizing ind: 785136[µs]
Time needed for computing ind (total): 6355329[µs]
automaton for ind has 74 states.
...done.
computing complement of preach...
Time needed for constructing identity on ind: 10787[µs]
Time needed for computing product v_id of abstraction framework with identity on ind: 494794[µs]
Time needed for computing product of v_id with complement of abstraction framework: 248218[µs]
Time needed for computing complement of preach: 763187[µs]
automaton for complement of preach has 6612 states.
...of which, 194 states are at level 0.
Time needed for trimming complement of preach: 24741[µs]
...done.
trying to prove abstract safety...
Time needed for constructing transducer for unsafe property: 44[µs]
Time needed for constructing transducer for (initial, unsafe) pairs: 662[µs]
Time needed for constructing transducer for complement of (initial, unsafe) pairs: 1214[µs]
Time needed for building union of complements of preach and (initial, unsafe)-transducer: 8067[µs]
Time needed for checking universality using lazy-inclusion-bfs algorithm: 303[µs]
Time needed for checking abstract safety: 12355[µs]
...done.
Result: [0]
This means that the following properties could be separated from the initial configurations:
	[]
While the following properties could not be separated from the initial configurations:
	[deadlock]

real	0m7,217s
user	0m7,063s
sys	0m0,138s
********************
54 of 61
/home/jakob/Documents/abstracton/benchmarks/dodo/lehmann-rabin.json
t
deadlock
Running as unit: run-r5822d6a457394454a7018bad3008317e.scope; invocation ID: 4fc811d8ece74f608fc2cb22efaf7eab
Time needed for parsing json file: 2410[µs]
alphabet size: 6
using Trap interpretation
Time needed for constructing Trap interpretation transducer: 12983[µs]
computing ind...
Time needed for constructing complement of ind: 13801[µs]
Time needed for computing ind: 650329[µs]
Time needed for minimizing ind: 69531[µs]
Time needed for computing ind (total): 733824[µs]
automaton for ind has 13 states.
...done.
computing complement of preach...
Time needed for constructing identity on ind: 1817[µs]
Time needed for computing product v_id of abstraction framework with identity on ind: 133228[µs]
Time needed for computing product of v_id with complement of abstraction framework: 665964[µs]
Time needed for computing complement of preach: 807444[µs]
automaton for complement of preach has 1556 states.
...of which, 20 states are at level 0.
Time needed for trimming complement of preach: 5176[µs]
...done.
trying to prove abstract safety...
Time needed for constructing transducer for unsafe property: 31[µs]
Time needed for constructing transducer for (initial, unsafe) pairs: 657[µs]
Time needed for constructing transducer for complement of (initial, unsafe) pairs: 1121[µs]
Time needed for building union of complements of preach and (initial, unsafe)-transducer: 1724[µs]
Time needed for checking universality using lazy-inclusion-bfs algorithm: 1876[µs]
Time needed for checking abstract safety: 5712[µs]
...done.
Result: [1]
This means that the following properties could be separated from the initial configurations:
	[deadlock]
While the following properties could not be separated from the initial configurations:
	[]

real	0m1,607s
user	0m1,466s
sys	0m0,130s
********************
/home/jakob/Documents/abstracton/benchmarks/dodo/lehmann-rabin.json
s
deadlock
Running as unit: run-r270428a8575649eab3f6b8e5cbed4617.scope; invocation ID: b4e01af7f36143c6b2e9f6e9ce1009e0
Time needed for parsing json file: 2121[µs]
alphabet size: 6
using Siphon interpretation
Time needed for constructing Siphon interpretation transducer: 3972[µs]
computing ind...
Time needed for constructing complement of ind: 4328[µs]
Time needed for computing ind: 132893[µs]
Time needed for minimizing ind: 42107[µs]
Time needed for computing ind (total): 179471[µs]
automaton for ind has 13 states.
...done.
computing complement of preach...
Time needed for constructing identity on ind: 1731[µs]
Time needed for computing product v_id of abstraction framework with identity on ind: 40413[µs]
Time needed for computing product of v_id with complement of abstraction framework: 28941[µs]
Time needed for computing complement of preach: 74387[µs]
automaton for complement of preach has 784 states.
...of which, 20 states are at level 0.
Time needed for trimming complement of preach: 2924[µs]
...done.
trying to prove abstract safety...
Time needed for constructing transducer for unsafe property: 28[µs]
Time needed for constructing transducer for (initial, unsafe) pairs: 573[µs]
Time needed for constructing transducer for complement of (initial, unsafe) pairs: 1060[µs]
Time needed for building union of complements of preach and (initial, unsafe)-transducer: 828[µs]
Time needed for checking universality using lazy-inclusion-bfs algorithm: 146[µs]
Time needed for checking abstract safety: 2857[µs]
...done.
Result: [0]
This means that the following properties could be separated from the initial configurations:
	[]
While the following properties could not be separated from the initial configurations:
	[deadlock]

real	0m0,290s
user	0m0,261s
sys	0m0,019s
********************
/home/jakob/Documents/abstracton/benchmarks/dodo/lehmann-rabin.json
f
deadlock
Running as unit: run-r56bdee32e6c840c8a6b871302d3fa13c.scope; invocation ID: 7d001afc60b94b62894408f75c87ede5
Time needed for parsing json file: 2050[µs]
alphabet size: 6
using Flow interpretation
Time needed for constructing Flow interpretation transducer: 9500[µs]
computing ind...
Time needed for constructing complement of ind: 12433[µs]
Time needed for computing ind: 2553062[µs]
Time needed for minimizing ind: 280804[µs]
Time needed for computing ind (total): 2846493[µs]
automaton for ind has 27 states.
...done.
computing complement of preach...
Time needed for constructing identity on ind: 3948[µs]
Time needed for computing product v_id of abstraction framework with identity on ind: 194033[µs]
Time needed for computing product of v_id with complement of abstraction framework: 69994[µs]
Time needed for computing complement of preach: 275044[µs]
automaton for complement of preach has 1661 states.
...of which, 73 states are at level 0.
Time needed for trimming complement of preach: 5827[µs]
...done.
trying to prove abstract safety...
Time needed for constructing transducer for unsafe property: 33[µs]
Time needed for constructing transducer for (initial, unsafe) pairs: 575[µs]
Time needed for constructing transducer for complement of (initial, unsafe) pairs: 1091[µs]
Time needed for building union of complements of preach and (initial, unsafe)-transducer: 1929[µs]
Time needed for checking universality using lazy-inclusion-bfs algorithm: 132[µs]
Time needed for checking abstract safety: 4145[µs]
...done.
Result: [0]
This means that the following properties could be separated from the initial configurations:
	[]
While the following properties could not be separated from the initial configurations:
	[deadlock]

real	0m3,182s
user	0m3,097s
sys	0m0,065s
********************
55 of 61
/home/jakob/Documents/abstracton/benchmarks/dodo/synapse.json
t
dirtydirty
Running as unit: run-r56ac1388baf54ee882933643cbf1e2b1.scope; invocation ID: 4a254b1e1d3e4f8ebe7d75629e29d89c
Time needed for parsing json file: 1633[µs]
alphabet size: 3
using Trap interpretation
Time needed for constructing Trap interpretation transducer: 1090[µs]
computing ind...
Time needed for constructing complement of ind: 1064[µs]
Time needed for computing ind: 2811[µs]
Time needed for minimizing ind: 835[µs]
Time needed for computing ind (total): 4767[µs]
automaton for ind has 5 states.
...done.
computing complement of preach...
Time needed for constructing identity on ind: 106[µs]
Time needed for computing product v_id of abstraction framework with identity on ind: 3397[µs]
Time needed for computing product of v_id with complement of abstraction framework: 10181[µs]
Time needed for computing complement of preach: 14289[µs]
automaton for complement of preach has 65 states.
...of which, 5 states are at level 0.
Time needed for trimming complement of preach: 206[µs]
...done.
trying to prove abstract safety...
Time needed for constructing transducer for unsafe property: 5[µs]
Time needed for constructing transducer for (initial, unsafe) pairs: 147[µs]
Time needed for constructing transducer for complement of (initial, unsafe) pairs: 287[µs]
Time needed for building union of complements of preach and (initial, unsafe)-transducer: 90[µs]
Time needed for checking universality using lazy-inclusion-bfs algorithm: 77[µs]
Time needed for checking abstract safety: 663[µs]
...done.
Result: [1]
This means that the following properties could be separated from the initial configurations:
	[dirtydirty]
While the following properties could not be separated from the initial configurations:
	[]

real	0m0,049s
user	0m0,021s
sys	0m0,012s
********************
/home/jakob/Documents/abstracton/benchmarks/dodo/synapse.json
s
dirtydirty
Running as unit: run-re5688aac8bb14a83b9d0497ee5491876.scope; invocation ID: 174cb038fbcb458086f41d566c41c321
Time needed for parsing json file: 1122[µs]
alphabet size: 3
using Siphon interpretation
Time needed for constructing Siphon interpretation transducer: 529[µs]
computing ind...
Time needed for constructing complement of ind: 461[µs]
Time needed for computing ind: 743[µs]
Time needed for minimizing ind: 529[µs]
Time needed for computing ind (total): 1792[µs]
automaton for ind has 3 states.
...done.
computing complement of preach...
Time needed for constructing identity on ind: 69[µs]
Time needed for computing product v_id of abstraction framework with identity on ind: 774[µs]
Time needed for computing product of v_id with complement of abstraction framework: 277[µs]
Time needed for computing complement of preach: 1538[µs]
automaton for complement of preach has 0 states.
...of which, 0 states are at level 0.
Time needed for trimming complement of preach: 4[µs]
...done.
trying to prove abstract safety...
Time needed for constructing transducer for unsafe property: 7[µs]
Time needed for constructing transducer for (initial, unsafe) pairs: 127[µs]
Time needed for constructing transducer for complement of (initial, unsafe) pairs: 269[µs]
Time needed for building union of complements of preach and (initial, unsafe)-transducer: 66[µs]
Time needed for checking universality using lazy-inclusion-bfs algorithm: 18[µs]
Time needed for checking abstract safety: 578[µs]
...done.
Result: [0]
This means that the following properties could be separated from the initial configurations:
	[]
While the following properties could not be separated from the initial configurations:
	[dirtydirty]

real	0m0,031s
user	0m0,007s
sys	0m0,009s
********************
/home/jakob/Documents/abstracton/benchmarks/dodo/synapse.json
f
dirtydirty
Running as unit: run-r5a4fdb3593c84642aeaa1497b7ac362c.scope; invocation ID: 650089a9db0a4469806fe463c6be09e9
Time needed for parsing json file: 1110[µs]
alphabet size: 3
using Flow interpretation
Time needed for constructing Flow interpretation transducer: 987[µs]
computing ind...
Time needed for constructing complement of ind: 1164[µs]
Time needed for computing ind: 5165[µs]
Time needed for minimizing ind: 1508[µs]
Time needed for computing ind (total): 7895[µs]
automaton for ind has 5 states.
...done.
computing complement of preach...
Time needed for constructing identity on ind: 111[µs]
Time needed for computing product v_id of abstraction framework with identity on ind: 2221[µs]
Time needed for computing product of v_id with complement of abstraction framework: 615[µs]
Time needed for computing complement of preach: 3689[µs]
automaton for complement of preach has 0 states.
...of which, 0 states are at level 0.
Time needed for trimming complement of preach: 5[µs]
...done.
trying to prove abstract safety...
Time needed for constructing transducer for unsafe property: 5[µs]
Time needed for constructing transducer for (initial, unsafe) pairs: 139[µs]
Time needed for constructing transducer for complement of (initial, unsafe) pairs: 299[µs]
Time needed for building union of complements of preach and (initial, unsafe)-transducer: 48[µs]
Time needed for checking universality using lazy-inclusion-bfs algorithm: 16[µs]
Time needed for checking abstract safety: 563[µs]
...done.
Result: [0]
This means that the following properties could be separated from the initial configurations:
	[]
While the following properties could not be separated from the initial configurations:
	[dirtydirty]

real	0m0,039s
user	0m0,018s
sys	0m0,008s
********************
56 of 61
/home/jakob/Documents/abstracton/benchmarks/dodo/synapse.json
t
dirtyvalid
Running as unit: run-r68fa51bf732a447db124a21291c5abbd.scope; invocation ID: 539380c47078446987d5b841d521450a
Time needed for parsing json file: 1037[µs]
alphabet size: 3
using Trap interpretation
Time needed for constructing Trap interpretation transducer: 1065[µs]
computing ind...
Time needed for constructing complement of ind: 1023[µs]
Time needed for computing ind: 2910[µs]
Time needed for minimizing ind: 879[µs]
Time needed for computing ind (total): 4880[µs]
automaton for ind has 5 states.
...done.
computing complement of preach...
Time needed for constructing identity on ind: 110[µs]
Time needed for computing product v_id of abstraction framework with identity on ind: 3540[µs]
Time needed for computing product of v_id with complement of abstraction framework: 10224[µs]
Time needed for computing complement of preach: 14516[µs]
automaton for complement of preach has 65 states.
...of which, 5 states are at level 0.
Time needed for trimming complement of preach: 181[µs]
...done.
trying to prove abstract safety...
Time needed for constructing transducer for unsafe property: 10[µs]
Time needed for constructing transducer for (initial, unsafe) pairs: 178[µs]
Time needed for constructing transducer for complement of (initial, unsafe) pairs: 373[µs]
Time needed for building union of complements of preach and (initial, unsafe)-transducer: 123[µs]
Time needed for checking universality using lazy-inclusion-bfs algorithm: 119[µs]
Time needed for checking abstract safety: 914[µs]
...done.
Result: [1]
This means that the following properties could be separated from the initial configurations:
	[dirtyvalid]
While the following properties could not be separated from the initial configurations:
	[]

real	0m0,050s
user	0m0,021s
sys	0m0,014s
********************
/home/jakob/Documents/abstracton/benchmarks/dodo/synapse.json
s
dirtyvalid
Running as unit: run-rb9b42e98833d404cb289bb2245466758.scope; invocation ID: 8411cb4d590641068b9ddb82db987259
Time needed for parsing json file: 1091[µs]
alphabet size: 3
using Siphon interpretation
Time needed for constructing Siphon interpretation transducer: 524[µs]
computing ind...
Time needed for constructing complement of ind: 355[µs]
Time needed for computing ind: 696[µs]
Time needed for minimizing ind: 545[µs]
Time needed for computing ind (total): 1640[µs]
automaton for ind has 3 states.
...done.
computing complement of preach...
Time needed for constructing identity on ind: 67[µs]
Time needed for computing product v_id of abstraction framework with identity on ind: 767[µs]
Time needed for computing product of v_id with complement of abstraction framework: 276[µs]
Time needed for computing complement of preach: 1483[µs]
automaton for complement of preach has 0 states.
...of which, 0 states are at level 0.
Time needed for trimming complement of preach: 4[µs]
...done.
trying to prove abstract safety...
Time needed for constructing transducer for unsafe property: 7[µs]
Time needed for constructing transducer for (initial, unsafe) pairs: 148[µs]
Time needed for constructing transducer for complement of (initial, unsafe) pairs: 363[µs]
Time needed for building union of complements of preach and (initial, unsafe)-transducer: 53[µs]
Time needed for checking universality using lazy-inclusion-bfs algorithm: 15[µs]
Time needed for checking abstract safety: 642[µs]
...done.
Result: [0]
This means that the following properties could be separated from the initial configurations:
	[]
While the following properties could not be separated from the initial configurations:
	[dirtyvalid]

real	0m0,031s
user	0m0,011s
sys	0m0,006s
********************
/home/jakob/Documents/abstracton/benchmarks/dodo/synapse.json
f
dirtyvalid
Running as unit: run-r2b8abab8d2684df588adf698e5afdfb5.scope; invocation ID: deacd73b4b5448919e2d2b60bde3bc46
Time needed for parsing json file: 1007[µs]
alphabet size: 3
using Flow interpretation
Time needed for constructing Flow interpretation transducer: 1031[µs]
computing ind...
Time needed for constructing complement of ind: 1157[µs]
Time needed for computing ind: 4690[µs]
Time needed for minimizing ind: 1389[µs]
Time needed for computing ind (total): 7287[µs]
automaton for ind has 5 states.
...done.
computing complement of preach...
Time needed for constructing identity on ind: 99[µs]
Time needed for computing product v_id of abstraction framework with identity on ind: 1996[µs]
Time needed for computing product of v_id with complement of abstraction framework: 532[µs]
Time needed for computing complement of preach: 3248[µs]
automaton for complement of preach has 0 states.
...of which, 0 states are at level 0.
Time needed for trimming complement of preach: 4[µs]
...done.
trying to prove abstract safety...
Time needed for constructing transducer for unsafe property: 6[µs]
Time needed for constructing transducer for (initial, unsafe) pairs: 146[µs]
Time needed for constructing transducer for complement of (initial, unsafe) pairs: 316[µs]
Time needed for building union of complements of preach and (initial, unsafe)-transducer: 70[µs]
Time needed for checking universality using lazy-inclusion-bfs algorithm: 15[µs]
Time needed for checking abstract safety: 620[µs]
...done.
Result: [0]
This means that the following properties could be separated from the initial configurations:
	[]
While the following properties could not be separated from the initial configurations:
	[dirtyvalid]

real	0m0,037s
user	0m0,016s
sys	0m0,007s
********************
57 of 61
/home/jakob/Documents/abstracton/benchmarks/dodo/synapse.json
t
deadlock
Running as unit: run-r6875d8dc38574d5897f48221e2bd8e58.scope; invocation ID: 60a7660dc0114b69a338a2ec13406b6e
Time needed for parsing json file: 1015[µs]
alphabet size: 3
using Trap interpretation
Time needed for constructing Trap interpretation transducer: 1043[µs]
computing ind...
Time needed for constructing complement of ind: 994[µs]
Time needed for computing ind: 2684[µs]
Time needed for minimizing ind: 856[µs]
Time needed for computing ind (total): 4595[µs]
automaton for ind has 5 states.
...done.
computing complement of preach...
Time needed for constructing identity on ind: 105[µs]
Time needed for computing product v_id of abstraction framework with identity on ind: 3222[µs]
Time needed for computing product of v_id with complement of abstraction framework: 9821[µs]
Time needed for computing complement of preach: 13733[µs]
automaton for complement of preach has 65 states.
...of which, 5 states are at level 0.
Time needed for trimming complement of preach: 168[µs]
...done.
trying to prove abstract safety...
Time needed for constructing transducer for unsafe property: 6[µs]
Time needed for constructing transducer for (initial, unsafe) pairs: 87[µs]
Time needed for constructing transducer for complement of (initial, unsafe) pairs: 31[µs]
Time needed for building union of complements of preach and (initial, unsafe)-transducer: 73[µs]
Time needed for checking universality using lazy-inclusion-bfs algorithm: 5[µs]
Time needed for checking abstract safety: 276[µs]
...done.
Result: [1]
This means that the following properties could be separated from the initial configurations:
	[deadlock]
While the following properties could not be separated from the initial configurations:
	[]

real	0m0,044s
user	0m0,023s
sys	0m0,009s
********************
/home/jakob/Documents/abstracton/benchmarks/dodo/synapse.json
s
deadlock
Running as unit: run-re0fdbbf0f22540528eed7032be0fa7cb.scope; invocation ID: c2e6ed4f7b91454daa460363c3928dc1
Time needed for parsing json file: 1022[µs]
alphabet size: 3
using Siphon interpretation
Time needed for constructing Siphon interpretation transducer: 495[µs]
computing ind...
Time needed for constructing complement of ind: 412[µs]
Time needed for computing ind: 673[µs]
Time needed for minimizing ind: 526[µs]
Time needed for computing ind (total): 1672[µs]
automaton for ind has 3 states.
...done.
computing complement of preach...
Time needed for constructing identity on ind: 69[µs]
Time needed for computing product v_id of abstraction framework with identity on ind: 779[µs]
Time needed for computing product of v_id with complement of abstraction framework: 286[µs]
Time needed for computing complement of preach: 1537[µs]
automaton for complement of preach has 0 states.
...of which, 0 states are at level 0.
Time needed for trimming complement of preach: 7[µs]
...done.
trying to prove abstract safety...
Time needed for constructing transducer for unsafe property: 10[µs]
Time needed for constructing transducer for (initial, unsafe) pairs: 109[µs]
Time needed for constructing transducer for complement of (initial, unsafe) pairs: 47[µs]
Time needed for building union of complements of preach and (initial, unsafe)-transducer: 40[µs]
Time needed for checking universality using lazy-inclusion-bfs algorithm: 6[µs]
Time needed for checking abstract safety: 282[µs]
...done.
Result: [1]
This means that the following properties could be separated from the initial configurations:
	[deadlock]
While the following properties could not be separated from the initial configurations:
	[]

real	0m0,027s
user	0m0,008s
sys	0m0,008s
********************
/home/jakob/Documents/abstracton/benchmarks/dodo/synapse.json
f
deadlock
Running as unit: run-r0b15afd04212427cbff3793618ed00f1.scope; invocation ID: 03c7d782f9a34412a88830a258034106
Time needed for parsing json file: 1073[µs]
alphabet size: 3
using Flow interpretation
Time needed for constructing Flow interpretation transducer: 898[µs]
computing ind...
Time needed for constructing complement of ind: 1082[µs]
Time needed for computing ind: 4856[µs]
Time needed for minimizing ind: 1380[µs]
Time needed for computing ind (total): 7366[µs]
automaton for ind has 5 states.
...done.
computing complement of preach...
Time needed for constructing identity on ind: 112[µs]
Time needed for computing product v_id of abstraction framework with identity on ind: 1998[µs]
Time needed for computing product of v_id with complement of abstraction framework: 512[µs]
Time needed for computing complement of preach: 3377[µs]
automaton for complement of preach has 0 states.
...of which, 0 states are at level 0.
Time needed for trimming complement of preach: 5[µs]
...done.
trying to prove abstract safety...
Time needed for constructing transducer for unsafe property: 6[µs]
Time needed for constructing transducer for (initial, unsafe) pairs: 81[µs]
Time needed for constructing transducer for complement of (initial, unsafe) pairs: 29[µs]
Time needed for building union of complements of preach and (initial, unsafe)-transducer: 27[µs]
Time needed for checking universality using lazy-inclusion-bfs algorithm: 3[µs]
Time needed for checking abstract safety: 192[µs]
...done.
Result: [1]
This means that the following properties could be separated from the initial configurations:
	[deadlock]
While the following properties could not be separated from the initial configurations:
	[]

real	0m0,039s
user	0m0,014s
sys	0m0,010s
********************
58 of 61
/home/jakob/Documents/abstracton/benchmarks/dodo/token-passing-no-invariant.json
t
notoken
Running as unit: run-r31afa35f75fa4fb6a3e4f0009c149e3b.scope; invocation ID: d3f23748a9ae49af9dd737f91bfbc42d
Time needed for parsing json file: 9684[µs]
alphabet size: 2
using Trap interpretation
Time needed for constructing Trap interpretation transducer: 618[µs]
computing ind...
Time needed for constructing complement of ind: 237[µs]
Time needed for computing ind: 3239[µs]
Time needed for minimizing ind: 1707[µs]
Time needed for computing ind (total): 5259[µs]
automaton for ind has 5 states.
...done.
computing complement of preach...
Time needed for constructing identity on ind: 95[µs]
Time needed for computing product v_id of abstraction framework with identity on ind: 1767[µs]
Time needed for computing product of v_id with complement of abstraction framework: 4030[µs]
Time needed for computing complement of preach: 6415[µs]
automaton for complement of preach has 30 states.
...of which, 6 states are at level 0.
Time needed for trimming complement of preach: 85[µs]
...done.
trying to prove abstract safety...
Time needed for constructing transducer for unsafe property: 4[µs]
Time needed for constructing transducer for (initial, unsafe) pairs: 133[µs]
Time needed for constructing transducer for complement of (initial, unsafe) pairs: 212[µs]
Time needed for building union of complements of preach and (initial, unsafe)-transducer: 57[µs]
Time needed for checking universality using lazy-inclusion-bfs algorithm: 69[µs]
Time needed for checking abstract safety: 542[µs]
...done.
Result: [1]
This means that the following properties could be separated from the initial configurations:
	[notoken]
While the following properties could not be separated from the initial configurations:
	[]

real	0m0,057s
user	0m0,015s
sys	0m0,011s
********************
/home/jakob/Documents/abstracton/benchmarks/dodo/token-passing-no-invariant.json
s
notoken
Running as unit: run-rb4c129a18c504d058aebd34cfe083dd1.scope; invocation ID: abff1adb55fa45cba4a76c1539aed9ae
Time needed for parsing json file: 738[µs]
alphabet size: 2
using Siphon interpretation
Time needed for constructing Siphon interpretation transducer: 356[µs]
computing ind...
Time needed for constructing complement of ind: 73[µs]
Time needed for computing ind: 399[µs]
Time needed for minimizing ind: 464[µs]
Time needed for computing ind (total): 981[µs]
automaton for ind has 5 states.
...done.
computing complement of preach...
Time needed for constructing identity on ind: 63[µs]
Time needed for computing product v_id of abstraction framework with identity on ind: 794[µs]
Time needed for computing product of v_id with complement of abstraction framework: 838[µs]
Time needed for computing complement of preach: 1970[µs]
automaton for complement of preach has 22 states.
...of which, 6 states are at level 0.
Time needed for trimming complement of preach: 77[µs]
...done.
trying to prove abstract safety...
Time needed for constructing transducer for unsafe property: 4[µs]
Time needed for constructing transducer for (initial, unsafe) pairs: 123[µs]
Time needed for constructing transducer for complement of (initial, unsafe) pairs: 205[µs]
Time needed for building union of complements of preach and (initial, unsafe)-transducer: 48[µs]
Time needed for checking universality using lazy-inclusion-bfs algorithm: 27[µs]
Time needed for checking abstract safety: 476[µs]
...done.
Result: [0]
This means that the following properties could be separated from the initial configurations:
	[]
While the following properties could not be separated from the initial configurations:
	[notoken]

real	0m0,026s
user	0m0,005s
sys	0m0,011s
********************
/home/jakob/Documents/abstracton/benchmarks/dodo/token-passing-no-invariant.json
f
notoken
Running as unit: run-r2cc6dcc80120406baa1db1b0b6e13197.scope; invocation ID: a954a7bbc65549cf91bd66929a4eaa69
Time needed for parsing json file: 772[µs]
alphabet size: 2
using Flow interpretation
Time needed for constructing Flow interpretation transducer: 540[µs]
computing ind...
Time needed for constructing complement of ind: 196[µs]
Time needed for computing ind: 4654[µs]
Time needed for minimizing ind: 2332[µs]
Time needed for computing ind (total): 7247[µs]
automaton for ind has 13 states.
...done.
computing complement of preach...
Time needed for constructing identity on ind: 137[µs]
Time needed for computing product v_id of abstraction framework with identity on ind: 2729[µs]
Time needed for computing product of v_id with complement of abstraction framework: 2903[µs]
Time needed for computing complement of preach: 6240[µs]
automaton for complement of preach has 114 states.
...of which, 28 states are at level 0.
Time needed for trimming complement of preach: 366[µs]
...done.
trying to prove abstract safety...
Time needed for constructing transducer for unsafe property: 5[µs]
Time needed for constructing transducer for (initial, unsafe) pairs: 178[µs]
Time needed for constructing transducer for complement of (initial, unsafe) pairs: 338[µs]
Time needed for building union of complements of preach and (initial, unsafe)-transducer: 174[µs]
Time needed for checking universality using lazy-inclusion-bfs algorithm: 78[µs]
Time needed for checking abstract safety: 892[µs]
...done.
Result: [1]
This means that the following properties could be separated from the initial configurations:
	[notoken]
While the following properties could not be separated from the initial configurations:
	[]

real	0m0,041s
user	0m0,017s
sys	0m0,010s
********************
59 of 61
/home/jakob/Documents/abstracton/benchmarks/dodo/token-passing-no-invariant.json
t
manytoken
Running as unit: run-r9510bc3ba727490bbe3344a288416fc1.scope; invocation ID: 529a8543aad140deba2c09fde4da14db
Time needed for parsing json file: 739[µs]
alphabet size: 2
using Trap interpretation
Time needed for constructing Trap interpretation transducer: 547[µs]
computing ind...
Time needed for constructing complement of ind: 154[µs]
Time needed for computing ind: 1781[µs]
Time needed for minimizing ind: 935[µs]
Time needed for computing ind (total): 2920[µs]
automaton for ind has 5 states.
...done.
computing complement of preach...
Time needed for constructing identity on ind: 58[µs]
Time needed for computing product v_id of abstraction framework with identity on ind: 1650[µs]
Time needed for computing product of v_id with complement of abstraction framework: 3968[µs]
Time needed for computing complement of preach: 6029[µs]
automaton for complement of preach has 30 states.
...of which, 6 states are at level 0.
Time needed for trimming complement of preach: 86[µs]
...done.
trying to prove abstract safety...
Time needed for constructing transducer for unsafe property: 4[µs]
Time needed for constructing transducer for (initial, unsafe) pairs: 141[µs]
Time needed for constructing transducer for complement of (initial, unsafe) pairs: 277[µs]
Time needed for building union of complements of preach and (initial, unsafe)-transducer: 62[µs]
Time needed for checking universality using lazy-inclusion-bfs algorithm: 48[µs]
Time needed for checking abstract safety: 601[µs]
...done.
Result: [0]
This means that the following properties could be separated from the initial configurations:
	[]
While the following properties could not be separated from the initial configurations:
	[manytoken]

real	0m0,034s
user	0m0,011s
sys	0m0,010s
********************
/home/jakob/Documents/abstracton/benchmarks/dodo/token-passing-no-invariant.json
s
manytoken
Running as unit: run-rc738eb21584346789272b518b678fffd.scope; invocation ID: 9ee9e4dd7471445c9c30c3a16620bef5
Time needed for parsing json file: 714[µs]
alphabet size: 2
using Siphon interpretation
Time needed for constructing Siphon interpretation transducer: 314[µs]
computing ind...
Time needed for constructing complement of ind: 62[µs]
Time needed for computing ind: 384[µs]
Time needed for minimizing ind: 448[µs]
Time needed for computing ind (total): 928[µs]
automaton for ind has 5 states.
...done.
computing complement of preach...
Time needed for constructing identity on ind: 62[µs]
Time needed for computing product v_id of abstraction framework with identity on ind: 646[µs]
Time needed for computing product of v_id with complement of abstraction framework: 698[µs]
Time needed for computing complement of preach: 1673[µs]
automaton for complement of preach has 22 states.
...of which, 6 states are at level 0.
Time needed for trimming complement of preach: 71[µs]
...done.
trying to prove abstract safety...
Time needed for constructing transducer for unsafe property: 5[µs]
Time needed for constructing transducer for (initial, unsafe) pairs: 123[µs]
Time needed for constructing transducer for complement of (initial, unsafe) pairs: 255[µs]
Time needed for building union of complements of preach and (initial, unsafe)-transducer: 54[µs]
Time needed for checking universality using lazy-inclusion-bfs algorithm: 22[µs]
Time needed for checking abstract safety: 517[µs]
...done.
Result: [0]
This means that the following properties could be separated from the initial configurations:
	[]
While the following properties could not be separated from the initial configurations:
	[manytoken]

real	0m0,029s
user	0m0,010s
sys	0m0,005s
********************
/home/jakob/Documents/abstracton/benchmarks/dodo/token-passing-no-invariant.json
f
manytoken
Running as unit: run-r609e984062b645908d340995c00891b6.scope; invocation ID: 63c44bf6ccb74df09e9aadb8d2cafc2b
Time needed for parsing json file: 725[µs]
alphabet size: 2
using Flow interpretation
Time needed for constructing Flow interpretation transducer: 547[µs]
computing ind...
Time needed for constructing complement of ind: 175[µs]
Time needed for computing ind: 4829[µs]
Time needed for minimizing ind: 2436[µs]
Time needed for computing ind (total): 7486[µs]
automaton for ind has 13 states.
...done.
computing complement of preach...
Time needed for constructing identity on ind: 133[µs]
Time needed for computing product v_id of abstraction framework with identity on ind: 2629[µs]
Time needed for computing product of v_id with complement of abstraction framework: 3127[µs]
Time needed for computing complement of preach: 6337[µs]
automaton for complement of preach has 114 states.
...of which, 28 states are at level 0.
Time needed for trimming complement of preach: 398[µs]
...done.
trying to prove abstract safety...
Time needed for constructing transducer for unsafe property: 8[µs]
Time needed for constructing transducer for (initial, unsafe) pairs: 191[µs]
Time needed for constructing transducer for complement of (initial, unsafe) pairs: 392[µs]
Time needed for building union of complements of preach and (initial, unsafe)-transducer: 123[µs]
Time needed for checking universality using lazy-inclusion-bfs algorithm: 53[µs]
Time needed for checking abstract safety: 858[µs]
...done.
Result: [1]
This means that the following properties could be separated from the initial configurations:
	[manytoken]
While the following properties could not be separated from the initial configurations:
	[]

real	0m0,047s
user	0m0,021s
sys	0m0,007s
********************
60 of 61
/home/jakob/Documents/abstracton/benchmarks/dodo/token-passing.json
t
notoken
Running as unit: run-r9f84bdd8b58e4213b0041f6046a3903d.scope; invocation ID: fdaef8bb0da240db862707ae745efbcc
Time needed for parsing json file: 3330[µs]
alphabet size: 2
using Trap interpretation
Time needed for constructing Trap interpretation transducer: 838[µs]
computing ind...
Time needed for constructing complement of ind: 150[µs]
Time needed for computing ind: 1396[µs]
Time needed for minimizing ind: 860[µs]
Time needed for computing ind (total): 2456[µs]
automaton for ind has 6 states.
...done.
computing complement of preach...
Time needed for constructing identity on ind: 74[µs]
Time needed for computing product v_id of abstraction framework with identity on ind: 1856[µs]
Time needed for computing product of v_id with complement of abstraction framework: 4664[µs]
Time needed for computing complement of preach: 6986[µs]
automaton for complement of preach has 70 states.
...of which, 10 states are at level 0.
Time needed for trimming complement of preach: 173[µs]
...done.
trying to prove abstract safety...
Time needed for constructing transducer for unsafe property: 5[µs]
Time needed for constructing transducer for (initial, unsafe) pairs: 130[µs]
Time needed for constructing transducer for complement of (initial, unsafe) pairs: 210[µs]
Time needed for building union of complements of preach and (initial, unsafe)-transducer: 79[µs]
Time needed for checking universality using lazy-inclusion-bfs algorithm: 179[µs]
Time needed for checking abstract safety: 670[µs]
...done.
Result: [1]
This means that the following properties could be separated from the initial configurations:
	[notoken]
While the following properties could not be separated from the initial configurations:
	[]

real	0m0,052s
user	0m0,014s
sys	0m0,010s
********************
/home/jakob/Documents/abstracton/benchmarks/dodo/token-passing.json
s
notoken
Running as unit: run-r52918aa38b424869a404aea7e1419025.scope; invocation ID: 624603aeaf1d4577971fddcf24598350
Time needed for parsing json file: 656[µs]
alphabet size: 2
using Siphon interpretation
Time needed for constructing Siphon interpretation transducer: 332[µs]
computing ind...
Time needed for constructing complement of ind: 55[µs]
Time needed for computing ind: 307[µs]
Time needed for minimizing ind: 404[µs]
Time needed for computing ind (total): 812[µs]
automaton for ind has 6 states.
...done.
computing complement of preach...
Time needed for constructing identity on ind: 74[µs]
Time needed for computing product v_id of abstraction framework with identity on ind: 952[µs]
Time needed for computing product of v_id with complement of abstraction framework: 1902[µs]
Time needed for computing complement of preach: 3193[µs]
automaton for complement of preach has 60 states.
...of which, 12 states are at level 0.
Time needed for trimming complement of preach: 170[µs]
...done.
trying to prove abstract safety...
Time needed for constructing transducer for unsafe property: 5[µs]
Time needed for constructing transducer for (initial, unsafe) pairs: 126[µs]
Time needed for constructing transducer for complement of (initial, unsafe) pairs: 195[µs]
Time needed for building union of complements of preach and (initial, unsafe)-transducer: 73[µs]
Time needed for checking universality using lazy-inclusion-bfs algorithm: 32[µs]
Time needed for checking abstract safety: 489[µs]
...done.
Result: [0]
This means that the following properties could be separated from the initial configurations:
	[]
While the following properties could not be separated from the initial configurations:
	[notoken]

real	0m0,036s
user	0m0,011s
sys	0m0,007s
********************
/home/jakob/Documents/abstracton/benchmarks/dodo/token-passing.json
f
notoken
Running as unit: run-r13f4e59e04df4dd5907ad190c28f279e.scope; invocation ID: 2918726b48f5401698a954015190995a
Time needed for parsing json file: 688[µs]
alphabet size: 2
using Flow interpretation
Time needed for constructing Flow interpretation transducer: 537[µs]
computing ind...
Time needed for constructing complement of ind: 151[µs]
Time needed for computing ind: 2503[µs]
Time needed for minimizing ind: 2056[µs]
Time needed for computing ind (total): 4773[µs]
automaton for ind has 16 states.
...done.
computing complement of preach...
Time needed for constructing identity on ind: 172[µs]
Time needed for computing product v_id of abstraction framework with identity on ind: 4119[µs]
Time needed for computing product of v_id with complement of abstraction framework: 14770[µs]
Time needed for computing complement of preach: 19518[µs]
automaton for complement of preach has 542 states.
...of which, 78 states are at level 0.
Time needed for trimming complement of preach: 1199[µs]
...done.
trying to prove abstract safety...
Time needed for constructing transducer for unsafe property: 4[µs]
Time needed for constructing transducer for (initial, unsafe) pairs: 128[µs]
Time needed for constructing transducer for complement of (initial, unsafe) pairs: 198[µs]
Time needed for building union of complements of preach and (initial, unsafe)-transducer: 323[µs]
Time needed for checking universality using lazy-inclusion-bfs algorithm: 1153[µs]
Time needed for checking abstract safety: 1900[µs]
...done.
Result: [1]
This means that the following properties could be separated from the initial configurations:
	[notoken]
While the following properties could not be separated from the initial configurations:
	[]

real	0m0,060s
user	0m0,028s
sys	0m0,013s
********************
61 of 61
/home/jakob/Documents/abstracton/benchmarks/dodo/token-passing.json
t
manytoken
Running as unit: run-rb462fa6708664ccabb04c6a9fa2033e9.scope; invocation ID: 1da8bf71400f45ada962c7d9e0a233bb
Time needed for parsing json file: 687[µs]
alphabet size: 2
using Trap interpretation
Time needed for constructing Trap interpretation transducer: 670[µs]
computing ind...
Time needed for constructing complement of ind: 158[µs]
Time needed for computing ind: 1435[µs]
Time needed for minimizing ind: 815[µs]
Time needed for computing ind (total): 2458[µs]
automaton for ind has 6 states.
...done.
computing complement of preach...
Time needed for constructing identity on ind: 70[µs]
Time needed for computing product v_id of abstraction framework with identity on ind: 1705[µs]
Time needed for computing product of v_id with complement of abstraction framework: 4211[µs]
Time needed for computing complement of preach: 6351[µs]
automaton for complement of preach has 70 states.
...of which, 10 states are at level 0.
Time needed for trimming complement of preach: 160[µs]
...done.
trying to prove abstract safety...
Time needed for constructing transducer for unsafe property: 4[µs]
Time needed for constructing transducer for (initial, unsafe) pairs: 135[µs]
Time needed for constructing transducer for complement of (initial, unsafe) pairs: 253[µs]
Time needed for building union of complements of preach and (initial, unsafe)-transducer: 93[µs]
Time needed for checking universality using lazy-inclusion-bfs algorithm: 187[µs]
Time needed for checking abstract safety: 739[µs]
...done.
Result: [1]
This means that the following properties could be separated from the initial configurations:
	[manytoken]
While the following properties could not be separated from the initial configurations:
	[]

real	0m0,043s
user	0m0,015s
sys	0m0,007s
********************
/home/jakob/Documents/abstracton/benchmarks/dodo/token-passing.json
s
manytoken
Running as unit: run-r97332f3ccb244350a4516a1c4b4f5357.scope; invocation ID: e17e44fa8b044da2952c1e5efe3da0fb
Time needed for parsing json file: 624[µs]
alphabet size: 2
using Siphon interpretation
Time needed for constructing Siphon interpretation transducer: 318[µs]
computing ind...
Time needed for constructing complement of ind: 66[µs]
Time needed for computing ind: 273[µs]
Time needed for minimizing ind: 370[µs]
Time needed for computing ind (total): 745[µs]
automaton for ind has 6 states.
...done.
computing complement of preach...
Time needed for constructing identity on ind: 78[µs]
Time needed for computing product v_id of abstraction framework with identity on ind: 875[µs]
Time needed for computing product of v_id with complement of abstraction framework: 1780[µs]
Time needed for computing complement of preach: 2993[µs]
automaton for complement of preach has 60 states.
...of which, 12 states are at level 0.
Time needed for trimming complement of preach: 160[µs]
...done.
trying to prove abstract safety...
Time needed for constructing transducer for unsafe property: 6[µs]
Time needed for constructing transducer for (initial, unsafe) pairs: 138[µs]
Time needed for constructing transducer for complement of (initial, unsafe) pairs: 255[µs]
Time needed for building union of complements of preach and (initial, unsafe)-transducer: 78[µs]
Time needed for checking universality using lazy-inclusion-bfs algorithm: 24[µs]
Time needed for checking abstract safety: 561[µs]
...done.
Result: [0]
This means that the following properties could be separated from the initial configurations:
	[]
While the following properties could not be separated from the initial configurations:
	[manytoken]

real	0m0,027s
user	0m0,006s
sys	0m0,010s
********************
/home/jakob/Documents/abstracton/benchmarks/dodo/token-passing.json
f
manytoken
Running as unit: run-rdbfeaef4503243879cacdac6c58c115e.scope; invocation ID: ebc3f042922d4b889db7c1f539fc97d7
Time needed for parsing json file: 661[µs]
alphabet size: 2
using Flow interpretation
Time needed for constructing Flow interpretation transducer: 571[µs]
computing ind...
Time needed for constructing complement of ind: 157[µs]
Time needed for computing ind: 2463[µs]
Time needed for minimizing ind: 2095[µs]
Time needed for computing ind (total): 4776[µs]
automaton for ind has 16 states.
...done.
computing complement of preach...
Time needed for constructing identity on ind: 177[µs]
Time needed for computing product v_id of abstraction framework with identity on ind: 4706[µs]
Time needed for computing product of v_id with complement of abstraction framework: 16095[µs]
Time needed for computing complement of preach: 21564[µs]
automaton for complement of preach has 542 states.
...of which, 78 states are at level 0.
Time needed for trimming complement of preach: 1327[µs]
...done.
trying to prove abstract safety...
Time needed for constructing transducer for unsafe property: 9[µs]
Time needed for constructing transducer for (initial, unsafe) pairs: 192[µs]
Time needed for constructing transducer for complement of (initial, unsafe) pairs: 314[µs]
Time needed for building union of complements of preach and (initial, unsafe)-transducer: 388[µs]
Time needed for checking universality using lazy-inclusion-bfs algorithm: 1239[µs]
Time needed for checking abstract safety: 2299[µs]
...done.
Result: [1]
This means that the following properties could be separated from the initial configurations:
	[manytoken]
While the following properties could not be separated from the initial configurations:
	[]

real	0m0,062s
user	0m0,034s
sys	0m0,009s
********************
