0 of 61
/home/jakob/Documents/abstracton/benchmarks/dodo/Berkeley.json
t
exclusiveexclusive
Running as unit: run-r35e75d6cc1474dee84a83477858d1b0f.scope; invocation ID: 01faee4539fe420880d8c006eb6a3345
Time needed for parsing json file: 3625[µs]
using Trap interpretation
Time needed for constructing Trap interpretation transducer: 3961[µs]
computing ind...
Time needed for computing ind: 1541428[µs]
automaton for ind has 988 states.
Time needed for minimizing ind: 44439[µs]
minimized automaton for ind has 10 states.
...done.
computing complement of preach...
Time needed for computing complement of preach: 1652246[µs]
automaton for complement of preach has 462 states.
...of which, 14 states are at level 0.
Time needed for trimming complement of preach: 1401[µs]
...done.
trying to prove abstract safety...
Time needed for constructing transducer for unsafe property: 31[µs]
Time needed for constructing transducer for (initial, unsafe) pairs: 276[µs]
Time needed for constructing transducer for complement of (initial, unsafe) pairs: 481[µs]
Time needed for building union of complements of preach and (initial, unsafe)-transducer: 1182[µs]
Time needed for checking universality using antichains-inclusion algorithm: 5177[µs]
Time needed for checking abstract safety: 7403[µs]
...done.
Result: [0]
This means that the following properties could be separated from the initial configurations:
	[]
While the following properties could not be separated from the initial configurations:
	[exclusiveexclusive]

real	0m3,290s
user	0m3,235s
sys	0m0,031s
********************
/home/jakob/Documents/abstracton/benchmarks/dodo/Berkeley.json
s
exclusiveexclusive
Running as unit: run-ra2ed330cb15644029286e8eab1e92bb7.scope; invocation ID: fa6a8b93e2014c599f6ec4f3e0525bb4
Time needed for parsing json file: 3311[µs]
using Siphon interpretation
Time needed for constructing Siphon interpretation transducer: 1443[µs]
computing ind...
Time needed for computing ind: 1044535[µs]
automaton for ind has 1288 states.
Time needed for minimizing ind: 48563[µs]
minimized automaton for ind has 5 states.
...done.
computing complement of preach...
Time needed for computing complement of preach: 1053330[µs]
automaton for complement of preach has 5 states.
...of which, 2 states are at level 0.
Time needed for trimming complement of preach: 37[µs]
...done.
trying to prove abstract safety...
Time needed for constructing transducer for unsafe property: 30[µs]
Time needed for constructing transducer for (initial, unsafe) pairs: 257[µs]
Time needed for constructing transducer for complement of (initial, unsafe) pairs: 457[µs]
Time needed for building union of complements of preach and (initial, unsafe)-transducer: 113[µs]
Time needed for checking universality using antichains-inclusion algorithm: 511[µs]
Time needed for checking abstract safety: 1466[µs]
...done.
Result: [0]
This means that the following properties could be separated from the initial configurations:
	[]
While the following properties could not be separated from the initial configurations:
	[exclusiveexclusive]

real	0m2,179s
user	0m2,148s
sys	0m0,016s
********************
/home/jakob/Documents/abstracton/benchmarks/dodo/Berkeley.json
f
exclusiveexclusive
Running as unit: run-r0000bba9a2ee4cf884707c11a5aced7b.scope; invocation ID: be0fc9191014495a897f20d32a09d540
Time needed for parsing json file: 3064[µs]
using Flow interpretation
Time needed for constructing Flow interpretation transducer: 3409[µs]
computing ind...
Time needed for computing ind: 20878285[µs]
automaton for ind has 17198 states.
Time needed for minimizing ind: 872903[µs]
minimized automaton for ind has 7 states.
...done.
computing complement of preach...
Time needed for computing complement of preach: 20761149[µs]
automaton for complement of preach has 5 states.
...of which, 2 states are at level 0.
Time needed for trimming complement of preach: 52[µs]
...done.
trying to prove abstract safety...
Time needed for constructing transducer for unsafe property: 28[µs]
Time needed for constructing transducer for (initial, unsafe) pairs: 219[µs]
Time needed for constructing transducer for complement of (initial, unsafe) pairs: 451[µs]
Time needed for building union of complements of preach and (initial, unsafe)-transducer: 149[µs]
Time needed for checking universality using antichains-inclusion algorithm: 511[µs]
Time needed for checking abstract safety: 1475[µs]
...done.
Result: [0]
This means that the following properties could be separated from the initial configurations:
	[]
While the following properties could not be separated from the initial configurations:
	[exclusiveexclusive]

real	0m42,557s
user	0m42,436s
sys	0m0,083s
********************
1 of 61
/home/jakob/Documents/abstracton/benchmarks/dodo/Berkeley.json
t
exclusiveunowned
Running as unit: run-r21fe43221f6f495e8d8c1e62b8864f7a.scope; invocation ID: 88dbe1355d3f4565a13959da71c52150
Time needed for parsing json file: 3153[µs]
using Trap interpretation
Time needed for constructing Trap interpretation transducer: 3950[µs]
computing ind...
Time needed for computing ind: 1564272[µs]
automaton for ind has 988 states.
Time needed for minimizing ind: 42158[µs]
minimized automaton for ind has 10 states.
...done.
computing complement of preach...
Time needed for computing complement of preach: 1665416[µs]
automaton for complement of preach has 462 states.
...of which, 14 states are at level 0.
Time needed for trimming complement of preach: 1373[µs]
...done.
trying to prove abstract safety...
Time needed for constructing transducer for unsafe property: 44[µs]
Time needed for constructing transducer for (initial, unsafe) pairs: 323[µs]
Time needed for constructing transducer for complement of (initial, unsafe) pairs: 608[µs]
Time needed for building union of complements of preach and (initial, unsafe)-transducer: 1252[µs]
Time needed for checking universality using antichains-inclusion algorithm: 5963[µs]
Time needed for checking abstract safety: 8575[µs]
...done.
Result: [1]
This means that the following properties could be separated from the initial configurations:
	[exclusiveunowned]
While the following properties could not be separated from the initial configurations:
	[]

real	0m3,323s
user	0m3,273s
sys	0m0,028s
********************
/home/jakob/Documents/abstracton/benchmarks/dodo/Berkeley.json
s
exclusiveunowned
Running as unit: run-r6e4e56b5a5584a77a9bfc65ddc6ba2cc.scope; invocation ID: 9ccfbaf784974911b9cc35f0d584d891
Time needed for parsing json file: 3121[µs]
using Siphon interpretation
Time needed for constructing Siphon interpretation transducer: 1469[µs]
computing ind...
Time needed for computing ind: 1037276[µs]
automaton for ind has 1288 states.
Time needed for minimizing ind: 48792[µs]
minimized automaton for ind has 5 states.
...done.
computing complement of preach...
Time needed for computing complement of preach: 1062282[µs]
automaton for complement of preach has 5 states.
...of which, 2 states are at level 0.
Time needed for trimming complement of preach: 25[µs]
...done.
trying to prove abstract safety...
Time needed for constructing transducer for unsafe property: 41[µs]
Time needed for constructing transducer for (initial, unsafe) pairs: 274[µs]
Time needed for constructing transducer for complement of (initial, unsafe) pairs: 585[µs]
Time needed for building union of complements of preach and (initial, unsafe)-transducer: 133[µs]
Time needed for checking universality using antichains-inclusion algorithm: 590[µs]
Time needed for checking abstract safety: 1732[µs]
...done.
Result: [0]
This means that the following properties could be separated from the initial configurations:
	[]
While the following properties could not be separated from the initial configurations:
	[exclusiveunowned]

real	0m2,177s
user	0m2,145s
sys	0m0,021s
********************
/home/jakob/Documents/abstracton/benchmarks/dodo/Berkeley.json
f
exclusiveunowned
Running as unit: run-r97054e8604eb47d7968cf5f906d8a2ff.scope; invocation ID: 57b3a8016cfd4cd798db3bb7c9826c49
Time needed for parsing json file: 3022[µs]
using Flow interpretation
Time needed for constructing Flow interpretation transducer: 3257[µs]
computing ind...
Time needed for computing ind: 20952335[µs]
automaton for ind has 17198 states.
Time needed for minimizing ind: 897605[µs]
minimized automaton for ind has 7 states.
...done.
computing complement of preach...
Time needed for computing complement of preach: 20668888[µs]
automaton for complement of preach has 5 states.
...of which, 2 states are at level 0.
Time needed for trimming complement of preach: 57[µs]
...done.
trying to prove abstract safety...
Time needed for constructing transducer for unsafe property: 41[µs]
Time needed for constructing transducer for (initial, unsafe) pairs: 283[µs]
Time needed for constructing transducer for complement of (initial, unsafe) pairs: 596[µs]
Time needed for building union of complements of preach and (initial, unsafe)-transducer: 134[µs]
Time needed for checking universality using antichains-inclusion algorithm: 602[µs]
Time needed for checking abstract safety: 1765[µs]
...done.
Result: [0]
This means that the following properties could be separated from the initial configurations:
	[]
While the following properties could not be separated from the initial configurations:
	[exclusiveunowned]

real	0m42,561s
user	0m42,435s
sys	0m0,089s
********************
2 of 61
/home/jakob/Documents/abstracton/benchmarks/dodo/Berkeley.json
t
exclusivenonexclusive
Running as unit: run-r27b5c037d7554b04ab1a38b0f412c219.scope; invocation ID: a672dc601e094d759adb03814e7c7ecc
Time needed for parsing json file: 3239[µs]
using Trap interpretation
Time needed for constructing Trap interpretation transducer: 3966[µs]
computing ind...
Time needed for computing ind: 1501557[µs]
automaton for ind has 988 states.
Time needed for minimizing ind: 42361[µs]
minimized automaton for ind has 10 states.
...done.
computing complement of preach...
Time needed for computing complement of preach: 1624492[µs]
automaton for complement of preach has 462 states.
...of which, 14 states are at level 0.
Time needed for trimming complement of preach: 1341[µs]
...done.
trying to prove abstract safety...
Time needed for constructing transducer for unsafe property: 47[µs]
Time needed for constructing transducer for (initial, unsafe) pairs: 313[µs]
Time needed for constructing transducer for complement of (initial, unsafe) pairs: 600[µs]
Time needed for building union of complements of preach and (initial, unsafe)-transducer: 1224[µs]
Time needed for checking universality using antichains-inclusion algorithm: 6900[µs]
Time needed for checking abstract safety: 9459[µs]
...done.
Result: [1]
This means that the following properties could be separated from the initial configurations:
	[exclusivenonexclusive]
While the following properties could not be separated from the initial configurations:
	[]

real	0m3,213s
user	0m3,179s
sys	0m0,022s
********************
/home/jakob/Documents/abstracton/benchmarks/dodo/Berkeley.json
s
exclusivenonexclusive
Running as unit: run-rfe7c83c0c0a043f382317d03bdfe984d.scope; invocation ID: 916a1747b3ac49e69501da2445c4dadf
Time needed for parsing json file: 3033[µs]
using Siphon interpretation
Time needed for constructing Siphon interpretation transducer: 1501[µs]
computing ind...
Time needed for computing ind: 1062539[µs]
automaton for ind has 1288 states.
Time needed for minimizing ind: 50132[µs]
minimized automaton for ind has 5 states.
...done.
computing complement of preach...
Time needed for computing complement of preach: 1041217[µs]
automaton for complement of preach has 5 states.
...of which, 2 states are at level 0.
Time needed for trimming complement of preach: 25[µs]
...done.
trying to prove abstract safety...
Time needed for constructing transducer for unsafe property: 39[µs]
Time needed for constructing transducer for (initial, unsafe) pairs: 291[µs]
Time needed for constructing transducer for complement of (initial, unsafe) pairs: 578[µs]
Time needed for building union of complements of preach and (initial, unsafe)-transducer: 133[µs]
Time needed for checking universality using antichains-inclusion algorithm: 563[µs]
Time needed for checking abstract safety: 1743[µs]
...done.
Result: [0]
This means that the following properties could be separated from the initial configurations:
	[]
While the following properties could not be separated from the initial configurations:
	[exclusivenonexclusive]

real	0m2,189s
user	0m2,156s
sys	0m0,016s
********************
/home/jakob/Documents/abstracton/benchmarks/dodo/Berkeley.json
f
exclusivenonexclusive
Running as unit: run-rbd1346d96feb4da1809413dc4a6760b0.scope; invocation ID: 1195801d400e42da9ac826ec78fa5d24
Time needed for parsing json file: 3063[µs]
using Flow interpretation
Time needed for constructing Flow interpretation transducer: 3333[µs]
computing ind...
Time needed for computing ind: 20853931[µs]
automaton for ind has 17198 states.
Time needed for minimizing ind: 886247[µs]
minimized automaton for ind has 7 states.
...done.
computing complement of preach...
Time needed for computing complement of preach: 20919446[µs]
automaton for complement of preach has 5 states.
...of which, 2 states are at level 0.
Time needed for trimming complement of preach: 58[µs]
...done.
trying to prove abstract safety...
Time needed for constructing transducer for unsafe property: 37[µs]
Time needed for constructing transducer for (initial, unsafe) pairs: 267[µs]
Time needed for constructing transducer for complement of (initial, unsafe) pairs: 576[µs]
Time needed for building union of complements of preach and (initial, unsafe)-transducer: 135[µs]
Time needed for checking universality using antichains-inclusion algorithm: 553[µs]
Time needed for checking abstract safety: 1673[µs]
...done.
Result: [0]
This means that the following properties could be separated from the initial configurations:
	[]
While the following properties could not be separated from the initial configurations:
	[exclusivenonexclusive]

real	0m42,699s
user	0m42,546s
sys	0m0,100s
********************
3 of 61
/home/jakob/Documents/abstracton/benchmarks/dodo/Berkeley.json
t
deadlock
Running as unit: run-r78a7fdcb496f447d9709a1e42cd09ea3.scope; invocation ID: d46e34e11ac24490992e28357c0412f1
Time needed for parsing json file: 3106[µs]
using Trap interpretation
Time needed for constructing Trap interpretation transducer: 3887[µs]
computing ind...
Time needed for computing ind: 1506513[µs]
automaton for ind has 988 states.
Time needed for minimizing ind: 42697[µs]
minimized automaton for ind has 10 states.
...done.
computing complement of preach...
Time needed for computing complement of preach: 1692049[µs]
automaton for complement of preach has 462 states.
...of which, 14 states are at level 0.
Time needed for trimming complement of preach: 1373[µs]
...done.
trying to prove abstract safety...
Time needed for constructing transducer for unsafe property: 89[µs]
Time needed for constructing transducer for (initial, unsafe) pairs: 292[µs]
Time needed for constructing transducer for complement of (initial, unsafe) pairs: 94[µs]
Time needed for building union of complements of preach and (initial, unsafe)-transducer: 1126[µs]
Time needed for checking universality using antichains-inclusion algorithm: 4612[µs]
Time needed for checking abstract safety: 6551[µs]
...done.
Result: [1]
This means that the following properties could be separated from the initial configurations:
	[deadlock]
While the following properties could not be separated from the initial configurations:
	[]

real	0m3,283s
user	0m3,245s
sys	0m0,024s
********************
/home/jakob/Documents/abstracton/benchmarks/dodo/Berkeley.json
s
deadlock
Running as unit: run-r85e2ec4afed54c2f935bed15be015477.scope; invocation ID: 9ec85546a6ad4117805f5338c0732150
Time needed for parsing json file: 3176[µs]
using Siphon interpretation
Time needed for constructing Siphon interpretation transducer: 1572[µs]
computing ind...
Time needed for computing ind: 1036019[µs]
automaton for ind has 1288 states.
Time needed for minimizing ind: 48477[µs]
minimized automaton for ind has 5 states.
...done.
computing complement of preach...
Time needed for computing complement of preach: 1042599[µs]
automaton for complement of preach has 5 states.
...of which, 2 states are at level 0.
Time needed for trimming complement of preach: 29[µs]
...done.
trying to prove abstract safety...
Time needed for constructing transducer for unsafe property: 81[µs]
Time needed for constructing transducer for (initial, unsafe) pairs: 261[µs]
Time needed for constructing transducer for complement of (initial, unsafe) pairs: 85[µs]
Time needed for building union of complements of preach and (initial, unsafe)-transducer: 57[µs]
Time needed for checking universality using antichains-inclusion algorithm: 317[µs]
Time needed for checking abstract safety: 906[µs]
...done.
Result: [1]
This means that the following properties could be separated from the initial configurations:
	[deadlock]
While the following properties could not be separated from the initial configurations:
	[]

real	0m2,160s
user	0m2,129s
sys	0m0,015s
********************
/home/jakob/Documents/abstracton/benchmarks/dodo/Berkeley.json
f
deadlock
Running as unit: run-rc903521b41e641fda8c7cb8cc47ae193.scope; invocation ID: 841fc3b3961148488cb2362be4e04431
Time needed for parsing json file: 3012[µs]
using Flow interpretation
Time needed for constructing Flow interpretation transducer: 3318[µs]
computing ind...
Time needed for computing ind: 20570981[µs]
automaton for ind has 17198 states.
Time needed for minimizing ind: 909635[µs]
minimized automaton for ind has 7 states.
...done.
computing complement of preach...
Time needed for computing complement of preach: 21191759[µs]
automaton for complement of preach has 5 states.
...of which, 2 states are at level 0.
Time needed for trimming complement of preach: 61[µs]
...done.
trying to prove abstract safety...
Time needed for constructing transducer for unsafe property: 86[µs]
Time needed for constructing transducer for (initial, unsafe) pairs: 282[µs]
Time needed for constructing transducer for complement of (initial, unsafe) pairs: 78[µs]
Time needed for building union of complements of preach and (initial, unsafe)-transducer: 58[µs]
Time needed for checking universality using antichains-inclusion algorithm: 353[µs]
Time needed for checking abstract safety: 973[µs]
...done.
Result: [1]
This means that the following properties could be separated from the initial configurations:
	[deadlock]
While the following properties could not be separated from the initial configurations:
	[]

real	0m42,711s
user	0m42,546s
sys	0m0,113s
********************
4 of 61
/home/jakob/Documents/abstracton/benchmarks/dodo/Burns.json
t
nomutex
Running as unit: run-r69e205f02b2a499a9b7ab8e0fd1363ba.scope; invocation ID: 2f9ed0c8f26d471495d89b8c5cecff0a
Time needed for parsing json file: 2579[µs]
using Trap interpretation
Time needed for constructing Trap interpretation transducer: 25979[µs]
computing ind...
Time needed for computing ind: 108907105[µs]
automaton for ind has 531 states.
Time needed for minimizing ind: 78283[µs]
minimized automaton for ind has 7 states.
...done.
computing complement of preach...
Time needed for computing complement of preach: 109406102[µs]
automaton for complement of preach has 410 states.
...of which, 8 states are at level 0.
Time needed for trimming complement of preach: 1732[µs]
...done.
trying to prove abstract safety...
Time needed for constructing transducer for unsafe property: 41[µs]
Time needed for constructing transducer for (initial, unsafe) pairs: 323[µs]
Time needed for constructing transducer for complement of (initial, unsafe) pairs: 656[µs]
Time needed for building union of complements of preach and (initial, unsafe)-transducer: 1463[µs]
Time needed for checking universality using antichains-inclusion algorithm: 10325[µs]
Time needed for checking abstract safety: 13162[µs]
...done.
Result: [1]
This means that the following properties could be separated from the initial configurations:
	[nomutex]
While the following properties could not be separated from the initial configurations:
	[]

real	3m38,516s
user	3m37,707s
sys	0m0,624s
********************
/home/jakob/Documents/abstracton/benchmarks/dodo/Burns.json
s
nomutex
Running as unit: run-r6c0520708d674be59c6db79b5b50cd9f.scope; invocation ID: 92d50e4fe9db4c138b55591262b29fe7
Time needed for parsing json file: 2299[µs]
using Siphon interpretation
Time needed for constructing Siphon interpretation transducer: 7704[µs]
computing ind...
Time needed for computing ind: 54387491[µs]
automaton for ind has 475 states.
Time needed for minimizing ind: 63943[µs]
minimized automaton for ind has 3 states.
...done.
computing complement of preach...
Time needed for computing complement of preach: 53990423[µs]
automaton for complement of preach has 0 states.
...of which, 0 states are at level 0.
Time needed for trimming complement of preach: 8[µs]
...done.
trying to prove abstract safety...
Time needed for constructing transducer for unsafe property: 39[µs]
Time needed for constructing transducer for (initial, unsafe) pairs: 302[µs]
Time needed for constructing transducer for complement of (initial, unsafe) pairs: 618[µs]
Time needed for building union of complements of preach and (initial, unsafe)-transducer: 146[µs]
Time needed for checking universality using antichains-inclusion algorithm: 621[µs]
Time needed for checking abstract safety: 1848[µs]
...done.
Result: [0]
This means that the following properties could be separated from the initial configurations:
	[]
While the following properties could not be separated from the initial configurations:
	[nomutex]

real	1m48,512s
user	1m48,046s
sys	0m0,403s
********************
/home/jakob/Documents/abstracton/benchmarks/dodo/Burns.json
f
nomutex
Running as unit: run-r7f5cc1bb0da74d7c9503ae4891d28c16.scope; invocation ID: ac12773a58204da59af0039fb4996b34
Time needed for parsing json file: 2323[µs]
using Flow interpretation
Time needed for constructing Flow interpretation transducer: 20643[µs]
computing ind...
Time needed for computing ind: 267436066[µs]
automaton for ind has 4436 states.
Time needed for minimizing ind: 719685[µs]
minimized automaton for ind has 5 states.
...done.
computing complement of preach...
Time needed for computing complement of preach: 265473752[µs]
automaton for complement of preach has 0 states.
...of which, 0 states are at level 0.
Time needed for trimming complement of preach: 16[µs]
...done.
trying to prove abstract safety...
Time needed for constructing transducer for unsafe property: 33[µs]
Time needed for constructing transducer for (initial, unsafe) pairs: 369[µs]
Time needed for constructing transducer for complement of (initial, unsafe) pairs: 553[µs]
Time needed for building union of complements of preach and (initial, unsafe)-transducer: 137[µs]
Time needed for checking universality using antichains-inclusion algorithm: 588[µs]
Time needed for checking abstract safety: 1816[µs]
...done.
Result: [0]
This means that the following properties could be separated from the initial configurations:
	[]
While the following properties could not be separated from the initial configurations:
	[nomutex]

real	8m53,786s
user	8m51,875s
sys	0m1,585s
********************
5 of 61
/home/jakob/Documents/abstracton/benchmarks/dodo/Burns.json
t
deadlock
Running as unit: run-r2eb8b7c072ae4ab6b0c2753ce822361a.scope; invocation ID: ab17c2cf7c2040f6b8eea9662077d6bd
Time needed for parsing json file: 2388[µs]
using Trap interpretation
Time needed for constructing Trap interpretation transducer: 23190[µs]
computing ind...
Time needed for computing ind: 108550873[µs]
automaton for ind has 531 states.
Time needed for minimizing ind: 83624[µs]
minimized automaton for ind has 7 states.
...done.
computing complement of preach...
Time needed for computing complement of preach: 108491412[µs]
automaton for complement of preach has 410 states.
...of which, 8 states are at level 0.
Time needed for trimming complement of preach: 1559[µs]
...done.
trying to prove abstract safety...
Time needed for constructing transducer for unsafe property: 67[µs]
Time needed for constructing transducer for (initial, unsafe) pairs: 254[µs]
Time needed for constructing transducer for complement of (initial, unsafe) pairs: 95[µs]
Time needed for building union of complements of preach and (initial, unsafe)-transducer: 1285[µs]
Time needed for checking universality using antichains-inclusion algorithm: 6092[µs]
Time needed for checking abstract safety: 11493[µs]
...done.
Result: [1]
This means that the following properties could be separated from the initial configurations:
	[deadlock]
While the following properties could not be separated from the initial configurations:
	[]

real	3m37,255s
user	3m36,529s
sys	0m0,594s
********************
/home/jakob/Documents/abstracton/benchmarks/dodo/Burns.json
s
deadlock
Running as unit: run-r7a799d11d5814dc9a386539956d796ce.scope; invocation ID: 69a94f233285407c989daf243ad5a26a
Time needed for parsing json file: 2343[µs]
using Siphon interpretation
Time needed for constructing Siphon interpretation transducer: 7844[µs]
computing ind...
Time needed for computing ind: 54409763[µs]
automaton for ind has 475 states.
Time needed for minimizing ind: 63520[µs]
minimized automaton for ind has 3 states.
...done.
computing complement of preach...
Time needed for computing complement of preach: 54354101[µs]
automaton for complement of preach has 0 states.
...of which, 0 states are at level 0.
Time needed for trimming complement of preach: 8[µs]
...done.
trying to prove abstract safety...
Time needed for constructing transducer for unsafe property: 76[µs]
Time needed for constructing transducer for (initial, unsafe) pairs: 247[µs]
Time needed for constructing transducer for complement of (initial, unsafe) pairs: 99[µs]
Time needed for building union of complements of preach and (initial, unsafe)-transducer: 70[µs]
Time needed for checking universality using antichains-inclusion algorithm: 371[µs]
Time needed for checking abstract safety: 973[µs]
...done.
Result: [1]
This means that the following properties could be separated from the initial configurations:
	[deadlock]
While the following properties could not be separated from the initial configurations:
	[]

real	1m48,898s
user	1m48,473s
sys	0m0,354s
********************
/home/jakob/Documents/abstracton/benchmarks/dodo/Burns.json
f
deadlock
Running as unit: run-rc0b552367a5e4a03b76cbe8030b99706.scope; invocation ID: 25b9e174eb2d483cab4cc36d421cc554
Time needed for parsing json file: 2305[µs]
using Flow interpretation
Time needed for constructing Flow interpretation transducer: 20954[µs]
computing ind...
Time needed for computing ind: 265973699[µs]
automaton for ind has 4436 states.
Time needed for minimizing ind: 686889[µs]
minimized automaton for ind has 5 states.
...done.
computing complement of preach...
Time needed for computing complement of preach: 265316698[µs]
automaton for complement of preach has 0 states.
...of which, 0 states are at level 0.
Time needed for trimming complement of preach: 15[µs]
...done.
trying to prove abstract safety...
Time needed for constructing transducer for unsafe property: 97[µs]
Time needed for constructing transducer for (initial, unsafe) pairs: 249[µs]
Time needed for constructing transducer for complement of (initial, unsafe) pairs: 106[µs]
Time needed for building union of complements of preach and (initial, unsafe)-transducer: 64[µs]
Time needed for checking universality using antichains-inclusion algorithm: 365[µs]
Time needed for checking abstract safety: 985[µs]
...done.
Result: [1]
This means that the following properties could be separated from the initial configurations:
	[deadlock]
While the following properties could not be separated from the initial configurations:
	[]

real	8m52,135s
user	8m50,248s
sys	0m1,606s
********************
6 of 61
/home/jakob/Documents/abstracton/benchmarks/dodo/Dijkstra-Scholten.json
t
twob
Running as unit: run-rbec35a45a1564aeb9fcb63b2434c0fc4.scope; invocation ID: 9f0c7b9b8164442baba44e755ac70afe
Time needed for parsing json file: 2064[µs]
using Trap interpretation
Time needed for constructing Trap interpretation transducer: 4150[µs]
computing ind...
Time needed for computing ind: 508091[µs]
automaton for ind has 99 states.
Time needed for minimizing ind: 6158[µs]
minimized automaton for ind has 8 states.
...done.
computing complement of preach...
Time needed for computing complement of preach: 645279[µs]
automaton for complement of preach has 428 states.
...of which, 12 states are at level 0.
Time needed for trimming complement of preach: 1184[µs]
...done.
trying to prove abstract safety...
Time needed for constructing transducer for unsafe property: 48[µs]
Time needed for constructing transducer for (initial, unsafe) pairs: 256[µs]
Time needed for constructing transducer for complement of (initial, unsafe) pairs: 440[µs]
Time needed for building union of complements of preach and (initial, unsafe)-transducer: 1002[µs]
Time needed for checking universality using antichains-inclusion algorithm: 6408[µs]
Time needed for checking abstract safety: 8379[µs]
...done.
Result: [1]
This means that the following properties could be separated from the initial configurations:
	[twob]
While the following properties could not be separated from the initial configurations:
	[]

real	0m1,201s
user	0m1,166s
sys	0m0,023s
********************
/home/jakob/Documents/abstracton/benchmarks/dodo/Dijkstra-Scholten.json
s
twob
Running as unit: run-r41e89e3072904eb9bfc605ccc2656695.scope; invocation ID: bfdb533b9e734855bc281b6d11c74816
Time needed for parsing json file: 1583[µs]
using Siphon interpretation
Time needed for constructing Siphon interpretation transducer: 1407[µs]
computing ind...
Time needed for computing ind: 269957[µs]
automaton for ind has 99 states.
Time needed for minimizing ind: 5936[µs]
minimized automaton for ind has 8 states.
...done.
computing complement of preach...
Time needed for computing complement of preach: 270880[µs]
automaton for complement of preach has 222 states.
...of which, 12 states are at level 0.
Time needed for trimming complement of preach: 801[µs]
...done.
trying to prove abstract safety...
Time needed for constructing transducer for unsafe property: 31[µs]
Time needed for constructing transducer for (initial, unsafe) pairs: 226[µs]
Time needed for constructing transducer for complement of (initial, unsafe) pairs: 430[µs]
Time needed for building union of complements of preach and (initial, unsafe)-transducer: 805[µs]
Time needed for checking universality using antichains-inclusion algorithm: 3674[µs]
Time needed for checking abstract safety: 5353[µs]
...done.
Result: [0]
This means that the following properties could be separated from the initial configurations:
	[]
While the following properties could not be separated from the initial configurations:
	[twob]

real	0m0,578s
user	0m0,555s
sys	0m0,012s
********************
/home/jakob/Documents/abstracton/benchmarks/dodo/Dijkstra-Scholten.json
f
twob
Running as unit: run-r7781a1f1545840fb8f2c26330d19f297.scope; invocation ID: 06ae3a33caa144dbbca7700c761347cf
Time needed for parsing json file: 1769[µs]
using Flow interpretation
Time needed for constructing Flow interpretation transducer: 3536[µs]
computing ind...
Time needed for computing ind: 1275958[µs]
automaton for ind has 1268 states.
Time needed for minimizing ind: 78278[µs]
minimized automaton for ind has 23 states.
...done.
computing complement of preach...
Time needed for computing complement of preach: 1362438[µs]
automaton for complement of preach has 1114 states.
...of which, 65 states are at level 0.
Time needed for trimming complement of preach: 4059[µs]
...done.
trying to prove abstract safety...
Time needed for constructing transducer for unsafe property: 32[µs]
Time needed for constructing transducer for (initial, unsafe) pairs: 289[µs]
Time needed for constructing transducer for complement of (initial, unsafe) pairs: 537[µs]
Time needed for building union of complements of preach and (initial, unsafe)-transducer: 3662[µs]
Time needed for checking universality using antichains-inclusion algorithm: 17383[µs]
Time needed for checking abstract safety: 22522[µs]
...done.
Result: [1]
This means that the following properties could be separated from the initial configurations:
	[twob]
While the following properties could not be separated from the initial configurations:
	[]

real	0m2,782s
user	0m2,728s
sys	0m0,034s
********************
7 of 61
/home/jakob/Documents/abstracton/benchmarks/dodo/Dijkstra-Scholten.json
t
twod
Running as unit: run-rfc471ee752e6445aa1e21b2da85a7acb.scope; invocation ID: 9168be228c6d468082593136934184cb
Time needed for parsing json file: 1852[µs]
using Trap interpretation
Time needed for constructing Trap interpretation transducer: 4051[µs]
computing ind...
Time needed for computing ind: 516305[µs]
automaton for ind has 99 states.
Time needed for minimizing ind: 6198[µs]
minimized automaton for ind has 8 states.
...done.
computing complement of preach...
Time needed for computing complement of preach: 626615[µs]
automaton for complement of preach has 428 states.
...of which, 12 states are at level 0.
Time needed for trimming complement of preach: 1346[µs]
...done.
trying to prove abstract safety...
Time needed for constructing transducer for unsafe property: 30[µs]
Time needed for constructing transducer for (initial, unsafe) pairs: 310[µs]
Time needed for constructing transducer for complement of (initial, unsafe) pairs: 481[µs]
Time needed for building union of complements of preach and (initial, unsafe)-transducer: 1182[µs]
Time needed for checking universality using antichains-inclusion algorithm: 7477[µs]
Time needed for checking abstract safety: 9746[µs]
...done.
Result: [1]
This means that the following properties could be separated from the initial configurations:
	[twod]
While the following properties could not be separated from the initial configurations:
	[]

real	0m1,199s
user	0m1,152s
sys	0m0,027s
********************
/home/jakob/Documents/abstracton/benchmarks/dodo/Dijkstra-Scholten.json
s
twod
Running as unit: run-ra95c4b3aee5e44e085fd1acb9e45bf94.scope; invocation ID: 4f71e457a1854aad80e1c74fa888ab94
Time needed for parsing json file: 1821[µs]
using Siphon interpretation
Time needed for constructing Siphon interpretation transducer: 1501[µs]
computing ind...
Time needed for computing ind: 248227[µs]
automaton for ind has 99 states.
Time needed for minimizing ind: 5925[µs]
minimized automaton for ind has 8 states.
...done.
computing complement of preach...
Time needed for computing complement of preach: 273148[µs]
automaton for complement of preach has 222 states.
...of which, 12 states are at level 0.
Time needed for trimming complement of preach: 931[µs]
...done.
trying to prove abstract safety...
Time needed for constructing transducer for unsafe property: 33[µs]
Time needed for constructing transducer for (initial, unsafe) pairs: 260[µs]
Time needed for constructing transducer for complement of (initial, unsafe) pairs: 482[µs]
Time needed for building union of complements of preach and (initial, unsafe)-transducer: 903[µs]
Time needed for checking universality using antichains-inclusion algorithm: 4020[µs]
Time needed for checking abstract safety: 5927[µs]
...done.
Result: [0]
This means that the following properties could be separated from the initial configurations:
	[]
While the following properties could not be separated from the initial configurations:
	[twod]

real	0m0,562s
user	0m0,538s
sys	0m0,011s
********************
/home/jakob/Documents/abstracton/benchmarks/dodo/Dijkstra-Scholten.json
f
twod
Running as unit: run-r24285ba2d7d042748bf20aa3aa9e2834.scope; invocation ID: 49b50476f0c24f7b857173830ff51cc6
Time needed for parsing json file: 1606[µs]
using Flow interpretation
Time needed for constructing Flow interpretation transducer: 3470[µs]
computing ind...
Time needed for computing ind: 1277301[µs]
automaton for ind has 1268 states.
Time needed for minimizing ind: 77368[µs]
minimized automaton for ind has 23 states.
...done.
computing complement of preach...
Time needed for computing complement of preach: 1393913[µs]
automaton for complement of preach has 1114 states.
...of which, 65 states are at level 0.
Time needed for trimming complement of preach: 4403[µs]
...done.
trying to prove abstract safety...
Time needed for constructing transducer for unsafe property: 29[µs]
Time needed for constructing transducer for (initial, unsafe) pairs: 242[µs]
Time needed for constructing transducer for complement of (initial, unsafe) pairs: 462[µs]
Time needed for building union of complements of preach and (initial, unsafe)-transducer: 3705[µs]
Time needed for checking universality using antichains-inclusion algorithm: 18039[µs]
Time needed for checking abstract safety: 23090[µs]
...done.
Result: [1]
This means that the following properties could be separated from the initial configurations:
	[twod]
While the following properties could not be separated from the initial configurations:
	[]

real	0m2,810s
user	0m2,770s
sys	0m0,024s
********************
8 of 61
/home/jakob/Documents/abstracton/benchmarks/dodo/Dijkstra-Scholten.json
t
deadlock
Running as unit: run-rd5dbd2a5c7844fa3b626331fefb1a9e3.scope; invocation ID: 3203a8b1820f4c56b1427ca774a3d1f9
Time needed for parsing json file: 1644[µs]
using Trap interpretation
Time needed for constructing Trap interpretation transducer: 3816[µs]
computing ind...
Time needed for computing ind: 524399[µs]
automaton for ind has 99 states.
Time needed for minimizing ind: 6355[µs]
minimized automaton for ind has 8 states.
...done.
computing complement of preach...
Time needed for computing complement of preach: 642134[µs]
automaton for complement of preach has 428 states.
...of which, 12 states are at level 0.
Time needed for trimming complement of preach: 1268[µs]
...done.
trying to prove abstract safety...
Time needed for constructing transducer for unsafe property: 74[µs]
Time needed for constructing transducer for (initial, unsafe) pairs: 459[µs]
Time needed for constructing transducer for complement of (initial, unsafe) pairs: 675[µs]
Time needed for building union of complements of preach and (initial, unsafe)-transducer: 1103[µs]
Time needed for checking universality using antichains-inclusion algorithm: 6293[µs]
Time needed for checking abstract safety: 8931[µs]
...done.
Result: [1]
This means that the following properties could be separated from the initial configurations:
	[deadlock]
While the following properties could not be separated from the initial configurations:
	[]

real	0m1,221s
user	0m1,185s
sys	0m0,017s
********************
/home/jakob/Documents/abstracton/benchmarks/dodo/Dijkstra-Scholten.json
s
deadlock
Running as unit: run-rbf9c38463d924130ae473c194dd3e7b7.scope; invocation ID: c1bd5367976d417f8b8b012506466786
Time needed for parsing json file: 2015[µs]
using Siphon interpretation
Time needed for constructing Siphon interpretation transducer: 1533[µs]
computing ind...
Time needed for computing ind: 253568[µs]
automaton for ind has 99 states.
Time needed for minimizing ind: 5562[µs]
minimized automaton for ind has 8 states.
...done.
computing complement of preach...
Time needed for computing complement of preach: 275368[µs]
automaton for complement of preach has 222 states.
...of which, 12 states are at level 0.
Time needed for trimming complement of preach: 791[µs]
...done.
trying to prove abstract safety...
Time needed for constructing transducer for unsafe property: 63[µs]
Time needed for constructing transducer for (initial, unsafe) pairs: 370[µs]
Time needed for constructing transducer for complement of (initial, unsafe) pairs: 591[µs]
Time needed for building union of complements of preach and (initial, unsafe)-transducer: 793[µs]
Time needed for checking universality using antichains-inclusion algorithm: 3718[µs]
Time needed for checking abstract safety: 5742[µs]
...done.
Result: [0]
This means that the following properties could be separated from the initial configurations:
	[]
While the following properties could not be separated from the initial configurations:
	[deadlock]

real	0m0,575s
user	0m0,542s
sys	0m0,015s
********************
/home/jakob/Documents/abstracton/benchmarks/dodo/Dijkstra-Scholten.json
f
deadlock
Running as unit: run-r02361c9d060e41b493c96abfb1a72996.scope; invocation ID: e4af614c79334b989be539847c5d3252
Time needed for parsing json file: 1602[µs]
using Flow interpretation
Time needed for constructing Flow interpretation transducer: 3502[µs]
computing ind...
Time needed for computing ind: 1314472[µs]
automaton for ind has 1268 states.
Time needed for minimizing ind: 85014[µs]
minimized automaton for ind has 23 states.
...done.
computing complement of preach...
Time needed for computing complement of preach: 1383900[µs]
automaton for complement of preach has 1114 states.
...of which, 65 states are at level 0.
Time needed for trimming complement of preach: 4190[µs]
...done.
trying to prove abstract safety...
Time needed for constructing transducer for unsafe property: 63[µs]
Time needed for constructing transducer for (initial, unsafe) pairs: 410[µs]
Time needed for constructing transducer for complement of (initial, unsafe) pairs: 647[µs]
Time needed for building union of complements of preach and (initial, unsafe)-transducer: 3825[µs]
Time needed for checking universality using antichains-inclusion algorithm: 17684[µs]
Time needed for checking abstract safety: 23274[µs]
...done.
Result: [1]
This means that the following properties could be separated from the initial configurations:
	[deadlock]
While the following properties could not be separated from the initial configurations:
	[]

real	0m2,840s
user	0m2,800s
sys	0m0,028s
********************
9 of 61
/home/jakob/Documents/abstracton/benchmarks/dodo/Dijkstra-ring.json
t
nomutex
Running as unit: run-ra62830339fcf4d77ab0ca476cfd54454.scope; invocation ID: bb954c8006b24ed7b8095876682ac1f2
Time needed for parsing json file: 18404[µs]
using Trap interpretation
Time needed for constructing Trap interpretation transducer: 22205995[µs]
computing ind...

real	20m0,278s
user	19m57,770s
sys	0m1,880s
********************
/home/jakob/Documents/abstracton/benchmarks/dodo/Dijkstra-ring.json
s
nomutex
Running as unit: run-rb61356614f74486c9aeeb3e72312c81d.scope; invocation ID: 31d59eb2d7ed4452923f58656ad160ff
Time needed for parsing json file: 9748[µs]
using Siphon interpretation
Time needed for constructing Siphon interpretation transducer: 6065012[µs]
computing ind...

real	20m0,190s
user	19m58,393s
sys	0m1,129s
********************
/home/jakob/Documents/abstracton/benchmarks/dodo/Dijkstra-ring.json
f
nomutex
Running as unit: run-r749d1bbed28c4446811925b409b48ca1.scope; invocation ID: bf9b5239eb2143bbb1a5dfcaaa85de4d
Time needed for parsing json file: 9395[µs]
using Flow interpretation
Time needed for constructing Flow interpretation transducer: 18207523[µs]
computing ind...

real	20m0,392s
user	19m57,065s
sys	0m2,678s
********************
10 of 61
/home/jakob/Documents/abstracton/benchmarks/dodo/Dijkstra-ring.json
t
deadlock
Running as unit: run-rcf0afe788c4e4ad083fe84eb348e9abb.scope; invocation ID: 835e9f86a5864027bb98193ec08345f5
Time needed for parsing json file: 9767[µs]
using Trap interpretation
Time needed for constructing Trap interpretation transducer: 21795692[µs]
computing ind...

real	20m0,308s
user	19m57,676s
sys	0m1,956s
********************
/home/jakob/Documents/abstracton/benchmarks/dodo/Dijkstra-ring.json
s
deadlock
Running as unit: run-ra77a909b46e64b68b5d78baa3d5cb07c.scope; invocation ID: f308a32460b843b090574664817df5ba
Time needed for parsing json file: 9388[µs]
using Siphon interpretation
Time needed for constructing Siphon interpretation transducer: 6079532[µs]
computing ind...

real	20m0,189s
user	19m58,491s
sys	0m1,115s
********************
/home/jakob/Documents/abstracton/benchmarks/dodo/Dijkstra-ring.json
f
deadlock
Running as unit: run-rc65d1f06093f417fa07c969825efe9f7.scope; invocation ID: a292673a648d4ac8b41093ba408eb762
Time needed for parsing json file: 11386[µs]
using Flow interpretation
Time needed for constructing Flow interpretation transducer: 18005624[µs]
computing ind...

real	20m0,388s
user	19m57,006s
sys	0m2,709s
********************
11 of 61
/home/jakob/Documents/abstracton/benchmarks/dodo/DijkstraMutEx.json
t
nomutex
Running as unit: run-r6ccab9c34fa646b899127c87bca27f62.scope; invocation ID: 59691156570c45319fbb8c56e5e5035d
Time needed for parsing json file: 67660[µs]
using Trap interpretation

real	20m1,561s
user	19m49,287s
sys	0m11,410s
********************
/home/jakob/Documents/abstracton/benchmarks/dodo/DijkstraMutEx.json
s
nomutex
Running as unit: run-r4a8944eb1e8747b49eca6c082f7df4fb.scope; invocation ID: fd74926a18c442a9af7fb114df672de8
Time needed for parsing json file: 68982[µs]
using Siphon interpretation

real	20m1,461s
user	19m49,605s
sys	0m11,043s
********************
/home/jakob/Documents/abstracton/benchmarks/dodo/DijkstraMutEx.json
f
nomutex
Running as unit: run-r2b3664bf642343b18f56ffdbe8959c6a.scope; invocation ID: 72021044b4124b72b44f66733bb051aa
Time needed for parsing json file: 69039[µs]
using Flow interpretation

real	20m1,499s
user	19m49,973s
sys	0m10,733s
********************
12 of 61
/home/jakob/Documents/abstracton/benchmarks/dodo/DijkstraMutEx.json
t
deadlock
Running as unit: run-r4c6e32299b264428bf7879e5ea7bbfa5.scope; invocation ID: 2f78021a8ada4fdf9d872760d38f3201
Time needed for parsing json file: 67814[µs]
using Trap interpretation

real	20m1,476s
user	19m49,522s
sys	0m11,108s
********************
/home/jakob/Documents/abstracton/benchmarks/dodo/DijkstraMutEx.json
s
deadlock
Running as unit: run-ra6dcc9281085438cb42098fe486e15f4.scope; invocation ID: 75fc35302bc341e98d455016577768b9
Time needed for parsing json file: 71729[µs]
using Siphon interpretation

real	20m1,475s
user	19m49,542s
sys	0m11,179s
********************
/home/jakob/Documents/abstracton/benchmarks/dodo/DijkstraMutEx.json
f
deadlock
Running as unit: run-r5293855f3aa042368ceb3de30866604f.scope; invocation ID: 5cb8bfea98e94689b9db91ca15e34aa1
Time needed for parsing json file: 68609[µs]
using Flow interpretation

real	20m1,508s
user	19m49,762s
sys	0m10,956s
********************
13 of 61
/home/jakob/Documents/abstracton/benchmarks/dodo/FutureBus.json
t
pendingrightsecond
Running as unit: run-r25809a7ee8f341b6a9bd9187dd9a0b94.scope; invocation ID: 1b84a1c82b804c04b0865938d2a6b0aa
Time needed for parsing json file: 23935[µs]
using Trap interpretation
Time needed for constructing Trap interpretation transducer: 486779[µs]
computing ind...

real	20m1,072s
user	19m53,352s
sys	0m7,041s
********************
/home/jakob/Documents/abstracton/benchmarks/dodo/FutureBus.json
s
pendingrightsecond
Running as unit: run-r1f7861ef3246401dae01e2ac951b1412.scope; invocation ID: 9da1183cb44d4cd5b7a29ac9f1dd69d5
Time needed for parsing json file: 23366[µs]
using Siphon interpretation
Time needed for constructing Siphon interpretation transducer: 150747[µs]
computing ind...

real	20m0,881s
user	19m54,478s
sys	0m5,720s
********************
/home/jakob/Documents/abstracton/benchmarks/dodo/FutureBus.json
f
pendingrightsecond
Running as unit: run-r31554fe86f9b43f78f049a01697bdb1e.scope; invocation ID: e340b49a08b542ae96d48e9309d0639f
Time needed for parsing json file: 22918[µs]
using Flow interpretation
Time needed for constructing Flow interpretation transducer: 398011[µs]
computing ind...

real	20m1,255s
user	19m52,018s
sys	0m8,455s
********************
14 of 61
/home/jakob/Documents/abstracton/benchmarks/dodo/FutureBus.json
t
sharedexclusive
Running as unit: run-r4ca14d02f9504fbc8b388058daaf0c14.scope; invocation ID: 47ab124a97dd47cc8e8edc64c8ac3117
Time needed for parsing json file: 23340[µs]
using Trap interpretation
Time needed for constructing Trap interpretation transducer: 466947[µs]
computing ind...

real	20m1,131s
user	19m53,252s
sys	0m7,157s
********************
/home/jakob/Documents/abstracton/benchmarks/dodo/FutureBus.json
s
sharedexclusive
Running as unit: run-r1d44d06b456c443e99e6b65542a54839.scope; invocation ID: 481afd830bb7430cbe1eae7fdde1c2a2
Time needed for parsing json file: 23742[µs]
using Siphon interpretation
Time needed for constructing Siphon interpretation transducer: 148575[µs]
computing ind...

real	20m0,860s
user	19m54,413s
sys	0m5,746s
********************
/home/jakob/Documents/abstracton/benchmarks/dodo/FutureBus.json
f
sharedexclusive
Running as unit: run-rdd66af3845a44dff95624729dfcb8ae7.scope; invocation ID: 9889765015504d89b246a8dd23a4869b
Time needed for parsing json file: 23482[µs]
using Flow interpretation
Time needed for constructing Flow interpretation transducer: 402533[µs]
computing ind...

real	20m1,214s
user	19m52,307s
sys	0m8,260s
********************
15 of 61
/home/jakob/Documents/abstracton/benchmarks/dodo/FutureBus.json
t
secondpending
Running as unit: run-r7709748f1f7c448194aeb98f60dab29b.scope; invocation ID: 301dbe89e2c04368b5cede527be908b2
Time needed for parsing json file: 22602[µs]
using Trap interpretation
Time needed for constructing Trap interpretation transducer: 490028[µs]
computing ind...

real	20m1,040s
user	19m53,059s
sys	0m7,235s
********************
/home/jakob/Documents/abstracton/benchmarks/dodo/FutureBus.json
s
secondpending
Running as unit: run-r4e23405829194670a3ae1eeebd0d1a99.scope; invocation ID: b93d5f7a87c44c8283d6d84804678d05
Time needed for parsing json file: 23221[µs]
using Siphon interpretation
Time needed for constructing Siphon interpretation transducer: 141372[µs]
computing ind...

real	20m0,864s
user	19m54,470s
sys	0m5,690s
********************
/home/jakob/Documents/abstracton/benchmarks/dodo/FutureBus.json
f
secondpending
Running as unit: run-r9376ae0d0d654974ad07d68988b867c7.scope; invocation ID: b061cb3fbb674aa78da5c49961958bc6
Time needed for parsing json file: 23245[µs]
using Flow interpretation
Time needed for constructing Flow interpretation transducer: 403308[µs]
computing ind...

real	20m1,183s
user	19m51,985s
sys	0m8,440s
********************
16 of 61
/home/jakob/Documents/abstracton/benchmarks/dodo/FutureBus.json
t
exclusiveexclusive
Running as unit: run-rdc1fb1691a53482fba1c5d08954dcf54.scope; invocation ID: 44d0ec99595e49a3a152c64abb37ac52
Time needed for parsing json file: 23421[µs]
using Trap interpretation
Time needed for constructing Trap interpretation transducer: 468718[µs]
computing ind...

real	20m1,037s
user	19m53,212s
sys	0m7,154s
********************
/home/jakob/Documents/abstracton/benchmarks/dodo/FutureBus.json
s
exclusiveexclusive
Running as unit: run-r338dda5a94934c77b15a0c6e5d24f857.scope; invocation ID: a337ac33a55d48c1989634ecc4cf2fb7
Time needed for parsing json file: 29398[µs]
using Siphon interpretation
Time needed for constructing Siphon interpretation transducer: 153343[µs]
computing ind...

real	20m0,835s
user	19m54,529s
sys	0m5,669s
********************
/home/jakob/Documents/abstracton/benchmarks/dodo/FutureBus.json
f
exclusiveexclusive
Running as unit: run-r97d44e2427f24706b729d47ded86ed2d.scope; invocation ID: 14d527f2647a401c8c9f8c1b9d39c4e1
Time needed for parsing json file: 23472[µs]
using Flow interpretation
Time needed for constructing Flow interpretation transducer: 417207[µs]
computing ind...

real	20m1,141s
user	19m51,973s
sys	0m8,425s
********************
17 of 61
/home/jakob/Documents/abstracton/benchmarks/dodo/FutureBus.json
t
deadlock
Running as unit: run-re7ba679b8c7b4a428c215ce26824f0f6.scope; invocation ID: 441dc2240c154816ada4e3b52622966d
Time needed for parsing json file: 27325[µs]
using Trap interpretation
Time needed for constructing Trap interpretation transducer: 491039[µs]
computing ind...

real	20m1,062s
user	19m53,270s
sys	0m7,066s
********************
/home/jakob/Documents/abstracton/benchmarks/dodo/FutureBus.json
s
deadlock
Running as unit: run-r0d9d2370c63347aab5f19cf99dbf200f.scope; invocation ID: 8986de1a94a648f29ff17cb5606b69f8
Time needed for parsing json file: 23910[µs]
using Siphon interpretation
Time needed for constructing Siphon interpretation transducer: 151943[µs]
computing ind...

real	20m0,852s
user	19m54,394s
sys	0m5,767s
********************
/home/jakob/Documents/abstracton/benchmarks/dodo/FutureBus.json
f
deadlock
Running as unit: run-r9ff3e1840fae4e9c96f338c966178847.scope; invocation ID: 9984ae8178d049f7aa2f6d018568e0d4
Time needed for parsing json file: 23120[µs]
using Flow interpretation
Time needed for constructing Flow interpretation transducer: 403114[µs]
computing ind...

real	20m1,216s
user	19m51,934s
sys	0m8,507s
********************
18 of 61
/home/jakob/Documents/abstracton/benchmarks/dodo/Herman.json
t
notoken
Running as unit: run-r6c216e0aae244a63970de266e963369c.scope; invocation ID: 8e5cf7f7b1f740ac93ab9cb30798e7bb
Time needed for parsing json file: 1724[µs]
using Trap interpretation
Time needed for constructing Trap interpretation transducer: 832[µs]
computing ind...
Time needed for computing ind: 42887[µs]
automaton for ind has 48 states.
Time needed for minimizing ind: 1049[µs]
minimized automaton for ind has 6 states.
...done.
computing complement of preach...
Time needed for computing complement of preach: 46639[µs]
automaton for complement of preach has 11 states.
...of which, 4 states are at level 0.
Time needed for trimming complement of preach: 45[µs]
...done.
trying to prove abstract safety...
Time needed for constructing transducer for unsafe property: 7[µs]
Time needed for constructing transducer for (initial, unsafe) pairs: 179[µs]
Time needed for constructing transducer for complement of (initial, unsafe) pairs: 292[µs]
Time needed for building union of complements of preach and (initial, unsafe)-transducer: 74[µs]
Time needed for checking universality using antichains-inclusion algorithm: 453[µs]
Time needed for checking abstract safety: 1087[µs]
...done.
Result: [1]
This means that the following properties could be separated from the initial configurations:
	[notoken]
While the following properties could not be separated from the initial configurations:
	[]

real	0m0,119s
user	0m0,097s
sys	0m0,009s
********************
/home/jakob/Documents/abstracton/benchmarks/dodo/Herman.json
s
notoken
Running as unit: run-r25e1f3b88b794748b44be651d1df729d.scope; invocation ID: b8050133c80a46199c90b179e913cf2b
Time needed for parsing json file: 1791[µs]
using Siphon interpretation
Time needed for constructing Siphon interpretation transducer: 413[µs]
computing ind...
Time needed for computing ind: 22043[µs]
automaton for ind has 57 states.
Time needed for minimizing ind: 1245[µs]
minimized automaton for ind has 6 states.
...done.
computing complement of preach...
Time needed for computing complement of preach: 22238[µs]
automaton for complement of preach has 8 states.
...of which, 4 states are at level 0.
Time needed for trimming complement of preach: 50[µs]
...done.
trying to prove abstract safety...
Time needed for constructing transducer for unsafe property: 7[µs]
Time needed for constructing transducer for (initial, unsafe) pairs: 176[µs]
Time needed for constructing transducer for complement of (initial, unsafe) pairs: 287[µs]
Time needed for building union of complements of preach and (initial, unsafe)-transducer: 70[µs]
Time needed for checking universality using antichains-inclusion algorithm: 359[µs]
Time needed for checking abstract safety: 980[µs]
...done.
Result: [0]
This means that the following properties could be separated from the initial configurations:
	[]
While the following properties could not be separated from the initial configurations:
	[notoken]

real	0m0,070s
user	0m0,054s
sys	0m0,007s
********************
/home/jakob/Documents/abstracton/benchmarks/dodo/Herman.json
f
notoken
Running as unit: run-r0f9ff3023a4e481780fb6f4a249c8682.scope; invocation ID: 767e2e57f1364c0e877aeb4da4188c08
Time needed for parsing json file: 2316[µs]
using Flow interpretation
Time needed for constructing Flow interpretation transducer: 794[µs]
computing ind...
Time needed for computing ind: 90336[µs]
automaton for ind has 200 states.
Time needed for minimizing ind: 3714[µs]
minimized automaton for ind has 7 states.
...done.
computing complement of preach...
Time needed for computing complement of preach: 85885[µs]
automaton for complement of preach has 4 states.
...of which, 2 states are at level 0.
Time needed for trimming complement of preach: 27[µs]
...done.
trying to prove abstract safety...
Time needed for constructing transducer for unsafe property: 6[µs]
Time needed for constructing transducer for (initial, unsafe) pairs: 176[µs]
Time needed for constructing transducer for complement of (initial, unsafe) pairs: 282[µs]
Time needed for building union of complements of preach and (initial, unsafe)-transducer: 63[µs]
Time needed for checking universality using antichains-inclusion algorithm: 355[µs]
Time needed for checking abstract safety: 986[µs]
...done.
Result: [0]
This means that the following properties could be separated from the initial configurations:
	[]
While the following properties could not be separated from the initial configurations:
	[notoken]

real	0m0,222s
user	0m0,185s
sys	0m0,011s
********************
19 of 61
/home/jakob/Documents/abstracton/benchmarks/dodo/Illinois.json
t
dirtydirty
Running as unit: run-r7dedfb7aa7164f00a97e27a380d33f26.scope; invocation ID: 8fa3968cb0f04fd2951f2edc95dbc345
Time needed for parsing json file: 4159[µs]
using Trap interpretation
Time needed for constructing Trap interpretation transducer: 3940[µs]
computing ind...
Time needed for computing ind: 4831493[µs]
automaton for ind has 5618 states.
Time needed for minimizing ind: 258642[µs]
minimized automaton for ind has 12 states.
...done.
computing complement of preach...
Time needed for computing complement of preach: 4988536[µs]
automaton for complement of preach has 234 states.
...of which, 18 states are at level 0.
Time needed for trimming complement of preach: 794[µs]
...done.
trying to prove abstract safety...
Time needed for constructing transducer for unsafe property: 36[µs]
Time needed for constructing transducer for (initial, unsafe) pairs: 308[µs]
Time needed for constructing transducer for complement of (initial, unsafe) pairs: 884[µs]
Time needed for building union of complements of preach and (initial, unsafe)-transducer: 1391[µs]
Time needed for checking universality using antichains-inclusion algorithm: 3627[µs]
Time needed for checking abstract safety: 6565[µs]
...done.
Result: [0]
This means that the following properties could be separated from the initial configurations:
	[]
While the following properties could not be separated from the initial configurations:
	[dirtydirty]

real	0m10,132s
user	0m10,076s
sys	0m0,028s
********************
/home/jakob/Documents/abstracton/benchmarks/dodo/Illinois.json
s
dirtydirty
Running as unit: run-rec9a1f6ce31e45d388feb5f1da6e7674.scope; invocation ID: 3664d1642b3c437eb3fe6a7ec5b312ad
Time needed for parsing json file: 3786[µs]
using Siphon interpretation
Time needed for constructing Siphon interpretation transducer: 1498[µs]
computing ind...
Time needed for computing ind: 3292144[µs]
automaton for ind has 4054 states.
Time needed for minimizing ind: 174935[µs]
minimized automaton for ind has 5 states.
...done.
computing complement of preach...
Time needed for computing complement of preach: 3479186[µs]
automaton for complement of preach has 5 states.
...of which, 2 states are at level 0.
Time needed for trimming complement of preach: 31[µs]
...done.
trying to prove abstract safety...
Time needed for constructing transducer for unsafe property: 32[µs]
Time needed for constructing transducer for (initial, unsafe) pairs: 235[µs]
Time needed for constructing transducer for complement of (initial, unsafe) pairs: 479[µs]
Time needed for building union of complements of preach and (initial, unsafe)-transducer: 115[µs]
Time needed for checking universality using antichains-inclusion algorithm: 519[µs]
Time needed for checking abstract safety: 1515[µs]
...done.
Result: [0]
This means that the following properties could be separated from the initial configurations:
	[]
While the following properties could not be separated from the initial configurations:
	[dirtydirty]

real	0m6,979s
user	0m6,933s
sys	0m0,031s
********************
/home/jakob/Documents/abstracton/benchmarks/dodo/Illinois.json
f
dirtydirty
Running as unit: run-r8b74799e2fa2475d9b3f6b95c3651d6e.scope; invocation ID: 89b091e7386b48ad9de319681fab4b45
Time needed for parsing json file: 3602[µs]
using Flow interpretation
Time needed for constructing Flow interpretation transducer: 3389[µs]
computing ind...
Time needed for computing ind: 226049704[µs]
automaton for ind has 80496 states.
Time needed for minimizing ind: 4634503[µs]
minimized automaton for ind has 7 states.
...done.
computing complement of preach...
Time needed for computing complement of preach: 225602239[µs]
automaton for complement of preach has 5 states.
...of which, 2 states are at level 0.
Time needed for trimming complement of preach: 76[µs]
...done.
trying to prove abstract safety...
Time needed for constructing transducer for unsafe property: 32[µs]
Time needed for constructing transducer for (initial, unsafe) pairs: 246[µs]
Time needed for constructing transducer for complement of (initial, unsafe) pairs: 508[µs]
Time needed for building union of complements of preach and (initial, unsafe)-transducer: 136[µs]
Time needed for checking universality using antichains-inclusion algorithm: 549[µs]
Time needed for checking abstract safety: 1580[µs]
...done.
Result: [0]
This means that the following properties could be separated from the initial configurations:
	[]
While the following properties could not be separated from the initial configurations:
	[dirtydirty]

real	7m36,353s
user	7m35,680s
sys	0m0,394s
********************
20 of 61
/home/jakob/Documents/abstracton/benchmarks/dodo/Illinois.json
t
dirtyshared
Running as unit: run-rb45f352a3c6d4b0e94bf6d7d25238fb1.scope; invocation ID: e2210c8635214ad08f7da216a19089ba
Time needed for parsing json file: 3980[µs]
using Trap interpretation
Time needed for constructing Trap interpretation transducer: 3966[µs]
computing ind...
Time needed for computing ind: 4834412[µs]
automaton for ind has 5618 states.
Time needed for minimizing ind: 250085[µs]
minimized automaton for ind has 12 states.
...done.
computing complement of preach...
Time needed for computing complement of preach: 4926429[µs]
automaton for complement of preach has 234 states.
...of which, 18 states are at level 0.
Time needed for trimming complement of preach: 768[µs]
...done.
trying to prove abstract safety...
Time needed for constructing transducer for unsafe property: 41[µs]
Time needed for constructing transducer for (initial, unsafe) pairs: 309[µs]
Time needed for constructing transducer for complement of (initial, unsafe) pairs: 652[µs]
Time needed for building union of complements of preach and (initial, unsafe)-transducer: 704[µs]
Time needed for checking universality using antichains-inclusion algorithm: 2656[µs]
Time needed for checking abstract safety: 4624[µs]
...done.
Result: [0]
This means that the following properties could be separated from the initial configurations:
	[]
While the following properties could not be separated from the initial configurations:
	[dirtyshared]

real	0m10,050s
user	0m10,004s
sys	0m0,033s
********************
/home/jakob/Documents/abstracton/benchmarks/dodo/Illinois.json
s
dirtyshared
Running as unit: run-rfc9617cf19c14fd1b1f8c2d5d2f9bbb5.scope; invocation ID: 33de6555e46a44cea2bc559bdd61289b
Time needed for parsing json file: 3633[µs]
using Siphon interpretation
Time needed for constructing Siphon interpretation transducer: 1416[µs]
computing ind...
Time needed for computing ind: 3247204[µs]
automaton for ind has 4054 states.
Time needed for minimizing ind: 160635[µs]
minimized automaton for ind has 5 states.
...done.
computing complement of preach...
Time needed for computing complement of preach: 3260000[µs]
automaton for complement of preach has 5 states.
...of which, 2 states are at level 0.
Time needed for trimming complement of preach: 51[µs]
...done.
trying to prove abstract safety...
Time needed for constructing transducer for unsafe property: 41[µs]
Time needed for constructing transducer for (initial, unsafe) pairs: 286[µs]
Time needed for constructing transducer for complement of (initial, unsafe) pairs: 716[µs]
Time needed for building union of complements of preach and (initial, unsafe)-transducer: 134[µs]
Time needed for checking universality using antichains-inclusion algorithm: 543[µs]
Time needed for checking abstract safety: 1862[µs]
...done.
Result: [0]
This means that the following properties could be separated from the initial configurations:
	[]
While the following properties could not be separated from the initial configurations:
	[dirtyshared]

real	0m6,700s
user	0m6,652s
sys	0m0,033s
********************
/home/jakob/Documents/abstracton/benchmarks/dodo/Illinois.json
f
dirtyshared
Running as unit: run-r3bee348b5e004524a57a3771469689ff.scope; invocation ID: d9bae8aeed074582b5d2b9f21b7a9382
Time needed for parsing json file: 3636[µs]
using Flow interpretation
Time needed for constructing Flow interpretation transducer: 3116[µs]
computing ind...
Time needed for computing ind: 225765005[µs]
automaton for ind has 80496 states.
Time needed for minimizing ind: 4523543[µs]
minimized automaton for ind has 7 states.
...done.
computing complement of preach...
Time needed for computing complement of preach: 226692172[µs]
automaton for complement of preach has 5 states.
...of which, 2 states are at level 0.
Time needed for trimming complement of preach: 96[µs]
...done.
trying to prove abstract safety...
Time needed for constructing transducer for unsafe property: 41[µs]
Time needed for constructing transducer for (initial, unsafe) pairs: 360[µs]
Time needed for constructing transducer for complement of (initial, unsafe) pairs: 694[µs]
Time needed for building union of complements of preach and (initial, unsafe)-transducer: 192[µs]
Time needed for checking universality using antichains-inclusion algorithm: 619[µs]
Time needed for checking abstract safety: 2042[µs]
...done.
Result: [0]
This means that the following properties could be separated from the initial configurations:
	[]
While the following properties could not be separated from the initial configurations:
	[dirtyshared]

real	7m37,051s
user	7m36,297s
sys	0m0,450s
********************
21 of 61
/home/jakob/Documents/abstracton/benchmarks/dodo/Illinois.json
t
deadlock
Running as unit: run-rdcdc0b2c44154fdebafc2b50e5956893.scope; invocation ID: ce6f0ad5d23d4426b5f4c37bfee9a03d
Time needed for parsing json file: 4099[µs]
using Trap interpretation
Time needed for constructing Trap interpretation transducer: 4017[µs]
computing ind...
Time needed for computing ind: 4824901[µs]
automaton for ind has 5618 states.
Time needed for minimizing ind: 256065[µs]
minimized automaton for ind has 12 states.
...done.
computing complement of preach...
Time needed for computing complement of preach: 5010310[µs]
automaton for complement of preach has 234 states.
...of which, 18 states are at level 0.
Time needed for trimming complement of preach: 778[µs]
...done.
trying to prove abstract safety...
Time needed for constructing transducer for unsafe property: 104[µs]
Time needed for constructing transducer for (initial, unsafe) pairs: 334[µs]
Time needed for constructing transducer for complement of (initial, unsafe) pairs: 82[µs]
Time needed for building union of complements of preach and (initial, unsafe)-transducer: 623[µs]
Time needed for checking universality using antichains-inclusion algorithm: 2704[µs]
Time needed for checking abstract safety: 4092[µs]
...done.
Result: [1]
This means that the following properties could be separated from the initial configurations:
	[deadlock]
While the following properties could not be separated from the initial configurations:
	[]

real	0m10,136s
user	0m10,075s
sys	0m0,038s
********************
/home/jakob/Documents/abstracton/benchmarks/dodo/Illinois.json
s
deadlock
Running as unit: run-re3d94ca29dbc48549af24965b0e022a1.scope; invocation ID: b6871f08ba324561b80f04f3409a9a35
Time needed for parsing json file: 3754[µs]
using Siphon interpretation
Time needed for constructing Siphon interpretation transducer: 1436[µs]
computing ind...
Time needed for computing ind: 3271576[µs]
automaton for ind has 4054 states.
Time needed for minimizing ind: 178221[µs]
minimized automaton for ind has 5 states.
...done.
computing complement of preach...
Time needed for computing complement of preach: 3265559[µs]
automaton for complement of preach has 5 states.
...of which, 2 states are at level 0.
Time needed for trimming complement of preach: 30[µs]
...done.
trying to prove abstract safety...
Time needed for constructing transducer for unsafe property: 105[µs]
Time needed for constructing transducer for (initial, unsafe) pairs: 334[µs]
Time needed for constructing transducer for complement of (initial, unsafe) pairs: 99[µs]
Time needed for building union of complements of preach and (initial, unsafe)-transducer: 62[µs]
Time needed for checking universality using antichains-inclusion algorithm: 412[µs]
Time needed for checking abstract safety: 1172[µs]
...done.
Result: [1]
This means that the following properties could be separated from the initial configurations:
	[deadlock]
While the following properties could not be separated from the initial configurations:
	[]

real	0m6,751s
user	0m6,705s
sys	0m0,028s
********************
/home/jakob/Documents/abstracton/benchmarks/dodo/Illinois.json
f
deadlock
Running as unit: run-r6e82c1849b154b39b7a2a4030e4ecd56.scope; invocation ID: 83bf28fdb5e043109c20b1ebbe27f723
Time needed for parsing json file: 3798[µs]
using Flow interpretation
Time needed for constructing Flow interpretation transducer: 3535[µs]
computing ind...
Time needed for computing ind: 226418842[µs]
automaton for ind has 80496 states.
Time needed for minimizing ind: 4616167[µs]
minimized automaton for ind has 7 states.
...done.
computing complement of preach...
Time needed for computing complement of preach: 227414495[µs]
automaton for complement of preach has 5 states.
...of which, 2 states are at level 0.
Time needed for trimming complement of preach: 74[µs]
...done.
trying to prove abstract safety...
Time needed for constructing transducer for unsafe property: 104[µs]
Time needed for constructing transducer for (initial, unsafe) pairs: 321[µs]
Time needed for constructing transducer for complement of (initial, unsafe) pairs: 76[µs]
Time needed for building union of complements of preach and (initial, unsafe)-transducer: 61[µs]
Time needed for checking universality using antichains-inclusion algorithm: 355[µs]
Time needed for checking abstract safety: 1058[µs]
...done.
Result: [1]
This means that the following properties could be separated from the initial configurations:
	[deadlock]
While the following properties could not be separated from the initial configurations:
	[]

real	7m38,526s
user	7m37,728s
sys	0m0,430s
********************
22 of 61
/home/jakob/Documents/abstracton/benchmarks/dodo/Israeli-Jafon.json
t
notoken
Running as unit: run-rdd290af8bdca4a198a02e17ff4d60ac3.scope; invocation ID: 0da41b2d6e414f7da207be9f9dd9bea9
Time needed for parsing json file: 1555[µs]
using Trap interpretation
Time needed for constructing Trap interpretation transducer: 859[µs]
computing ind...
Time needed for computing ind: 32498[µs]
automaton for ind has 41 states.
Time needed for minimizing ind: 1038[µs]
minimized automaton for ind has 6 states.
...done.
computing complement of preach...
Time needed for computing complement of preach: 36907[µs]
automaton for complement of preach has 11 states.
...of which, 4 states are at level 0.
Time needed for trimming complement of preach: 47[µs]
...done.
trying to prove abstract safety...
Time needed for constructing transducer for unsafe property: 8[µs]
Time needed for constructing transducer for (initial, unsafe) pairs: 201[µs]
Time needed for constructing transducer for complement of (initial, unsafe) pairs: 305[µs]
Time needed for building union of complements of preach and (initial, unsafe)-transducer: 80[µs]
Time needed for checking universality using antichains-inclusion algorithm: 492[µs]
Time needed for checking abstract safety: 1186[µs]
...done.
Result: [1]
This means that the following properties could be separated from the initial configurations:
	[notoken]
While the following properties could not be separated from the initial configurations:
	[]

real	0m0,102s
user	0m0,078s
sys	0m0,008s
********************
/home/jakob/Documents/abstracton/benchmarks/dodo/Israeli-Jafon.json
s
notoken
Running as unit: run-r5e93cbcc88f94fb6b633886193fdaa00.scope; invocation ID: 4db8f3462fcb43f48828d7c6622945b5
Time needed for parsing json file: 1327[µs]
using Siphon interpretation
Time needed for constructing Siphon interpretation transducer: 449[µs]
computing ind...
Time needed for computing ind: 19569[µs]
automaton for ind has 41 states.
Time needed for minimizing ind: 1031[µs]
minimized automaton for ind has 6 states.
...done.
computing complement of preach...
Time needed for computing complement of preach: 19099[µs]
automaton for complement of preach has 8 states.
...of which, 4 states are at level 0.
Time needed for trimming complement of preach: 48[µs]
...done.
trying to prove abstract safety...
Time needed for constructing transducer for unsafe property: 8[µs]
Time needed for constructing transducer for (initial, unsafe) pairs: 218[µs]
Time needed for constructing transducer for complement of (initial, unsafe) pairs: 323[µs]
Time needed for building union of complements of preach and (initial, unsafe)-transducer: 80[µs]
Time needed for checking universality using antichains-inclusion algorithm: 395[µs]
Time needed for checking abstract safety: 1127[µs]
...done.
Result: [0]
This means that the following properties could be separated from the initial configurations:
	[]
While the following properties could not be separated from the initial configurations:
	[notoken]

real	0m0,074s
user	0m0,046s
sys	0m0,009s
********************
/home/jakob/Documents/abstracton/benchmarks/dodo/Israeli-Jafon.json
f
notoken
Running as unit: run-r8610695bafdb463db40aa54b0ef05832.scope; invocation ID: 35d906ac4d184b95a393423e9fec39ab
Time needed for parsing json file: 1261[µs]
using Flow interpretation
Time needed for constructing Flow interpretation transducer: 697[µs]
computing ind...
Time needed for computing ind: 58690[µs]
automaton for ind has 151 states.
Time needed for minimizing ind: 3246[µs]
minimized automaton for ind has 7 states.
...done.
computing complement of preach...
Time needed for computing complement of preach: 56848[µs]
automaton for complement of preach has 4 states.
...of which, 2 states are at level 0.
Time needed for trimming complement of preach: 21[µs]
...done.
trying to prove abstract safety...
Time needed for constructing transducer for unsafe property: 7[µs]
Time needed for constructing transducer for (initial, unsafe) pairs: 177[µs]
Time needed for constructing transducer for complement of (initial, unsafe) pairs: 285[µs]
Time needed for building union of complements of preach and (initial, unsafe)-transducer: 96[µs]
Time needed for checking universality using antichains-inclusion algorithm: 394[µs]
Time needed for checking abstract safety: 1050[µs]
...done.
Result: [0]
This means that the following properties could be separated from the initial configurations:
	[]
While the following properties could not be separated from the initial configurations:
	[notoken]

real	0m0,144s
user	0m0,124s
sys	0m0,010s
********************
23 of 61
/home/jakob/Documents/abstracton/benchmarks/dodo/MESI.json
t
modifiedmodified
Running as unit: run-rc253502e251449a48096d1d7f5241786.scope; invocation ID: 616c7f6c1f4d477eabc464b98694b7c8
Time needed for parsing json file: 12286[µs]
using Trap interpretation
Time needed for constructing Trap interpretation transducer: 4579[µs]
computing ind...
Time needed for computing ind: 1045740[µs]
automaton for ind has 349 states.
Time needed for minimizing ind: 14585[µs]
minimized automaton for ind has 6 states.
...done.
computing complement of preach...
Time needed for computing complement of preach: 1096682[µs]
automaton for complement of preach has 175 states.
...of which, 7 states are at level 0.
Time needed for trimming complement of preach: 517[µs]
...done.
trying to prove abstract safety...
Time needed for constructing transducer for unsafe property: 26[µs]
Time needed for constructing transducer for (initial, unsafe) pairs: 277[µs]
Time needed for constructing transducer for complement of (initial, unsafe) pairs: 450[µs]
Time needed for building union of complements of preach and (initial, unsafe)-transducer: 511[µs]
Time needed for checking universality using antichains-inclusion algorithm: 2500[µs]
Time needed for checking abstract safety: 3933[µs]
...done.
Result: [1]
This means that the following properties could be separated from the initial configurations:
	[modifiedmodified]
While the following properties could not be separated from the initial configurations:
	[]

real	0m2,207s
user	0m2,163s
sys	0m0,021s
********************
/home/jakob/Documents/abstracton/benchmarks/dodo/MESI.json
s
modifiedmodified
Running as unit: run-rec43eb090f644b46b2b173f21ff37218.scope; invocation ID: 3dbe9666ac274b228d62e0f7a26466c9
Time needed for parsing json file: 2300[µs]
using Siphon interpretation
Time needed for constructing Siphon interpretation transducer: 1530[µs]
computing ind...
Time needed for computing ind: 687457[µs]
automaton for ind has 677 states.
Time needed for minimizing ind: 23855[µs]
minimized automaton for ind has 3 states.
...done.
computing complement of preach...
Time needed for computing complement of preach: 677462[µs]
automaton for complement of preach has 0 states.
...of which, 0 states are at level 0.
Time needed for trimming complement of preach: 10[µs]
...done.
trying to prove abstract safety...
Time needed for constructing transducer for unsafe property: 29[µs]
Time needed for constructing transducer for (initial, unsafe) pairs: 232[µs]
Time needed for constructing transducer for complement of (initial, unsafe) pairs: 468[µs]
Time needed for building union of complements of preach and (initial, unsafe)-transducer: 105[µs]
Time needed for checking universality using antichains-inclusion algorithm: 406[µs]
Time needed for checking abstract safety: 1345[µs]
...done.
Result: [0]
This means that the following properties could be separated from the initial configurations:
	[]
While the following properties could not be separated from the initial configurations:
	[modifiedmodified]

real	0m1,420s
user	0m1,389s
sys	0m0,016s
********************
/home/jakob/Documents/abstracton/benchmarks/dodo/MESI.json
f
modifiedmodified
Running as unit: run-re3c3a247ce5d41a3a9f738309412b5ff.scope; invocation ID: 481b8b78fa064fd3b728696764334ea9
Time needed for parsing json file: 2272[µs]
using Flow interpretation
Time needed for constructing Flow interpretation transducer: 3221[µs]
computing ind...
Time needed for computing ind: 5765383[µs]
automaton for ind has 5255 states.
Time needed for minimizing ind: 255664[µs]
minimized automaton for ind has 5 states.
...done.
computing complement of preach...
Time needed for computing complement of preach: 5745526[µs]
automaton for complement of preach has 0 states.
...of which, 0 states are at level 0.
Time needed for trimming complement of preach: 7[µs]
...done.
trying to prove abstract safety...
Time needed for constructing transducer for unsafe property: 33[µs]
Time needed for constructing transducer for (initial, unsafe) pairs: 230[µs]
Time needed for constructing transducer for complement of (initial, unsafe) pairs: 468[µs]
Time needed for building union of complements of preach and (initial, unsafe)-transducer: 107[µs]
Time needed for checking universality using antichains-inclusion algorithm: 428[µs]
Time needed for checking abstract safety: 1375[µs]
...done.
Result: [0]
This means that the following properties could be separated from the initial configurations:
	[]
While the following properties could not be separated from the initial configurations:
	[modifiedmodified]

real	0m11,800s
user	0m11,732s
sys	0m0,042s
********************
24 of 61
/home/jakob/Documents/abstracton/benchmarks/dodo/MESI.json
t
sharedmodified
Running as unit: run-r852d684ff93043bc8e75c18a6bb56135.scope; invocation ID: 93e248c583e346c9b781e29002fb0856
Time needed for parsing json file: 2524[µs]
using Trap interpretation
Time needed for constructing Trap interpretation transducer: 3938[µs]
computing ind...
Time needed for computing ind: 1032866[µs]
automaton for ind has 349 states.
Time needed for minimizing ind: 14219[µs]
minimized automaton for ind has 6 states.
...done.
computing complement of preach...
Time needed for computing complement of preach: 1105229[µs]
automaton for complement of preach has 175 states.
...of which, 7 states are at level 0.
Time needed for trimming complement of preach: 500[µs]
...done.
trying to prove abstract safety...
Time needed for constructing transducer for unsafe property: 39[µs]
Time needed for constructing transducer for (initial, unsafe) pairs: 299[µs]
Time needed for constructing transducer for complement of (initial, unsafe) pairs: 559[µs]
Time needed for building union of complements of preach and (initial, unsafe)-transducer: 512[µs]
Time needed for checking universality using antichains-inclusion algorithm: 2668[µs]
Time needed for checking abstract safety: 4276[µs]
...done.
Result: [1]
This means that the following properties could be separated from the initial configurations:
	[sharedmodified]
While the following properties could not be separated from the initial configurations:
	[]

real	0m2,195s
user	0m2,154s
sys	0m0,021s
********************
/home/jakob/Documents/abstracton/benchmarks/dodo/MESI.json
s
sharedmodified
Running as unit: run-r51462fa1f954414bbff81d4c947b9446.scope; invocation ID: 32bafd194a0b470d8af52eeef0884a50
Time needed for parsing json file: 2293[µs]
using Siphon interpretation
Time needed for constructing Siphon interpretation transducer: 1447[µs]
computing ind...
Time needed for computing ind: 726518[µs]
automaton for ind has 677 states.
Time needed for minimizing ind: 25934[µs]
minimized automaton for ind has 3 states.
...done.
computing complement of preach...
Time needed for computing complement of preach: 715949[µs]
automaton for complement of preach has 0 states.
...of which, 0 states are at level 0.
Time needed for trimming complement of preach: 8[µs]
...done.
trying to prove abstract safety...
Time needed for constructing transducer for unsafe property: 40[µs]
Time needed for constructing transducer for (initial, unsafe) pairs: 280[µs]
Time needed for constructing transducer for complement of (initial, unsafe) pairs: 607[µs]
Time needed for building union of complements of preach and (initial, unsafe)-transducer: 127[µs]
Time needed for checking universality using antichains-inclusion algorithm: 427[µs]
Time needed for checking abstract safety: 1584[µs]
...done.
Result: [0]
This means that the following properties could be separated from the initial configurations:
	[]
While the following properties could not be separated from the initial configurations:
	[sharedmodified]

real	0m1,504s
user	0m1,468s
sys	0m0,018s
********************
/home/jakob/Documents/abstracton/benchmarks/dodo/MESI.json
f
sharedmodified
Running as unit: run-r69647dd613e14cd489c2873081250ed0.scope; invocation ID: f1cf1243cdb64859a087e8804ca51401
Time needed for parsing json file: 2274[µs]
using Flow interpretation
Time needed for constructing Flow interpretation transducer: 3322[µs]
computing ind...
Time needed for computing ind: 5703574[µs]
automaton for ind has 5255 states.
Time needed for minimizing ind: 269206[µs]
minimized automaton for ind has 5 states.
...done.
computing complement of preach...
Time needed for computing complement of preach: 5705981[µs]
automaton for complement of preach has 0 states.
...of which, 0 states are at level 0.
Time needed for trimming complement of preach: 7[µs]
...done.
trying to prove abstract safety...
Time needed for constructing transducer for unsafe property: 41[µs]
Time needed for constructing transducer for (initial, unsafe) pairs: 281[µs]
Time needed for constructing transducer for complement of (initial, unsafe) pairs: 590[µs]
Time needed for building union of complements of preach and (initial, unsafe)-transducer: 129[µs]
Time needed for checking universality using antichains-inclusion algorithm: 420[µs]
Time needed for checking abstract safety: 1583[µs]
...done.
Result: [0]
This means that the following properties could be separated from the initial configurations:
	[]
While the following properties could not be separated from the initial configurations:
	[sharedmodified]

real	0m11,720s
user	0m11,649s
sys	0m0,047s
********************
25 of 61
/home/jakob/Documents/abstracton/benchmarks/dodo/MESI.json
t
deadlock
Running as unit: run-rba22a975f2944e3997bd0392ebbcfdb7.scope; invocation ID: ed0ea32eec58486a8c3916dbb0749a53
Time needed for parsing json file: 2429[µs]
using Trap interpretation
Time needed for constructing Trap interpretation transducer: 3719[µs]
computing ind...
Time needed for computing ind: 1028325[µs]
automaton for ind has 349 states.
Time needed for minimizing ind: 14165[µs]
minimized automaton for ind has 6 states.
...done.
computing complement of preach...
Time needed for computing complement of preach: 1126895[µs]
automaton for complement of preach has 175 states.
...of which, 7 states are at level 0.
Time needed for trimming complement of preach: 559[µs]
...done.
trying to prove abstract safety...
Time needed for constructing transducer for unsafe property: 56[µs]
Time needed for constructing transducer for (initial, unsafe) pairs: 221[µs]
Time needed for constructing transducer for complement of (initial, unsafe) pairs: 79[µs]
Time needed for building union of complements of preach and (initial, unsafe)-transducer: 483[µs]
Time needed for checking universality using antichains-inclusion algorithm: 2133[µs]
Time needed for checking abstract safety: 3180[µs]
...done.
Result: [1]
This means that the following properties could be separated from the initial configurations:
	[deadlock]
While the following properties could not be separated from the initial configurations:
	[]

real	0m2,208s
user	0m2,177s
sys	0m0,015s
********************
/home/jakob/Documents/abstracton/benchmarks/dodo/MESI.json
s
deadlock
Running as unit: run-r2dded5e63a6a43cbb54aa975b05a9081.scope; invocation ID: 9c7a5504cbc94f46a01d9ec39515fa28
Time needed for parsing json file: 2362[µs]
using Siphon interpretation
Time needed for constructing Siphon interpretation transducer: 1415[µs]
computing ind...
Time needed for computing ind: 695957[µs]
automaton for ind has 677 states.
Time needed for minimizing ind: 24713[µs]
minimized automaton for ind has 3 states.
...done.
computing complement of preach...
Time needed for computing complement of preach: 686131[µs]
automaton for complement of preach has 0 states.
...of which, 0 states are at level 0.
Time needed for trimming complement of preach: 6[µs]
...done.
trying to prove abstract safety...
Time needed for constructing transducer for unsafe property: 53[µs]
Time needed for constructing transducer for (initial, unsafe) pairs: 180[µs]
Time needed for constructing transducer for complement of (initial, unsafe) pairs: 63[µs]
Time needed for building union of complements of preach and (initial, unsafe)-transducer: 50[µs]
Time needed for checking universality using antichains-inclusion algorithm: 250[µs]
Time needed for checking abstract safety: 674[µs]
...done.
Result: [1]
This means that the following properties could be separated from the initial configurations:
	[deadlock]
While the following properties could not be separated from the initial configurations:
	[]

real	0m1,438s
user	0m1,411s
sys	0m0,011s
********************
/home/jakob/Documents/abstracton/benchmarks/dodo/MESI.json
f
deadlock
Running as unit: run-ra7c101866fb84b0dbfce205c558ebd64.scope; invocation ID: 33d1e58f02154e44b505e1973396d88d
Time needed for parsing json file: 2251[µs]
using Flow interpretation
Time needed for constructing Flow interpretation transducer: 3201[µs]
computing ind...
Time needed for computing ind: 6007465[µs]
automaton for ind has 5255 states.
Time needed for minimizing ind: 266135[µs]
minimized automaton for ind has 5 states.
...done.
computing complement of preach...
Time needed for computing complement of preach: 5670743[µs]
automaton for complement of preach has 0 states.
...of which, 0 states are at level 0.
Time needed for trimming complement of preach: 6[µs]
...done.
trying to prove abstract safety...
Time needed for constructing transducer for unsafe property: 56[µs]
Time needed for constructing transducer for (initial, unsafe) pairs: 200[µs]
Time needed for constructing transducer for complement of (initial, unsafe) pairs: 71[µs]
Time needed for building union of complements of preach and (initial, unsafe)-transducer: 53[µs]
Time needed for checking universality using antichains-inclusion algorithm: 286[µs]
Time needed for checking abstract safety: 786[µs]
...done.
Result: [1]
This means that the following properties could be separated from the initial configurations:
	[deadlock]
While the following properties could not be separated from the initial configurations:
	[]

real	0m11,976s
user	0m11,928s
sys	0m0,031s
********************
26 of 61
/home/jakob/Documents/abstracton/benchmarks/dodo/MOESI.json
t
modifiedmodified
Running as unit: run-r7cd35c18d69243a3b2d5b43df27d3f6f.scope; invocation ID: 9cc3cf2f7acf406eaea09bd887fb3e53
Time needed for parsing json file: 13231[µs]
using Trap interpretation
Time needed for constructing Trap interpretation transducer: 9233[µs]
computing ind...
Time needed for computing ind: 10133996[µs]
automaton for ind has 1051 states.
Time needed for minimizing ind: 86523[µs]
minimized automaton for ind has 13 states.
...done.
computing complement of preach...
Time needed for computing complement of preach: 10449168[µs]
automaton for complement of preach has 1220 states.
...of which, 20 states are at level 0.
Time needed for trimming complement of preach: 4376[µs]
...done.
trying to prove abstract safety...
Time needed for constructing transducer for unsafe property: 51[µs]
Time needed for constructing transducer for (initial, unsafe) pairs: 375[µs]
Time needed for constructing transducer for complement of (initial, unsafe) pairs: 613[µs]
Time needed for building union of complements of preach and (initial, unsafe)-transducer: 3670[µs]
Time needed for checking universality using antichains-inclusion algorithm: 15894[µs]
Time needed for checking abstract safety: 21341[µs]
...done.
Result: [1]
This means that the following properties could be separated from the initial configurations:
	[modifiedmodified]
While the following properties could not be separated from the initial configurations:
	[]

real	0m20,758s
user	0m20,653s
sys	0m0,066s
********************
/home/jakob/Documents/abstracton/benchmarks/dodo/MOESI.json
s
modifiedmodified
Running as unit: run-ra83878c849fd458fb1fe9b0661f21f86.scope; invocation ID: 3e1f47fd18e9462db633eec9f61a2972
Time needed for parsing json file: 4358[µs]
using Siphon interpretation
Time needed for constructing Siphon interpretation transducer: 3320[µs]
computing ind...
Time needed for computing ind: 5699501[µs]
automaton for ind has 1335 states.
Time needed for minimizing ind: 94075[µs]
minimized automaton for ind has 5 states.
...done.
computing complement of preach...
Time needed for computing complement of preach: 5745953[µs]
automaton for complement of preach has 6 states.
...of which, 2 states are at level 0.
Time needed for trimming complement of preach: 30[µs]
...done.
trying to prove abstract safety...
Time needed for constructing transducer for unsafe property: 36[µs]
Time needed for constructing transducer for (initial, unsafe) pairs: 254[µs]
Time needed for constructing transducer for complement of (initial, unsafe) pairs: 514[µs]
Time needed for building union of complements of preach and (initial, unsafe)-transducer: 139[µs]
Time needed for checking universality using antichains-inclusion algorithm: 1132[µs]
Time needed for checking abstract safety: 2224[µs]
...done.
Result: [0]
This means that the following properties could be separated from the initial configurations:
	[]
While the following properties could not be separated from the initial configurations:
	[modifiedmodified]

real	0m11,580s
user	0m11,485s
sys	0m0,075s
********************
/home/jakob/Documents/abstracton/benchmarks/dodo/MOESI.json
f
modifiedmodified
Running as unit: run-r795ecef0934a4377973d4c8e45afeede.scope; invocation ID: af69d8c21a4b4b34ac2113aa0d1f12ca
Time needed for parsing json file: 4098[µs]
using Flow interpretation
Time needed for constructing Flow interpretation transducer: 8409[µs]
computing ind...
Time needed for computing ind: 50817351[µs]
automaton for ind has 17532 states.
Time needed for minimizing ind: 1574361[µs]
minimized automaton for ind has 7 states.
...done.
computing complement of preach...
Time needed for computing complement of preach: 50562667[µs]
automaton for complement of preach has 6 states.
...of which, 2 states are at level 0.
Time needed for trimming complement of preach: 58[µs]
...done.
trying to prove abstract safety...
Time needed for constructing transducer for unsafe property: 35[µs]
Time needed for constructing transducer for (initial, unsafe) pairs: 265[µs]
Time needed for constructing transducer for complement of (initial, unsafe) pairs: 540[µs]
Time needed for building union of complements of preach and (initial, unsafe)-transducer: 132[µs]
Time needed for checking universality using antichains-inclusion algorithm: 641[µs]
Time needed for checking abstract safety: 1731[µs]
...done.
Result: [0]
This means that the following properties could be separated from the initial configurations:
	[]
While the following properties could not be separated from the initial configurations:
	[modifiedmodified]

real	1m43,015s
user	1m42,669s
sys	0m0,249s
********************
27 of 61
/home/jakob/Documents/abstracton/benchmarks/dodo/MOESI.json
t
exclusiveexclusive
Running as unit: run-r56a2be87455f413d92a231936aa31057.scope; invocation ID: 1283caea0d5b4ea98324f41ef8149ba8
Time needed for parsing json file: 4394[µs]
using Trap interpretation
Time needed for constructing Trap interpretation transducer: 8827[µs]
computing ind...
Time needed for computing ind: 9988854[µs]
automaton for ind has 1051 states.
Time needed for minimizing ind: 86195[µs]
minimized automaton for ind has 13 states.
...done.
computing complement of preach...
Time needed for computing complement of preach: 10540670[µs]
automaton for complement of preach has 1220 states.
...of which, 20 states are at level 0.
Time needed for trimming complement of preach: 4823[µs]
...done.
trying to prove abstract safety...
Time needed for constructing transducer for unsafe property: 41[µs]
Time needed for constructing transducer for (initial, unsafe) pairs: 306[µs]
Time needed for constructing transducer for complement of (initial, unsafe) pairs: 614[µs]
Time needed for building union of complements of preach and (initial, unsafe)-transducer: 3734[µs]
Time needed for checking universality using antichains-inclusion algorithm: 17163[µs]
Time needed for checking abstract safety: 22780[µs]
...done.
Result: [1]
This means that the following properties could be separated from the initial configurations:
	[exclusiveexclusive]
While the following properties could not be separated from the initial configurations:
	[]

real	0m20,697s
user	0m20,599s
sys	0m0,068s
********************
/home/jakob/Documents/abstracton/benchmarks/dodo/MOESI.json
s
exclusiveexclusive
Running as unit: run-r7e0bd4bc9d1a48ea866fc53fcb59baf4.scope; invocation ID: d4b7c05056e044c2ae3c88b6fdc4f59d
Time needed for parsing json file: 4461[µs]
using Siphon interpretation
Time needed for constructing Siphon interpretation transducer: 3250[µs]
computing ind...
Time needed for computing ind: 5732378[µs]
automaton for ind has 1335 states.
Time needed for minimizing ind: 100297[µs]
minimized automaton for ind has 5 states.
...done.
computing complement of preach...
Time needed for computing complement of preach: 5772902[µs]
automaton for complement of preach has 6 states.
...of which, 2 states are at level 0.
Time needed for trimming complement of preach: 36[µs]
...done.
trying to prove abstract safety...
Time needed for constructing transducer for unsafe property: 39[µs]
Time needed for constructing transducer for (initial, unsafe) pairs: 278[µs]
Time needed for constructing transducer for complement of (initial, unsafe) pairs: 597[µs]
Time needed for building union of complements of preach and (initial, unsafe)-transducer: 132[µs]
Time needed for checking universality using antichains-inclusion algorithm: 1221[µs]
Time needed for checking abstract safety: 2412[µs]
...done.
Result: [0]
This means that the following properties could be separated from the initial configurations:
	[]
While the following properties could not be separated from the initial configurations:
	[exclusiveexclusive]

real	0m11,647s
user	0m11,558s
sys	0m0,065s
********************
/home/jakob/Documents/abstracton/benchmarks/dodo/MOESI.json
f
exclusiveexclusive
Running as unit: run-r6f0a329e36174b64ac0142874b95527f.scope; invocation ID: 1c68c2a3f24048319f0906e45ef4197b
Time needed for parsing json file: 4393[µs]
using Flow interpretation
Time needed for constructing Flow interpretation transducer: 7840[µs]
computing ind...
Time needed for computing ind: 50832751[µs]
automaton for ind has 17532 states.
Time needed for minimizing ind: 1536907[µs]
minimized automaton for ind has 7 states.
...done.
computing complement of preach...
Time needed for computing complement of preach: 50175381[µs]
automaton for complement of preach has 6 states.
...of which, 2 states are at level 0.
Time needed for trimming complement of preach: 90[µs]
...done.
trying to prove abstract safety...
Time needed for constructing transducer for unsafe property: 49[µs]
Time needed for constructing transducer for (initial, unsafe) pairs: 317[µs]
Time needed for constructing transducer for complement of (initial, unsafe) pairs: 765[µs]
Time needed for building union of complements of preach and (initial, unsafe)-transducer: 203[µs]
Time needed for checking universality using antichains-inclusion algorithm: 745[µs]
Time needed for checking abstract safety: 2234[µs]
...done.
Result: [0]
This means that the following properties could be separated from the initial configurations:
	[]
While the following properties could not be separated from the initial configurations:
	[exclusiveexclusive]

real	1m42,608s
user	1m42,287s
sys	0m0,226s
********************
28 of 61
/home/jakob/Documents/abstracton/benchmarks/dodo/MOESI.json
t
sharedexclusive
Running as unit: run-r6a0f34a127294e1f8a12dab46d062cc4.scope; invocation ID: adae1b5f75ac42d6ae983f0e9b0c9f60
Time needed for parsing json file: 4486[µs]
using Trap interpretation
Time needed for constructing Trap interpretation transducer: 9257[µs]
computing ind...
Time needed for computing ind: 10048627[µs]
automaton for ind has 1051 states.
Time needed for minimizing ind: 87750[µs]
minimized automaton for ind has 13 states.
...done.
computing complement of preach...
Time needed for computing complement of preach: 10599486[µs]
automaton for complement of preach has 1220 states.
...of which, 20 states are at level 0.
Time needed for trimming complement of preach: 4401[µs]
...done.
trying to prove abstract safety...
Time needed for constructing transducer for unsafe property: 52[µs]
Time needed for constructing transducer for (initial, unsafe) pairs: 360[µs]
Time needed for constructing transducer for complement of (initial, unsafe) pairs: 733[µs]
Time needed for building union of complements of preach and (initial, unsafe)-transducer: 3534[µs]
Time needed for checking universality using antichains-inclusion algorithm: 15251[µs]
Time needed for checking abstract safety: 20721[µs]
...done.
Result: [1]
This means that the following properties could be separated from the initial configurations:
	[sharedexclusive]
While the following properties could not be separated from the initial configurations:
	[]

real	0m20,812s
user	0m20,713s
sys	0m0,063s
********************
/home/jakob/Documents/abstracton/benchmarks/dodo/MOESI.json
s
sharedexclusive
Running as unit: run-r34ad75a0da724aac8e720c340f3c3f5c.scope; invocation ID: a3ba56db64e94c8d9a256a2ffa99d5ad
Time needed for parsing json file: 4481[µs]
using Siphon interpretation
Time needed for constructing Siphon interpretation transducer: 3247[µs]
computing ind...
Time needed for computing ind: 5932041[µs]
automaton for ind has 1335 states.
Time needed for minimizing ind: 93443[µs]
minimized automaton for ind has 5 states.
...done.
computing complement of preach...
Time needed for computing complement of preach: 5680234[µs]
automaton for complement of preach has 6 states.
...of which, 2 states are at level 0.
Time needed for trimming complement of preach: 30[µs]
...done.
trying to prove abstract safety...
Time needed for constructing transducer for unsafe property: 48[µs]
Time needed for constructing transducer for (initial, unsafe) pairs: 307[µs]
Time needed for constructing transducer for complement of (initial, unsafe) pairs: 672[µs]
Time needed for building union of complements of preach and (initial, unsafe)-transducer: 154[µs]
Time needed for checking universality using antichains-inclusion algorithm: 696[µs]
Time needed for checking abstract safety: 2572[µs]
...done.
Result: [0]
This means that the following properties could be separated from the initial configurations:
	[]
While the following properties could not be separated from the initial configurations:
	[sharedexclusive]

real	0m11,747s
user	0m11,652s
sys	0m0,073s
********************
/home/jakob/Documents/abstracton/benchmarks/dodo/MOESI.json
f
sharedexclusive
Running as unit: run-rc1f1d786b4d94f0ca5882da25da1bc64.scope; invocation ID: 00e2a1ae2c8d45249bc41aee78269992
Time needed for parsing json file: 4438[µs]
using Flow interpretation
Time needed for constructing Flow interpretation transducer: 7478[µs]
computing ind...
Time needed for computing ind: 50163239[µs]
automaton for ind has 17532 states.
Time needed for minimizing ind: 1668019[µs]
minimized automaton for ind has 7 states.
...done.
computing complement of preach...
Time needed for computing complement of preach: 50696937[µs]
automaton for complement of preach has 6 states.
...of which, 2 states are at level 0.
Time needed for trimming complement of preach: 70[µs]
...done.
trying to prove abstract safety...
Time needed for constructing transducer for unsafe property: 49[µs]
Time needed for constructing transducer for (initial, unsafe) pairs: 333[µs]
Time needed for constructing transducer for complement of (initial, unsafe) pairs: 676[µs]
Time needed for building union of complements of preach and (initial, unsafe)-transducer: 152[µs]
Time needed for checking universality using antichains-inclusion algorithm: 679[µs]
Time needed for checking abstract safety: 2040[µs]
...done.
Result: [0]
This means that the following properties could be separated from the initial configurations:
	[]
While the following properties could not be separated from the initial configurations:
	[sharedexclusive]

real	1m42,592s
user	1m42,293s
sys	0m0,231s
********************
29 of 61
/home/jakob/Documents/abstracton/benchmarks/dodo/MOESI.json
t
ownedexclusive
Running as unit: run-rf23591235f6849dd8b51400c0a422cee.scope; invocation ID: 5bb5ced7bbe3404ba28b91b8d4bafb50
Time needed for parsing json file: 4532[µs]
using Trap interpretation
Time needed for constructing Trap interpretation transducer: 9265[µs]
computing ind...
Time needed for computing ind: 10343496[µs]
automaton for ind has 1051 states.
Time needed for minimizing ind: 84737[µs]
minimized automaton for ind has 13 states.
...done.
computing complement of preach...
Time needed for computing complement of preach: 10396154[µs]
automaton for complement of preach has 1220 states.
...of which, 20 states are at level 0.
Time needed for trimming complement of preach: 4126[µs]
...done.
trying to prove abstract safety...
Time needed for constructing transducer for unsafe property: 46[µs]
Time needed for constructing transducer for (initial, unsafe) pairs: 341[µs]
Time needed for constructing transducer for complement of (initial, unsafe) pairs: 717[µs]
Time needed for building union of complements of preach and (initial, unsafe)-transducer: 3637[µs]
Time needed for checking universality using antichains-inclusion algorithm: 17196[µs]
Time needed for checking abstract safety: 22751[µs]
...done.
Result: [1]
This means that the following properties could be separated from the initial configurations:
	[ownedexclusive]
While the following properties could not be separated from the initial configurations:
	[]

real	0m20,901s
user	0m20,818s
sys	0m0,059s
********************
/home/jakob/Documents/abstracton/benchmarks/dodo/MOESI.json
s
ownedexclusive
Running as unit: run-re6aa800bce4943aeac640b4c4335c2b9.scope; invocation ID: a90c308002e1401b9dfc80ef8a86a08c
Time needed for parsing json file: 4301[µs]
using Siphon interpretation
Time needed for constructing Siphon interpretation transducer: 3189[µs]
computing ind...
Time needed for computing ind: 5738778[µs]
automaton for ind has 1335 states.
Time needed for minimizing ind: 94970[µs]
minimized automaton for ind has 5 states.
...done.
computing complement of preach...
Time needed for computing complement of preach: 5714587[µs]
automaton for complement of preach has 6 states.
...of which, 2 states are at level 0.
Time needed for trimming complement of preach: 30[µs]
...done.
trying to prove abstract safety...
Time needed for constructing transducer for unsafe property: 45[µs]
Time needed for constructing transducer for (initial, unsafe) pairs: 322[µs]
Time needed for constructing transducer for complement of (initial, unsafe) pairs: 660[µs]
Time needed for building union of complements of preach and (initial, unsafe)-transducer: 151[µs]
Time needed for checking universality using antichains-inclusion algorithm: 645[µs]
Time needed for checking abstract safety: 2416[µs]
...done.
Result: [0]
This means that the following properties could be separated from the initial configurations:
	[]
While the following properties could not be separated from the initial configurations:
	[ownedexclusive]

real	0m11,589s
user	0m11,508s
sys	0m0,063s
********************
/home/jakob/Documents/abstracton/benchmarks/dodo/MOESI.json
f
ownedexclusive
Running as unit: run-rfd4ff24769dd4b3fa9d9f352051ed801.scope; invocation ID: 835da036a2a842b8bd3a754a86a72653
Time needed for parsing json file: 4154[µs]
using Flow interpretation
Time needed for constructing Flow interpretation transducer: 7912[µs]
computing ind...
Time needed for computing ind: 50404655[µs]
automaton for ind has 17532 states.
Time needed for minimizing ind: 1545580[µs]
minimized automaton for ind has 7 states.
...done.
computing complement of preach...
Time needed for computing complement of preach: 50042249[µs]
automaton for complement of preach has 6 states.
...of which, 2 states are at level 0.
Time needed for trimming complement of preach: 56[µs]
...done.
trying to prove abstract safety...
Time needed for constructing transducer for unsafe property: 62[µs]
Time needed for constructing transducer for (initial, unsafe) pairs: 329[µs]
Time needed for constructing transducer for complement of (initial, unsafe) pairs: 762[µs]
Time needed for building union of complements of preach and (initial, unsafe)-transducer: 156[µs]
Time needed for checking universality using antichains-inclusion algorithm: 850[µs]
Time needed for checking abstract safety: 2358[µs]
...done.
Result: [0]
This means that the following properties could be separated from the initial configurations:
	[]
While the following properties could not be separated from the initial configurations:
	[ownedexclusive]

real	1m42,056s
user	1m41,787s
sys	0m0,201s
********************
30 of 61
/home/jakob/Documents/abstracton/benchmarks/dodo/MOESI.json
t
exclusivemodified
Running as unit: run-ref71953aec4543d3999df243c2e5f175.scope; invocation ID: b074312864b843e0bbfc924b08f977f7
Time needed for parsing json file: 5985[µs]
using Trap interpretation
Time needed for constructing Trap interpretation transducer: 9152[µs]
computing ind...
Time needed for computing ind: 10110953[µs]
automaton for ind has 1051 states.
Time needed for minimizing ind: 91406[µs]
minimized automaton for ind has 13 states.
...done.
computing complement of preach...
Time needed for computing complement of preach: 10587158[µs]
automaton for complement of preach has 1220 states.
...of which, 20 states are at level 0.
Time needed for trimming complement of preach: 4248[µs]
...done.
trying to prove abstract safety...
Time needed for constructing transducer for unsafe property: 48[µs]
Time needed for constructing transducer for (initial, unsafe) pairs: 345[µs]
Time needed for constructing transducer for complement of (initial, unsafe) pairs: 671[µs]
Time needed for building union of complements of preach and (initial, unsafe)-transducer: 3471[µs]
Time needed for checking universality using antichains-inclusion algorithm: 19787[µs]
Time needed for checking abstract safety: 25156[µs]
...done.
Result: [1]
This means that the following properties could be separated from the initial configurations:
	[exclusivemodified]
While the following properties could not be separated from the initial configurations:
	[]

real	0m20,865s
user	0m20,769s
sys	0m0,076s
********************
/home/jakob/Documents/abstracton/benchmarks/dodo/MOESI.json
s
exclusivemodified
Running as unit: run-r05614b4a7d5c4be58a1eb862084d9ee9.scope; invocation ID: 34f56751cf0e4dff9afdca6fbfa6fcff
Time needed for parsing json file: 4710[µs]
using Siphon interpretation
Time needed for constructing Siphon interpretation transducer: 3327[µs]
computing ind...
Time needed for computing ind: 5679272[µs]
automaton for ind has 1335 states.
Time needed for minimizing ind: 91974[µs]
minimized automaton for ind has 5 states.
...done.
computing complement of preach...
Time needed for computing complement of preach: 5749964[µs]
automaton for complement of preach has 6 states.
...of which, 2 states are at level 0.
Time needed for trimming complement of preach: 43[µs]
...done.
trying to prove abstract safety...
Time needed for constructing transducer for unsafe property: 47[µs]
Time needed for constructing transducer for (initial, unsafe) pairs: 314[µs]
Time needed for constructing transducer for complement of (initial, unsafe) pairs: 679[µs]
Time needed for building union of complements of preach and (initial, unsafe)-transducer: 171[µs]
Time needed for checking universality using antichains-inclusion algorithm: 624[µs]
Time needed for checking abstract safety: 1988[µs]
...done.
Result: [0]
This means that the following properties could be separated from the initial configurations:
	[]
While the following properties could not be separated from the initial configurations:
	[exclusivemodified]

real	0m11,560s
user	0m11,484s
sys	0m0,059s
********************
/home/jakob/Documents/abstracton/benchmarks/dodo/MOESI.json
f
exclusivemodified
Running as unit: run-radc0584a2bfe449fa415ad6825ac773f.scope; invocation ID: 0e796d3b0b534cf69625bf5241f470ad
Time needed for parsing json file: 5455[µs]
using Flow interpretation
Time needed for constructing Flow interpretation transducer: 7978[µs]
computing ind...
Time needed for computing ind: 50383130[µs]
automaton for ind has 17532 states.
Time needed for minimizing ind: 1540603[µs]
minimized automaton for ind has 7 states.
...done.
computing complement of preach...
Time needed for computing complement of preach: 50027592[µs]
automaton for complement of preach has 6 states.
...of which, 2 states are at level 0.
Time needed for trimming complement of preach: 66[µs]
...done.
trying to prove abstract safety...
Time needed for constructing transducer for unsafe property: 46[µs]
Time needed for constructing transducer for (initial, unsafe) pairs: 315[µs]
Time needed for constructing transducer for complement of (initial, unsafe) pairs: 698[µs]
Time needed for building union of complements of preach and (initial, unsafe)-transducer: 152[µs]
Time needed for checking universality using antichains-inclusion algorithm: 651[µs]
Time needed for checking abstract safety: 1992[µs]
...done.
Result: [0]
This means that the following properties could be separated from the initial configurations:
	[]
While the following properties could not be separated from the initial configurations:
	[exclusivemodified]

real	1m42,019s
user	1m41,709s
sys	0m0,238s
********************
31 of 61
/home/jakob/Documents/abstracton/benchmarks/dodo/MOESI.json
t
ownedmodified
Running as unit: run-r0faa502583b74d9e87e298684578c804.scope; invocation ID: 3d0ff75d48694e80bc04c823c4ad8cfe
Time needed for parsing json file: 4495[µs]
using Trap interpretation
Time needed for constructing Trap interpretation transducer: 9469[µs]
computing ind...
Time needed for computing ind: 10257528[µs]
automaton for ind has 1051 states.
Time needed for minimizing ind: 83680[µs]
minimized automaton for ind has 13 states.
...done.
computing complement of preach...
Time needed for computing complement of preach: 10521449[µs]
automaton for complement of preach has 1220 states.
...of which, 20 states are at level 0.
Time needed for trimming complement of preach: 4175[µs]
...done.
trying to prove abstract safety...
Time needed for constructing transducer for unsafe property: 46[µs]
Time needed for constructing transducer for (initial, unsafe) pairs: 365[µs]
Time needed for constructing transducer for complement of (initial, unsafe) pairs: 730[µs]
Time needed for building union of complements of preach and (initial, unsafe)-transducer: 3762[µs]
Time needed for checking universality using antichains-inclusion algorithm: 17415[µs]
Time needed for checking abstract safety: 23121[µs]
...done.
Result: [1]
This means that the following properties could be separated from the initial configurations:
	[ownedmodified]
While the following properties could not be separated from the initial configurations:
	[]

real	0m20,941s
user	0m20,843s
sys	0m0,072s
********************
/home/jakob/Documents/abstracton/benchmarks/dodo/MOESI.json
s
ownedmodified
Running as unit: run-r5d9ebd9fc1e14a42a60ef236d34f02bf.scope; invocation ID: c0f3ec98b2364940baeea49953802d18
Time needed for parsing json file: 4494[µs]
using Siphon interpretation
Time needed for constructing Siphon interpretation transducer: 3135[µs]
computing ind...
Time needed for computing ind: 5834230[µs]
automaton for ind has 1335 states.
Time needed for minimizing ind: 96266[µs]
minimized automaton for ind has 5 states.
...done.
computing complement of preach...
Time needed for computing complement of preach: 5740964[µs]
automaton for complement of preach has 6 states.
...of which, 2 states are at level 0.
Time needed for trimming complement of preach: 30[µs]
...done.
trying to prove abstract safety...
Time needed for constructing transducer for unsafe property: 46[µs]
Time needed for constructing transducer for (initial, unsafe) pairs: 315[µs]
Time needed for constructing transducer for complement of (initial, unsafe) pairs: 663[µs]
Time needed for building union of complements of preach and (initial, unsafe)-transducer: 154[µs]
Time needed for checking universality using antichains-inclusion algorithm: 651[µs]
Time needed for checking abstract safety: 2554[µs]
...done.
Result: [0]
This means that the following properties could be separated from the initial configurations:
	[]
While the following properties could not be separated from the initial configurations:
	[ownedmodified]

real	0m11,717s
user	0m11,624s
sys	0m0,067s
********************
/home/jakob/Documents/abstracton/benchmarks/dodo/MOESI.json
f
ownedmodified
Running as unit: run-re69d13bab5e74581b47dd549a02c2798.scope; invocation ID: bd56e4f8c31645068e973d0745bfad07
Time needed for parsing json file: 4243[µs]
using Flow interpretation
Time needed for constructing Flow interpretation transducer: 7446[µs]
computing ind...
Time needed for computing ind: 50605857[µs]
automaton for ind has 17532 states.
Time needed for minimizing ind: 1567687[µs]
minimized automaton for ind has 7 states.
...done.
computing complement of preach...
Time needed for computing complement of preach: 50509344[µs]
automaton for complement of preach has 6 states.
...of which, 2 states are at level 0.
Time needed for trimming complement of preach: 58[µs]
...done.
trying to prove abstract safety...
Time needed for constructing transducer for unsafe property: 42[µs]
Time needed for constructing transducer for (initial, unsafe) pairs: 320[µs]
Time needed for constructing transducer for complement of (initial, unsafe) pairs: 668[µs]
Time needed for building union of complements of preach and (initial, unsafe)-transducer: 152[µs]
Time needed for checking universality using antichains-inclusion algorithm: 660[µs]
Time needed for checking abstract safety: 1968[µs]
...done.
Result: [0]
This means that the following properties could be separated from the initial configurations:
	[]
While the following properties could not be separated from the initial configurations:
	[ownedmodified]

real	1m42,743s
user	1m42,418s
sys	0m0,233s
********************
32 of 61
/home/jakob/Documents/abstracton/benchmarks/dodo/MOESI.json
t
sharedmodified
Running as unit: run-raafc4b185c394297ae654eb61e014c8a.scope; invocation ID: c660d340e758444b8576473c342488ec
Time needed for parsing json file: 4379[µs]
using Trap interpretation
Time needed for constructing Trap interpretation transducer: 9078[µs]
computing ind...
Time needed for computing ind: 10072664[µs]
automaton for ind has 1051 states.
Time needed for minimizing ind: 86696[µs]
minimized automaton for ind has 13 states.
...done.
computing complement of preach...
Time needed for computing complement of preach: 10492628[µs]
automaton for complement of preach has 1220 states.
...of which, 20 states are at level 0.
Time needed for trimming complement of preach: 6782[µs]
...done.
trying to prove abstract safety...
Time needed for constructing transducer for unsafe property: 51[µs]
Time needed for constructing transducer for (initial, unsafe) pairs: 366[µs]
Time needed for constructing transducer for complement of (initial, unsafe) pairs: 740[µs]
Time needed for building union of complements of preach and (initial, unsafe)-transducer: 3802[µs]
Time needed for checking universality using antichains-inclusion algorithm: 15091[µs]
Time needed for checking abstract safety: 20892[µs]
...done.
Result: [1]
This means that the following properties could be separated from the initial configurations:
	[sharedmodified]
While the following properties could not be separated from the initial configurations:
	[]

real	0m20,734s
user	0m20,627s
sys	0m0,075s
********************
/home/jakob/Documents/abstracton/benchmarks/dodo/MOESI.json
s
sharedmodified
Running as unit: run-r287e8576826649e29c53a28ed786f666.scope; invocation ID: 26fba6ae332a4b6186d9a770abecf4c4
Time needed for parsing json file: 4593[µs]
using Siphon interpretation
Time needed for constructing Siphon interpretation transducer: 3268[µs]
computing ind...
Time needed for computing ind: 5924160[µs]
automaton for ind has 1335 states.
Time needed for minimizing ind: 97458[µs]
minimized automaton for ind has 5 states.
...done.
computing complement of preach...
Time needed for computing complement of preach: 5734674[µs]
automaton for complement of preach has 6 states.
...of which, 2 states are at level 0.
Time needed for trimming complement of preach: 29[µs]
...done.
trying to prove abstract safety...
Time needed for constructing transducer for unsafe property: 49[µs]
Time needed for constructing transducer for (initial, unsafe) pairs: 318[µs]
Time needed for constructing transducer for complement of (initial, unsafe) pairs: 661[µs]
Time needed for building union of complements of preach and (initial, unsafe)-transducer: 154[µs]
Time needed for checking universality using antichains-inclusion algorithm: 630[µs]
Time needed for checking abstract safety: 2560[µs]
...done.
Result: [0]
This means that the following properties could be separated from the initial configurations:
	[]
While the following properties could not be separated from the initial configurations:
	[sharedmodified]

real	0m11,797s
user	0m11,703s
sys	0m0,076s
********************
/home/jakob/Documents/abstracton/benchmarks/dodo/MOESI.json
f
sharedmodified
Running as unit: run-re3f707979d6c4e9e871eaf735dc11713.scope; invocation ID: 6c7b807417dc4f37abd08fe217b4c761
Time needed for parsing json file: 4392[µs]
using Flow interpretation
Time needed for constructing Flow interpretation transducer: 8582[µs]
computing ind...
Time needed for computing ind: 50255409[µs]
automaton for ind has 17532 states.
Time needed for minimizing ind: 1535278[µs]
minimized automaton for ind has 7 states.
...done.
computing complement of preach...
Time needed for computing complement of preach: 50706279[µs]
automaton for complement of preach has 6 states.
...of which, 2 states are at level 0.
Time needed for trimming complement of preach: 67[µs]
...done.
trying to prove abstract safety...
Time needed for constructing transducer for unsafe property: 49[µs]
Time needed for constructing transducer for (initial, unsafe) pairs: 362[µs]
Time needed for constructing transducer for complement of (initial, unsafe) pairs: 738[µs]
Time needed for building union of complements of preach and (initial, unsafe)-transducer: 171[µs]
Time needed for checking universality using antichains-inclusion algorithm: 692[µs]
Time needed for checking abstract safety: 2141[µs]
...done.
Result: [0]
This means that the following properties could be separated from the initial configurations:
	[]
While the following properties could not be separated from the initial configurations:
	[sharedmodified]

real	1m42,568s
user	1m42,250s
sys	0m0,222s
********************
33 of 61
/home/jakob/Documents/abstracton/benchmarks/dodo/MOESI.json
t
deadlock
Running as unit: run-r4573ab270f99491aa80c4c6012d801ac.scope; invocation ID: cc7900675d65494d866905f62721fadc
Time needed for parsing json file: 4798[µs]
using Trap interpretation
Time needed for constructing Trap interpretation transducer: 9546[µs]
computing ind...
Time needed for computing ind: 10277483[µs]
automaton for ind has 1051 states.
Time needed for minimizing ind: 95312[µs]
minimized automaton for ind has 13 states.
...done.
computing complement of preach...
Time needed for computing complement of preach: 10612683[µs]
automaton for complement of preach has 1220 states.
...of which, 20 states are at level 0.
Time needed for trimming complement of preach: 4519[µs]
...done.
trying to prove abstract safety...
Time needed for constructing transducer for unsafe property: 56[µs]
Time needed for constructing transducer for (initial, unsafe) pairs: 218[µs]
Time needed for constructing transducer for complement of (initial, unsafe) pairs: 83[µs]
Time needed for building union of complements of preach and (initial, unsafe)-transducer: 3532[µs]
Time needed for checking universality using antichains-inclusion algorithm: 13231[µs]
Time needed for checking abstract safety: 17879[µs]
...done.
Result: [1]
This means that the following properties could be separated from the initial configurations:
	[deadlock]
While the following properties could not be separated from the initial configurations:
	[]

real	0m21,058s
user	0m20,959s
sys	0m0,067s
********************
/home/jakob/Documents/abstracton/benchmarks/dodo/MOESI.json
s
deadlock
Running as unit: run-rb8be877a37ef4a8599ba054a1075fd0c.scope; invocation ID: b74e73a6b9f044c4a2a1dfaba616c042
Time needed for parsing json file: 4471[µs]
using Siphon interpretation
Time needed for constructing Siphon interpretation transducer: 3352[µs]
computing ind...
Time needed for computing ind: 5719596[µs]
automaton for ind has 1335 states.
Time needed for minimizing ind: 106273[µs]
minimized automaton for ind has 5 states.
...done.
computing complement of preach...
Time needed for computing complement of preach: 5668927[µs]
automaton for complement of preach has 6 states.
...of which, 2 states are at level 0.
Time needed for trimming complement of preach: 30[µs]
...done.
trying to prove abstract safety...
Time needed for constructing transducer for unsafe property: 65[µs]
Time needed for constructing transducer for (initial, unsafe) pairs: 204[µs]
Time needed for constructing transducer for complement of (initial, unsafe) pairs: 82[µs]
Time needed for building union of complements of preach and (initial, unsafe)-transducer: 72[µs]
Time needed for checking universality using antichains-inclusion algorithm: 395[µs]
Time needed for checking abstract safety: 2013[µs]
...done.
Result: [1]
This means that the following properties could be separated from the initial configurations:
	[deadlock]
While the following properties could not be separated from the initial configurations:
	[]

real	0m11,538s
user	0m11,470s
sys	0m0,046s
********************
/home/jakob/Documents/abstracton/benchmarks/dodo/MOESI.json
f
deadlock
Running as unit: run-r749316c803cb436fb98ce4982ae9b527.scope; invocation ID: fe455e30aa39458984529ff02f877e6f
Time needed for parsing json file: 4223[µs]
using Flow interpretation
Time needed for constructing Flow interpretation transducer: 8027[µs]
computing ind...
Time needed for computing ind: 50228715[µs]
automaton for ind has 17532 states.
Time needed for minimizing ind: 1565550[µs]
minimized automaton for ind has 7 states.
...done.
computing complement of preach...
Time needed for computing complement of preach: 50488249[µs]
automaton for complement of preach has 6 states.
...of which, 2 states are at level 0.
Time needed for trimming complement of preach: 54[µs]
...done.
trying to prove abstract safety...
Time needed for constructing transducer for unsafe property: 86[µs]
Time needed for constructing transducer for (initial, unsafe) pairs: 255[µs]
Time needed for constructing transducer for complement of (initial, unsafe) pairs: 100[µs]
Time needed for building union of complements of preach and (initial, unsafe)-transducer: 71[µs]
Time needed for checking universality using antichains-inclusion algorithm: 419[µs]
Time needed for checking abstract safety: 1054[µs]
...done.
Result: [1]
This means that the following properties could be separated from the initial configurations:
	[deadlock]
While the following properties could not be separated from the initial configurations:
	[]

real	1m42,344s
user	1m42,029s
sys	0m0,227s
********************
34 of 61
/home/jakob/Documents/abstracton/benchmarks/dodo/Szymanski.json
t
nomutex
Running as unit: run-r72352ba0cf8b40409afec707ee34f6a5.scope; invocation ID: a7e2220a49ca48c9ba74f6cdae531372
Time needed for parsing json file: 324322[µs]
using Trap interpretation

real	20m3,169s
user	19m36,730s
sys	0m25,656s
********************
/home/jakob/Documents/abstracton/benchmarks/dodo/Szymanski.json
s
nomutex
Running as unit: run-r95afe60e2ef64a299e4aeb7c4263341d.scope; invocation ID: 1b6a0ec4d8b149bdb6e4281ad89e255e
Time needed for parsing json file: 297049[µs]
using Siphon interpretation

real	20m3,084s
user	19m36,894s
sys	0m25,466s
********************
/home/jakob/Documents/abstracton/benchmarks/dodo/Szymanski.json
f
nomutex
Running as unit: run-r80d43d87771f43bbbab1aa5e502da4fa.scope; invocation ID: a27f737ac33e4b7f9d573918b0007568
Time needed for parsing json file: 297472[µs]
using Flow interpretation

real	20m3,149s
user	19m36,927s
sys	0m25,336s
********************
35 of 61
/home/jakob/Documents/abstracton/benchmarks/dodo/Szymanski.json
t
deadlock
Running as unit: run-r930ca7568a584a2b8e25ac1aa9db9f0d.scope; invocation ID: d4375a76c8bd4f878d2879c3b89fcb93
Time needed for parsing json file: 304388[µs]
using Trap interpretation

real	20m2,947s
user	19m36,727s
sys	0m25,329s
********************
/home/jakob/Documents/abstracton/benchmarks/dodo/Szymanski.json
s
deadlock
Running as unit: run-r6e8abf60ed8f4494a361a9db07fbf587.scope; invocation ID: 510548eecb734c5892ac0a25165c8c10
Time needed for parsing json file: 291396[µs]
using Siphon interpretation

real	20m2,859s
user	19m36,509s
sys	0m25,443s
********************
/home/jakob/Documents/abstracton/benchmarks/dodo/Szymanski.json
f
deadlock
Running as unit: run-r985d7bd84201480a96318d87df5cc9d1.scope; invocation ID: 6dad7e07902d42a6916991a2307a7991
Time needed for parsing json file: 293358[µs]
using Flow interpretation

real	20m2,998s
user	19m36,134s
sys	0m26,092s
********************
36 of 61
/home/jakob/Documents/abstracton/benchmarks/dodo/atomic-dining-philosophers.json
t
deadlock
Running as unit: run-r7d1f83813a874ddd8e72441c03a08b47.scope; invocation ID: 3c75895e849f47bf800112eb0b0398b0
Time needed for parsing json file: 2500[µs]
using Trap interpretation
Time needed for constructing Trap interpretation transducer: 4524[µs]
computing ind...
Time needed for computing ind: 889669[µs]
automaton for ind has 629 states.
Time needed for minimizing ind: 34919[µs]
minimized automaton for ind has 26 states.
...done.
computing complement of preach...
Time needed for computing complement of preach: 1289325[µs]
automaton for complement of preach has 1043 states.
...of which, 47 states are at level 0.
Time needed for trimming complement of preach: 3004[µs]
...done.
trying to prove abstract safety...
Time needed for constructing transducer for unsafe property: 155[µs]
Time needed for constructing transducer for (initial, unsafe) pairs: 853[µs]
Time needed for constructing transducer for complement of (initial, unsafe) pairs: 1293[µs]
Time needed for building union of complements of preach and (initial, unsafe)-transducer: 2742[µs]
Time needed for checking universality using antichains-inclusion algorithm: 45843[µs]
Time needed for checking abstract safety: 51656[µs]
...done.
Result: [1]
This means that the following properties could be separated from the initial configurations:
	[deadlock]
While the following properties could not be separated from the initial configurations:
	[]

real	0m2,309s
user	0m2,239s
sys	0m0,054s
********************
/home/jakob/Documents/abstracton/benchmarks/dodo/atomic-dining-philosophers.json
s
deadlock
Running as unit: run-r0ab24fea4e3344e391e1acc7a0f12663.scope; invocation ID: cee2a08e0c9c43868e9640a28fee1e40
Time needed for parsing json file: 1988[µs]
using Siphon interpretation
Time needed for constructing Siphon interpretation transducer: 1448[µs]
computing ind...
Time needed for computing ind: 504224[µs]
automaton for ind has 629 states.
Time needed for minimizing ind: 36393[µs]
minimized automaton for ind has 26 states.
...done.
computing complement of preach...
Time needed for computing complement of preach: 631875[µs]
automaton for complement of preach has 527 states.
...of which, 47 states are at level 0.
Time needed for trimming complement of preach: 3474[µs]
...done.
trying to prove abstract safety...
Time needed for constructing transducer for unsafe property: 186[µs]
Time needed for constructing transducer for (initial, unsafe) pairs: 905[µs]
Time needed for constructing transducer for complement of (initial, unsafe) pairs: 1421[µs]
Time needed for building union of complements of preach and (initial, unsafe)-transducer: 2154[µs]
Time needed for checking universality using antichains-inclusion algorithm: 22352[µs]
Time needed for checking abstract safety: 27580[µs]
...done.
Result: [0]
This means that the following properties could be separated from the initial configurations:
	[]
While the following properties could not be separated from the initial configurations:
	[deadlock]

real	0m1,236s
user	0m1,204s
sys	0m0,016s
********************
/home/jakob/Documents/abstracton/benchmarks/dodo/atomic-dining-philosophers.json
f
deadlock
Running as unit: run-r0997c67af75842a6ab24a487cb974885.scope; invocation ID: 180373ad327447f49f5b58f0ce1769b7
Time needed for parsing json file: 2227[µs]
using Flow interpretation
Time needed for constructing Flow interpretation transducer: 3570[µs]
computing ind...
Time needed for computing ind: 3523263[µs]
automaton for ind has 4050 states.
Time needed for minimizing ind: 512425[µs]
minimized automaton for ind has 59 states.
...done.
computing complement of preach...
Time needed for computing complement of preach: 3589038[µs]
automaton for complement of preach has 1955 states.
...of which, 171 states are at level 0.
Time needed for trimming complement of preach: 8177[µs]
...done.
trying to prove abstract safety...
Time needed for constructing transducer for unsafe property: 260[µs]
Time needed for constructing transducer for (initial, unsafe) pairs: 1386[µs]
Time needed for constructing transducer for complement of (initial, unsafe) pairs: 1862[µs]
Time needed for building union of complements of preach and (initial, unsafe)-transducer: 8613[µs]
Time needed for checking universality using antichains-inclusion algorithm: 1390830[µs]
Time needed for checking abstract safety: 1404504[µs]
...done.
Result: [0]
This means that the following properties could be separated from the initial configurations:
	[]
While the following properties could not be separated from the initial configurations:
	[deadlock]

real	0m9,073s
user	0m9,012s
sys	0m0,045s
********************
37 of 61
/home/jakob/Documents/abstracton/benchmarks/dodo/bakery.json
t
nomutex
Running as unit: run-ra36c3fe60d6f4f72a97efe951e3d10e0.scope; invocation ID: 659e0148f2bc47b2b37890cfc2f09735
Time needed for parsing json file: 1322[µs]
using Trap interpretation
Time needed for constructing Trap interpretation transducer: 1752[µs]
computing ind...
Time needed for computing ind: 55458[µs]
automaton for ind has 47 states.
Time needed for minimizing ind: 2341[µs]
minimized automaton for ind has 7 states.
...done.
computing complement of preach...
Time needed for computing complement of preach: 87392[µs]
automaton for complement of preach has 196 states.
...of which, 10 states are at level 0.
Time needed for trimming complement of preach: 546[µs]
...done.
trying to prove abstract safety...
Time needed for constructing transducer for unsafe property: 25[µs]
Time needed for constructing transducer for (initial, unsafe) pairs: 261[µs]
Time needed for constructing transducer for complement of (initial, unsafe) pairs: 484[µs]
Time needed for building union of complements of preach and (initial, unsafe)-transducer: 554[µs]
Time needed for checking universality using antichains-inclusion algorithm: 2691[µs]
Time needed for checking abstract safety: 4176[µs]
...done.
Result: [1]
This means that the following properties could be separated from the initial configurations:
	[nomutex]
While the following properties could not be separated from the initial configurations:
	[]

real	0m0,177s
user	0m0,157s
sys	0m0,009s
********************
/home/jakob/Documents/abstracton/benchmarks/dodo/bakery.json
s
nomutex
Running as unit: run-r8b011e53f385464e8de08b2a45517e6d.scope; invocation ID: 71cda651c2944ef28a27d65dbc3b3dfc
Time needed for parsing json file: 1010[µs]
using Siphon interpretation
Time needed for constructing Siphon interpretation transducer: 727[µs]
computing ind...
Time needed for computing ind: 28179[µs]
automaton for ind has 61 states.
Time needed for minimizing ind: 1709[µs]
minimized automaton for ind has 4 states.
...done.
computing complement of preach...
Time needed for computing complement of preach: 31384[µs]
automaton for complement of preach has 15 states.
...of which, 3 states are at level 0.
Time needed for trimming complement of preach: 71[µs]
...done.
trying to prove abstract safety...
Time needed for constructing transducer for unsafe property: 27[µs]
Time needed for constructing transducer for (initial, unsafe) pairs: 243[µs]
Time needed for constructing transducer for complement of (initial, unsafe) pairs: 477[µs]
Time needed for building union of complements of preach and (initial, unsafe)-transducer: 137[µs]
Time needed for checking universality using antichains-inclusion algorithm: 623[µs]
Time needed for checking abstract safety: 1628[µs]
...done.
Result: [0]
This means that the following properties could be separated from the initial configurations:
	[]
While the following properties could not be separated from the initial configurations:
	[nomutex]

real	0m0,096s
user	0m0,068s
sys	0m0,008s
********************
/home/jakob/Documents/abstracton/benchmarks/dodo/bakery.json
f
nomutex
Running as unit: run-r56ca6ec1b2da4aa09015757112c2a23c.scope; invocation ID: 28c282bd4b7f459c8722ea4773bf5482
Time needed for parsing json file: 1031[µs]
using Flow interpretation
Time needed for constructing Flow interpretation transducer: 1576[µs]
computing ind...
Time needed for computing ind: 168307[µs]
automaton for ind has 566 states.
Time needed for minimizing ind: 15832[µs]
minimized automaton for ind has 9 states.
...done.
computing complement of preach...
Time needed for computing complement of preach: 181485[µs]
automaton for complement of preach has 53 states.
...of which, 8 states are at level 0.
Time needed for trimming complement of preach: 236[µs]
...done.
trying to prove abstract safety...
Time needed for constructing transducer for unsafe property: 26[µs]
Time needed for constructing transducer for (initial, unsafe) pairs: 248[µs]
Time needed for constructing transducer for complement of (initial, unsafe) pairs: 475[µs]
Time needed for building union of complements of preach and (initial, unsafe)-transducer: 285[µs]
Time needed for checking universality using antichains-inclusion algorithm: 967[µs]
Time needed for checking abstract safety: 2156[µs]
...done.
Result: [0]
This means that the following properties could be separated from the initial configurations:
	[]
While the following properties could not be separated from the initial configurations:
	[nomutex]

real	0m0,395s
user	0m0,370s
sys	0m0,013s
********************
38 of 61
/home/jakob/Documents/abstracton/benchmarks/dodo/dining-cryptographers.json
t
internal
Running as unit: run-rbf50dc8f45844700a030ff09c478e1f2.scope; invocation ID: 42fb0890c7464988b5197fe1209b60a6
Time needed for parsing json file: 6245[µs]
using Trap interpretation
Time needed for constructing Trap interpretation transducer: 22142701[µs]
computing ind...

real	20m0,242s
user	19m58,325s
sys	0m1,462s
********************
/home/jakob/Documents/abstracton/benchmarks/dodo/dining-cryptographers.json
s
internal
Running as unit: run-r48778640193d479e93b412fd2432ddba.scope; invocation ID: 29038936386b412d92d3445417c64a62
Time needed for parsing json file: 6163[µs]
using Siphon interpretation
Time needed for constructing Siphon interpretation transducer: 6138061[µs]
computing ind...

real	20m0,146s
user	19m58,766s
sys	0m0,760s
********************
/home/jakob/Documents/abstracton/benchmarks/dodo/dining-cryptographers.json
f
internal
Running as unit: run-r40cd5388bc024a32bb31639fd4c1b004.scope; invocation ID: 131ec7e6acd14aa993d24598f44a3089
Time needed for parsing json file: 6198[µs]
using Flow interpretation
Time needed for constructing Flow interpretation transducer: 18090099[µs]
computing ind...

real	20m0,305s
user	19m57,918s
sys	0m1,803s
********************
39 of 61
/home/jakob/Documents/abstracton/benchmarks/dodo/dining-cryptographers.json
t
external
Running as unit: run-r78c5656a0b0f475597579a4ec06b2d36.scope; invocation ID: 7e21c1fba42e4d0f8bfd0aa2375e50b7
Time needed for parsing json file: 6221[µs]
using Trap interpretation
Time needed for constructing Trap interpretation transducer: 22541927[µs]
computing ind...

real	20m0,234s
user	19m57,999s
sys	0m1,477s
********************
/home/jakob/Documents/abstracton/benchmarks/dodo/dining-cryptographers.json
s
external
Running as unit: run-ra717c24c4545448db1a3bd53a825dafb.scope; invocation ID: 6ec195c3e23344128823525d611b7cfe
Time needed for parsing json file: 6511[µs]
using Siphon interpretation
Time needed for constructing Siphon interpretation transducer: 5988736[µs]
computing ind...

real	20m0,138s
user	19m58,451s
sys	0m0,845s
********************
/home/jakob/Documents/abstracton/benchmarks/dodo/dining-cryptographers.json
f
external
Running as unit: run-reff9b6d9d01349b38c796d7cfaa880f7.scope; invocation ID: 93ecdcca84174ed2b522a78408396c79
Time needed for parsing json file: 5994[µs]
using Flow interpretation
Time needed for constructing Flow interpretation transducer: 17780874[µs]
computing ind...

real	20m0,298s
user	19m57,837s
sys	0m1,772s
********************
40 of 61
/home/jakob/Documents/abstracton/benchmarks/dodo/dragon.json
t
dirtydirty
Running as unit: run-rcfac0299fc54426cbb43c59ea76ec4e4.scope; invocation ID: 78b17f34e2164beeb7862e51ce7e8207
Time needed for parsing json file: 7410[µs]
using Trap interpretation
Time needed for constructing Trap interpretation transducer: 9168[µs]
computing ind...
Time needed for computing ind: 41359705[µs]
automaton for ind has 11601 states.
Time needed for minimizing ind: 1187176[µs]
minimized automaton for ind has 37 states.
...done.
computing complement of preach...
Time needed for computing complement of preach: 42669464[µs]
automaton for complement of preach has 4148 states.
...of which, 68 states are at level 0.
Time needed for trimming complement of preach: 16223[µs]
...done.
trying to prove abstract safety...
Time needed for constructing transducer for unsafe property: 40[µs]
Time needed for constructing transducer for (initial, unsafe) pairs: 330[µs]
Time needed for constructing transducer for complement of (initial, unsafe) pairs: 627[µs]
Time needed for building union of complements of preach and (initial, unsafe)-transducer: 11800[µs]
Time needed for checking universality using antichains-inclusion algorithm: 45272[µs]
Time needed for checking abstract safety: 60132[µs]
...done.
Result: [1]
This means that the following properties could be separated from the initial configurations:
	[dirtydirty]
While the following properties could not be separated from the initial configurations:
	[]

real	1m25,360s
user	1m25,078s
sys	0m0,209s
********************
/home/jakob/Documents/abstracton/benchmarks/dodo/dragon.json
s
dirtydirty
Running as unit: run-rf3b957fd089e4e28b970a52d800364fc.scope; invocation ID: 6ab69eb18a0945338eaf927296aeb19b
Time needed for parsing json file: 7064[µs]
using Siphon interpretation
Time needed for constructing Siphon interpretation transducer: 3295[µs]
computing ind...
Time needed for computing ind: 28398155[µs]
automaton for ind has 11079 states.
Time needed for minimizing ind: 880359[µs]
minimized automaton for ind has 5 states.
...done.
computing complement of preach...
Time needed for computing complement of preach: 28252804[µs]
automaton for complement of preach has 13 states.
...of which, 2 states are at level 0.
Time needed for trimming complement of preach: 69[µs]
...done.
trying to prove abstract safety...
Time needed for constructing transducer for unsafe property: 36[µs]
Time needed for constructing transducer for (initial, unsafe) pairs: 255[µs]
Time needed for constructing transducer for complement of (initial, unsafe) pairs: 527[µs]
Time needed for building union of complements of preach and (initial, unsafe)-transducer: 145[µs]
Time needed for checking universality using antichains-inclusion algorithm: 739[µs]
Time needed for checking abstract safety: 1853[µs]
...done.
Result: [0]
This means that the following properties could be separated from the initial configurations:
	[]
While the following properties could not be separated from the initial configurations:
	[dirtydirty]

real	0m57,585s
user	0m57,402s
sys	0m0,136s
********************
/home/jakob/Documents/abstracton/benchmarks/dodo/dragon.json
f
dirtydirty
Running as unit: run-r09ab3e69810f43a3abf7f9c111b168b0.scope; invocation ID: e332973dc3e84500a04cdad3d4b1dd22
Time needed for parsing json file: 7072[µs]
using Flow interpretation
Time needed for constructing Flow interpretation transducer: 8115[µs]
computing ind...

real	20m0,116s
user	19m58,478s
sys	0m0,756s
********************
41 of 61
/home/jakob/Documents/abstracton/benchmarks/dodo/dragon.json
t
exclusiveexclusive
Running as unit: run-r81cca22756744c30863993d42bdc75f7.scope; invocation ID: 5e4b890645784bbeb188dfbd601417f1
Time needed for parsing json file: 7167[µs]
using Trap interpretation
Time needed for constructing Trap interpretation transducer: 8848[µs]
computing ind...
Time needed for computing ind: 41912425[µs]
automaton for ind has 11601 states.
Time needed for minimizing ind: 1178830[µs]
minimized automaton for ind has 37 states.
...done.
computing complement of preach...
Time needed for computing complement of preach: 42886106[µs]
automaton for complement of preach has 4148 states.
...of which, 68 states are at level 0.
Time needed for trimming complement of preach: 16077[µs]
...done.
trying to prove abstract safety...
Time needed for constructing transducer for unsafe property: 39[µs]
Time needed for constructing transducer for (initial, unsafe) pairs: 331[µs]
Time needed for constructing transducer for complement of (initial, unsafe) pairs: 600[µs]
Time needed for building union of complements of preach and (initial, unsafe)-transducer: 12195[µs]
Time needed for checking universality using antichains-inclusion algorithm: 45486[µs]
Time needed for checking abstract safety: 60691[µs]
...done.
Result: [1]
This means that the following properties could be separated from the initial configurations:
	[exclusiveexclusive]
While the following properties could not be separated from the initial configurations:
	[]

real	1m26,123s
user	1m25,879s
sys	0m0,205s
********************
/home/jakob/Documents/abstracton/benchmarks/dodo/dragon.json
s
exclusiveexclusive
Running as unit: run-r688f5e893cb94ea59537be14b141da3d.scope; invocation ID: 82100a3d817f4493a3c1b490bd58f082
Time needed for parsing json file: 6946[µs]
using Siphon interpretation
Time needed for constructing Siphon interpretation transducer: 3368[µs]
computing ind...
Time needed for computing ind: 28332858[µs]
automaton for ind has 11079 states.
Time needed for minimizing ind: 862195[µs]
minimized automaton for ind has 5 states.
...done.
computing complement of preach...
Time needed for computing complement of preach: 28500389[µs]
automaton for complement of preach has 13 states.
...of which, 2 states are at level 0.
Time needed for trimming complement of preach: 64[µs]
...done.
trying to prove abstract safety...
Time needed for constructing transducer for unsafe property: 34[µs]
Time needed for constructing transducer for (initial, unsafe) pairs: 271[µs]
Time needed for constructing transducer for complement of (initial, unsafe) pairs: 548[µs]
Time needed for building union of complements of preach and (initial, unsafe)-transducer: 144[µs]
Time needed for checking universality using antichains-inclusion algorithm: 729[µs]
Time needed for checking abstract safety: 1852[µs]
...done.
Result: [0]
This means that the following properties could be separated from the initial configurations:
	[]
While the following properties could not be separated from the initial configurations:
	[exclusiveexclusive]

real	0m57,745s
user	0m57,555s
sys	0m0,161s
********************
/home/jakob/Documents/abstracton/benchmarks/dodo/dragon.json
f
exclusiveexclusive
Running as unit: run-r078ab388bda54fc2ab537d42f886d711.scope; invocation ID: 6d5e504210d74bad8661e462e7408002
Time needed for parsing json file: 7156[µs]
using Flow interpretation
Time needed for constructing Flow interpretation transducer: 7997[µs]
computing ind...

real	20m0,115s
user	19m58,469s
sys	0m0,859s
********************
42 of 61
/home/jakob/Documents/abstracton/benchmarks/dodo/dragon.json
t
dirtysharedexclusive
Running as unit: run-rdbea3cc6da394674a7441cce769b6b00.scope; invocation ID: 2ad9b951e76142118ed837b64b19ac2f
Time needed for parsing json file: 7777[µs]
using Trap interpretation
Time needed for constructing Trap interpretation transducer: 9142[µs]
computing ind...
Time needed for computing ind: 41991535[µs]
automaton for ind has 11601 states.
Time needed for minimizing ind: 1220674[µs]
minimized automaton for ind has 37 states.
...done.
computing complement of preach...
Time needed for computing complement of preach: 43645964[µs]
automaton for complement of preach has 4148 states.
...of which, 68 states are at level 0.
Time needed for trimming complement of preach: 17037[µs]
...done.
trying to prove abstract safety...
Time needed for constructing transducer for unsafe property: 72[µs]
Time needed for constructing transducer for (initial, unsafe) pairs: 453[µs]
Time needed for constructing transducer for complement of (initial, unsafe) pairs: 1069[µs]
Time needed for building union of complements of preach and (initial, unsafe)-transducer: 12922[µs]
Time needed for checking universality using antichains-inclusion algorithm: 53612[µs]
Time needed for checking abstract safety: 70722[µs]
...done.
Result: [1]
This means that the following properties could be separated from the initial configurations:
	[dirtysharedexclusive]
While the following properties could not be separated from the initial configurations:
	[]

real	1m27,027s
user	1m26,766s
sys	0m0,176s
********************
/home/jakob/Documents/abstracton/benchmarks/dodo/dragon.json
s
dirtysharedexclusive
Running as unit: run-r04593cb5019c49ca944b69104af91f18.scope; invocation ID: ef2dddef7fc5492e9d9a56425761f10c
Time needed for parsing json file: 9048[µs]
using Siphon interpretation
Time needed for constructing Siphon interpretation transducer: 3248[µs]
computing ind...
Time needed for computing ind: 28555208[µs]
automaton for ind has 11079 states.
Time needed for minimizing ind: 861719[µs]
minimized automaton for ind has 5 states.
...done.
computing complement of preach...
Time needed for computing complement of preach: 29741072[µs]
automaton for complement of preach has 13 states.
...of which, 2 states are at level 0.
Time needed for trimming complement of preach: 89[µs]
...done.
trying to prove abstract safety...
Time needed for constructing transducer for unsafe property: 64[µs]
Time needed for constructing transducer for (initial, unsafe) pairs: 402[µs]
Time needed for constructing transducer for complement of (initial, unsafe) pairs: 692[µs]
Time needed for building union of complements of preach and (initial, unsafe)-transducer: 169[µs]
Time needed for checking universality using antichains-inclusion algorithm: 803[µs]
Time needed for checking abstract safety: 2297[µs]
...done.
Result: [0]
This means that the following properties could be separated from the initial configurations:
	[]
While the following properties could not be separated from the initial configurations:
	[dirtysharedexclusive]

real	0m59,214s
user	0m58,994s
sys	0m0,162s
********************
/home/jakob/Documents/abstracton/benchmarks/dodo/dragon.json
f
dirtysharedexclusive
Running as unit: run-r7bb3b2488c3a4b549f3276e735738564.scope; invocation ID: f07442b0b2754c25bd5dcb95985989fa
Time needed for parsing json file: 7415[µs]
using Flow interpretation
Time needed for constructing Flow interpretation transducer: 8063[µs]
computing ind...

real	20m0,118s
user	19m58,588s
sys	0m0,896s
********************
43 of 61
/home/jakob/Documents/abstracton/benchmarks/dodo/dragon.json
t
exclusiveshared
Running as unit: run-r23e59bf728b848169a5bbc36bb0a2a06.scope; invocation ID: 58eac343e6ff485292fe40ae513080be
Time needed for parsing json file: 7156[µs]
using Trap interpretation
Time needed for constructing Trap interpretation transducer: 9118[µs]
computing ind...
Time needed for computing ind: 41604315[µs]
automaton for ind has 11601 states.
Time needed for minimizing ind: 1192139[µs]
minimized automaton for ind has 37 states.
...done.
computing complement of preach...
Time needed for computing complement of preach: 42767597[µs]
automaton for complement of preach has 4148 states.
...of which, 68 states are at level 0.
Time needed for trimming complement of preach: 16099[µs]
...done.
trying to prove abstract safety...
Time needed for constructing transducer for unsafe property: 55[µs]
Time needed for constructing transducer for (initial, unsafe) pairs: 410[µs]
Time needed for constructing transducer for complement of (initial, unsafe) pairs: 766[µs]
Time needed for building union of complements of preach and (initial, unsafe)-transducer: 12960[µs]
Time needed for checking universality using antichains-inclusion algorithm: 47239[µs]
Time needed for checking abstract safety: 63479[µs]
...done.
Result: [1]
This means that the following properties could be separated from the initial configurations:
	[exclusiveshared]
While the following properties could not be separated from the initial configurations:
	[]

real	1m25,713s
user	1m25,395s
sys	0m0,233s
********************
/home/jakob/Documents/abstracton/benchmarks/dodo/dragon.json
s
exclusiveshared
Running as unit: run-rad357ee0b90645739be22cc5ca703308.scope; invocation ID: fe0a309615d24cc1ae9431969a824aa4
Time needed for parsing json file: 7128[µs]
using Siphon interpretation
Time needed for constructing Siphon interpretation transducer: 3258[µs]
computing ind...
Time needed for computing ind: 28508105[µs]
automaton for ind has 11079 states.
Time needed for minimizing ind: 864472[µs]
minimized automaton for ind has 5 states.
...done.
computing complement of preach...
Time needed for computing complement of preach: 28202961[µs]
automaton for complement of preach has 13 states.
...of which, 2 states are at level 0.
Time needed for trimming complement of preach: 96[µs]
...done.
trying to prove abstract safety...
Time needed for constructing transducer for unsafe property: 49[µs]
Time needed for constructing transducer for (initial, unsafe) pairs: 328[µs]
Time needed for constructing transducer for complement of (initial, unsafe) pairs: 689[µs]
Time needed for building union of complements of preach and (initial, unsafe)-transducer: 182[µs]
Time needed for checking universality using antichains-inclusion algorithm: 809[µs]
Time needed for checking abstract safety: 2262[µs]
...done.
Result: [0]
This means that the following properties could be separated from the initial configurations:
	[]
While the following properties could not be separated from the initial configurations:
	[exclusiveshared]

real	0m57,626s
user	0m57,424s
sys	0m0,168s
********************
/home/jakob/Documents/abstracton/benchmarks/dodo/dragon.json
f
exclusiveshared
Running as unit: run-r9a0acdab8204446e871baabc24409a45.scope; invocation ID: ec5e9cf3d6b2459e8b97448cac7b3061
Time needed for parsing json file: 6968[µs]
using Flow interpretation
Time needed for constructing Flow interpretation transducer: 7481[µs]
computing ind...

real	20m0,118s
user	19m58,313s
sys	0m0,915s
********************
44 of 61
/home/jakob/Documents/abstracton/benchmarks/dodo/dragon.json
t
exclusivedirty
Running as unit: run-re7d575033697474faf77107831f7ff3b.scope; invocation ID: 1571ae48210141dfbd658ebfa253894b
Time needed for parsing json file: 7113[µs]
using Trap interpretation
Time needed for constructing Trap interpretation transducer: 9056[µs]
computing ind...
Time needed for computing ind: 41648756[µs]
automaton for ind has 11601 states.
Time needed for minimizing ind: 1192936[µs]
minimized automaton for ind has 37 states.
...done.
computing complement of preach...
Time needed for computing complement of preach: 42991239[µs]
automaton for complement of preach has 4148 states.
...of which, 68 states are at level 0.
Time needed for trimming complement of preach: 16072[µs]
...done.
trying to prove abstract safety...
Time needed for constructing transducer for unsafe property: 79[µs]
Time needed for constructing transducer for (initial, unsafe) pairs: 419[µs]
Time needed for constructing transducer for complement of (initial, unsafe) pairs: 822[µs]
Time needed for building union of complements of preach and (initial, unsafe)-transducer: 12157[µs]
Time needed for checking universality using antichains-inclusion algorithm: 50686[µs]
Time needed for checking abstract safety: 66556[µs]
...done.
Result: [1]
This means that the following properties could be separated from the initial configurations:
	[exclusivedirty]
While the following properties could not be separated from the initial configurations:
	[]

real	1m25,984s
user	1m25,734s
sys	0m0,202s
********************
/home/jakob/Documents/abstracton/benchmarks/dodo/dragon.json
s
exclusivedirty
Running as unit: run-r29bff009dbc54a38a10edbd482d9fa3d.scope; invocation ID: 53007306d43944d2be05a810986052ef
Time needed for parsing json file: 7207[µs]
using Siphon interpretation
Time needed for constructing Siphon interpretation transducer: 3283[µs]
computing ind...
Time needed for computing ind: 28325101[µs]
automaton for ind has 11079 states.
Time needed for minimizing ind: 879315[µs]
minimized automaton for ind has 5 states.
...done.
computing complement of preach...
Time needed for computing complement of preach: 28484364[µs]
automaton for complement of preach has 13 states.
...of which, 2 states are at level 0.
Time needed for trimming complement of preach: 75[µs]
...done.
trying to prove abstract safety...
Time needed for constructing transducer for unsafe property: 49[µs]
Time needed for constructing transducer for (initial, unsafe) pairs: 323[µs]
Time needed for constructing transducer for complement of (initial, unsafe) pairs: 666[µs]
Time needed for building union of complements of preach and (initial, unsafe)-transducer: 173[µs]
Time needed for checking universality using antichains-inclusion algorithm: 825[µs]
Time needed for checking abstract safety: 2180[µs]
...done.
Result: [0]
This means that the following properties could be separated from the initial configurations:
	[]
While the following properties could not be separated from the initial configurations:
	[exclusivedirty]

real	0m57,743s
user	0m57,496s
sys	0m0,176s
********************
/home/jakob/Documents/abstracton/benchmarks/dodo/dragon.json
f
exclusivedirty
Running as unit: run-r58c39852943549518518583bd67ed056.scope; invocation ID: 739b06dd977b43febe7105fa1652ef2f
Time needed for parsing json file: 6790[µs]
using Flow interpretation
Time needed for constructing Flow interpretation transducer: 7664[µs]
computing ind...

real	20m0,126s
user	19m58,827s
sys	0m0,772s
********************
45 of 61
/home/jakob/Documents/abstracton/benchmarks/dodo/dragon.json
t
shareddirty
Running as unit: run-r0839982e83504666a14912681878fb8c.scope; invocation ID: c08813031aa24a0da9adffe1d19423e8
Time needed for parsing json file: 7106[µs]
using Trap interpretation
Time needed for constructing Trap interpretation transducer: 8694[µs]
computing ind...
Time needed for computing ind: 41301985[µs]
automaton for ind has 11601 states.
Time needed for minimizing ind: 1184494[µs]
minimized automaton for ind has 37 states.
...done.
computing complement of preach...
Time needed for computing complement of preach: 43139447[µs]
automaton for complement of preach has 4148 states.
...of which, 68 states are at level 0.
Time needed for trimming complement of preach: 16643[µs]
...done.
trying to prove abstract safety...
Time needed for constructing transducer for unsafe property: 53[µs]
Time needed for constructing transducer for (initial, unsafe) pairs: 399[µs]
Time needed for constructing transducer for complement of (initial, unsafe) pairs: 760[µs]
Time needed for building union of complements of preach and (initial, unsafe)-transducer: 11968[µs]
Time needed for checking universality using antichains-inclusion algorithm: 52818[µs]
Time needed for checking abstract safety: 68141[µs]
...done.
Result: [1]
This means that the following properties could be separated from the initial configurations:
	[shareddirty]
While the following properties could not be separated from the initial configurations:
	[]

real	1m25,791s
user	1m25,502s
sys	0m0,219s
********************
/home/jakob/Documents/abstracton/benchmarks/dodo/dragon.json
s
shareddirty
Running as unit: run-r8139f7eb4fb94b959525e199721ccce5.scope; invocation ID: a3558ea4ad5a4c71ab2ef94582f5e9cc
Time needed for parsing json file: 7196[µs]
using Siphon interpretation
Time needed for constructing Siphon interpretation transducer: 3281[µs]
computing ind...
Time needed for computing ind: 28434666[µs]
automaton for ind has 11079 states.
Time needed for minimizing ind: 878784[µs]
minimized automaton for ind has 5 states.
...done.
computing complement of preach...
Time needed for computing complement of preach: 28484999[µs]
automaton for complement of preach has 13 states.
...of which, 2 states are at level 0.
Time needed for trimming complement of preach: 123[µs]
...done.
trying to prove abstract safety...
Time needed for constructing transducer for unsafe property: 51[µs]
Time needed for constructing transducer for (initial, unsafe) pairs: 337[µs]
Time needed for constructing transducer for complement of (initial, unsafe) pairs: 804[µs]
Time needed for building union of complements of preach and (initial, unsafe)-transducer: 228[µs]
Time needed for checking universality using antichains-inclusion algorithm: 953[µs]
Time needed for checking abstract safety: 2561[µs]
...done.
Result: [0]
This means that the following properties could be separated from the initial configurations:
	[]
While the following properties could not be separated from the initial configurations:
	[shareddirty]

real	0m57,850s
user	0m57,652s
sys	0m0,156s
********************
/home/jakob/Documents/abstracton/benchmarks/dodo/dragon.json
f
shareddirty
Running as unit: run-r6438cf3522674f838378126478a4fe52.scope; invocation ID: a835a6d85035401d8d94228362883fce
Time needed for parsing json file: 9382[µs]
using Flow interpretation
Time needed for constructing Flow interpretation transducer: 8790[µs]
computing ind...

real	20m0,122s
user	19m58,560s
sys	0m0,929s
********************
46 of 61
/home/jakob/Documents/abstracton/benchmarks/dodo/dragon.json
t
dirtyshareddirty
Running as unit: run-r96c606b1bf504aeb8f9fc04c1ac02be6.scope; invocation ID: 1f5ff147808e4ffab75cde1d338a975d
Time needed for parsing json file: 7425[µs]
using Trap interpretation
Time needed for constructing Trap interpretation transducer: 9040[µs]
computing ind...
Time needed for computing ind: 41461937[µs]
automaton for ind has 11601 states.
Time needed for minimizing ind: 1242464[µs]
minimized automaton for ind has 37 states.
...done.
computing complement of preach...
Time needed for computing complement of preach: 43003418[µs]
automaton for complement of preach has 4148 states.
...of which, 68 states are at level 0.
Time needed for trimming complement of preach: 16088[µs]
...done.
trying to prove abstract safety...
Time needed for constructing transducer for unsafe property: 53[µs]
Time needed for constructing transducer for (initial, unsafe) pairs: 371[µs]
Time needed for constructing transducer for complement of (initial, unsafe) pairs: 768[µs]
Time needed for building union of complements of preach and (initial, unsafe)-transducer: 11876[µs]
Time needed for checking universality using antichains-inclusion algorithm: 43668[µs]
Time needed for checking abstract safety: 59073[µs]
...done.
Result: [0]
This means that the following properties could be separated from the initial configurations:
	[]
While the following properties could not be separated from the initial configurations:
	[dirtyshareddirty]

real	1m25,860s
user	1m25,571s
sys	0m0,198s
********************
/home/jakob/Documents/abstracton/benchmarks/dodo/dragon.json
s
dirtyshareddirty
Running as unit: run-r19da137fad2b420da9e62fdeb37b9579.scope; invocation ID: c7a1253b60b34b908c5dec791210b253
Time needed for parsing json file: 7373[µs]
using Siphon interpretation
Time needed for constructing Siphon interpretation transducer: 3411[µs]
computing ind...
Time needed for computing ind: 28382957[µs]
automaton for ind has 11079 states.
Time needed for minimizing ind: 907093[µs]
minimized automaton for ind has 5 states.
...done.
computing complement of preach...
Time needed for computing complement of preach: 28082344[µs]
automaton for complement of preach has 13 states.
...of which, 2 states are at level 0.
Time needed for trimming complement of preach: 69[µs]
...done.
trying to prove abstract safety...
Time needed for constructing transducer for unsafe property: 47[µs]
Time needed for constructing transducer for (initial, unsafe) pairs: 326[µs]
Time needed for constructing transducer for complement of (initial, unsafe) pairs: 657[µs]
Time needed for building union of complements of preach and (initial, unsafe)-transducer: 166[µs]
Time needed for checking universality using antichains-inclusion algorithm: 769[µs]
Time needed for checking abstract safety: 2108[µs]
...done.
Result: [0]
This means that the following properties could be separated from the initial configurations:
	[]
While the following properties could not be separated from the initial configurations:
	[dirtyshareddirty]

real	0m57,429s
user	0m57,257s
sys	0m0,136s
********************
/home/jakob/Documents/abstracton/benchmarks/dodo/dragon.json
f
dirtyshareddirty
Running as unit: run-r437624dc7ffc4ab39d3016edf3fc9221.scope; invocation ID: f30419067b1847f0a30ef232c0510d5b
Time needed for parsing json file: 7509[µs]
using Flow interpretation
Time needed for constructing Flow interpretation transducer: 7595[µs]
computing ind...

real	20m0,121s
user	19m58,322s
sys	0m0,789s
********************
47 of 61
/home/jakob/Documents/abstracton/benchmarks/dodo/dragon.json
t
deadlock
Running as unit: run-r4a7b60c98f4e4ad681352a7c86522e47.scope; invocation ID: 309d46a9b5d54c18a1b83052101498b4
Time needed for parsing json file: 7144[µs]
using Trap interpretation
Time needed for constructing Trap interpretation transducer: 9381[µs]
computing ind...
Time needed for computing ind: 41390191[µs]
automaton for ind has 11601 states.
Time needed for minimizing ind: 1198089[µs]
minimized automaton for ind has 37 states.
...done.
computing complement of preach...
Time needed for computing complement of preach: 42779548[µs]
automaton for complement of preach has 4148 states.
...of which, 68 states are at level 0.
Time needed for trimming complement of preach: 16232[µs]
...done.
trying to prove abstract safety...
Time needed for constructing transducer for unsafe property: 185[µs]
Time needed for constructing transducer for (initial, unsafe) pairs: 534[µs]
Time needed for constructing transducer for complement of (initial, unsafe) pairs: 102[µs]
Time needed for building union of complements of preach and (initial, unsafe)-transducer: 12097[µs]
Time needed for checking universality using antichains-inclusion algorithm: 39530[µs]
Time needed for checking abstract safety: 54475[µs]
...done.
Result: [1]
This means that the following properties could be separated from the initial configurations:
	[deadlock]
While the following properties could not be separated from the initial configurations:
	[]

real	1m25,517s
user	1m25,269s
sys	0m0,201s
********************
/home/jakob/Documents/abstracton/benchmarks/dodo/dragon.json
s
deadlock
Running as unit: run-rb7fb5cd65c8a41c68828f3a3355a1b8d.scope; invocation ID: 88a4f46e30ba463abc837f3a0538784b
Time needed for parsing json file: 7062[µs]
using Siphon interpretation
Time needed for constructing Siphon interpretation transducer: 3282[µs]
computing ind...
Time needed for computing ind: 28333729[µs]
automaton for ind has 11079 states.
Time needed for minimizing ind: 868752[µs]
minimized automaton for ind has 5 states.
...done.
computing complement of preach...
Time needed for computing complement of preach: 28387989[µs]
automaton for complement of preach has 13 states.
...of which, 2 states are at level 0.
Time needed for trimming complement of preach: 70[µs]
...done.
trying to prove abstract safety...
Time needed for constructing transducer for unsafe property: 167[µs]
Time needed for constructing transducer for (initial, unsafe) pairs: 459[µs]
Time needed for constructing transducer for complement of (initial, unsafe) pairs: 84[µs]
Time needed for building union of complements of preach and (initial, unsafe)-transducer: 86[µs]
Time needed for checking universality using antichains-inclusion algorithm: 536[µs]
Time needed for checking abstract safety: 1496[µs]
...done.
Result: [1]
This means that the following properties could be separated from the initial configurations:
	[deadlock]
While the following properties could not be separated from the initial configurations:
	[]

real	0m57,644s
user	0m57,444s
sys	0m0,149s
********************
/home/jakob/Documents/abstracton/benchmarks/dodo/dragon.json
f
deadlock
Running as unit: run-rf8892675eaf4485aaa4467529f453664.scope; invocation ID: 9ef3674acaf3401fbca6af394fdcf74b
Time needed for parsing json file: 6606[µs]
using Flow interpretation
Time needed for constructing Flow interpretation transducer: 7401[µs]
computing ind...

real	20m0,121s
user	19m58,833s
sys	0m0,803s
********************
48 of 61
/home/jakob/Documents/abstracton/benchmarks/dodo/firefly.json
t
dirtydirty
Running as unit: run-r14a9ff4fb4dc4013bacf37ce70e24563.scope; invocation ID: fac0fc883f1d44fa81e05f1d1cf5de0b
Time needed for parsing json file: 13709[µs]
using Trap interpretation
Time needed for constructing Trap interpretation transducer: 4878[µs]
computing ind...
Time needed for computing ind: 3147655[µs]
automaton for ind has 2261 states.
Time needed for minimizing ind: 87147[µs]
minimized automaton for ind has 6 states.
...done.
computing complement of preach...
Time needed for computing complement of preach: 3200964[µs]
automaton for complement of preach has 57 states.
...of which, 5 states are at level 0.
Time needed for trimming complement of preach: 170[µs]
...done.
trying to prove abstract safety...
Time needed for constructing transducer for unsafe property: 42[µs]
Time needed for constructing transducer for (initial, unsafe) pairs: 295[µs]
Time needed for constructing transducer for complement of (initial, unsafe) pairs: 461[µs]
Time needed for building union of complements of preach and (initial, unsafe)-transducer: 240[µs]
Time needed for checking universality using antichains-inclusion algorithm: 1004[µs]
Time needed for checking abstract safety: 2209[µs]
...done.
Result: [0]
This means that the following properties could be separated from the initial configurations:
	[]
While the following properties could not be separated from the initial configurations:
	[dirtydirty]

real	0m6,486s
user	0m6,421s
sys	0m0,038s
********************
/home/jakob/Documents/abstracton/benchmarks/dodo/firefly.json
s
dirtydirty
Running as unit: run-r530c6ecdfa9b42458d4315605b078f9a.scope; invocation ID: ec3f4469d82d4e898661a49067e4c44f
Time needed for parsing json file: 4140[µs]
using Siphon interpretation
Time needed for constructing Siphon interpretation transducer: 1531[µs]
computing ind...
Time needed for computing ind: 2720820[µs]
automaton for ind has 3631 states.
Time needed for minimizing ind: 152582[µs]
minimized automaton for ind has 5 states.
...done.
computing complement of preach...
Time needed for computing complement of preach: 2788652[µs]
automaton for complement of preach has 5 states.
...of which, 2 states are at level 0.
Time needed for trimming complement of preach: 30[µs]
...done.
trying to prove abstract safety...
Time needed for constructing transducer for unsafe property: 31[µs]
Time needed for constructing transducer for (initial, unsafe) pairs: 234[µs]
Time needed for constructing transducer for complement of (initial, unsafe) pairs: 478[µs]
Time needed for building union of complements of preach and (initial, unsafe)-transducer: 110[µs]
Time needed for checking universality using antichains-inclusion algorithm: 496[µs]
Time needed for checking abstract safety: 1474[µs]
...done.
Result: [0]
This means that the following properties could be separated from the initial configurations:
	[]
While the following properties could not be separated from the initial configurations:
	[dirtydirty]

real	0m5,700s
user	0m5,657s
sys	0m0,026s
********************
/home/jakob/Documents/abstracton/benchmarks/dodo/firefly.json
f
dirtydirty
Running as unit: run-rd81248a31c24437f85615acb472fc8bc.scope; invocation ID: 2b763e48692b4378949bde37fc79bec3
Time needed for parsing json file: 4140[µs]
using Flow interpretation
Time needed for constructing Flow interpretation transducer: 3176[µs]
computing ind...
Time needed for computing ind: 44568599[µs]
automaton for ind has 24942 states.
Time needed for minimizing ind: 1289453[µs]
minimized automaton for ind has 7 states.
...done.
computing complement of preach...
Time needed for computing complement of preach: 44827999[µs]
automaton for complement of preach has 5 states.
...of which, 2 states are at level 0.
Time needed for trimming complement of preach: 60[µs]
...done.
trying to prove abstract safety...
Time needed for constructing transducer for unsafe property: 29[µs]
Time needed for constructing transducer for (initial, unsafe) pairs: 220[µs]
Time needed for constructing transducer for complement of (initial, unsafe) pairs: 438[µs]
Time needed for building union of complements of preach and (initial, unsafe)-transducer: 124[µs]
Time needed for checking universality using antichains-inclusion algorithm: 518[µs]
Time needed for checking abstract safety: 1445[µs]
...done.
Result: [0]
This means that the following properties could be separated from the initial configurations:
	[]
While the following properties could not be separated from the initial configurations:
	[dirtydirty]

real	1m30,740s
user	1m30,540s
sys	0m0,144s
********************
49 of 61
/home/jakob/Documents/abstracton/benchmarks/dodo/firefly.json
t
exclusiveexclusive
Running as unit: run-r3ab83be071804636a0797b02b937e169.scope; invocation ID: e0b4d0496c024965bb828f1547c22310
Time needed for parsing json file: 4338[µs]
using Trap interpretation
Time needed for constructing Trap interpretation transducer: 3814[µs]
computing ind...
Time needed for computing ind: 3130659[µs]
automaton for ind has 2261 states.
Time needed for minimizing ind: 87231[µs]
minimized automaton for ind has 6 states.
...done.
computing complement of preach...
Time needed for computing complement of preach: 3187262[µs]
automaton for complement of preach has 57 states.
...of which, 5 states are at level 0.
Time needed for trimming complement of preach: 170[µs]
...done.
trying to prove abstract safety...
Time needed for constructing transducer for unsafe property: 34[µs]
Time needed for constructing transducer for (initial, unsafe) pairs: 234[µs]
Time needed for constructing transducer for complement of (initial, unsafe) pairs: 503[µs]
Time needed for building union of complements of preach and (initial, unsafe)-transducer: 215[µs]
Time needed for checking universality using antichains-inclusion algorithm: 922[µs]
Time needed for checking abstract safety: 2385[µs]
...done.
Result: [0]
This means that the following properties could be separated from the initial configurations:
	[]
While the following properties could not be separated from the initial configurations:
	[exclusiveexclusive]

real	0m6,448s
user	0m6,393s
sys	0m0,036s
********************
/home/jakob/Documents/abstracton/benchmarks/dodo/firefly.json
s
exclusiveexclusive
Running as unit: run-r9d02457073b942c29f00b6911dde2cc0.scope; invocation ID: e0d5f5f04f914c3e8bd598a6bd7159ea
Time needed for parsing json file: 4421[µs]
using Siphon interpretation
Time needed for constructing Siphon interpretation transducer: 1481[µs]
computing ind...
Time needed for computing ind: 2703150[µs]
automaton for ind has 3631 states.
Time needed for minimizing ind: 141791[µs]
minimized automaton for ind has 5 states.
...done.
computing complement of preach...
Time needed for computing complement of preach: 2761296[µs]
automaton for complement of preach has 5 states.
...of which, 2 states are at level 0.
Time needed for trimming complement of preach: 30[µs]
...done.
trying to prove abstract safety...
Time needed for constructing transducer for unsafe property: 31[µs]
Time needed for constructing transducer for (initial, unsafe) pairs: 286[µs]
Time needed for constructing transducer for complement of (initial, unsafe) pairs: 518[µs]
Time needed for building union of complements of preach and (initial, unsafe)-transducer: 110[µs]
Time needed for checking universality using antichains-inclusion algorithm: 452[µs]
Time needed for checking abstract safety: 1538[µs]
...done.
Result: [0]
This means that the following properties could be separated from the initial configurations:
	[]
While the following properties could not be separated from the initial configurations:
	[exclusiveexclusive]

real	0m5,646s
user	0m5,603s
sys	0m0,020s
********************
/home/jakob/Documents/abstracton/benchmarks/dodo/firefly.json
f
exclusiveexclusive
Running as unit: run-r0f678d88215b48719fc049c2dae08ac0.scope; invocation ID: 5b0a8d2ba5ce4cdcacc7d869bed7521a
Time needed for parsing json file: 4105[µs]
using Flow interpretation
Time needed for constructing Flow interpretation transducer: 3199[µs]
computing ind...
Time needed for computing ind: 44462758[µs]
automaton for ind has 24942 states.
Time needed for minimizing ind: 1292830[µs]
minimized automaton for ind has 7 states.
...done.
computing complement of preach...
Time needed for computing complement of preach: 44768609[µs]
automaton for complement of preach has 5 states.
...of which, 2 states are at level 0.
Time needed for trimming complement of preach: 66[µs]
...done.
trying to prove abstract safety...
Time needed for constructing transducer for unsafe property: 32[µs]
Time needed for constructing transducer for (initial, unsafe) pairs: 243[µs]
Time needed for constructing transducer for complement of (initial, unsafe) pairs: 470[µs]
Time needed for building union of complements of preach and (initial, unsafe)-transducer: 122[µs]
Time needed for checking universality using antichains-inclusion algorithm: 497[µs]
Time needed for checking abstract safety: 1489[µs]
...done.
Result: [0]
This means that the following properties could be separated from the initial configurations:
	[]
While the following properties could not be separated from the initial configurations:
	[exclusiveexclusive]

real	1m30,568s
user	1m30,354s
sys	0m0,148s
********************
50 of 61
/home/jakob/Documents/abstracton/benchmarks/dodo/firefly.json
t
dirtyshared
Running as unit: run-r44903b775be04176980af32f7af44505.scope; invocation ID: 4c474aaecf5546cd91d13f84fe52ab9f
Time needed for parsing json file: 4504[µs]
using Trap interpretation
Time needed for constructing Trap interpretation transducer: 5807[µs]
computing ind...
Time needed for computing ind: 3137141[µs]
automaton for ind has 2261 states.
Time needed for minimizing ind: 87457[µs]
minimized automaton for ind has 6 states.
...done.
computing complement of preach...
Time needed for computing complement of preach: 3199551[µs]
automaton for complement of preach has 57 states.
...of which, 5 states are at level 0.
Time needed for trimming complement of preach: 174[µs]
...done.
trying to prove abstract safety...
Time needed for constructing transducer for unsafe property: 39[µs]
Time needed for constructing transducer for (initial, unsafe) pairs: 276[µs]
Time needed for constructing transducer for complement of (initial, unsafe) pairs: 601[µs]
Time needed for building union of complements of preach and (initial, unsafe)-transducer: 252[µs]
Time needed for checking universality using antichains-inclusion algorithm: 954[µs]
Time needed for checking abstract safety: 2261[µs]
...done.
Result: [0]
This means that the following properties could be separated from the initial configurations:
	[]
While the following properties could not be separated from the initial configurations:
	[dirtyshared]

real	0m6,471s
user	0m6,417s
sys	0m0,034s
********************
/home/jakob/Documents/abstracton/benchmarks/dodo/firefly.json
s
dirtyshared
Running as unit: run-rfcb255327d41419f897e04a0caa3f17b.scope; invocation ID: bbcc8fbff85b4e3cb8461f3ec279fbe8
Time needed for parsing json file: 4309[µs]
using Siphon interpretation
Time needed for constructing Siphon interpretation transducer: 1570[µs]
computing ind...
Time needed for computing ind: 2737183[µs]
automaton for ind has 3631 states.
Time needed for minimizing ind: 146598[µs]
minimized automaton for ind has 5 states.
...done.
computing complement of preach...
Time needed for computing complement of preach: 2686199[µs]
automaton for complement of preach has 5 states.
...of which, 2 states are at level 0.
Time needed for trimming complement of preach: 39[µs]
...done.
trying to prove abstract safety...
Time needed for constructing transducer for unsafe property: 47[µs]
Time needed for constructing transducer for (initial, unsafe) pairs: 345[µs]
Time needed for constructing transducer for complement of (initial, unsafe) pairs: 607[µs]
Time needed for building union of complements of preach and (initial, unsafe)-transducer: 172[µs]
Time needed for checking universality using antichains-inclusion algorithm: 572[µs]
Time needed for checking abstract safety: 1914[µs]
...done.
Result: [0]
This means that the following properties could be separated from the initial configurations:
	[]
While the following properties could not be separated from the initial configurations:
	[dirtyshared]

real	0m5,603s
user	0m5,557s
sys	0m0,029s
********************
/home/jakob/Documents/abstracton/benchmarks/dodo/firefly.json
f
dirtyshared
Running as unit: run-r85ae9bdc8f834d929189dfba1d309dc4.scope; invocation ID: 5a7afee361294b67943d03a80ce1d00e
Time needed for parsing json file: 4390[µs]
using Flow interpretation
Time needed for constructing Flow interpretation transducer: 3186[µs]
computing ind...
Time needed for computing ind: 44544139[µs]
automaton for ind has 24942 states.
Time needed for minimizing ind: 1296604[µs]
minimized automaton for ind has 7 states.
...done.
computing complement of preach...
Time needed for computing complement of preach: 44916634[µs]
automaton for complement of preach has 5 states.
...of which, 2 states are at level 0.
Time needed for trimming complement of preach: 62[µs]
...done.
trying to prove abstract safety...
Time needed for constructing transducer for unsafe property: 43[µs]
Time needed for constructing transducer for (initial, unsafe) pairs: 286[µs]
Time needed for constructing transducer for complement of (initial, unsafe) pairs: 596[µs]
Time needed for building union of complements of preach and (initial, unsafe)-transducer: 133[µs]
Time needed for checking universality using antichains-inclusion algorithm: 545[µs]
Time needed for checking abstract safety: 1724[µs]
...done.
Result: [0]
This means that the following properties could be separated from the initial configurations:
	[]
While the following properties could not be separated from the initial configurations:
	[dirtyshared]

real	1m30,802s
user	1m30,617s
sys	0m0,135s
********************
51 of 61
/home/jakob/Documents/abstracton/benchmarks/dodo/firefly.json
t
dirtyexclusive
Running as unit: run-r94e3f87293d2410eaf3fdbc75154891d.scope; invocation ID: 81864b64d6ce4a44975027aadc7bc5dd
Time needed for parsing json file: 4606[µs]
using Trap interpretation
Time needed for constructing Trap interpretation transducer: 3848[µs]
computing ind...
Time needed for computing ind: 3171969[µs]
automaton for ind has 2261 states.
Time needed for minimizing ind: 89298[µs]
minimized automaton for ind has 6 states.
...done.
computing complement of preach...
Time needed for computing complement of preach: 3424396[µs]
automaton for complement of preach has 57 states.
...of which, 5 states are at level 0.
Time needed for trimming complement of preach: 197[µs]
...done.
trying to prove abstract safety...
Time needed for constructing transducer for unsafe property: 38[µs]
Time needed for constructing transducer for (initial, unsafe) pairs: 279[µs]
Time needed for constructing transducer for complement of (initial, unsafe) pairs: 575[µs]
Time needed for building union of complements of preach and (initial, unsafe)-transducer: 227[µs]
Time needed for checking universality using antichains-inclusion algorithm: 940[µs]
Time needed for checking abstract safety: 2200[µs]
...done.
Result: [0]
This means that the following properties could be separated from the initial configurations:
	[]
While the following properties could not be separated from the initial configurations:
	[dirtyexclusive]

real	0m6,725s
user	0m6,667s
sys	0m0,039s
********************
/home/jakob/Documents/abstracton/benchmarks/dodo/firefly.json
s
dirtyexclusive
Running as unit: run-r52ad7651083a4afcba464b4661eebfa0.scope; invocation ID: 08900ea0c9924d78b5143f96395c7648
Time needed for parsing json file: 4300[µs]
using Siphon interpretation
Time needed for constructing Siphon interpretation transducer: 1440[µs]
computing ind...
Time needed for computing ind: 2799004[µs]
automaton for ind has 3631 states.
Time needed for minimizing ind: 147327[µs]
minimized automaton for ind has 5 states.
...done.
computing complement of preach...
Time needed for computing complement of preach: 3025686[µs]
automaton for complement of preach has 5 states.
...of which, 2 states are at level 0.
Time needed for trimming complement of preach: 41[µs]
...done.
trying to prove abstract safety...
Time needed for constructing transducer for unsafe property: 74[µs]
Time needed for constructing transducer for (initial, unsafe) pairs: 330[µs]
Time needed for constructing transducer for complement of (initial, unsafe) pairs: 615[µs]
Time needed for building union of complements of preach and (initial, unsafe)-transducer: 156[µs]
Time needed for checking universality using antichains-inclusion algorithm: 549[µs]
Time needed for checking abstract safety: 1897[µs]
...done.
Result: [0]
This means that the following properties could be separated from the initial configurations:
	[]
While the following properties could not be separated from the initial configurations:
	[dirtyexclusive]

real	0m6,007s
user	0m5,964s
sys	0m0,023s
********************
/home/jakob/Documents/abstracton/benchmarks/dodo/firefly.json
f
dirtyexclusive
Running as unit: run-r992cbf98473f451aa9daf95f5733db61.scope; invocation ID: 09d8753f9fce4291ab22a34c56beeec5
Time needed for parsing json file: 4423[µs]
using Flow interpretation
Time needed for constructing Flow interpretation transducer: 3178[µs]
computing ind...
Time needed for computing ind: 44804494[µs]
automaton for ind has 24942 states.
Time needed for minimizing ind: 1280861[µs]
minimized automaton for ind has 7 states.
...done.
computing complement of preach...
Time needed for computing complement of preach: 44784704[µs]
automaton for complement of preach has 5 states.
...of which, 2 states are at level 0.
Time needed for trimming complement of preach: 56[µs]
...done.
trying to prove abstract safety...
Time needed for constructing transducer for unsafe property: 37[µs]
Time needed for constructing transducer for (initial, unsafe) pairs: 292[µs]
Time needed for constructing transducer for complement of (initial, unsafe) pairs: 591[µs]
Time needed for building union of complements of preach and (initial, unsafe)-transducer: 133[µs]
Time needed for checking universality using antichains-inclusion algorithm: 550[µs]
Time needed for checking abstract safety: 1725[µs]
...done.
Result: [0]
This means that the following properties could be separated from the initial configurations:
	[]
While the following properties could not be separated from the initial configurations:
	[dirtyexclusive]

real	1m30,916s
user	1m30,709s
sys	0m0,140s
********************
52 of 61
/home/jakob/Documents/abstracton/benchmarks/dodo/firefly.json
t
deadlock
Running as unit: run-rf6e582ffef0346f095720a25c0596843.scope; invocation ID: 76af134c887449cdb474f4be577de1e3
Time needed for parsing json file: 4214[µs]
using Trap interpretation
Time needed for constructing Trap interpretation transducer: 3887[µs]
computing ind...
Time needed for computing ind: 3160645[µs]
automaton for ind has 2261 states.
Time needed for minimizing ind: 87942[µs]
minimized automaton for ind has 6 states.
...done.
computing complement of preach...
Time needed for computing complement of preach: 3200734[µs]
automaton for complement of preach has 57 states.
...of which, 5 states are at level 0.
Time needed for trimming complement of preach: 171[µs]
...done.
trying to prove abstract safety...
Time needed for constructing transducer for unsafe property: 131[µs]
Time needed for constructing transducer for (initial, unsafe) pairs: 389[µs]
Time needed for constructing transducer for complement of (initial, unsafe) pairs: 90[µs]
Time needed for building union of complements of preach and (initial, unsafe)-transducer: 176[µs]
Time needed for checking universality using antichains-inclusion algorithm: 806[µs]
Time needed for checking abstract safety: 1753[µs]
...done.
Result: [1]
This means that the following properties could be separated from the initial configurations:
	[deadlock]
While the following properties could not be separated from the initial configurations:
	[]

real	0m6,491s
user	0m6,440s
sys	0m0,029s
********************
/home/jakob/Documents/abstracton/benchmarks/dodo/firefly.json
s
deadlock
Running as unit: run-r29fcce3012e6409cae352df1fa85f8dd.scope; invocation ID: 9f37d1bdef454bb699792d4a9d6a928c
Time needed for parsing json file: 4618[µs]
using Siphon interpretation
Time needed for constructing Siphon interpretation transducer: 1547[µs]
computing ind...
Time needed for computing ind: 2713881[µs]
automaton for ind has 3631 states.
Time needed for minimizing ind: 145945[µs]
minimized automaton for ind has 5 states.
...done.
computing complement of preach...
Time needed for computing complement of preach: 2716821[µs]
automaton for complement of preach has 5 states.
...of which, 2 states are at level 0.
Time needed for trimming complement of preach: 38[µs]
...done.
trying to prove abstract safety...
Time needed for constructing transducer for unsafe property: 129[µs]
Time needed for constructing transducer for (initial, unsafe) pairs: 411[µs]
Time needed for constructing transducer for complement of (initial, unsafe) pairs: 77[µs]
Time needed for building union of complements of preach and (initial, unsafe)-transducer: 64[µs]
Time needed for checking universality using antichains-inclusion algorithm: 311[µs]
Time needed for checking abstract safety: 1133[µs]
...done.
Result: [1]
This means that the following properties could be separated from the initial configurations:
	[deadlock]
While the following properties could not be separated from the initial configurations:
	[]

real	0m5,612s
user	0m5,575s
sys	0m0,022s
********************
/home/jakob/Documents/abstracton/benchmarks/dodo/firefly.json
f
deadlock
Running as unit: run-r2011a7c11cbc4f61a1f373c9a2059c54.scope; invocation ID: e51d069417df46689c058d223414c62b
Time needed for parsing json file: 4232[µs]
using Flow interpretation
Time needed for constructing Flow interpretation transducer: 3283[µs]
computing ind...
Time needed for computing ind: 44961465[µs]
automaton for ind has 24942 states.
Time needed for minimizing ind: 1280532[µs]
minimized automaton for ind has 7 states.
...done.
computing complement of preach...
Time needed for computing complement of preach: 44812976[µs]
automaton for complement of preach has 5 states.
...of which, 2 states are at level 0.
Time needed for trimming complement of preach: 64[µs]
...done.
trying to prove abstract safety...
Time needed for constructing transducer for unsafe property: 143[µs]
Time needed for constructing transducer for (initial, unsafe) pairs: 436[µs]
Time needed for constructing transducer for complement of (initial, unsafe) pairs: 86[µs]
Time needed for building union of complements of preach and (initial, unsafe)-transducer: 67[µs]
Time needed for checking universality using antichains-inclusion algorithm: 352[µs]
Time needed for checking abstract safety: 1227[µs]
...done.
Result: [1]
This means that the following properties could be separated from the initial configurations:
	[deadlock]
While the following properties could not be separated from the initial configurations:
	[]

real	1m31,097s
user	1m30,916s
sys	0m0,129s
********************
53 of 61
/home/jakob/Documents/abstracton/benchmarks/dodo/left-dining-philosophers.json
t
deadlock
Running as unit: run-raccaa1ca565b4b038c82d7e579803849.scope; invocation ID: 4a8f4809471943d09e6bda1f67ef970d
Time needed for parsing json file: 3823[µs]
using Trap interpretation
Time needed for constructing Trap interpretation transducer: 22287[µs]
computing ind...
Time needed for computing ind: 112476299[µs]
automaton for ind has 5678 states.
Time needed for minimizing ind: 917134[µs]
minimized automaton for ind has 41 states.
...done.
computing complement of preach...
Time needed for computing complement of preach: 117056569[µs]
automaton for complement of preach has 6441 states.
...of which, 76 states are at level 0.
Time needed for trimming complement of preach: 26167[µs]
...done.
trying to prove abstract safety...
Time needed for constructing transducer for unsafe property: 316[µs]
Time needed for constructing transducer for (initial, unsafe) pairs: 1434[µs]
Time needed for constructing transducer for complement of (initial, unsafe) pairs: 2156[µs]
Time needed for building union of complements of preach and (initial, unsafe)-transducer: 26796[µs]
Time needed for checking universality using antichains-inclusion algorithm: 349271[µs]
Time needed for checking abstract safety: 383930[µs]
...done.
Result: [0]
This means that the following properties could be separated from the initial configurations:
	[]
While the following properties could not be separated from the initial configurations:
	[deadlock]

real	3m51,003s
user	3m50,101s
sys	0m0,709s
********************
/home/jakob/Documents/abstracton/benchmarks/dodo/left-dining-philosophers.json
s
deadlock
Running as unit: run-r0d77c632147d43ecb1e7bafe9b4ce0ba.scope; invocation ID: 52dc049196234d02ae8afc4e2d216a6b
Time needed for parsing json file: 3565[µs]
using Siphon interpretation
Time needed for constructing Siphon interpretation transducer: 7676[µs]
computing ind...
Time needed for computing ind: 60529125[µs]
automaton for ind has 5673 states.
Time needed for minimizing ind: 923262[µs]
minimized automaton for ind has 42 states.
...done.
computing complement of preach...
Time needed for computing complement of preach: 60815823[µs]
automaton for complement of preach has 2916 states.
...of which, 78 states are at level 0.
Time needed for trimming complement of preach: 15666[µs]
...done.
trying to prove abstract safety...
Time needed for constructing transducer for unsafe property: 289[µs]
Time needed for constructing transducer for (initial, unsafe) pairs: 1325[µs]
Time needed for constructing transducer for complement of (initial, unsafe) pairs: 1938[µs]
Time needed for building union of complements of preach and (initial, unsafe)-transducer: 14177[µs]
Time needed for checking universality using antichains-inclusion algorithm: 143385[µs]
Time needed for checking abstract safety: 163891[µs]
...done.
Result: [0]
This means that the following properties could be separated from the initial configurations:
	[]
While the following properties could not be separated from the initial configurations:
	[deadlock]

real	2m2,532s
user	2m1,914s
sys	0m0,513s
********************
/home/jakob/Documents/abstracton/benchmarks/dodo/left-dining-philosophers.json
f
deadlock
Running as unit: run-r76b9f99c0f024242a13cc39405ccc4c2.scope; invocation ID: 720c7ebbf0a6470f8cd9185dcddd95ab
Time needed for parsing json file: 3670[µs]
using Flow interpretation
Time needed for constructing Flow interpretation transducer: 20107[µs]
computing ind...
Time needed for computing ind: 395626315[µs]
automaton for ind has 44692 states.
Time needed for minimizing ind: 20837818[µs]
minimized automaton for ind has 74 states.
...done.
computing complement of preach...
Time needed for computing complement of preach: 394568676[µs]
automaton for complement of preach has 6612 states.
...of which, 194 states are at level 0.
Time needed for trimming complement of preach: 40951[µs]
...done.
trying to prove abstract safety...
Time needed for constructing transducer for unsafe property: 302[µs]
Time needed for constructing transducer for (initial, unsafe) pairs: 1445[µs]
Time needed for constructing transducer for complement of (initial, unsafe) pairs: 2205[µs]
Time needed for building union of complements of preach and (initial, unsafe)-transducer: 30231[µs]
Time needed for checking universality using antichains-inclusion algorithm: 3225114[µs]
Time needed for checking abstract safety: 3264729[µs]
...done.
Result: [0]
This means that the following properties could be separated from the initial configurations:
	[]
While the following properties could not be separated from the initial configurations:
	[deadlock]

real	13m34,564s
user	13m31,909s
sys	0m2,216s
********************
54 of 61
/home/jakob/Documents/abstracton/benchmarks/dodo/lehmann-rabin.json
t
deadlock
Running as unit: run-rdbe51422386545ad9cc32b42cd88dd8a.scope; invocation ID: a2db848bbb2749548efd3d28af63e090
Time needed for parsing json file: 3291[µs]
using Trap interpretation
Time needed for constructing Trap interpretation transducer: 24331[µs]
computing ind...
Time needed for computing ind: 77491244[µs]
automaton for ind has 3030 states.
Time needed for minimizing ind: 434103[µs]
minimized automaton for ind has 13 states.
...done.
computing complement of preach...
Time needed for computing complement of preach: 78275767[µs]
automaton for complement of preach has 1556 states.
...of which, 20 states are at level 0.
Time needed for trimming complement of preach: 6539[µs]
...done.
trying to prove abstract safety...
Time needed for constructing transducer for unsafe property: 293[µs]
Time needed for constructing transducer for (initial, unsafe) pairs: 1328[µs]
Time needed for constructing transducer for complement of (initial, unsafe) pairs: 1762[µs]
Time needed for building union of complements of preach and (initial, unsafe)-transducer: 5349[µs]
Time needed for checking universality using antichains-inclusion algorithm: 46241[µs]
Time needed for checking abstract safety: 56042[µs]
...done.
Result: [1]
This means that the following properties could be separated from the initial configurations:
	[deadlock]
While the following properties could not be separated from the initial configurations:
	[]

real	2m36,373s
user	2m35,740s
sys	0m0,577s
********************
/home/jakob/Documents/abstracton/benchmarks/dodo/lehmann-rabin.json
s
deadlock
Running as unit: run-rf0ee05c0299441ff8a207da88cda93a4.scope; invocation ID: 88430485e25c44c5a70b309cabf25332
Time needed for parsing json file: 3265[µs]
using Siphon interpretation
Time needed for constructing Siphon interpretation transducer: 7986[µs]
computing ind...
Time needed for computing ind: 41350205[µs]
automaton for ind has 3030 states.
Time needed for minimizing ind: 436856[µs]
minimized automaton for ind has 13 states.
...done.
computing complement of preach...
Time needed for computing complement of preach: 41153459[µs]
automaton for complement of preach has 784 states.
...of which, 20 states are at level 0.
Time needed for trimming complement of preach: 4113[µs]
...done.
trying to prove abstract safety...
Time needed for constructing transducer for unsafe property: 243[µs]
Time needed for constructing transducer for (initial, unsafe) pairs: 1168[µs]
Time needed for constructing transducer for complement of (initial, unsafe) pairs: 1537[µs]
Time needed for building union of complements of preach and (initial, unsafe)-transducer: 3483[µs]
Time needed for checking universality using antichains-inclusion algorithm: 36356[µs]
Time needed for checking abstract safety: 43500[µs]
...done.
Result: [0]
This means that the following properties could be separated from the initial configurations:
	[]
While the following properties could not be separated from the initial configurations:
	[deadlock]

real	1m23,056s
user	1m22,613s
sys	0m0,374s
********************
/home/jakob/Documents/abstracton/benchmarks/dodo/lehmann-rabin.json
f
deadlock
Running as unit: run-rc9ccb3178dc84530b2055aac1e3d00fc.scope; invocation ID: 10fd76b5660f48ba987d423c96280aff
Time needed for parsing json file: 3199[µs]
using Flow interpretation
Time needed for constructing Flow interpretation transducer: 20631[µs]
computing ind...
Time needed for computing ind: 279200537[µs]
automaton for ind has 17748 states.
Time needed for minimizing ind: 3727542[µs]
minimized automaton for ind has 27 states.
...done.
computing complement of preach...
Time needed for computing complement of preach: 277703906[µs]
automaton for complement of preach has 1661 states.
...of which, 73 states are at level 0.
Time needed for trimming complement of preach: 8956[µs]
...done.
trying to prove abstract safety...
Time needed for constructing transducer for unsafe property: 274[µs]
Time needed for constructing transducer for (initial, unsafe) pairs: 1232[µs]
Time needed for constructing transducer for complement of (initial, unsafe) pairs: 1692[µs]
Time needed for building union of complements of preach and (initial, unsafe)-transducer: 7385[µs]
Time needed for checking universality using antichains-inclusion algorithm: 74895[µs]
Time needed for checking abstract safety: 87291[µs]
...done.
Result: [0]
This means that the following properties could be separated from the initial configurations:
	[]
While the following properties could not be separated from the initial configurations:
	[deadlock]

real	9m20,911s
user	9m18,972s
sys	0m1,635s
********************
55 of 61
/home/jakob/Documents/abstracton/benchmarks/dodo/synapse.json
t
dirtydirty
Running as unit: run-r90f5cc5849eb44b7b8b14ed26bc8905d.scope; invocation ID: d558f545fdca43838f9a2e16434dbbe6
Time needed for parsing json file: 1826[µs]
using Trap interpretation
Time needed for constructing Trap interpretation transducer: 1709[µs]
computing ind...
Time needed for computing ind: 97383[µs]
automaton for ind has 61 states.
Time needed for minimizing ind: 2015[µs]
minimized automaton for ind has 5 states.
...done.
computing complement of preach...
Time needed for computing complement of preach: 119995[µs]
automaton for complement of preach has 65 states.
...of which, 5 states are at level 0.
Time needed for trimming complement of preach: 233[µs]
...done.
trying to prove abstract safety...
Time needed for constructing transducer for unsafe property: 44[µs]
Time needed for constructing transducer for (initial, unsafe) pairs: 230[µs]
Time needed for constructing transducer for complement of (initial, unsafe) pairs: 411[µs]
Time needed for building union of complements of preach and (initial, unsafe)-transducer: 234[µs]
Time needed for checking universality using antichains-inclusion algorithm: 1257[µs]
Time needed for checking abstract safety: 2299[µs]
...done.
Result: [1]
This means that the following properties could be separated from the initial configurations:
	[dirtydirty]
While the following properties could not be separated from the initial configurations:
	[]

real	0m0,251s
user	0m0,225s
sys	0m0,013s
********************
/home/jakob/Documents/abstracton/benchmarks/dodo/synapse.json
s
dirtydirty
Running as unit: run-rfa22ec432d7a4d679b2d40360c587b85.scope; invocation ID: 4bb985051f7640c9ab09770c7e7a197b
Time needed for parsing json file: 1519[µs]
using Siphon interpretation
Time needed for constructing Siphon interpretation transducer: 725[µs]
computing ind...
Time needed for computing ind: 54527[µs]
automaton for ind has 58 states.
Time needed for minimizing ind: 1450[µs]
minimized automaton for ind has 3 states.
...done.
computing complement of preach...
Time needed for computing complement of preach: 54725[µs]
automaton for complement of preach has 0 states.
...of which, 0 states are at level 0.
Time needed for trimming complement of preach: 6[µs]
...done.
trying to prove abstract safety...
Time needed for constructing transducer for unsafe property: 25[µs]
Time needed for constructing transducer for (initial, unsafe) pairs: 212[µs]
Time needed for constructing transducer for complement of (initial, unsafe) pairs: 407[µs]
Time needed for building union of complements of preach and (initial, unsafe)-transducer: 89[µs]
Time needed for checking universality using antichains-inclusion algorithm: 332[µs]
Time needed for checking abstract safety: 1158[µs]
...done.
Result: [0]
This means that the following properties could be separated from the initial configurations:
	[]
While the following properties could not be separated from the initial configurations:
	[dirtydirty]

real	0m0,137s
user	0m0,116s
sys	0m0,009s
********************
/home/jakob/Documents/abstracton/benchmarks/dodo/synapse.json
f
dirtydirty
Running as unit: run-r43f72bc6de3c486887b0d7d3b24d358f.scope; invocation ID: 8cde3979a8d34c03b62469e7263a7b09
Time needed for parsing json file: 1527[µs]
using Flow interpretation
Time needed for constructing Flow interpretation transducer: 1421[µs]
computing ind...
Time needed for computing ind: 220459[µs]
automaton for ind has 214 states.
Time needed for minimizing ind: 8086[µs]
minimized automaton for ind has 5 states.
...done.
computing complement of preach...
Time needed for computing complement of preach: 217516[µs]
automaton for complement of preach has 0 states.
...of which, 0 states are at level 0.
Time needed for trimming complement of preach: 6[µs]
...done.
trying to prove abstract safety...
Time needed for constructing transducer for unsafe property: 27[µs]
Time needed for constructing transducer for (initial, unsafe) pairs: 228[µs]
Time needed for constructing transducer for complement of (initial, unsafe) pairs: 408[µs]
Time needed for building union of complements of preach and (initial, unsafe)-transducer: 101[µs]
Time needed for checking universality using antichains-inclusion algorithm: 335[µs]
Time needed for checking abstract safety: 1200[µs]
...done.
Result: [0]
This means that the following properties could be separated from the initial configurations:
	[]
While the following properties could not be separated from the initial configurations:
	[dirtydirty]

real	0m0,477s
user	0m0,451s
sys	0m0,012s
********************
56 of 61
/home/jakob/Documents/abstracton/benchmarks/dodo/synapse.json
t
dirtyvalid
Running as unit: run-r527c64ab8253456ea8acabb9126e3bbb.scope; invocation ID: 330fa1d288634f1395ab7eb1bd97be0f
Time needed for parsing json file: 1511[µs]
using Trap interpretation
Time needed for constructing Trap interpretation transducer: 1712[µs]
computing ind...
Time needed for computing ind: 98714[µs]
automaton for ind has 61 states.
Time needed for minimizing ind: 1903[µs]
minimized automaton for ind has 5 states.
...done.
computing complement of preach...
Time needed for computing complement of preach: 112532[µs]
automaton for complement of preach has 65 states.
...of which, 5 states are at level 0.
Time needed for trimming complement of preach: 187[µs]
...done.
trying to prove abstract safety...
Time needed for constructing transducer for unsafe property: 31[µs]
Time needed for constructing transducer for (initial, unsafe) pairs: 248[µs]
Time needed for constructing transducer for complement of (initial, unsafe) pairs: 490[µs]
Time needed for building union of complements of preach and (initial, unsafe)-transducer: 230[µs]
Time needed for checking universality using antichains-inclusion algorithm: 1282[µs]
Time needed for checking abstract safety: 2401[µs]
...done.
Result: [1]
This means that the following properties could be separated from the initial configurations:
	[dirtyvalid]
While the following properties could not be separated from the initial configurations:
	[]

real	0m0,242s
user	0m0,219s
sys	0m0,011s
********************
/home/jakob/Documents/abstracton/benchmarks/dodo/synapse.json
s
dirtyvalid
Running as unit: run-r6becec4e1c5e46af8153ab339d8435e7.scope; invocation ID: 7267978229254259aa2f7dbdc64ef534
Time needed for parsing json file: 1733[µs]
using Siphon interpretation
Time needed for constructing Siphon interpretation transducer: 1122[µs]
computing ind...
Time needed for computing ind: 55446[µs]
automaton for ind has 58 states.
Time needed for minimizing ind: 1457[µs]
minimized automaton for ind has 3 states.
...done.
computing complement of preach...
Time needed for computing complement of preach: 53296[µs]
automaton for complement of preach has 0 states.
...of which, 0 states are at level 0.
Time needed for trimming complement of preach: 5[µs]
...done.
trying to prove abstract safety...
Time needed for constructing transducer for unsafe property: 41[µs]
Time needed for constructing transducer for (initial, unsafe) pairs: 239[µs]
Time needed for constructing transducer for complement of (initial, unsafe) pairs: 495[µs]
Time needed for building union of complements of preach and (initial, unsafe)-transducer: 100[µs]
Time needed for checking universality using antichains-inclusion algorithm: 374[µs]
Time needed for checking abstract safety: 1379[µs]
...done.
Result: [0]
This means that the following properties could be separated from the initial configurations:
	[]
While the following properties could not be separated from the initial configurations:
	[dirtyvalid]

real	0m0,141s
user	0m0,120s
sys	0m0,006s
********************
/home/jakob/Documents/abstracton/benchmarks/dodo/synapse.json
f
dirtyvalid
Running as unit: run-rc91eb67ba986468d8ccd573f907314fe.scope; invocation ID: 95fe7196e4c24f45abb8c8ee94fc9018
Time needed for parsing json file: 1500[µs]
using Flow interpretation
Time needed for constructing Flow interpretation transducer: 1407[µs]
computing ind...
Time needed for computing ind: 219738[µs]
automaton for ind has 214 states.
Time needed for minimizing ind: 5757[µs]
minimized automaton for ind has 5 states.
...done.
computing complement of preach...
Time needed for computing complement of preach: 230210[µs]
automaton for complement of preach has 0 states.
...of which, 0 states are at level 0.
Time needed for trimming complement of preach: 5[µs]
...done.
trying to prove abstract safety...
Time needed for constructing transducer for unsafe property: 36[µs]
Time needed for constructing transducer for (initial, unsafe) pairs: 235[µs]
Time needed for constructing transducer for complement of (initial, unsafe) pairs: 513[µs]
Time needed for building union of complements of preach and (initial, unsafe)-transducer: 109[µs]
Time needed for checking universality using antichains-inclusion algorithm: 355[µs]
Time needed for checking abstract safety: 1375[µs]
...done.
Result: [0]
This means that the following properties could be separated from the initial configurations:
	[]
While the following properties could not be separated from the initial configurations:
	[dirtyvalid]

real	0m0,482s
user	0m0,459s
sys	0m0,013s
********************
57 of 61
/home/jakob/Documents/abstracton/benchmarks/dodo/synapse.json
t
deadlock
Running as unit: run-r6e1b915e1dee48dfbace866c47c9c958.scope; invocation ID: de844f5034384e0fad1b3022a0298153
Time needed for parsing json file: 1506[µs]
using Trap interpretation
Time needed for constructing Trap interpretation transducer: 1601[µs]
computing ind...
Time needed for computing ind: 99532[µs]
automaton for ind has 61 states.
Time needed for minimizing ind: 3177[µs]
minimized automaton for ind has 5 states.
...done.
computing complement of preach...
Time needed for computing complement of preach: 118484[µs]
automaton for complement of preach has 65 states.
...of which, 5 states are at level 0.
Time needed for trimming complement of preach: 213[µs]
...done.
trying to prove abstract safety...
Time needed for constructing transducer for unsafe property: 29[µs]
Time needed for constructing transducer for (initial, unsafe) pairs: 152[µs]
Time needed for constructing transducer for complement of (initial, unsafe) pairs: 56[µs]
Time needed for building union of complements of preach and (initial, unsafe)-transducer: 203[µs]
Time needed for checking universality using antichains-inclusion algorithm: 832[µs]
Time needed for checking abstract safety: 1371[µs]
...done.
Result: [1]
This means that the following properties could be separated from the initial configurations:
	[deadlock]
While the following properties could not be separated from the initial configurations:
	[]

real	0m0,251s
user	0m0,226s
sys	0m0,012s
********************
/home/jakob/Documents/abstracton/benchmarks/dodo/synapse.json
s
deadlock
Running as unit: run-r6eb3aa3bf8fe4d668142796120b9d841.scope; invocation ID: 69f731a65a374637968bfe42916e25ec
Time needed for parsing json file: 1506[µs]
using Siphon interpretation
Time needed for constructing Siphon interpretation transducer: 709[µs]
computing ind...
Time needed for computing ind: 53862[µs]
automaton for ind has 58 states.
Time needed for minimizing ind: 1365[µs]
minimized automaton for ind has 3 states.
...done.
computing complement of preach...
Time needed for computing complement of preach: 63429[µs]
automaton for complement of preach has 0 states.
...of which, 0 states are at level 0.
Time needed for trimming complement of preach: 7[µs]
...done.
trying to prove abstract safety...
Time needed for constructing transducer for unsafe property: 34[µs]
Time needed for constructing transducer for (initial, unsafe) pairs: 152[µs]
Time needed for constructing transducer for complement of (initial, unsafe) pairs: 62[µs]
Time needed for building union of complements of preach and (initial, unsafe)-transducer: 52[µs]
Time needed for checking universality using antichains-inclusion algorithm: 253[µs]
Time needed for checking abstract safety: 685[µs]
...done.
Result: [1]
This means that the following properties could be separated from the initial configurations:
	[deadlock]
While the following properties could not be separated from the initial configurations:
	[]

real	0m0,149s
user	0m0,123s
sys	0m0,010s
********************
/home/jakob/Documents/abstracton/benchmarks/dodo/synapse.json
f
deadlock
Running as unit: run-rde7609ed26fc45ec982fe4cc1036b592.scope; invocation ID: de4449af5db547a8987089ed7f34e051
Time needed for parsing json file: 1535[µs]
using Flow interpretation
Time needed for constructing Flow interpretation transducer: 1450[µs]
computing ind...
Time needed for computing ind: 205358[µs]
automaton for ind has 214 states.
Time needed for minimizing ind: 5382[µs]
minimized automaton for ind has 5 states.
...done.
computing complement of preach...
Time needed for computing complement of preach: 216896[µs]
automaton for complement of preach has 0 states.
...of which, 0 states are at level 0.
Time needed for trimming complement of preach: 6[µs]
...done.
trying to prove abstract safety...
Time needed for constructing transducer for unsafe property: 33[µs]
Time needed for constructing transducer for (initial, unsafe) pairs: 139[µs]
Time needed for constructing transducer for complement of (initial, unsafe) pairs: 55[µs]
Time needed for building union of complements of preach and (initial, unsafe)-transducer: 46[µs]
Time needed for checking universality using antichains-inclusion algorithm: 247[µs]
Time needed for checking abstract safety: 602[µs]
...done.
Result: [1]
This means that the following properties could be separated from the initial configurations:
	[deadlock]
While the following properties could not be separated from the initial configurations:
	[]

real	0m0,459s
user	0m0,427s
sys	0m0,017s
********************
58 of 61
/home/jakob/Documents/abstracton/benchmarks/dodo/token-passing-no-invariant.json
t
notoken
Running as unit: run-r6c83fd29f7714ec98af7fadc55b3bf85.scope; invocation ID: c02780871b87415ba892b206f19f9fa8
Time needed for parsing json file: 9984[µs]
using Trap interpretation
Time needed for constructing Trap interpretation transducer: 818[µs]
computing ind...
Time needed for computing ind: 11603[µs]
automaton for ind has 14 states.
Time needed for minimizing ind: 634[µs]
minimized automaton for ind has 5 states.
...done.
computing complement of preach...
Time needed for computing complement of preach: 18615[µs]
automaton for complement of preach has 30 states.
...of which, 6 states are at level 0.
Time needed for trimming complement of preach: 109[µs]
...done.
trying to prove abstract safety...
Time needed for constructing transducer for unsafe property: 16[µs]
Time needed for constructing transducer for (initial, unsafe) pairs: 186[µs]
Time needed for constructing transducer for complement of (initial, unsafe) pairs: 285[µs]
Time needed for building union of complements of preach and (initial, unsafe)-transducer: 116[µs]
Time needed for checking universality using antichains-inclusion algorithm: 661[µs]
Time needed for checking abstract safety: 1365[µs]
...done.
Result: [1]
This means that the following properties could be separated from the initial configurations:
	[notoken]
While the following properties could not be separated from the initial configurations:
	[]

real	0m0,075s
user	0m0,035s
sys	0m0,011s
********************
/home/jakob/Documents/abstracton/benchmarks/dodo/token-passing-no-invariant.json
s
notoken
Running as unit: run-rbcfc13077ccd4d03bf9399a2e5f12a91.scope; invocation ID: 21d4a0e7485443f4aa94b248ed240563
Time needed for parsing json file: 1091[µs]
using Siphon interpretation
Time needed for constructing Siphon interpretation transducer: 408[µs]
computing ind...
Time needed for computing ind: 5591[µs]
automaton for ind has 14 states.
Time needed for minimizing ind: 588[µs]
minimized automaton for ind has 5 states.
...done.
computing complement of preach...
Time needed for computing complement of preach: 7508[µs]
automaton for complement of preach has 22 states.
...of which, 6 states are at level 0.
Time needed for trimming complement of preach: 86[µs]
...done.
trying to prove abstract safety...
Time needed for constructing transducer for unsafe property: 14[µs]
Time needed for constructing transducer for (initial, unsafe) pairs: 179[µs]
Time needed for constructing transducer for complement of (initial, unsafe) pairs: 268[µs]
Time needed for building union of complements of preach and (initial, unsafe)-transducer: 104[µs]
Time needed for checking universality using antichains-inclusion algorithm: 701[µs]
Time needed for checking abstract safety: 1363[µs]
...done.
Result: [0]
This means that the following properties could be separated from the initial configurations:
	[]
While the following properties could not be separated from the initial configurations:
	[notoken]

real	0m0,039s
user	0m0,019s
sys	0m0,009s
********************
/home/jakob/Documents/abstracton/benchmarks/dodo/token-passing-no-invariant.json
f
notoken
Running as unit: run-r2e4b1d0c791e4dfcb5ed5a1def10903c.scope; invocation ID: 225d7d051cd242acbad3825e93b6f5ca
Time needed for parsing json file: 1115[µs]
using Flow interpretation
Time needed for constructing Flow interpretation transducer: 713[µs]
computing ind...
Time needed for computing ind: 20814[µs]
automaton for ind has 104 states.
Time needed for minimizing ind: 2765[µs]
minimized automaton for ind has 13 states.
...done.
computing complement of preach...
Time needed for computing complement of preach: 28618[µs]
automaton for complement of preach has 114 states.
...of which, 28 states are at level 0.
Time needed for trimming complement of preach: 368[µs]
...done.
trying to prove abstract safety...
Time needed for constructing transducer for unsafe property: 16[µs]
Time needed for constructing transducer for (initial, unsafe) pairs: 189[µs]
Time needed for constructing transducer for complement of (initial, unsafe) pairs: 266[µs]
Time needed for building union of complements of preach and (initial, unsafe)-transducer: 300[µs]
Time needed for checking universality using antichains-inclusion algorithm: 4892[µs]
Time needed for checking abstract safety: 5840[µs]
...done.
Result: [1]
This means that the following properties could be separated from the initial configurations:
	[notoken]
While the following properties could not be separated from the initial configurations:
	[]

real	0m0,090s
user	0m0,063s
sys	0m0,010s
********************
59 of 61
/home/jakob/Documents/abstracton/benchmarks/dodo/token-passing-no-invariant.json
t
manytoken
Running as unit: run-ra8207b2ad8684067b8e79f8e3f0b9dbf.scope; invocation ID: d3f8c461c3714c268aeffe57673e08a9
Time needed for parsing json file: 1134[µs]
using Trap interpretation
Time needed for constructing Trap interpretation transducer: 861[µs]
computing ind...
Time needed for computing ind: 10543[µs]
automaton for ind has 14 states.
Time needed for minimizing ind: 676[µs]
minimized automaton for ind has 5 states.
...done.
computing complement of preach...
Time needed for computing complement of preach: 20728[µs]
automaton for complement of preach has 30 states.
...of which, 6 states are at level 0.
Time needed for trimming complement of preach: 148[µs]
...done.
trying to prove abstract safety...
Time needed for constructing transducer for unsafe property: 33[µs]
Time needed for constructing transducer for (initial, unsafe) pairs: 239[µs]
Time needed for constructing transducer for complement of (initial, unsafe) pairs: 413[µs]
Time needed for building union of complements of preach and (initial, unsafe)-transducer: 175[µs]
Time needed for checking universality using antichains-inclusion algorithm: 871[µs]
Time needed for checking abstract safety: 1896[µs]
...done.
Result: [0]
This means that the following properties could be separated from the initial configurations:
	[]
While the following properties could not be separated from the initial configurations:
	[manytoken]

real	0m0,076s
user	0m0,037s
sys	0m0,011s
********************
/home/jakob/Documents/abstracton/benchmarks/dodo/token-passing-no-invariant.json
s
manytoken
Running as unit: run-rda1f29beb3224b008d729164ebd75b33.scope; invocation ID: 23a8a904d57648a3a50f4794084b3054
Time needed for parsing json file: 1062[µs]
using Siphon interpretation
Time needed for constructing Siphon interpretation transducer: 444[µs]
computing ind...
Time needed for computing ind: 5157[µs]
automaton for ind has 14 states.
Time needed for minimizing ind: 612[µs]
minimized automaton for ind has 5 states.
...done.
computing complement of preach...
Time needed for computing complement of preach: 7532[µs]
automaton for complement of preach has 22 states.
...of which, 6 states are at level 0.
Time needed for trimming complement of preach: 107[µs]
...done.
trying to prove abstract safety...
Time needed for constructing transducer for unsafe property: 23[µs]
Time needed for constructing transducer for (initial, unsafe) pairs: 229[µs]
Time needed for constructing transducer for complement of (initial, unsafe) pairs: 383[µs]
Time needed for building union of complements of preach and (initial, unsafe)-transducer: 160[µs]
Time needed for checking universality using antichains-inclusion algorithm: 827[µs]
Time needed for checking abstract safety: 1792[µs]
...done.
Result: [0]
This means that the following properties could be separated from the initial configurations:
	[]
While the following properties could not be separated from the initial configurations:
	[manytoken]

real	0m0,035s
user	0m0,022s
sys	0m0,007s
********************
/home/jakob/Documents/abstracton/benchmarks/dodo/token-passing-no-invariant.json
f
manytoken
Running as unit: run-r8380682f0ac843b19ab08d0d82a38e8d.scope; invocation ID: ef2c23ef4e8d462d97109ae05e983214
Time needed for parsing json file: 1040[µs]
using Flow interpretation
Time needed for constructing Flow interpretation transducer: 758[µs]
computing ind...
Time needed for computing ind: 20951[µs]
automaton for ind has 104 states.
Time needed for minimizing ind: 2810[µs]
minimized automaton for ind has 13 states.
...done.
computing complement of preach...
Time needed for computing complement of preach: 29249[µs]
automaton for complement of preach has 114 states.
...of which, 28 states are at level 0.
Time needed for trimming complement of preach: 368[µs]
...done.
trying to prove abstract safety...
Time needed for constructing transducer for unsafe property: 20[µs]
Time needed for constructing transducer for (initial, unsafe) pairs: 237[µs]
Time needed for constructing transducer for complement of (initial, unsafe) pairs: 374[µs]
Time needed for building union of complements of preach and (initial, unsafe)-transducer: 322[µs]
Time needed for checking universality using antichains-inclusion algorithm: 5073[µs]
Time needed for checking abstract safety: 6162[µs]
...done.
Result: [1]
This means that the following properties could be separated from the initial configurations:
	[manytoken]
While the following properties could not be separated from the initial configurations:
	[]

real	0m0,086s
user	0m0,067s
sys	0m0,006s
********************
60 of 61
/home/jakob/Documents/abstracton/benchmarks/dodo/token-passing.json
t
notoken
Running as unit: run-ra3fc2aca70ca47eabdffa6eb8b91eec6.scope; invocation ID: 936a16dc4ea44bc1a8da676e034dd577
Time needed for parsing json file: 9798[µs]
using Trap interpretation
Time needed for constructing Trap interpretation transducer: 818[µs]
computing ind...
Time needed for computing ind: 9308[µs]
automaton for ind has 12 states.
Time needed for minimizing ind: 729[µs]
minimized automaton for ind has 6 states.
...done.
computing complement of preach...
Time needed for computing complement of preach: 19587[µs]
automaton for complement of preach has 70 states.
...of which, 10 states are at level 0.
Time needed for trimming complement of preach: 204[µs]
...done.
trying to prove abstract safety...
Time needed for constructing transducer for unsafe property: 15[µs]
Time needed for constructing transducer for (initial, unsafe) pairs: 202[µs]
Time needed for constructing transducer for complement of (initial, unsafe) pairs: 286[µs]
Time needed for building union of complements of preach and (initial, unsafe)-transducer: 193[µs]
Time needed for checking universality using antichains-inclusion algorithm: 2001[µs]
Time needed for checking abstract safety: 2809[µs]
...done.
Result: [1]
This means that the following properties could be separated from the initial configurations:
	[notoken]
While the following properties could not be separated from the initial configurations:
	[]

real	0m0,071s
user	0m0,035s
sys	0m0,010s
********************
/home/jakob/Documents/abstracton/benchmarks/dodo/token-passing.json
s
notoken
Running as unit: run-r2a682859b3b04e849632eab88f031d2b.scope; invocation ID: a25ac7c898d74d74875b18d6d865ff36
Time needed for parsing json file: 890[µs]
using Siphon interpretation
Time needed for constructing Siphon interpretation transducer: 430[µs]
computing ind...
Time needed for computing ind: 4749[µs]
automaton for ind has 13 states.
Time needed for minimizing ind: 695[µs]
minimized automaton for ind has 6 states.
...done.
computing complement of preach...
Time needed for computing complement of preach: 13768[µs]
automaton for complement of preach has 60 states.
...of which, 12 states are at level 0.
Time needed for trimming complement of preach: 338[µs]
...done.
trying to prove abstract safety...
Time needed for constructing transducer for unsafe property: 21[µs]
Time needed for constructing transducer for (initial, unsafe) pairs: 252[µs]
Time needed for constructing transducer for complement of (initial, unsafe) pairs: 380[µs]
Time needed for building union of complements of preach and (initial, unsafe)-transducer: 319[µs]
Time needed for checking universality using antichains-inclusion algorithm: 2789[µs]
Time needed for checking abstract safety: 3952[µs]
...done.
Result: [0]
This means that the following properties could be separated from the initial configurations:
	[]
While the following properties could not be separated from the initial configurations:
	[notoken]

real	0m0,051s
user	0m0,025s
sys	0m0,011s
********************
/home/jakob/Documents/abstracton/benchmarks/dodo/token-passing.json
f
notoken
Running as unit: run-r222a57c97c0a42239a8c1a167eaed5e8.scope; invocation ID: c215800182594ffcb1d0379ec8cb5b93
Time needed for parsing json file: 1114[µs]
using Flow interpretation
Time needed for constructing Flow interpretation transducer: 914[µs]
computing ind...
Time needed for computing ind: 16191[µs]
automaton for ind has 67 states.
Time needed for minimizing ind: 3540[µs]
minimized automaton for ind has 16 states.
...done.
computing complement of preach...
Time needed for computing complement of preach: 45922[µs]
automaton for complement of preach has 542 states.
...of which, 78 states are at level 0.
Time needed for trimming complement of preach: 1504[µs]
...done.
trying to prove abstract safety...
Time needed for constructing transducer for unsafe property: 16[µs]
Time needed for constructing transducer for (initial, unsafe) pairs: 193[µs]
Time needed for constructing transducer for complement of (initial, unsafe) pairs: 298[µs]
Time needed for building union of complements of preach and (initial, unsafe)-transducer: 1161[µs]
Time needed for checking universality using antichains-inclusion algorithm: 5894761[µs]
Time needed for checking abstract safety: 5896749[µs]
...done.
Result: [1]
This means that the following properties could be separated from the initial configurations:
	[notoken]
While the following properties could not be separated from the initial configurations:
	[]

real	0m5,993s
user	0m5,953s
sys	0m0,019s
********************
61 of 61
/home/jakob/Documents/abstracton/benchmarks/dodo/token-passing.json
t
manytoken
Running as unit: run-re12f5225aeff406aba48560e97e9e766.scope; invocation ID: a97c28e868fd4b69a118d35024680714
Time needed for parsing json file: 937[µs]
using Trap interpretation
Time needed for constructing Trap interpretation transducer: 747[µs]
computing ind...
Time needed for computing ind: 8242[µs]
automaton for ind has 12 states.
Time needed for minimizing ind: 654[µs]
minimized automaton for ind has 6 states.
...done.
computing complement of preach...
Time needed for computing complement of preach: 17406[µs]
automaton for complement of preach has 70 states.
...of which, 10 states are at level 0.
Time needed for trimming complement of preach: 192[µs]
...done.
trying to prove abstract safety...
Time needed for constructing transducer for unsafe property: 17[µs]
Time needed for constructing transducer for (initial, unsafe) pairs: 200[µs]
Time needed for constructing transducer for complement of (initial, unsafe) pairs: 356[µs]
Time needed for building union of complements of preach and (initial, unsafe)-transducer: 244[µs]
Time needed for checking universality using antichains-inclusion algorithm: 2644[µs]
Time needed for checking abstract safety: 3603[µs]
...done.
Result: [1]
This means that the following properties could be separated from the initial configurations:
	[manytoken]
While the following properties could not be separated from the initial configurations:
	[]

real	0m0,057s
user	0m0,034s
sys	0m0,008s
********************
/home/jakob/Documents/abstracton/benchmarks/dodo/token-passing.json
s
manytoken
Running as unit: run-rc57bdae120f74f6d9c0bf1294068b640.scope; invocation ID: 6742c581f54f4ec2a7d91f63b8a19ded
Time needed for parsing json file: 883[µs]
using Siphon interpretation
Time needed for constructing Siphon interpretation transducer: 412[µs]
computing ind...
Time needed for computing ind: 4387[µs]
automaton for ind has 13 states.
Time needed for minimizing ind: 692[µs]
minimized automaton for ind has 6 states.
...done.
computing complement of preach...
Time needed for computing complement of preach: 8827[µs]
automaton for complement of preach has 60 states.
...of which, 12 states are at level 0.
Time needed for trimming complement of preach: 191[µs]
...done.
trying to prove abstract safety...
Time needed for constructing transducer for unsafe property: 21[µs]
Time needed for constructing transducer for (initial, unsafe) pairs: 281[µs]
Time needed for constructing transducer for complement of (initial, unsafe) pairs: 375[µs]
Time needed for building union of complements of preach and (initial, unsafe)-transducer: 216[µs]
Time needed for checking universality using antichains-inclusion algorithm: 1870[µs]
Time needed for checking abstract safety: 2888[µs]
...done.
Result: [0]
This means that the following properties could be separated from the initial configurations:
	[]
While the following properties could not be separated from the initial configurations:
	[manytoken]

real	0m0,044s
user	0m0,022s
sys	0m0,007s
********************
/home/jakob/Documents/abstracton/benchmarks/dodo/token-passing.json
f
manytoken
Running as unit: run-re102ee08a96f45708481b9629d90ade4.scope; invocation ID: 3af8f57f91a649e5880d7d3cb9a8a6d0
Time needed for parsing json file: 965[µs]
using Flow interpretation
Time needed for constructing Flow interpretation transducer: 728[µs]
computing ind...
Time needed for computing ind: 15037[µs]
automaton for ind has 67 states.
Time needed for minimizing ind: 3276[µs]
minimized automaton for ind has 16 states.
...done.
computing complement of preach...
Time needed for computing complement of preach: 44400[µs]
automaton for complement of preach has 542 states.
...of which, 78 states are at level 0.
Time needed for trimming complement of preach: 1540[µs]
...done.
trying to prove abstract safety...
Time needed for constructing transducer for unsafe property: 20[µs]
Time needed for constructing transducer for (initial, unsafe) pairs: 235[µs]
Time needed for constructing transducer for complement of (initial, unsafe) pairs: 380[µs]
Time needed for building union of complements of preach and (initial, unsafe)-transducer: 1178[µs]
Time needed for checking universality using antichains-inclusion algorithm: 5944866[µs]
Time needed for checking abstract safety: 5946997[µs]
...done.
Result: [1]
This means that the following properties could be separated from the initial configurations:
	[manytoken]
While the following properties could not be separated from the initial configurations:
	[]

real	0m6,041s
user	0m6,003s
sys	0m0,018s
********************
