commit: d24950c
0 of 61
/home/jakob/Documents/abstracton/benchmarks/dodo/Berkeley.json
t
exclusiveexclusive
systemd-run --user --scope -p MemoryMax=32G -p MemorySwapMax=7G timeout 1200 /home/jakob/Documents/abstracton/benchmarks/../build_release/benchmarks/solve_dodo -i t -p exclusiveexclusive /home/jakob/Documents/abstracton/benchmarks/dodo/Berkeley.json --measure-time --no-dot-printing --universality-alg antichains-inclusion --ind-alg project --bddlike
Running as unit: run-p2052360-i2046108.scope; invocation ID: de3f161b666a4b118dc28eccc4887d92
Time needed for parsing json file: 2443[µs]
Time needed for converting parser result to bddlike nft type: 160[µs]
alphabet size: 4
using Trap interpretation
Time needed for constructing Trap interpretation transducer: 979[µs]
computing ind...
Time needed for computing composition v_delta of abstraction framework and transition relation: 4440[µs]
Time needed for computing complement v_complement of abstraction framework: 161[µs]
Time needed for minimizing complement(V): 122[µs]
Time needed for computing intersection 'preprojection' of delta_v and v_complement: 511[µs]
Time needed for computing complement of ind (i.e. projecting preprojection onto second tape): 693[µs]
Time needed for minimizing projection: 9969[µs]
Time needed for computing ind: 176[µs]
Time needed for minimizing ind: 287[µs]
Time needed for computing ind (total): 16594[µs]
automaton for ind has 61 states.
...of which, 10 are at level 0.
...done.
computing complement of preach...
Time needed for computing complement v_complement of abstraction framework: 99[µs]
Time needed for computing product v_id of abstraction framework with ind: 483[µs]
Time needed for computing product of v_id with complement of abstraction framework: 11253[µs]
Time needed for computing complement of preach: 11937[µs]
...done.
automaton for complement of preach has 209 states.
...of which, 153 states are at level 0.
Time needed for trimming complement of preach: 232[µs]
trying to prove abstract safety...
Time needed for constructing transducer for (initial, unsafe) pairs: 40[µs]
Time needed for constructing transducer for complement of (initial, unsafe) pairs: 44[µs]
Time needed for building union of complements of preach and (initial, unsafe)-transducer: 213[µs]
Time needed for checking universality using antichains-inclusion algorithm: 397[µs]
Time needed for checking abstract safety: 752[µs]
...done.
Result: [0]
This means that the following properties could be separated from the initial configurations:
	[]
While the following properties could not be separated from the initial configurations:
	[exclusiveexclusive]

real	0m0,074s
user	0m0,029s
sys	0m0,024s
********************
/home/jakob/Documents/abstracton/benchmarks/dodo/Berkeley.json
s
exclusiveexclusive
systemd-run --user --scope -p MemoryMax=32G -p MemorySwapMax=7G timeout 1200 /home/jakob/Documents/abstracton/benchmarks/../build_release/benchmarks/solve_dodo -i s -p exclusiveexclusive /home/jakob/Documents/abstracton/benchmarks/dodo/Berkeley.json --measure-time --no-dot-printing --universality-alg antichains-inclusion --ind-alg project --bddlike
Running as unit: run-p2052362-i2065239.scope; invocation ID: eef28cc4bde8427d9133477ec81c48ec
Time needed for parsing json file: 2139[µs]
Time needed for converting parser result to bddlike nft type: 99[µs]
alphabet size: 4
using Siphon interpretation
Time needed for constructing Siphon interpretation transducer: 430[µs]
computing ind...
Time needed for computing composition v_delta of abstraction framework and transition relation: 2028[µs]
Time needed for computing complement v_complement of abstraction framework: 164[µs]
Time needed for minimizing complement(V): 132[µs]
Time needed for computing intersection 'preprojection' of delta_v and v_complement: 480[µs]
Time needed for computing complement of ind (i.e. projecting preprojection onto second tape): 657[µs]
Time needed for minimizing projection: 8999[µs]
Time needed for computing ind: 58[µs]
Time needed for minimizing ind: 94[µs]
Time needed for computing ind (total): 12794[µs]
automaton for ind has 20 states.
...of which, 5 are at level 0.
...done.
computing complement of preach...
Time needed for computing complement v_complement of abstraction framework: 68[µs]
Time needed for computing product v_id of abstraction framework with ind: 130[µs]
Time needed for computing product of v_id with complement of abstraction framework: 1648[µs]
Time needed for computing complement of preach: 1898[µs]
...done.
automaton for complement of preach has 7 states.
...of which, 4 states are at level 0.
Time needed for trimming complement of preach: 12[µs]
trying to prove abstract safety...
Time needed for constructing transducer for (initial, unsafe) pairs: 43[µs]
Time needed for constructing transducer for complement of (initial, unsafe) pairs: 52[µs]
Time needed for building union of complements of preach and (initial, unsafe)-transducer: 25[µs]
Time needed for checking universality using antichains-inclusion algorithm: 51[µs]
Time needed for checking abstract safety: 223[µs]
...done.
Result: [0]
This means that the following properties could be separated from the initial configurations:
	[]
While the following properties could not be separated from the initial configurations:
	[exclusiveexclusive]

real	0m0,051s
user	0m0,024s
sys	0m0,011s
********************
/home/jakob/Documents/abstracton/benchmarks/dodo/Berkeley.json
f
exclusiveexclusive
systemd-run --user --scope -p MemoryMax=32G -p MemorySwapMax=7G timeout 1200 /home/jakob/Documents/abstracton/benchmarks/../build_release/benchmarks/solve_dodo -i f -p exclusiveexclusive /home/jakob/Documents/abstracton/benchmarks/dodo/Berkeley.json --measure-time --no-dot-printing --universality-alg antichains-inclusion --ind-alg project --bddlike
Running as unit: run-p2052364-i2065240.scope; invocation ID: 9b90399a3e1e4b88b3b8b284af33b0e1
Time needed for parsing json file: 2195[µs]
Time needed for converting parser result to bddlike nft type: 100[µs]
alphabet size: 4
using Flow interpretation
Time needed for constructing Flow interpretation transducer: 817[µs]
computing ind...
Time needed for computing composition v_delta of abstraction framework and transition relation: 3250[µs]
Time needed for computing complement v_complement of abstraction framework: 193[µs]
Time needed for minimizing complement(V): 213[µs]
Time needed for computing intersection 'preprojection' of delta_v and v_complement: 1104[µs]
Time needed for computing complement of ind (i.e. projecting preprojection onto second tape): 1816[µs]
Time needed for minimizing projection: 176681[µs]
Time needed for computing ind: 60[µs]
Time needed for minimizing ind: 77[µs]
Time needed for computing ind (total): 183656[µs]
automaton for ind has 34 states.
...of which, 7 are at level 0.
...done.
computing complement of preach...
Time needed for computing complement v_complement of abstraction framework: 59[µs]
Time needed for computing product v_id of abstraction framework with ind: 114[µs]
Time needed for computing product of v_id with complement of abstraction framework: 2950[µs]
Time needed for computing complement of preach: 3190[µs]
...done.
automaton for complement of preach has 7 states.
...of which, 4 states are at level 0.
Time needed for trimming complement of preach: 10[µs]
trying to prove abstract safety...
Time needed for constructing transducer for (initial, unsafe) pairs: 25[µs]
Time needed for constructing transducer for complement of (initial, unsafe) pairs: 31[µs]
Time needed for building union of complements of preach and (initial, unsafe)-transducer: 12[µs]
Time needed for checking universality using antichains-inclusion algorithm: 35[µs]
Time needed for checking abstract safety: 119[µs]
...done.
Result: [0]
This means that the following properties could be separated from the initial configurations:
	[]
While the following properties could not be separated from the initial configurations:
	[exclusiveexclusive]

real	0m0,234s
user	0m0,173s
sys	0m0,038s
********************
1 of 61
/home/jakob/Documents/abstracton/benchmarks/dodo/Berkeley.json
t
exclusiveunowned
systemd-run --user --scope -p MemoryMax=32G -p MemorySwapMax=7G timeout 1200 /home/jakob/Documents/abstracton/benchmarks/../build_release/benchmarks/solve_dodo -i t -p exclusiveunowned /home/jakob/Documents/abstracton/benchmarks/dodo/Berkeley.json --measure-time --no-dot-printing --universality-alg antichains-inclusion --ind-alg project --bddlike
Running as unit: run-p2052373-i2065243.scope; invocation ID: dc085f5251854b5ca3bca026c49e4e35
Time needed for parsing json file: 1897[µs]
Time needed for converting parser result to bddlike nft type: 97[µs]
alphabet size: 4
using Trap interpretation
Time needed for constructing Trap interpretation transducer: 822[µs]
computing ind...
Time needed for computing composition v_delta of abstraction framework and transition relation: 2780[µs]
Time needed for computing complement v_complement of abstraction framework: 104[µs]
Time needed for minimizing complement(V): 81[µs]
Time needed for computing intersection 'preprojection' of delta_v and v_complement: 353[µs]
Time needed for computing complement of ind (i.e. projecting preprojection onto second tape): 448[µs]
Time needed for minimizing projection: 9108[µs]
Time needed for computing ind: 107[µs]
Time needed for minimizing ind: 188[µs]
Time needed for computing ind (total): 13338[µs]
automaton for ind has 61 states.
...of which, 10 are at level 0.
...done.
computing complement of preach...
Time needed for computing complement v_complement of abstraction framework: 58[µs]
Time needed for computing product v_id of abstraction framework with ind: 232[µs]
Time needed for computing product of v_id with complement of abstraction framework: 9024[µs]
Time needed for computing complement of preach: 9399[µs]
...done.
automaton for complement of preach has 209 states.
...of which, 153 states are at level 0.
Time needed for trimming complement of preach: 153[µs]
trying to prove abstract safety...
Time needed for constructing transducer for (initial, unsafe) pairs: 32[µs]
Time needed for constructing transducer for complement of (initial, unsafe) pairs: 37[µs]
Time needed for building union of complements of preach and (initial, unsafe)-transducer: 152[µs]
Time needed for checking universality using antichains-inclusion algorithm: 274[µs]
Time needed for checking abstract safety: 540[µs]
...done.
Result: [1]
This means that the following properties could be separated from the initial configurations:
	[exclusiveunowned]
While the following properties could not be separated from the initial configurations:
	[]

real	0m0,059s
user	0m0,027s
sys	0m0,012s
********************
/home/jakob/Documents/abstracton/benchmarks/dodo/Berkeley.json
s
exclusiveunowned
systemd-run --user --scope -p MemoryMax=32G -p MemorySwapMax=7G timeout 1200 /home/jakob/Documents/abstracton/benchmarks/../build_release/benchmarks/solve_dodo -i s -p exclusiveunowned /home/jakob/Documents/abstracton/benchmarks/dodo/Berkeley.json --measure-time --no-dot-printing --universality-alg antichains-inclusion --ind-alg project --bddlike
Running as unit: run-p2052375-i2065244.scope; invocation ID: 2a92e21b708146f89ace61038acdca04
Time needed for parsing json file: 2156[µs]
Time needed for converting parser result to bddlike nft type: 100[µs]
alphabet size: 4
using Siphon interpretation
Time needed for constructing Siphon interpretation transducer: 421[µs]
computing ind...
Time needed for computing composition v_delta of abstraction framework and transition relation: 2101[µs]
Time needed for computing complement v_complement of abstraction framework: 117[µs]
Time needed for minimizing complement(V): 128[µs]
Time needed for computing intersection 'preprojection' of delta_v and v_complement: 485[µs]
Time needed for computing complement of ind (i.e. projecting preprojection onto second tape): 641[µs]
Time needed for minimizing projection: 8790[µs]
Time needed for computing ind: 62[µs]
Time needed for minimizing ind: 94[µs]
Time needed for computing ind (total): 12603[µs]
automaton for ind has 20 states.
...of which, 5 are at level 0.
...done.
computing complement of preach...
Time needed for computing complement v_complement of abstraction framework: 67[µs]
Time needed for computing product v_id of abstraction framework with ind: 121[µs]
Time needed for computing product of v_id with complement of abstraction framework: 1659[µs]
Time needed for computing complement of preach: 1898[µs]
...done.
automaton for complement of preach has 7 states.
...of which, 4 states are at level 0.
Time needed for trimming complement of preach: 11[µs]
trying to prove abstract safety...
Time needed for constructing transducer for (initial, unsafe) pairs: 50[µs]
Time needed for constructing transducer for complement of (initial, unsafe) pairs: 64[µs]
Time needed for building union of complements of preach and (initial, unsafe)-transducer: 29[µs]
Time needed for checking universality using antichains-inclusion algorithm: 61[µs]
Time needed for checking abstract safety: 237[µs]
...done.
Result: [0]
This means that the following properties could be separated from the initial configurations:
	[]
While the following properties could not be separated from the initial configurations:
	[exclusiveunowned]

real	0m0,048s
user	0m0,021s
sys	0m0,010s
********************
/home/jakob/Documents/abstracton/benchmarks/dodo/Berkeley.json
f
exclusiveunowned
systemd-run --user --scope -p MemoryMax=32G -p MemorySwapMax=7G timeout 1200 /home/jakob/Documents/abstracton/benchmarks/../build_release/benchmarks/solve_dodo -i f -p exclusiveunowned /home/jakob/Documents/abstracton/benchmarks/dodo/Berkeley.json --measure-time --no-dot-printing --universality-alg antichains-inclusion --ind-alg project --bddlike
Running as unit: run-p2052377-i2046110.scope; invocation ID: c5046625ec84423592ddcc1f1d7647c3
Time needed for parsing json file: 2449[µs]
Time needed for converting parser result to bddlike nft type: 100[µs]
alphabet size: 4
using Flow interpretation
Time needed for constructing Flow interpretation transducer: 819[µs]
computing ind...
Time needed for computing composition v_delta of abstraction framework and transition relation: 2849[µs]
Time needed for computing complement v_complement of abstraction framework: 157[µs]
Time needed for minimizing complement(V): 174[µs]
Time needed for computing intersection 'preprojection' of delta_v and v_complement: 889[µs]
Time needed for computing complement of ind (i.e. projecting preprojection onto second tape): 1920[µs]
Time needed for minimizing projection: 182612[µs]
Time needed for computing ind: 60[µs]
Time needed for minimizing ind: 87[µs]
Time needed for computing ind (total): 188966[µs]
automaton for ind has 34 states.
...of which, 7 are at level 0.
...done.
computing complement of preach...
Time needed for computing complement v_complement of abstraction framework: 63[µs]
Time needed for computing product v_id of abstraction framework with ind: 123[µs]
Time needed for computing product of v_id with complement of abstraction framework: 2877[µs]
Time needed for computing complement of preach: 3131[µs]
...done.
automaton for complement of preach has 7 states.
...of which, 4 states are at level 0.
Time needed for trimming complement of preach: 10[µs]
trying to prove abstract safety...
Time needed for constructing transducer for (initial, unsafe) pairs: 32[µs]
Time needed for constructing transducer for complement of (initial, unsafe) pairs: 38[µs]
Time needed for building union of complements of preach and (initial, unsafe)-transducer: 14[µs]
Time needed for checking universality using antichains-inclusion algorithm: 34[µs]
Time needed for checking abstract safety: 136[µs]
...done.
Result: [0]
This means that the following properties could be separated from the initial configurations:
	[]
While the following properties could not be separated from the initial configurations:
	[exclusiveunowned]

real	0m0,234s
user	0m0,171s
sys	0m0,031s
********************
2 of 61
/home/jakob/Documents/abstracton/benchmarks/dodo/Berkeley.json
t
exclusivenonexclusive
systemd-run --user --scope -p MemoryMax=32G -p MemorySwapMax=7G timeout 1200 /home/jakob/Documents/abstracton/benchmarks/../build_release/benchmarks/solve_dodo -i t -p exclusivenonexclusive /home/jakob/Documents/abstracton/benchmarks/dodo/Berkeley.json --measure-time --no-dot-printing --universality-alg antichains-inclusion --ind-alg project --bddlike
Running as unit: run-p2052385-i2046113.scope; invocation ID: 43e5e92557ef42df8340f202c300e897
Time needed for parsing json file: 2204[µs]
Time needed for converting parser result to bddlike nft type: 175[µs]
alphabet size: 4
using Trap interpretation
Time needed for constructing Trap interpretation transducer: 1000[µs]
computing ind...
Time needed for computing composition v_delta of abstraction framework and transition relation: 3215[µs]
Time needed for computing complement v_complement of abstraction framework: 154[µs]
Time needed for minimizing complement(V): 121[µs]
Time needed for computing intersection 'preprojection' of delta_v and v_complement: 345[µs]
Time needed for computing complement of ind (i.e. projecting preprojection onto second tape): 466[µs]
Time needed for minimizing projection: 7587[µs]
Time needed for computing ind: 169[µs]
Time needed for minimizing ind: 249[µs]
Time needed for computing ind (total): 12534[µs]
automaton for ind has 61 states.
...of which, 10 are at level 0.
...done.
computing complement of preach...
Time needed for computing complement v_complement of abstraction framework: 88[µs]
Time needed for computing product v_id of abstraction framework with ind: 345[µs]
Time needed for computing product of v_id with complement of abstraction framework: 9407[µs]
Time needed for computing complement of preach: 9964[µs]
...done.
automaton for complement of preach has 209 states.
...of which, 153 states are at level 0.
Time needed for trimming complement of preach: 208[µs]
trying to prove abstract safety...
Time needed for constructing transducer for (initial, unsafe) pairs: 45[µs]
Time needed for constructing transducer for complement of (initial, unsafe) pairs: 53[µs]
Time needed for building union of complements of preach and (initial, unsafe)-transducer: 195[µs]
Time needed for checking universality using antichains-inclusion algorithm: 393[µs]
Time needed for checking abstract safety: 733[µs]
...done.
Result: [1]
This means that the following properties could be separated from the initial configurations:
	[exclusivenonexclusive]
While the following properties could not be separated from the initial configurations:
	[]

real	0m0,065s
user	0m0,028s
sys	0m0,019s
********************
/home/jakob/Documents/abstracton/benchmarks/dodo/Berkeley.json
s
exclusivenonexclusive
systemd-run --user --scope -p MemoryMax=32G -p MemorySwapMax=7G timeout 1200 /home/jakob/Documents/abstracton/benchmarks/../build_release/benchmarks/solve_dodo -i s -p exclusivenonexclusive /home/jakob/Documents/abstracton/benchmarks/dodo/Berkeley.json --measure-time --no-dot-printing --universality-alg antichains-inclusion --ind-alg project --bddlike
Running as unit: run-p2052387-i2046114.scope; invocation ID: a00092a8673246f4841c113448b337c9
Time needed for parsing json file: 2180[µs]
Time needed for converting parser result to bddlike nft type: 100[µs]
alphabet size: 4
using Siphon interpretation
Time needed for constructing Siphon interpretation transducer: 401[µs]
computing ind...
Time needed for computing composition v_delta of abstraction framework and transition relation: 2035[µs]
Time needed for computing complement v_complement of abstraction framework: 113[µs]
Time needed for minimizing complement(V): 146[µs]
Time needed for computing intersection 'preprojection' of delta_v and v_complement: 475[µs]
Time needed for computing complement of ind (i.e. projecting preprojection onto second tape): 914[µs]
Time needed for minimizing projection: 8579[µs]
Time needed for computing ind: 60[µs]
Time needed for minimizing ind: 89[µs]
Time needed for computing ind (total): 12633[µs]
automaton for ind has 20 states.
...of which, 5 are at level 0.
...done.
computing complement of preach...
Time needed for computing complement v_complement of abstraction framework: 64[µs]
Time needed for computing product v_id of abstraction framework with ind: 115[µs]
Time needed for computing product of v_id with complement of abstraction framework: 1611[µs]
Time needed for computing complement of preach: 1856[µs]
...done.
automaton for complement of preach has 7 states.
...of which, 4 states are at level 0.
Time needed for trimming complement of preach: 12[µs]
trying to prove abstract safety...
Time needed for constructing transducer for (initial, unsafe) pairs: 49[µs]
Time needed for constructing transducer for complement of (initial, unsafe) pairs: 63[µs]
Time needed for building union of complements of preach and (initial, unsafe)-transducer: 27[µs]
Time needed for checking universality using antichains-inclusion algorithm: 53[µs]
Time needed for checking abstract safety: 222[µs]
...done.
Result: [0]
This means that the following properties could be separated from the initial configurations:
	[]
While the following properties could not be separated from the initial configurations:
	[exclusivenonexclusive]

real	0m0,050s
user	0m0,016s
sys	0m0,021s
********************
/home/jakob/Documents/abstracton/benchmarks/dodo/Berkeley.json
f
exclusivenonexclusive
systemd-run --user --scope -p MemoryMax=32G -p MemorySwapMax=7G timeout 1200 /home/jakob/Documents/abstracton/benchmarks/../build_release/benchmarks/solve_dodo -i f -p exclusivenonexclusive /home/jakob/Documents/abstracton/benchmarks/dodo/Berkeley.json --measure-time --no-dot-printing --universality-alg antichains-inclusion --ind-alg project --bddlike
Running as unit: run-p2052389-i2046115.scope; invocation ID: 12d6522b299041c798b830e3825581b7
Time needed for parsing json file: 2244[µs]
Time needed for converting parser result to bddlike nft type: 101[µs]
alphabet size: 4
using Flow interpretation
Time needed for constructing Flow interpretation transducer: 839[µs]
computing ind...
Time needed for computing composition v_delta of abstraction framework and transition relation: 3298[µs]
Time needed for computing complement v_complement of abstraction framework: 196[µs]
Time needed for minimizing complement(V): 213[µs]
Time needed for computing intersection 'preprojection' of delta_v and v_complement: 1144[µs]
Time needed for computing complement of ind (i.e. projecting preprojection onto second tape): 1711[µs]
Time needed for minimizing projection: 167005[µs]
Time needed for computing ind: 61[µs]
Time needed for minimizing ind: 83[µs]
Time needed for computing ind (total): 173947[µs]
automaton for ind has 34 states.
...of which, 7 are at level 0.
...done.
computing complement of preach...
Time needed for computing complement v_complement of abstraction framework: 62[µs]
Time needed for computing product v_id of abstraction framework with ind: 124[µs]
Time needed for computing product of v_id with complement of abstraction framework: 3158[µs]
Time needed for computing complement of preach: 3419[µs]
...done.
automaton for complement of preach has 7 states.
...of which, 4 states are at level 0.
Time needed for trimming complement of preach: 10[µs]
trying to prove abstract safety...
Time needed for constructing transducer for (initial, unsafe) pairs: 29[µs]
Time needed for constructing transducer for complement of (initial, unsafe) pairs: 38[µs]
Time needed for building union of complements of preach and (initial, unsafe)-transducer: 15[µs]
Time needed for checking universality using antichains-inclusion algorithm: 34[µs]
Time needed for checking abstract safety: 135[µs]
...done.
Result: [0]
This means that the following properties could be separated from the initial configurations:
	[]
While the following properties could not be separated from the initial configurations:
	[exclusivenonexclusive]

real	0m0,224s
user	0m0,181s
sys	0m0,024s
********************
3 of 61
/home/jakob/Documents/abstracton/benchmarks/dodo/Berkeley.json
t
deadlock
systemd-run --user --scope -p MemoryMax=32G -p MemorySwapMax=7G timeout 1200 /home/jakob/Documents/abstracton/benchmarks/../build_release/benchmarks/solve_dodo -i t -p deadlock /home/jakob/Documents/abstracton/benchmarks/dodo/Berkeley.json --measure-time --no-dot-printing --universality-alg antichains-inclusion --ind-alg project --bddlike
Running as unit: run-p2052397-i2046118.scope; invocation ID: 62e9525a07e74a8dbc971641d7eb6558
Time needed for parsing json file: 1736[µs]
Time needed for converting parser result to bddlike nft type: 81[µs]
alphabet size: 4
using Trap interpretation
Time needed for constructing Trap interpretation transducer: 754[µs]
computing ind...
Time needed for computing composition v_delta of abstraction framework and transition relation: 2613[µs]
Time needed for computing complement v_complement of abstraction framework: 123[µs]
Time needed for minimizing complement(V): 97[µs]
Time needed for computing intersection 'preprojection' of delta_v and v_complement: 690[µs]
Time needed for computing complement of ind (i.e. projecting preprojection onto second tape): 925[µs]
Time needed for minimizing projection: 8344[µs]
Time needed for computing ind: 113[µs]
Time needed for minimizing ind: 202[µs]
Time needed for computing ind (total): 13331[µs]
automaton for ind has 61 states.
...of which, 10 are at level 0.
...done.
computing complement of preach...
Time needed for computing complement v_complement of abstraction framework: 60[µs]
Time needed for computing product v_id of abstraction framework with ind: 240[µs]
Time needed for computing product of v_id with complement of abstraction framework: 9830[µs]
Time needed for computing complement of preach: 10248[µs]
...done.
automaton for complement of preach has 209 states.
...of which, 153 states are at level 0.
Time needed for trimming complement of preach: 186[µs]
trying to prove abstract safety...
Time needed for constructing transducer for (initial, unsafe) pairs: 34[µs]
Time needed for constructing transducer for complement of (initial, unsafe) pairs: 7[µs]
Time needed for building union of complements of preach and (initial, unsafe)-transducer: 141[µs]
Time needed for checking universality using antichains-inclusion algorithm: 235[µs]
Time needed for checking abstract safety: 464[µs]
...done.
Result: [1]
This means that the following properties could be separated from the initial configurations:
	[deadlock]
While the following properties could not be separated from the initial configurations:
	[]

real	0m0,059s
user	0m0,030s
sys	0m0,013s
********************
/home/jakob/Documents/abstracton/benchmarks/dodo/Berkeley.json
s
deadlock
systemd-run --user --scope -p MemoryMax=32G -p MemorySwapMax=7G timeout 1200 /home/jakob/Documents/abstracton/benchmarks/../build_release/benchmarks/solve_dodo -i s -p deadlock /home/jakob/Documents/abstracton/benchmarks/dodo/Berkeley.json --measure-time --no-dot-printing --universality-alg antichains-inclusion --ind-alg project --bddlike
Running as unit: run-p2052399-i2046119.scope; invocation ID: 8a4bfa2ce41041f9ba1de2ae01c49a34
Time needed for parsing json file: 2298[µs]
Time needed for converting parser result to bddlike nft type: 99[µs]
alphabet size: 4
using Siphon interpretation
Time needed for constructing Siphon interpretation transducer: 416[µs]
computing ind...
Time needed for computing composition v_delta of abstraction framework and transition relation: 3474[µs]
Time needed for computing complement v_complement of abstraction framework: 123[µs]
Time needed for minimizing complement(V): 139[µs]
Time needed for computing intersection 'preprojection' of delta_v and v_complement: 484[µs]
Time needed for computing complement of ind (i.e. projecting preprojection onto second tape): 660[µs]
Time needed for minimizing projection: 9916[µs]
Time needed for computing ind: 58[µs]
Time needed for minimizing ind: 90[µs]
Time needed for computing ind (total): 15251[µs]
automaton for ind has 20 states.
...of which, 5 are at level 0.
...done.
computing complement of preach...
Time needed for computing complement v_complement of abstraction framework: 67[µs]
Time needed for computing product v_id of abstraction framework with ind: 115[µs]
Time needed for computing product of v_id with complement of abstraction framework: 2909[µs]
Time needed for computing complement of preach: 3190[µs]
...done.
automaton for complement of preach has 7 states.
...of which, 4 states are at level 0.
Time needed for trimming complement of preach: 15[µs]
trying to prove abstract safety...
Time needed for constructing transducer for (initial, unsafe) pairs: 81[µs]
Time needed for constructing transducer for complement of (initial, unsafe) pairs: 14[µs]
Time needed for building union of complements of preach and (initial, unsafe)-transducer: 17[µs]
Time needed for checking universality using antichains-inclusion algorithm: 42[µs]
Time needed for checking abstract safety: 190[µs]
...done.
Result: [1]
This means that the following properties could be separated from the initial configurations:
	[deadlock]
While the following properties could not be separated from the initial configurations:
	[]

real	0m0,066s
user	0m0,028s
sys	0m0,013s
********************
/home/jakob/Documents/abstracton/benchmarks/dodo/Berkeley.json
f
deadlock
systemd-run --user --scope -p MemoryMax=32G -p MemorySwapMax=7G timeout 1200 /home/jakob/Documents/abstracton/benchmarks/../build_release/benchmarks/solve_dodo -i f -p deadlock /home/jakob/Documents/abstracton/benchmarks/dodo/Berkeley.json --measure-time --no-dot-printing --universality-alg antichains-inclusion --ind-alg project --bddlike
Running as unit: run-p2052401-i2065249.scope; invocation ID: 0266e4c7f44348bf8b9936f5b682d339
Time needed for parsing json file: 2156[µs]
Time needed for converting parser result to bddlike nft type: 98[µs]
alphabet size: 4
using Flow interpretation
Time needed for constructing Flow interpretation transducer: 824[µs]
computing ind...
Time needed for computing composition v_delta of abstraction framework and transition relation: 2960[µs]
Time needed for computing complement v_complement of abstraction framework: 157[µs]
Time needed for minimizing complement(V): 168[µs]
Time needed for computing intersection 'preprojection' of delta_v and v_complement: 890[µs]
Time needed for computing complement of ind (i.e. projecting preprojection onto second tape): 2139[µs]
Time needed for minimizing projection: 169983[µs]
Time needed for computing ind: 61[µs]
Time needed for minimizing ind: 81[µs]
Time needed for computing ind (total): 176661[µs]
automaton for ind has 34 states.
...of which, 7 are at level 0.
...done.
computing complement of preach...
Time needed for computing complement v_complement of abstraction framework: 72[µs]
Time needed for computing product v_id of abstraction framework with ind: 119[µs]
Time needed for computing product of v_id with complement of abstraction framework: 3272[µs]
Time needed for computing complement of preach: 3546[µs]
...done.
automaton for complement of preach has 7 states.
...of which, 4 states are at level 0.
Time needed for trimming complement of preach: 10[µs]
trying to prove abstract safety...
Time needed for constructing transducer for (initial, unsafe) pairs: 30[µs]
Time needed for constructing transducer for complement of (initial, unsafe) pairs: 7[µs]
Time needed for building union of complements of preach and (initial, unsafe)-transducer: 8[µs]
Time needed for checking universality using antichains-inclusion algorithm: 21[µs]
Time needed for checking abstract safety: 82[µs]
...done.
Result: [1]
This means that the following properties could be separated from the initial configurations:
	[deadlock]
While the following properties could not be separated from the initial configurations:
	[]

real	0m0,222s
user	0m0,175s
sys	0m0,029s
********************
4 of 61
/home/jakob/Documents/abstracton/benchmarks/dodo/Burns.json
t
nomutex
systemd-run --user --scope -p MemoryMax=32G -p MemorySwapMax=7G timeout 1200 /home/jakob/Documents/abstracton/benchmarks/../build_release/benchmarks/solve_dodo -i t -p nomutex /home/jakob/Documents/abstracton/benchmarks/dodo/Burns.json --measure-time --no-dot-printing --universality-alg antichains-inclusion --ind-alg project --bddlike
Running as unit: run-p2052409-i2046123.scope; invocation ID: 86e76ddb7e154c5281dc68515f9e9906
Time needed for parsing json file: 1607[µs]
Time needed for converting parser result to bddlike nft type: 72[µs]
alphabet size: 6
using Trap interpretation
Time needed for constructing Trap interpretation transducer: 4619[µs]
computing ind...
Time needed for computing composition v_delta of abstraction framework and transition relation: 3852[µs]
Time needed for computing complement v_complement of abstraction framework: 159[µs]
Time needed for minimizing complement(V): 131[µs]
Time needed for computing intersection 'preprojection' of delta_v and v_complement: 358[µs]
Time needed for computing complement of ind (i.e. projecting preprojection onto second tape): 418[µs]
Time needed for minimizing projection: 2246[µs]
Time needed for computing ind: 161[µs]
Time needed for minimizing ind: 248[µs]
Time needed for computing ind (total): 7789[µs]
automaton for ind has 66 states.
...of which, 7 are at level 0.
...done.
computing complement of preach...
Time needed for computing complement v_complement of abstraction framework: 137[µs]
Time needed for computing product v_id of abstraction framework with ind: 381[µs]
Time needed for computing product of v_id with complement of abstraction framework: 21718[µs]
Time needed for computing complement of preach: 22375[µs]
...done.
automaton for complement of preach has 247 states.
...of which, 199 states are at level 0.
Time needed for trimming complement of preach: 247[µs]
trying to prove abstract safety...
Time needed for constructing transducer for (initial, unsafe) pairs: 35[µs]
Time needed for constructing transducer for complement of (initial, unsafe) pairs: 39[µs]
Time needed for building union of complements of preach and (initial, unsafe)-transducer: 225[µs]
Time needed for checking universality using antichains-inclusion algorithm: 363[µs]
Time needed for checking abstract safety: 721[µs]
...done.
Result: [1]
This means that the following properties could be separated from the initial configurations:
	[nomutex]
While the following properties could not be separated from the initial configurations:
	[]

real	0m0,076s
user	0m0,042s
sys	0m0,014s
********************
/home/jakob/Documents/abstracton/benchmarks/dodo/Burns.json
s
nomutex
systemd-run --user --scope -p MemoryMax=32G -p MemorySwapMax=7G timeout 1200 /home/jakob/Documents/abstracton/benchmarks/../build_release/benchmarks/solve_dodo -i s -p nomutex /home/jakob/Documents/abstracton/benchmarks/dodo/Burns.json --measure-time --no-dot-printing --universality-alg antichains-inclusion --ind-alg project --bddlike
Running as unit: run-p2052411-i2065253.scope; invocation ID: 5faf7925892f462397e99190d356fcdf
Time needed for parsing json file: 1597[µs]
Time needed for converting parser result to bddlike nft type: 72[µs]
alphabet size: 6
using Siphon interpretation
Time needed for constructing Siphon interpretation transducer: 1593[µs]
computing ind...
Time needed for computing composition v_delta of abstraction framework and transition relation: 2001[µs]
Time needed for computing complement v_complement of abstraction framework: 185[µs]
Time needed for minimizing complement(V): 216[µs]
Time needed for computing intersection 'preprojection' of delta_v and v_complement: 529[µs]
Time needed for computing complement of ind (i.e. projecting preprojection onto second tape): 671[µs]
Time needed for minimizing projection: 2298[µs]
Time needed for computing ind: 63[µs]
Time needed for minimizing ind: 98[µs]
Time needed for computing ind (total): 6278[µs]
automaton for ind has 23 states.
...of which, 3 are at level 0.
...done.
computing complement of preach...
Time needed for computing complement v_complement of abstraction framework: 111[µs]
Time needed for computing product v_id of abstraction framework with ind: 148[µs]
Time needed for computing product of v_id with complement of abstraction framework: 3396[µs]
Time needed for computing complement of preach: 3720[µs]
...done.
automaton for complement of preach has 0 states.
...of which, 0 states are at level 0.
Time needed for trimming complement of preach: 3[µs]
trying to prove abstract safety...
Time needed for constructing transducer for (initial, unsafe) pairs: 51[µs]
Time needed for constructing transducer for complement of (initial, unsafe) pairs: 64[µs]
Time needed for building union of complements of preach and (initial, unsafe)-transducer: 16[µs]
Time needed for checking universality using antichains-inclusion algorithm: 42[µs]
Time needed for checking abstract safety: 209[µs]
...done.
Result: [0]
This means that the following properties could be separated from the initial configurations:
	[]
While the following properties could not be separated from the initial configurations:
	[nomutex]

real	0m0,049s
user	0m0,014s
sys	0m0,017s
********************
/home/jakob/Documents/abstracton/benchmarks/dodo/Burns.json
f
nomutex
systemd-run --user --scope -p MemoryMax=32G -p MemorySwapMax=7G timeout 1200 /home/jakob/Documents/abstracton/benchmarks/../build_release/benchmarks/solve_dodo -i f -p nomutex /home/jakob/Documents/abstracton/benchmarks/dodo/Burns.json --measure-time --no-dot-printing --universality-alg antichains-inclusion --ind-alg project --bddlike
Running as unit: run-p2052413-i2046125.scope; invocation ID: 229f683e0e5446a1bf6392b232bc28ea
Time needed for parsing json file: 3017[µs]
Time needed for converting parser result to bddlike nft type: 141[µs]
alphabet size: 6
using Flow interpretation
Time needed for constructing Flow interpretation transducer: 4371[µs]
computing ind...
Time needed for computing composition v_delta of abstraction framework and transition relation: 2451[µs]
Time needed for computing complement v_complement of abstraction framework: 222[µs]
Time needed for minimizing complement(V): 323[µs]
Time needed for computing intersection 'preprojection' of delta_v and v_complement: 1390[µs]
Time needed for computing complement of ind (i.e. projecting preprojection onto second tape): 2006[µs]
Time needed for minimizing projection: 31549[µs]
Time needed for computing ind: 65[µs]
Time needed for minimizing ind: 95[µs]
Time needed for computing ind (total): 38367[µs]
automaton for ind has 45 states.
...of which, 5 are at level 0.
...done.
computing complement of preach...
Time needed for computing complement v_complement of abstraction framework: 103[µs]
Time needed for computing product v_id of abstraction framework with ind: 149[µs]
Time needed for computing product of v_id with complement of abstraction framework: 7981[µs]
Time needed for computing complement of preach: 8331[µs]
...done.
automaton for complement of preach has 0 states.
...of which, 0 states are at level 0.
Time needed for trimming complement of preach: 2[µs]
trying to prove abstract safety...
Time needed for constructing transducer for (initial, unsafe) pairs: 32[µs]
Time needed for constructing transducer for complement of (initial, unsafe) pairs: 40[µs]
Time needed for building union of complements of preach and (initial, unsafe)-transducer: 8[µs]
Time needed for checking universality using antichains-inclusion algorithm: 30[µs]
Time needed for checking abstract safety: 138[µs]
...done.
Result: [0]
This means that the following properties could be separated from the initial configurations:
	[]
While the following properties could not be separated from the initial configurations:
	[nomutex]

real	0m0,102s
user	0m0,060s
sys	0m0,016s
********************
5 of 61
/home/jakob/Documents/abstracton/benchmarks/dodo/Burns.json
t
deadlock
systemd-run --user --scope -p MemoryMax=32G -p MemorySwapMax=7G timeout 1200 /home/jakob/Documents/abstracton/benchmarks/../build_release/benchmarks/solve_dodo -i t -p deadlock /home/jakob/Documents/abstracton/benchmarks/dodo/Burns.json --measure-time --no-dot-printing --universality-alg antichains-inclusion --ind-alg project --bddlike
Running as unit: run-p2052425-i2046128.scope; invocation ID: fabca76cc09d478e8fe4f3b4ec26759b
Time needed for parsing json file: 1664[µs]
Time needed for converting parser result to bddlike nft type: 72[µs]
alphabet size: 6
using Trap interpretation
Time needed for constructing Trap interpretation transducer: 4712[µs]
computing ind...
Time needed for computing composition v_delta of abstraction framework and transition relation: 2403[µs]
Time needed for computing complement v_complement of abstraction framework: 244[µs]
Time needed for minimizing complement(V): 205[µs]
Time needed for computing intersection 'preprojection' of delta_v and v_complement: 1020[µs]
Time needed for computing complement of ind (i.e. projecting preprojection onto second tape): 623[µs]
Time needed for minimizing projection: 2864[µs]
Time needed for computing ind: 156[µs]
Time needed for minimizing ind: 252[µs]
Time needed for computing ind (total): 8074[µs]
automaton for ind has 66 states.
...of which, 7 are at level 0.
...done.
computing complement of preach...
Time needed for computing complement v_complement of abstraction framework: 141[µs]
Time needed for computing product v_id of abstraction framework with ind: 380[µs]
Time needed for computing product of v_id with complement of abstraction framework: 22906[µs]
Time needed for computing complement of preach: 23559[µs]
...done.
automaton for complement of preach has 247 states.
...of which, 199 states are at level 0.
Time needed for trimming complement of preach: 285[µs]
trying to prove abstract safety...
Time needed for constructing transducer for (initial, unsafe) pairs: 34[µs]
Time needed for constructing transducer for complement of (initial, unsafe) pairs: 8[µs]
Time needed for building union of complements of preach and (initial, unsafe)-transducer: 220[µs]
Time needed for checking universality using antichains-inclusion algorithm: 325[µs]
Time needed for checking abstract safety: 648[µs]
...done.
Result: [1]
This means that the following properties could be separated from the initial configurations:
	[deadlock]
While the following properties could not be separated from the initial configurations:
	[]

real	0m0,072s
user	0m0,042s
sys	0m0,017s
********************
/home/jakob/Documents/abstracton/benchmarks/dodo/Burns.json
s
deadlock
systemd-run --user --scope -p MemoryMax=32G -p MemorySwapMax=7G timeout 1200 /home/jakob/Documents/abstracton/benchmarks/../build_release/benchmarks/solve_dodo -i s -p deadlock /home/jakob/Documents/abstracton/benchmarks/dodo/Burns.json --measure-time --no-dot-printing --universality-alg antichains-inclusion --ind-alg project --bddlike
Running as unit: run-p2052429-i2057268.scope; invocation ID: b30045649b7a4886b48ec8888ca0ed77
Time needed for parsing json file: 1238[µs]
Time needed for converting parser result to bddlike nft type: 44[µs]
alphabet size: 6
using Siphon interpretation
Time needed for constructing Siphon interpretation transducer: 1024[µs]
computing ind...
Time needed for computing composition v_delta of abstraction framework and transition relation: 1307[µs]
Time needed for computing complement v_complement of abstraction framework: 118[µs]
Time needed for minimizing complement(V): 136[µs]
Time needed for computing intersection 'preprojection' of delta_v and v_complement: 321[µs]
Time needed for computing complement of ind (i.e. projecting preprojection onto second tape): 427[µs]
Time needed for minimizing projection: 2516[µs]
Time needed for computing ind: 60[µs]
Time needed for minimizing ind: 94[µs]
Time needed for computing ind (total): 5147[µs]
automaton for ind has 23 states.
...of which, 3 are at level 0.
...done.
computing complement of preach...
Time needed for computing complement v_complement of abstraction framework: 120[µs]
Time needed for computing product v_id of abstraction framework with ind: 132[µs]
Time needed for computing product of v_id with complement of abstraction framework: 3443[µs]
Time needed for computing complement of preach: 3756[µs]
...done.
automaton for complement of preach has 0 states.
...of which, 0 states are at level 0.
Time needed for trimming complement of preach: 1[µs]
trying to prove abstract safety...
Time needed for constructing transducer for (initial, unsafe) pairs: 30[µs]
Time needed for constructing transducer for complement of (initial, unsafe) pairs: 9[µs]
Time needed for building union of complements of preach and (initial, unsafe)-transducer: 5[µs]
Time needed for checking universality using antichains-inclusion algorithm: 14[µs]
Time needed for checking abstract safety: 103[µs]
...done.
Result: [1]
This means that the following properties could be separated from the initial configurations:
	[deadlock]
While the following properties could not be separated from the initial configurations:
	[]

real	0m0,041s
user	0m0,019s
sys	0m0,011s
********************
/home/jakob/Documents/abstracton/benchmarks/dodo/Burns.json
f
deadlock
systemd-run --user --scope -p MemoryMax=32G -p MemorySwapMax=7G timeout 1200 /home/jakob/Documents/abstracton/benchmarks/../build_release/benchmarks/solve_dodo -i f -p deadlock /home/jakob/Documents/abstracton/benchmarks/dodo/Burns.json --measure-time --no-dot-printing --universality-alg antichains-inclusion --ind-alg project --bddlike
Running as unit: run-p2052431-i2057270.scope; invocation ID: 3953ed8575534ff48c5eff64943d7e21
Time needed for parsing json file: 1334[µs]
Time needed for converting parser result to bddlike nft type: 64[µs]
alphabet size: 6
using Flow interpretation
Time needed for constructing Flow interpretation transducer: 2057[µs]
computing ind...
Time needed for computing composition v_delta of abstraction framework and transition relation: 1621[µs]
Time needed for computing complement v_complement of abstraction framework: 161[µs]
Time needed for minimizing complement(V): 148[µs]
Time needed for computing intersection 'preprojection' of delta_v and v_complement: 408[µs]
Time needed for computing complement of ind (i.e. projecting preprojection onto second tape): 1111[µs]
Time needed for minimizing projection: 28026[µs]
Time needed for computing ind: 60[µs]
Time needed for minimizing ind: 93[µs]
Time needed for computing ind (total): 31831[µs]
automaton for ind has 45 states.
...of which, 5 are at level 0.
...done.
computing complement of preach...
Time needed for computing complement v_complement of abstraction framework: 102[µs]
Time needed for computing product v_id of abstraction framework with ind: 149[µs]
Time needed for computing product of v_id with complement of abstraction framework: 8394[µs]
Time needed for computing complement of preach: 8738[µs]
...done.
automaton for complement of preach has 0 states.
...of which, 0 states are at level 0.
Time needed for trimming complement of preach: 2[µs]
trying to prove abstract safety...
Time needed for constructing transducer for (initial, unsafe) pairs: 23[µs]
Time needed for constructing transducer for complement of (initial, unsafe) pairs: 7[µs]
Time needed for building union of complements of preach and (initial, unsafe)-transducer: 3[µs]
Time needed for checking universality using antichains-inclusion algorithm: 12[µs]
Time needed for checking abstract safety: 69[µs]
...done.
Result: [1]
This means that the following properties could be separated from the initial configurations:
	[deadlock]
While the following properties could not be separated from the initial configurations:
	[]

real	0m0,069s
user	0m0,043s
sys	0m0,013s
********************
6 of 61
/home/jakob/Documents/abstracton/benchmarks/dodo/Dijkstra-Scholten.json
t
twob
systemd-run --user --scope -p MemoryMax=32G -p MemorySwapMax=7G timeout 1200 /home/jakob/Documents/abstracton/benchmarks/../build_release/benchmarks/solve_dodo -i t -p twob /home/jakob/Documents/abstracton/benchmarks/dodo/Dijkstra-Scholten.json --measure-time --no-dot-printing --universality-alg antichains-inclusion --ind-alg project --bddlike
Running as unit: run-p2052440-i2057273.scope; invocation ID: 9e1a2b2bc4f246b493a958956df83eff
Time needed for parsing json file: 1208[µs]
Time needed for converting parser result to bddlike nft type: 62[µs]
alphabet size: 4
using Trap interpretation
Time needed for constructing Trap interpretation transducer: 1097[µs]
computing ind...
Time needed for computing composition v_delta of abstraction framework and transition relation: 1537[µs]
Time needed for computing complement v_complement of abstraction framework: 147[µs]
Time needed for minimizing complement(V): 135[µs]
Time needed for computing intersection 'preprojection' of delta_v and v_complement: 191[µs]
Time needed for computing complement of ind (i.e. projecting preprojection onto second tape): 272[µs]
Time needed for minimizing projection: 1060[µs]
Time needed for computing ind: 208[µs]
Time needed for minimizing ind: 351[µs]
Time needed for computing ind (total): 4092[µs]
automaton for ind has 35 states.
...of which, 8 are at level 0.
...done.
computing complement of preach...
Time needed for computing complement v_complement of abstraction framework: 135[µs]
Time needed for computing product v_id of abstraction framework with ind: 366[µs]
Time needed for computing product of v_id with complement of abstraction framework: 11962[µs]
Time needed for computing complement of preach: 12578[µs]
...done.
automaton for complement of preach has 154 states.
...of which, 106 states are at level 0.
Time needed for trimming complement of preach: 247[µs]
trying to prove abstract safety...
Time needed for constructing transducer for (initial, unsafe) pairs: 49[µs]
Time needed for constructing transducer for complement of (initial, unsafe) pairs: 58[µs]
Time needed for building union of complements of preach and (initial, unsafe)-transducer: 497[µs]
Time needed for checking universality using antichains-inclusion algorithm: 444[µs]
Time needed for checking abstract safety: 1124[µs]
...done.
Result: [1]
This means that the following properties could be separated from the initial configurations:
	[twob]
While the following properties could not be separated from the initial configurations:
	[]

real	0m0,050s
user	0m0,025s
sys	0m0,012s
********************
/home/jakob/Documents/abstracton/benchmarks/dodo/Dijkstra-Scholten.json
s
twob
systemd-run --user --scope -p MemoryMax=32G -p MemorySwapMax=7G timeout 1200 /home/jakob/Documents/abstracton/benchmarks/../build_release/benchmarks/solve_dodo -i s -p twob /home/jakob/Documents/abstracton/benchmarks/dodo/Dijkstra-Scholten.json --measure-time --no-dot-printing --universality-alg antichains-inclusion --ind-alg project --bddlike
Running as unit: run-p2052442-i2061252.scope; invocation ID: cfaa959922f248d2acd083c3ab8c9acf
Time needed for parsing json file: 1332[µs]
Time needed for converting parser result to bddlike nft type: 61[µs]
alphabet size: 4
using Siphon interpretation
Time needed for constructing Siphon interpretation transducer: 393[µs]
computing ind...
Time needed for computing composition v_delta of abstraction framework and transition relation: 868[µs]
Time needed for computing complement v_complement of abstraction framework: 111[µs]
Time needed for minimizing complement(V): 127[µs]
Time needed for computing intersection 'preprojection' of delta_v and v_complement: 191[µs]
Time needed for computing complement of ind (i.e. projecting preprojection onto second tape): 232[µs]
Time needed for minimizing projection: 647[µs]
Time needed for computing ind: 146[µs]
Time needed for minimizing ind: 237[µs]
Time needed for computing ind (total): 2698[µs]
automaton for ind has 38 states.
...of which, 8 are at level 0.
...done.
computing complement of preach...
Time needed for computing complement v_complement of abstraction framework: 99[µs]
Time needed for computing product v_id of abstraction framework with ind: 282[µs]
Time needed for computing product of v_id with complement of abstraction framework: 8168[µs]
Time needed for computing complement of preach: 8640[µs]
...done.
automaton for complement of preach has 148 states.
...of which, 106 states are at level 0.
Time needed for trimming complement of preach: 228[µs]
trying to prove abstract safety...
Time needed for constructing transducer for (initial, unsafe) pairs: 50[µs]
Time needed for constructing transducer for complement of (initial, unsafe) pairs: 59[µs]
Time needed for building union of complements of preach and (initial, unsafe)-transducer: 236[µs]
Time needed for checking universality using antichains-inclusion algorithm: 386[µs]
Time needed for checking abstract safety: 813[µs]
...done.
Result: [0]
This means that the following properties could be separated from the initial configurations:
	[]
While the following properties could not be separated from the initial configurations:
	[twob]

real	0m0,052s
user	0m0,021s
sys	0m0,012s
********************
/home/jakob/Documents/abstracton/benchmarks/dodo/Dijkstra-Scholten.json
f
twob
systemd-run --user --scope -p MemoryMax=32G -p MemorySwapMax=7G timeout 1200 /home/jakob/Documents/abstracton/benchmarks/../build_release/benchmarks/solve_dodo -i f -p twob /home/jakob/Documents/abstracton/benchmarks/dodo/Dijkstra-Scholten.json --measure-time --no-dot-printing --universality-alg antichains-inclusion --ind-alg project --bddlike
Running as unit: run-p2052444-i2061253.scope; invocation ID: e3631fd89b884bf68d6b46c7a0bf0186
Time needed for parsing json file: 1441[µs]
Time needed for converting parser result to bddlike nft type: 61[µs]
alphabet size: 4
using Flow interpretation
Time needed for constructing Flow interpretation transducer: 960[µs]
computing ind...
Time needed for computing composition v_delta of abstraction framework and transition relation: 1249[µs]
Time needed for computing complement v_complement of abstraction framework: 190[µs]
Time needed for minimizing complement(V): 222[µs]
Time needed for computing intersection 'preprojection' of delta_v and v_complement: 368[µs]
Time needed for computing complement of ind (i.e. projecting preprojection onto second tape): 566[µs]
Time needed for minimizing projection: 13036[µs]
Time needed for computing ind: 282[µs]
Time needed for minimizing ind: 430[µs]
Time needed for computing ind (total): 16529[µs]
automaton for ind has 117 states.
...of which, 23 are at level 0.
...done.
computing complement of preach...
Time needed for computing complement v_complement of abstraction framework: 115[µs]
Time needed for computing product v_id of abstraction framework with ind: 681[µs]
Time needed for computing product of v_id with complement of abstraction framework: 37621[µs]
Time needed for computing complement of preach: 38600[µs]
...done.
automaton for complement of preach has 944 states.
...of which, 708 states are at level 0.
Time needed for trimming complement of preach: 859[µs]
trying to prove abstract safety...
Time needed for constructing transducer for (initial, unsafe) pairs: 39[µs]
Time needed for constructing transducer for complement of (initial, unsafe) pairs: 36[µs]
Time needed for building union of complements of preach and (initial, unsafe)-transducer: 676[µs]
Time needed for checking universality using antichains-inclusion algorithm: 1939[µs]
Time needed for checking abstract safety: 2941[µs]
...done.
Result: [1]
This means that the following properties could be separated from the initial configurations:
	[twob]
While the following properties could not be separated from the initial configurations:
	[]

real	0m0,100s
user	0m0,058s
sys	0m0,021s
********************
7 of 61
/home/jakob/Documents/abstracton/benchmarks/dodo/Dijkstra-Scholten.json
t
twod
systemd-run --user --scope -p MemoryMax=32G -p MemorySwapMax=7G timeout 1200 /home/jakob/Documents/abstracton/benchmarks/../build_release/benchmarks/solve_dodo -i t -p twod /home/jakob/Documents/abstracton/benchmarks/dodo/Dijkstra-Scholten.json --measure-time --no-dot-printing --universality-alg antichains-inclusion --ind-alg project --bddlike
Running as unit: run-p2052453-i2054349.scope; invocation ID: a93becf14a2a49e18ac80494eb409b76
Time needed for parsing json file: 1724[µs]
Time needed for converting parser result to bddlike nft type: 61[µs]
alphabet size: 4
using Trap interpretation
Time needed for constructing Trap interpretation transducer: 1638[µs]
computing ind...
Time needed for computing composition v_delta of abstraction framework and transition relation: 1187[µs]
Time needed for computing complement v_complement of abstraction framework: 144[µs]
Time needed for minimizing complement(V): 119[µs]
Time needed for computing intersection 'preprojection' of delta_v and v_complement: 189[µs]
Time needed for computing complement of ind (i.e. projecting preprojection onto second tape): 235[µs]
Time needed for minimizing projection: 668[µs]
Time needed for computing ind: 129[µs]
Time needed for minimizing ind: 223[µs]
Time needed for computing ind (total): 3052[µs]
automaton for ind has 35 states.
...of which, 8 are at level 0.
...done.
computing complement of preach...
Time needed for computing complement v_complement of abstraction framework: 163[µs]
Time needed for computing product v_id of abstraction framework with ind: 360[µs]
Time needed for computing product of v_id with complement of abstraction framework: 13330[µs]
Time needed for computing complement of preach: 13980[µs]
...done.
automaton for complement of preach has 154 states.
...of which, 106 states are at level 0.
Time needed for trimming complement of preach: 275[µs]
trying to prove abstract safety...
Time needed for constructing transducer for (initial, unsafe) pairs: 50[µs]
Time needed for constructing transducer for complement of (initial, unsafe) pairs: 57[µs]
Time needed for building union of complements of preach and (initial, unsafe)-transducer: 165[µs]
Time needed for checking universality using antichains-inclusion algorithm: 302[µs]
Time needed for checking abstract safety: 618[µs]
...done.
Result: [1]
This means that the following properties could be separated from the initial configurations:
	[twod]
While the following properties could not be separated from the initial configurations:
	[]

real	0m0,060s
user	0m0,025s
sys	0m0,015s
********************
/home/jakob/Documents/abstracton/benchmarks/dodo/Dijkstra-Scholten.json
s
twod
systemd-run --user --scope -p MemoryMax=32G -p MemorySwapMax=7G timeout 1200 /home/jakob/Documents/abstracton/benchmarks/../build_release/benchmarks/solve_dodo -i s -p twod /home/jakob/Documents/abstracton/benchmarks/dodo/Dijkstra-Scholten.json --measure-time --no-dot-printing --universality-alg antichains-inclusion --ind-alg project --bddlike
Running as unit: run-p2052455-i2050597.scope; invocation ID: 4d2d05a9fc594b2aac0a36e67c8c12af
Time needed for parsing json file: 1315[µs]
Time needed for converting parser result to bddlike nft type: 61[µs]
alphabet size: 4
using Siphon interpretation
Time needed for constructing Siphon interpretation transducer: 442[µs]
computing ind...
Time needed for computing composition v_delta of abstraction framework and transition relation: 850[µs]
Time needed for computing complement v_complement of abstraction framework: 137[µs]
Time needed for minimizing complement(V): 130[µs]
Time needed for computing intersection 'preprojection' of delta_v and v_complement: 180[µs]
Time needed for computing complement of ind (i.e. projecting preprojection onto second tape): 221[µs]
Time needed for minimizing projection: 492[µs]
Time needed for computing ind: 110[µs]
Time needed for minimizing ind: 177[µs]
Time needed for computing ind (total): 2401[µs]
automaton for ind has 38 states.
...of which, 8 are at level 0.
...done.
computing complement of preach...
Time needed for computing complement v_complement of abstraction framework: 73[µs]
Time needed for computing product v_id of abstraction framework with ind: 214[µs]
Time needed for computing product of v_id with complement of abstraction framework: 8256[µs]
Time needed for computing complement of preach: 8647[µs]
...done.
automaton for complement of preach has 148 states.
...of which, 106 states are at level 0.
Time needed for trimming complement of preach: 273[µs]
trying to prove abstract safety...
Time needed for constructing transducer for (initial, unsafe) pairs: 58[µs]
Time needed for constructing transducer for complement of (initial, unsafe) pairs: 72[µs]
Time needed for building union of complements of preach and (initial, unsafe)-transducer: 165[µs]
Time needed for checking universality using antichains-inclusion algorithm: 313[µs]
Time needed for checking abstract safety: 665[µs]
...done.
Result: [0]
This means that the following properties could be separated from the initial configurations:
	[]
While the following properties could not be separated from the initial configurations:
	[twod]

real	0m0,049s
user	0m0,018s
sys	0m0,015s
********************
/home/jakob/Documents/abstracton/benchmarks/dodo/Dijkstra-Scholten.json
f
twod
systemd-run --user --scope -p MemoryMax=32G -p MemorySwapMax=7G timeout 1200 /home/jakob/Documents/abstracton/benchmarks/../build_release/benchmarks/solve_dodo -i f -p twod /home/jakob/Documents/abstracton/benchmarks/dodo/Dijkstra-Scholten.json --measure-time --no-dot-printing --universality-alg antichains-inclusion --ind-alg project --bddlike
Running as unit: run-p2052457-i2054351.scope; invocation ID: 8c4ac7057e8043c8960d15f883b425d2
Time needed for parsing json file: 1321[µs]
Time needed for converting parser result to bddlike nft type: 60[µs]
alphabet size: 4
using Flow interpretation
Time needed for constructing Flow interpretation transducer: 951[µs]
computing ind...
Time needed for computing composition v_delta of abstraction framework and transition relation: 1675[µs]
Time needed for computing complement v_complement of abstraction framework: 402[µs]
Time needed for minimizing complement(V): 364[µs]
Time needed for computing intersection 'preprojection' of delta_v and v_complement: 374[µs]
Time needed for computing complement of ind (i.e. projecting preprojection onto second tape): 664[µs]
Time needed for minimizing projection: 10663[µs]
Time needed for computing ind: 297[µs]
Time needed for minimizing ind: 433[µs]
Time needed for computing ind (total): 15077[µs]
automaton for ind has 117 states.
...of which, 23 are at level 0.
...done.
computing complement of preach...
Time needed for computing complement v_complement of abstraction framework: 113[µs]
Time needed for computing product v_id of abstraction framework with ind: 692[µs]
Time needed for computing product of v_id with complement of abstraction framework: 36460[µs]
Time needed for computing complement of preach: 37447[µs]
...done.
automaton for complement of preach has 944 states.
...of which, 708 states are at level 0.
Time needed for trimming complement of preach: 836[µs]
trying to prove abstract safety...
Time needed for constructing transducer for (initial, unsafe) pairs: 36[µs]
Time needed for constructing transducer for complement of (initial, unsafe) pairs: 125[µs]
Time needed for building union of complements of preach and (initial, unsafe)-transducer: 585[µs]
Time needed for checking universality using antichains-inclusion algorithm: 1276[µs]
Time needed for checking abstract safety: 2174[µs]
...done.
Result: [1]
This means that the following properties could be separated from the initial configurations:
	[twod]
While the following properties could not be separated from the initial configurations:
	[]

real	0m0,099s
user	0m0,058s
sys	0m0,018s
********************
8 of 61
/home/jakob/Documents/abstracton/benchmarks/dodo/Dijkstra-Scholten.json
t
deadlock
systemd-run --user --scope -p MemoryMax=32G -p MemorySwapMax=7G timeout 1200 /home/jakob/Documents/abstracton/benchmarks/../build_release/benchmarks/solve_dodo -i t -p deadlock /home/jakob/Documents/abstracton/benchmarks/dodo/Dijkstra-Scholten.json --measure-time --no-dot-printing --universality-alg antichains-inclusion --ind-alg project --bddlike
Running as unit: run-p2052465-i2054354.scope; invocation ID: 0ca1ca21fdd64a68a619251871220ebb
Time needed for parsing json file: 1322[µs]
Time needed for converting parser result to bddlike nft type: 60[µs]
alphabet size: 4
using Trap interpretation
Time needed for constructing Trap interpretation transducer: 1119[µs]
computing ind...
Time needed for computing composition v_delta of abstraction framework and transition relation: 1325[µs]
Time needed for computing complement v_complement of abstraction framework: 149[µs]
Time needed for minimizing complement(V): 121[µs]
Time needed for computing intersection 'preprojection' of delta_v and v_complement: 190[µs]
Time needed for computing complement of ind (i.e. projecting preprojection onto second tape): 238[µs]
Time needed for minimizing projection: 754[µs]
Time needed for computing ind: 220[µs]
Time needed for minimizing ind: 413[µs]
Time needed for computing ind (total): 3670[µs]
automaton for ind has 35 states.
...of which, 8 are at level 0.
...done.
computing complement of preach...
Time needed for computing complement v_complement of abstraction framework: 257[µs]
Time needed for computing product v_id of abstraction framework with ind: 523[µs]
Time needed for computing product of v_id with complement of abstraction framework: 11283[µs]
Time needed for computing complement of preach: 12231[µs]
...done.
automaton for complement of preach has 154 states.
...of which, 106 states are at level 0.
Time needed for trimming complement of preach: 180[µs]
trying to prove abstract safety...
Time needed for constructing transducer for (initial, unsafe) pairs: 51[µs]
Time needed for constructing transducer for complement of (initial, unsafe) pairs: 54[µs]
Time needed for building union of complements of preach and (initial, unsafe)-transducer: 154[µs]
Time needed for checking universality using antichains-inclusion algorithm: 282[µs]
Time needed for checking abstract safety: 588[µs]
...done.
Result: [1]
This means that the following properties could be separated from the initial configurations:
	[deadlock]
While the following properties could not be separated from the initial configurations:
	[]

real	0m0,049s
user	0m0,019s
sys	0m0,017s
********************
/home/jakob/Documents/abstracton/benchmarks/dodo/Dijkstra-Scholten.json
s
deadlock
systemd-run --user --scope -p MemoryMax=32G -p MemorySwapMax=7G timeout 1200 /home/jakob/Documents/abstracton/benchmarks/../build_release/benchmarks/solve_dodo -i s -p deadlock /home/jakob/Documents/abstracton/benchmarks/dodo/Dijkstra-Scholten.json --measure-time --no-dot-printing --universality-alg antichains-inclusion --ind-alg project --bddlike
Running as unit: run-p2052467-i2054355.scope; invocation ID: 7ef91c09a80646a282757f1c7843396f
Time needed for parsing json file: 1372[µs]
Time needed for converting parser result to bddlike nft type: 60[µs]
alphabet size: 4
using Siphon interpretation
Time needed for constructing Siphon interpretation transducer: 409[µs]
computing ind...
Time needed for computing composition v_delta of abstraction framework and transition relation: 878[µs]
Time needed for computing complement v_complement of abstraction framework: 113[µs]
Time needed for minimizing complement(V): 142[µs]
Time needed for computing intersection 'preprojection' of delta_v and v_complement: 179[µs]
Time needed for computing complement of ind (i.e. projecting preprojection onto second tape): 230[µs]
Time needed for minimizing projection: 649[µs]
Time needed for computing ind: 136[µs]
Time needed for minimizing ind: 221[µs]
Time needed for computing ind (total): 2676[µs]
automaton for ind has 38 states.
...of which, 8 are at level 0.
...done.
computing complement of preach...
Time needed for computing complement v_complement of abstraction framework: 89[µs]
Time needed for computing product v_id of abstraction framework with ind: 263[µs]
Time needed for computing product of v_id with complement of abstraction framework: 8009[µs]
Time needed for computing complement of preach: 8481[µs]
...done.
automaton for complement of preach has 148 states.
...of which, 106 states are at level 0.
Time needed for trimming complement of preach: 328[µs]
trying to prove abstract safety...
Time needed for constructing transducer for (initial, unsafe) pairs: 96[µs]
Time needed for constructing transducer for complement of (initial, unsafe) pairs: 110[µs]
Time needed for building union of complements of preach and (initial, unsafe)-transducer: 274[µs]
Time needed for checking universality using antichains-inclusion algorithm: 366[µs]
Time needed for checking abstract safety: 918[µs]
...done.
Result: [0]
This means that the following properties could be separated from the initial configurations:
	[]
While the following properties could not be separated from the initial configurations:
	[deadlock]

real	0m0,050s
user	0m0,018s
sys	0m0,012s
********************
/home/jakob/Documents/abstracton/benchmarks/dodo/Dijkstra-Scholten.json
f
deadlock
systemd-run --user --scope -p MemoryMax=32G -p MemorySwapMax=7G timeout 1200 /home/jakob/Documents/abstracton/benchmarks/../build_release/benchmarks/solve_dodo -i f -p deadlock /home/jakob/Documents/abstracton/benchmarks/dodo/Dijkstra-Scholten.json --measure-time --no-dot-printing --universality-alg antichains-inclusion --ind-alg project --bddlike
Running as unit: run-p2052469-i2050601.scope; invocation ID: e7aee708b4e945db802d27fe717362ee
Time needed for parsing json file: 1350[µs]
Time needed for converting parser result to bddlike nft type: 62[µs]
alphabet size: 4
using Flow interpretation
Time needed for constructing Flow interpretation transducer: 960[µs]
computing ind...
Time needed for computing composition v_delta of abstraction framework and transition relation: 1282[µs]
Time needed for computing complement v_complement of abstraction framework: 189[µs]
Time needed for minimizing complement(V): 212[µs]
Time needed for computing intersection 'preprojection' of delta_v and v_complement: 366[µs]
Time needed for computing complement of ind (i.e. projecting preprojection onto second tape): 533[µs]
Time needed for minimizing projection: 10205[µs]
Time needed for computing ind: 313[µs]
Time needed for minimizing ind: 458[µs]
Time needed for computing ind (total): 13749[µs]
automaton for ind has 117 states.
...of which, 23 are at level 0.
...done.
computing complement of preach...
Time needed for computing complement v_complement of abstraction framework: 121[µs]
Time needed for computing product v_id of abstraction framework with ind: 728[µs]
Time needed for computing product of v_id with complement of abstraction framework: 35548[µs]
Time needed for computing complement of preach: 36578[µs]
...done.
automaton for complement of preach has 944 states.
...of which, 708 states are at level 0.
Time needed for trimming complement of preach: 820[µs]
trying to prove abstract safety...
Time needed for constructing transducer for (initial, unsafe) pairs: 41[µs]
Time needed for constructing transducer for complement of (initial, unsafe) pairs: 46[µs]
Time needed for building union of complements of preach and (initial, unsafe)-transducer: 571[µs]
Time needed for checking universality using antichains-inclusion algorithm: 1084[µs]
Time needed for checking abstract safety: 1883[µs]
...done.
Result: [1]
This means that the following properties could be separated from the initial configurations:
	[deadlock]
While the following properties could not be separated from the initial configurations:
	[]

real	0m0,098s
user	0m0,053s
sys	0m0,025s
********************
9 of 61
/home/jakob/Documents/abstracton/benchmarks/dodo/Dijkstra-ring.json
t
nomutex
systemd-run --user --scope -p MemoryMax=32G -p MemorySwapMax=7G timeout 1200 /home/jakob/Documents/abstracton/benchmarks/../build_release/benchmarks/solve_dodo -i t -p nomutex /home/jakob/Documents/abstracton/benchmarks/dodo/Dijkstra-ring.json --measure-time --no-dot-printing --universality-alg antichains-inclusion --ind-alg project --bddlike
Running as unit: run-p2052478-i2054357.scope; invocation ID: 469a8105106c4ac88a46108e720f8871
Time needed for parsing json file: 7197[µs]
Time needed for converting parser result to bddlike nft type: 219[µs]
alphabet size: 12
using Trap interpretation
Time needed for constructing Trap interpretation transducer: 248652[µs]
computing ind...
Time needed for computing composition v_delta of abstraction framework and transition relation: 5074[µs]
Time needed for computing complement v_complement of abstraction framework: 293[µs]
Time needed for minimizing complement(V): 210[µs]
Time needed for computing intersection 'preprojection' of delta_v and v_complement: 3017[µs]
Time needed for computing complement of ind (i.e. projecting preprojection onto second tape): 3261[µs]
Time needed for minimizing projection: 8607677[µs]
Time needed for computing ind: 5825[µs]
Time needed for minimizing ind: 7373[µs]
Time needed for computing ind (total): 8634017[µs]
automaton for ind has 3469 states.
...of which, 115 are at level 0.
...done.
computing complement of preach...
Time needed for computing complement v_complement of abstraction framework: 212[µs]
Time needed for computing product v_id of abstraction framework with ind: 16433[µs]
Time needed for computing product of v_id with complement of abstraction framework: 9224262[µs]
Time needed for computing complement of preach: 9243835[µs]
...done.
automaton for complement of preach has 14883 states.
...of which, 12183 states are at level 0.
Time needed for trimming complement of preach: 48804[µs]
trying to prove abstract safety...
Time needed for constructing transducer for (initial, unsafe) pairs: 51[µs]
Time needed for constructing transducer for complement of (initial, unsafe) pairs: 68[µs]
Time needed for building union of complements of preach and (initial, unsafe)-transducer: 26900[µs]
Time needed for checking universality using antichains-inclusion algorithm: 60326[µs]
Time needed for checking abstract safety: 92554[µs]
...done.
Result: [0]
This means that the following properties could be separated from the initial configurations:
	[]
While the following properties could not be separated from the initial configurations:
	[nomutex]

real	0m18,467s
user	0m17,412s
sys	0m0,997s
********************
/home/jakob/Documents/abstracton/benchmarks/dodo/Dijkstra-ring.json
s
nomutex
systemd-run --user --scope -p MemoryMax=32G -p MemorySwapMax=7G timeout 1200 /home/jakob/Documents/abstracton/benchmarks/../build_release/benchmarks/solve_dodo -i s -p nomutex /home/jakob/Documents/abstracton/benchmarks/dodo/Dijkstra-ring.json --measure-time --no-dot-printing --universality-alg antichains-inclusion --ind-alg project --bddlike
Running as unit: run-p2052554-i2054371.scope; invocation ID: 5b3df79ecb9547bda13f71c5b0ccb2a8
Time needed for parsing json file: 6829[µs]
Time needed for converting parser result to bddlike nft type: 175[µs]
alphabet size: 12
using Siphon interpretation
Time needed for constructing Siphon interpretation transducer: 78887[µs]
computing ind...
Time needed for computing composition v_delta of abstraction framework and transition relation: 2176[µs]
Time needed for computing complement v_complement of abstraction framework: 178[µs]
Time needed for minimizing complement(V): 189[µs]
Time needed for computing intersection 'preprojection' of delta_v and v_complement: 1366[µs]
Time needed for computing complement of ind (i.e. projecting preprojection onto second tape): 1831[µs]
Time needed for minimizing projection: 6130002[µs]
Time needed for computing ind: 586[µs]
Time needed for minimizing ind: 794[µs]
Time needed for computing ind (total): 6137833[µs]
automaton for ind has 423 states.
...of which, 14 are at level 0.
...done.
computing complement of preach...
Time needed for computing complement v_complement of abstraction framework: 180[µs]
Time needed for computing product v_id of abstraction framework with ind: 1461[µs]
Time needed for computing product of v_id with complement of abstraction framework: 327810[µs]
Time needed for computing complement of preach: 330071[µs]
...done.
automaton for complement of preach has 1372 states.
...of which, 1198 states are at level 0.
Time needed for trimming complement of preach: 2751[µs]
trying to prove abstract safety...
Time needed for constructing transducer for (initial, unsafe) pairs: 45[µs]
Time needed for constructing transducer for complement of (initial, unsafe) pairs: 59[µs]
Time needed for building union of complements of preach and (initial, unsafe)-transducer: 1890[µs]
Time needed for checking universality using antichains-inclusion algorithm: 2988[µs]
Time needed for checking abstract safety: 5500[µs]
...done.
Result: [0]
This means that the following properties could be separated from the initial configurations:
	[]
While the following properties could not be separated from the initial configurations:
	[nomutex]

real	0m6,693s
user	0m5,934s
sys	0m0,734s
********************
/home/jakob/Documents/abstracton/benchmarks/dodo/Dijkstra-ring.json
f
nomutex
systemd-run --user --scope -p MemoryMax=32G -p MemorySwapMax=7G timeout 1200 /home/jakob/Documents/abstracton/benchmarks/../build_release/benchmarks/solve_dodo -i f -p nomutex /home/jakob/Documents/abstracton/benchmarks/dodo/Dijkstra-ring.json --measure-time --no-dot-printing --universality-alg antichains-inclusion --ind-alg project --bddlike
Running as unit: run-p2052573-i2054380.scope; invocation ID: 166bf670e76a4a42b17d244bf89829aa
Time needed for parsing json file: 6298[µs]
Time needed for converting parser result to bddlike nft type: 220[µs]
alphabet size: 12
using Flow interpretation
Time needed for constructing Flow interpretation transducer: 207174[µs]
computing ind...
Time needed for computing composition v_delta of abstraction framework and transition relation: 4828[µs]
Time needed for computing complement v_complement of abstraction framework: 324[µs]
Time needed for minimizing complement(V): 350[µs]
Time needed for computing intersection 'preprojection' of delta_v and v_complement: 3529[µs]
Time needed for computing complement of ind (i.e. projecting preprojection onto second tape): 6492[µs]

real	3m43,034s
user	3m16,663s
sys	0m16,260s
********************
10 of 61
/home/jakob/Documents/abstracton/benchmarks/dodo/Dijkstra-ring.json
t
deadlock
systemd-run --user --scope -p MemoryMax=32G -p MemorySwapMax=7G timeout 1200 /home/jakob/Documents/abstracton/benchmarks/../build_release/benchmarks/solve_dodo -i t -p deadlock /home/jakob/Documents/abstracton/benchmarks/dodo/Dijkstra-ring.json --measure-time --no-dot-printing --universality-alg antichains-inclusion --ind-alg project --bddlike
Running as unit: run-p2053376-i2039575.scope; invocation ID: dec5bb4a963e4725a873a744454d0470
Time needed for parsing json file: 4103[µs]
Time needed for converting parser result to bddlike nft type: 132[µs]
alphabet size: 12
using Trap interpretation
Time needed for constructing Trap interpretation transducer: 246761[µs]
computing ind...
Time needed for computing composition v_delta of abstraction framework and transition relation: 4665[µs]
Time needed for computing complement v_complement of abstraction framework: 200[µs]
Time needed for minimizing complement(V): 172[µs]
Time needed for computing intersection 'preprojection' of delta_v and v_complement: 1875[µs]
Time needed for computing complement of ind (i.e. projecting preprojection onto second tape): 2371[µs]
Time needed for minimizing projection: 8389813[µs]
Time needed for computing ind: 4555[µs]
Time needed for minimizing ind: 7062[µs]
Time needed for computing ind (total): 8411953[µs]
automaton for ind has 3469 states.
...of which, 115 are at level 0.
...done.
computing complement of preach...
Time needed for computing complement v_complement of abstraction framework: 209[µs]
Time needed for computing product v_id of abstraction framework with ind: 15550[µs]
Time needed for computing product of v_id with complement of abstraction framework: 9045660[µs]
Time needed for computing complement of preach: 9064206[µs]
...done.
automaton for complement of preach has 14883 states.
...of which, 12183 states are at level 0.
Time needed for trimming complement of preach: 53481[µs]
trying to prove abstract safety...
Time needed for constructing transducer for (initial, unsafe) pairs: 198[µs]
Time needed for constructing transducer for complement of (initial, unsafe) pairs: 127[µs]
Time needed for building union of complements of preach and (initial, unsafe)-transducer: 25513[µs]
Time needed for checking universality using antichains-inclusion algorithm: 58656[µs]
Time needed for checking abstract safety: 89529[µs]
...done.
Result: [1]
This means that the following properties could be separated from the initial configurations:
	[deadlock]
While the following properties could not be separated from the initial configurations:
	[]

real	0m18,078s
user	0m17,011s
sys	0m1,033s
********************
/home/jakob/Documents/abstracton/benchmarks/dodo/Dijkstra-ring.json
s
deadlock
systemd-run --user --scope -p MemoryMax=32G -p MemorySwapMax=7G timeout 1200 /home/jakob/Documents/abstracton/benchmarks/../build_release/benchmarks/solve_dodo -i s -p deadlock /home/jakob/Documents/abstracton/benchmarks/dodo/Dijkstra-ring.json --measure-time --no-dot-printing --universality-alg antichains-inclusion --ind-alg project --bddlike
Running as unit: run-p2053458-i2039610.scope; invocation ID: 2d6337ed999c4682a48f29eb339cb25d
Time needed for parsing json file: 6048[µs]
Time needed for converting parser result to bddlike nft type: 221[µs]
alphabet size: 12
using Siphon interpretation
Time needed for constructing Siphon interpretation transducer: 85224[µs]
computing ind...
Time needed for computing composition v_delta of abstraction framework and transition relation: 3647[µs]
Time needed for computing complement v_complement of abstraction framework: 178[µs]
Time needed for minimizing complement(V): 190[µs]
Time needed for computing intersection 'preprojection' of delta_v and v_complement: 1415[µs]
Time needed for computing complement of ind (i.e. projecting preprojection onto second tape): 1908[µs]
Time needed for minimizing projection: 6234362[µs]
Time needed for computing ind: 579[µs]
Time needed for minimizing ind: 801[µs]
Time needed for computing ind (total): 6243777[µs]
automaton for ind has 423 states.
...of which, 14 are at level 0.
...done.
computing complement of preach...
Time needed for computing complement v_complement of abstraction framework: 183[µs]
Time needed for computing product v_id of abstraction framework with ind: 1404[µs]
Time needed for computing product of v_id with complement of abstraction framework: 331644[µs]
Time needed for computing complement of preach: 333825[µs]
...done.
automaton for complement of preach has 1372 states.
...of which, 1198 states are at level 0.
Time needed for trimming complement of preach: 2931[µs]
trying to prove abstract safety...
Time needed for constructing transducer for (initial, unsafe) pairs: 168[µs]
Time needed for constructing transducer for complement of (initial, unsafe) pairs: 123[µs]
Time needed for building union of complements of preach and (initial, unsafe)-transducer: 1861[µs]
Time needed for checking universality using antichains-inclusion algorithm: 3081[µs]
Time needed for checking abstract safety: 5871[µs]
...done.
Result: [0]
This means that the following properties could be separated from the initial configurations:
	[]
While the following properties could not be separated from the initial configurations:
	[deadlock]

real	0m6,837s
user	0m6,021s
sys	0m0,788s
********************
/home/jakob/Documents/abstracton/benchmarks/dodo/Dijkstra-ring.json
f
deadlock
systemd-run --user --scope -p MemoryMax=32G -p MemorySwapMax=7G timeout 1200 /home/jakob/Documents/abstracton/benchmarks/../build_release/benchmarks/solve_dodo -i f -p deadlock /home/jakob/Documents/abstracton/benchmarks/dodo/Dijkstra-ring.json --measure-time --no-dot-printing --universality-alg antichains-inclusion --ind-alg project --bddlike
Running as unit: run-p2053505-i2065371.scope; invocation ID: aabbaf1d09f94bf8b9dbb7f496917567
Time needed for parsing json file: 6611[µs]
Time needed for converting parser result to bddlike nft type: 204[µs]
alphabet size: 12
using Flow interpretation
Time needed for constructing Flow interpretation transducer: 213803[µs]
computing ind...
Time needed for computing composition v_delta of abstraction framework and transition relation: 6705[µs]
Time needed for computing complement v_complement of abstraction framework: 632[µs]
Time needed for minimizing complement(V): 695[µs]
Time needed for computing intersection 'preprojection' of delta_v and v_complement: 4337[µs]
Time needed for computing complement of ind (i.e. projecting preprojection onto second tape): 6147[µs]

real	3m25,574s
user	3m7,761s
sys	0m15,425s
********************
11 of 61
/home/jakob/Documents/abstracton/benchmarks/dodo/DijkstraMutEx.json
t
nomutex
systemd-run --user --scope -p MemoryMax=32G -p MemorySwapMax=7G timeout 1200 /home/jakob/Documents/abstracton/benchmarks/../build_release/benchmarks/solve_dodo -i t -p nomutex /home/jakob/Documents/abstracton/benchmarks/dodo/DijkstraMutEx.json --measure-time --no-dot-printing --universality-alg antichains-inclusion --ind-alg project --bddlike
Running as unit: run-p2054524-i2065629.scope; invocation ID: 4504cb7f2a6d4480847505d9b56a7ef9
Time needed for parsing json file: 42916[µs]
Time needed for converting parser result to bddlike nft type: 721[µs]
alphabet size: 24
using Trap interpretation

real	0m53,619s
user	0m32,420s
sys	0m17,307s
********************
/home/jakob/Documents/abstracton/benchmarks/dodo/DijkstraMutEx.json
s
nomutex
systemd-run --user --scope -p MemoryMax=32G -p MemorySwapMax=7G timeout 1200 /home/jakob/Documents/abstracton/benchmarks/../build_release/benchmarks/solve_dodo -i s -p nomutex /home/jakob/Documents/abstracton/benchmarks/dodo/DijkstraMutEx.json --measure-time --no-dot-printing --universality-alg antichains-inclusion --ind-alg project --bddlike
Running as unit: run-p2054776-i2065665.scope; invocation ID: 935055ee0fb142459eef77383eaa9150
Time needed for parsing json file: 23262[µs]
Time needed for converting parser result to bddlike nft type: 564[µs]
alphabet size: 24
using Siphon interpretation

real	0m47,416s
user	0m32,082s
sys	0m14,111s
********************
/home/jakob/Documents/abstracton/benchmarks/dodo/DijkstraMutEx.json
f
nomutex
systemd-run --user --scope -p MemoryMax=32G -p MemorySwapMax=7G timeout 1200 /home/jakob/Documents/abstracton/benchmarks/../build_release/benchmarks/solve_dodo -i f -p nomutex /home/jakob/Documents/abstracton/benchmarks/dodo/DijkstraMutEx.json --measure-time --no-dot-printing --universality-alg antichains-inclusion --ind-alg project --bddlike
Running as unit: run-p2055043-i2068539.scope; invocation ID: 370e617fff1546728470e81320639375
Time needed for parsing json file: 23057[µs]
Time needed for converting parser result to bddlike nft type: 471[µs]
alphabet size: 24
using Flow interpretation

real	0m47,679s
user	0m32,688s
sys	0m14,823s
********************
12 of 61
/home/jakob/Documents/abstracton/benchmarks/dodo/DijkstraMutEx.json
t
deadlock
systemd-run --user --scope -p MemoryMax=32G -p MemorySwapMax=7G timeout 1200 /home/jakob/Documents/abstracton/benchmarks/../build_release/benchmarks/solve_dodo -i t -p deadlock /home/jakob/Documents/abstracton/benchmarks/dodo/DijkstraMutEx.json --measure-time --no-dot-printing --universality-alg antichains-inclusion --ind-alg project --bddlike
Running as unit: run-p2055280-i2068613.scope; invocation ID: d5c02e2c856a43a7a06d538e058879fa
Time needed for parsing json file: 25495[µs]
Time needed for converting parser result to bddlike nft type: 527[µs]
alphabet size: 24
using Trap interpretation

real	0m46,164s
user	0m31,791s
sys	0m14,255s
********************
/home/jakob/Documents/abstracton/benchmarks/dodo/DijkstraMutEx.json
s
deadlock
systemd-run --user --scope -p MemoryMax=32G -p MemorySwapMax=7G timeout 1200 /home/jakob/Documents/abstracton/benchmarks/../build_release/benchmarks/solve_dodo -i s -p deadlock /home/jakob/Documents/abstracton/benchmarks/dodo/DijkstraMutEx.json --measure-time --no-dot-printing --universality-alg antichains-inclusion --ind-alg project --bddlike
Running as unit: run-p2055527-i2068660.scope; invocation ID: 27b2a521a5494688a2fe700f098d328a
Time needed for parsing json file: 39275[µs]
Time needed for converting parser result to bddlike nft type: 463[µs]
alphabet size: 24
using Siphon interpretation

real	0m45,852s
user	0m31,595s
sys	0m14,140s
********************
/home/jakob/Documents/abstracton/benchmarks/dodo/DijkstraMutEx.json
f
deadlock
systemd-run --user --scope -p MemoryMax=32G -p MemorySwapMax=7G timeout 1200 /home/jakob/Documents/abstracton/benchmarks/../build_release/benchmarks/solve_dodo -i f -p deadlock /home/jakob/Documents/abstracton/benchmarks/dodo/DijkstraMutEx.json --measure-time --no-dot-printing --universality-alg antichains-inclusion --ind-alg project --bddlike
Running as unit: run-p2055745-i2068697.scope; invocation ID: 8be8ba67661d47ed803dfc31e5bba468
Time needed for parsing json file: 22508[µs]
Time needed for converting parser result to bddlike nft type: 476[µs]
alphabet size: 24
using Flow interpretation

real	0m56,640s
user	0m31,719s
sys	0m15,675s
********************
13 of 61
/home/jakob/Documents/abstracton/benchmarks/dodo/FutureBus.json
t
pendingrightsecond
systemd-run --user --scope -p MemoryMax=32G -p MemorySwapMax=7G timeout 1200 /home/jakob/Documents/abstracton/benchmarks/../build_release/benchmarks/solve_dodo -i t -p pendingrightsecond /home/jakob/Documents/abstracton/benchmarks/dodo/FutureBus.json --measure-time --no-dot-printing --universality-alg antichains-inclusion --ind-alg project --bddlike
Running as unit: run-p2056006-i2061604.scope; invocation ID: 8144ffa7377a4a30a0133d748c5cc15d
Time needed for parsing json file: 15402[µs]
Time needed for converting parser result to bddlike nft type: 602[µs]
alphabet size: 9
using Trap interpretation
Time needed for constructing Trap interpretation transducer: 36255[µs]
computing ind...
Time needed for computing composition v_delta of abstraction framework and transition relation: 9423[µs]
Time needed for computing complement v_complement of abstraction framework: 143[µs]
Time needed for minimizing complement(V): 118[µs]
Time needed for computing intersection 'preprojection' of delta_v and v_complement: 2053[µs]
Time needed for computing complement of ind (i.e. projecting preprojection onto second tape): 2455[µs]

real	2m47,060s
user	2m31,760s
sys	0m15,104s
********************
/home/jakob/Documents/abstracton/benchmarks/dodo/FutureBus.json
s
pendingrightsecond
systemd-run --user --scope -p MemoryMax=32G -p MemorySwapMax=7G timeout 1200 /home/jakob/Documents/abstracton/benchmarks/../build_release/benchmarks/solve_dodo -i s -p pendingrightsecond /home/jakob/Documents/abstracton/benchmarks/dodo/FutureBus.json --measure-time --no-dot-printing --universality-alg antichains-inclusion --ind-alg project --bddlike
Running as unit: run-p2056863-i2057702.scope; invocation ID: 419a67eade9046658e45431003d3335d
Time needed for parsing json file: 7976[µs]
Time needed for converting parser result to bddlike nft type: 226[µs]
alphabet size: 9
using Siphon interpretation
Time needed for constructing Siphon interpretation transducer: 6040[µs]
computing ind...
Time needed for computing composition v_delta of abstraction framework and transition relation: 5110[µs]
Time needed for computing complement v_complement of abstraction framework: 115[µs]
Time needed for minimizing complement(V): 120[µs]
Time needed for computing intersection 'preprojection' of delta_v and v_complement: 1654[µs]
Time needed for computing complement of ind (i.e. projecting preprojection onto second tape): 3730[µs]

real	3m10,696s
user	2m26,045s
sys	0m18,794s
********************
/home/jakob/Documents/abstracton/benchmarks/dodo/FutureBus.json
f
pendingrightsecond
systemd-run --user --scope -p MemoryMax=32G -p MemorySwapMax=7G timeout 1200 /home/jakob/Documents/abstracton/benchmarks/../build_release/benchmarks/solve_dodo -i f -p pendingrightsecond /home/jakob/Documents/abstracton/benchmarks/dodo/FutureBus.json --measure-time --no-dot-printing --universality-alg antichains-inclusion --ind-alg project --bddlike
Running as unit: run-p2057728-i2046855.scope; invocation ID: 0f5f38d6642c48dab6d77355ea1cfab4
Time needed for parsing json file: 10160[µs]
Time needed for converting parser result to bddlike nft type: 267[µs]
alphabet size: 9
using Flow interpretation
Time needed for constructing Flow interpretation transducer: 22210[µs]
computing ind...
Time needed for computing composition v_delta of abstraction framework and transition relation: 7108[µs]
Time needed for computing complement v_complement of abstraction framework: 225[µs]
Time needed for minimizing complement(V): 224[µs]
Time needed for computing intersection 'preprojection' of delta_v and v_complement: 5954[µs]
Time needed for computing complement of ind (i.e. projecting preprojection onto second tape): 16206[µs]

real	4m1,074s
user	3m40,205s
sys	0m16,190s
********************
14 of 61
/home/jakob/Documents/abstracton/benchmarks/dodo/FutureBus.json
t
sharedexclusive
systemd-run --user --scope -p MemoryMax=32G -p MemorySwapMax=7G timeout 1200 /home/jakob/Documents/abstracton/benchmarks/../build_release/benchmarks/solve_dodo -i t -p sharedexclusive /home/jakob/Documents/abstracton/benchmarks/dodo/FutureBus.json --measure-time --no-dot-printing --universality-alg antichains-inclusion --ind-alg project --bddlike
Running as unit: run-p2058939-i2066327.scope; invocation ID: 5f9e59275d0e4b42b48fe1d81c2305c5
Time needed for parsing json file: 17434[µs]
Time needed for converting parser result to bddlike nft type: 340[µs]
alphabet size: 9
using Trap interpretation
Time needed for constructing Trap interpretation transducer: 26418[µs]
computing ind...
Time needed for computing composition v_delta of abstraction framework and transition relation: 7951[µs]
Time needed for computing complement v_complement of abstraction framework: 150[µs]
Time needed for minimizing complement(V): 119[µs]
Time needed for computing intersection 'preprojection' of delta_v and v_complement: 2414[µs]
Time needed for computing complement of ind (i.e. projecting preprojection onto second tape): 3250[µs]

real	2m54,429s
user	2m31,976s
sys	0m16,868s
********************
/home/jakob/Documents/abstracton/benchmarks/dodo/FutureBus.json
s
sharedexclusive
systemd-run --user --scope -p MemoryMax=32G -p MemorySwapMax=7G timeout 1200 /home/jakob/Documents/abstracton/benchmarks/../build_release/benchmarks/solve_dodo -i s -p sharedexclusive /home/jakob/Documents/abstracton/benchmarks/dodo/FutureBus.json --measure-time --no-dot-printing --universality-alg antichains-inclusion --ind-alg project --bddlike
Running as unit: run-p2059804-i2066476.scope; invocation ID: cef8f137a7d24d8bb7b301ab4087aa4e
Time needed for parsing json file: 12370[µs]
Time needed for converting parser result to bddlike nft type: 184[µs]
alphabet size: 9
using Siphon interpretation
Time needed for constructing Siphon interpretation transducer: 9405[µs]
computing ind...
Time needed for computing composition v_delta of abstraction framework and transition relation: 6480[µs]
Time needed for computing complement v_complement of abstraction framework: 119[µs]
Time needed for minimizing complement(V): 123[µs]
Time needed for computing intersection 'preprojection' of delta_v and v_complement: 1797[µs]
Time needed for computing complement of ind (i.e. projecting preprojection onto second tape): 4400[µs]

real	2m46,588s
user	2m30,845s
sys	0m15,495s
********************
/home/jakob/Documents/abstracton/benchmarks/dodo/FutureBus.json
f
sharedexclusive
systemd-run --user --scope -p MemoryMax=32G -p MemorySwapMax=7G timeout 1200 /home/jakob/Documents/abstracton/benchmarks/../build_release/benchmarks/solve_dodo -i f -p sharedexclusive /home/jakob/Documents/abstracton/benchmarks/dodo/FutureBus.json --measure-time --no-dot-printing --universality-alg antichains-inclusion --ind-alg project --bddlike
Running as unit: run-p2060709-i2047299.scope; invocation ID: 1c57a1c5de3b4606ac54d5f6dff627f9
Time needed for parsing json file: 9355[µs]
Time needed for converting parser result to bddlike nft type: 486[µs]
alphabet size: 9
using Flow interpretation
Time needed for constructing Flow interpretation transducer: 16574[µs]
computing ind...
Time needed for computing composition v_delta of abstraction framework and transition relation: 7059[µs]
Time needed for computing complement v_complement of abstraction framework: 451[µs]
Time needed for minimizing complement(V): 500[µs]
Time needed for computing intersection 'preprojection' of delta_v and v_complement: 11128[µs]
Time needed for computing complement of ind (i.e. projecting preprojection onto second tape): 15822[µs]

real	4m8,159s
user	3m52,197s
sys	0m15,576s
********************
15 of 61
/home/jakob/Documents/abstracton/benchmarks/dodo/FutureBus.json
t
secondpending
systemd-run --user --scope -p MemoryMax=32G -p MemorySwapMax=7G timeout 1200 /home/jakob/Documents/abstracton/benchmarks/../build_release/benchmarks/solve_dodo -i t -p secondpending /home/jakob/Documents/abstracton/benchmarks/dodo/FutureBus.json --measure-time --no-dot-printing --universality-alg antichains-inclusion --ind-alg project --bddlike
Running as unit: run-p2061877-i2062267.scope; invocation ID: 9277a05f981346afac77fd614d500807
Time needed for parsing json file: 6870[µs]
Time needed for converting parser result to bddlike nft type: 181[µs]
alphabet size: 9
using Trap interpretation
Time needed for constructing Trap interpretation transducer: 23889[µs]
computing ind...
Time needed for computing composition v_delta of abstraction framework and transition relation: 6012[µs]
Time needed for computing complement v_complement of abstraction framework: 139[µs]
Time needed for minimizing complement(V): 116[µs]
Time needed for computing intersection 'preprojection' of delta_v and v_complement: 1951[µs]
Time needed for computing complement of ind (i.e. projecting preprojection onto second tape): 2448[µs]

real	2m43,716s
user	2m28,292s
sys	0m15,083s
********************
/home/jakob/Documents/abstracton/benchmarks/dodo/FutureBus.json
s
secondpending
systemd-run --user --scope -p MemoryMax=32G -p MemorySwapMax=7G timeout 1200 /home/jakob/Documents/abstracton/benchmarks/../build_release/benchmarks/solve_dodo -i s -p secondpending /home/jakob/Documents/abstracton/benchmarks/dodo/FutureBus.json --measure-time --no-dot-printing --universality-alg antichains-inclusion --ind-alg project --bddlike
Running as unit: run-p2062335-i2062344.scope; invocation ID: 7583f0c000a2415eab70995f69b7f989
Time needed for parsing json file: 14398[µs]
Time needed for converting parser result to bddlike nft type: 288[µs]
alphabet size: 9
using Siphon interpretation
Time needed for constructing Siphon interpretation transducer: 6458[µs]
computing ind...
Time needed for computing composition v_delta of abstraction framework and transition relation: 6354[µs]
Time needed for computing complement v_complement of abstraction framework: 159[µs]
Time needed for minimizing complement(V): 123[µs]
Time needed for computing intersection 'preprojection' of delta_v and v_complement: 3151[µs]
Time needed for computing complement of ind (i.e. projecting preprojection onto second tape): 7367[µs]

real	2m46,414s
user	2m27,807s
sys	0m15,345s
********************
/home/jakob/Documents/abstracton/benchmarks/dodo/FutureBus.json
f
secondpending
systemd-run --user --scope -p MemoryMax=32G -p MemorySwapMax=7G timeout 1200 /home/jakob/Documents/abstracton/benchmarks/../build_release/benchmarks/solve_dodo -i f -p secondpending /home/jakob/Documents/abstracton/benchmarks/dodo/FutureBus.json --measure-time --no-dot-printing --universality-alg antichains-inclusion --ind-alg project --bddlike
Running as unit: run-p2062791-i2047549.scope; invocation ID: 852bc8bd8689402896bbbee703cea9c9
Time needed for parsing json file: 17539[µs]
Time needed for converting parser result to bddlike nft type: 283[µs]
alphabet size: 9
using Flow interpretation
Time needed for constructing Flow interpretation transducer: 16730[µs]
computing ind...
Time needed for computing composition v_delta of abstraction framework and transition relation: 5109[µs]
Time needed for computing complement v_complement of abstraction framework: 209[µs]
Time needed for minimizing complement(V): 230[µs]
Time needed for computing intersection 'preprojection' of delta_v and v_complement: 4784[µs]
Time needed for computing complement of ind (i.e. projecting preprojection onto second tape): 13034[µs]

real	4m0,054s
user	3m46,042s
sys	0m13,936s
********************
16 of 61
/home/jakob/Documents/abstracton/benchmarks/dodo/FutureBus.json
t
exclusiveexclusive
systemd-run --user --scope -p MemoryMax=32G -p MemorySwapMax=7G timeout 1200 /home/jakob/Documents/abstracton/benchmarks/../build_release/benchmarks/solve_dodo -i t -p exclusiveexclusive /home/jakob/Documents/abstracton/benchmarks/dodo/FutureBus.json --measure-time --no-dot-printing --universality-alg antichains-inclusion --ind-alg project --bddlike
Running as unit: run-p2063456-i2058398.scope; invocation ID: b8acaf3c1d8f48508aaa1bdbcd30579e
Time needed for parsing json file: 13743[µs]
Time needed for converting parser result to bddlike nft type: 333[µs]
alphabet size: 9
using Trap interpretation
Time needed for constructing Trap interpretation transducer: 20758[µs]
computing ind...
Time needed for computing composition v_delta of abstraction framework and transition relation: 5198[µs]
Time needed for computing complement v_complement of abstraction framework: 142[µs]
Time needed for minimizing complement(V): 118[µs]
Time needed for computing intersection 'preprojection' of delta_v and v_complement: 2002[µs]
Time needed for computing complement of ind (i.e. projecting preprojection onto second tape): 2440[µs]

real	2m41,412s
user	2m27,286s
sys	0m14,060s
********************
/home/jakob/Documents/abstracton/benchmarks/dodo/FutureBus.json
s
exclusiveexclusive
systemd-run --user --scope -p MemoryMax=32G -p MemorySwapMax=7G timeout 1200 /home/jakob/Documents/abstracton/benchmarks/../build_release/benchmarks/solve_dodo -i s -p exclusiveexclusive /home/jakob/Documents/abstracton/benchmarks/dodo/FutureBus.json --measure-time --no-dot-printing --universality-alg antichains-inclusion --ind-alg project --bddlike
Running as unit: run-p2063892-i2058442.scope; invocation ID: 5a232802acf54a18813be4dc4c6ffe52
Time needed for parsing json file: 14100[µs]
Time needed for converting parser result to bddlike nft type: 215[µs]
alphabet size: 9
using Siphon interpretation
Time needed for constructing Siphon interpretation transducer: 5066[µs]
computing ind...
Time needed for computing composition v_delta of abstraction framework and transition relation: 4395[µs]
Time needed for computing complement v_complement of abstraction framework: 124[µs]
Time needed for minimizing complement(V): 196[µs]
Time needed for computing intersection 'preprojection' of delta_v and v_complement: 3503[µs]
Time needed for computing complement of ind (i.e. projecting preprojection onto second tape): 5133[µs]

real	2m45,123s
user	2m26,352s
sys	0m15,443s
********************
/home/jakob/Documents/abstracton/benchmarks/dodo/FutureBus.json
f
exclusiveexclusive
systemd-run --user --scope -p MemoryMax=32G -p MemorySwapMax=7G timeout 1200 /home/jakob/Documents/abstracton/benchmarks/../build_release/benchmarks/solve_dodo -i f -p exclusiveexclusive /home/jakob/Documents/abstracton/benchmarks/dodo/FutureBus.json --measure-time --no-dot-printing --universality-alg antichains-inclusion --ind-alg project --bddlike
Running as unit: run-p2064364-i2058468.scope; invocation ID: f048741e507a4cd987120b0d3b7da361
Time needed for parsing json file: 7528[µs]
Time needed for converting parser result to bddlike nft type: 230[µs]
alphabet size: 9
using Flow interpretation
Time needed for constructing Flow interpretation transducer: 16197[µs]
computing ind...
Time needed for computing composition v_delta of abstraction framework and transition relation: 6072[µs]
Time needed for computing complement v_complement of abstraction framework: 214[µs]
Time needed for minimizing complement(V): 217[µs]
Time needed for computing intersection 'preprojection' of delta_v and v_complement: 5968[µs]
Time needed for computing complement of ind (i.e. projecting preprojection onto second tape): 13906[µs]

real	4m13,824s
user	3m51,708s
sys	0m16,134s
********************
17 of 61
/home/jakob/Documents/abstracton/benchmarks/dodo/FutureBus.json
t
deadlock
systemd-run --user --scope -p MemoryMax=32G -p MemorySwapMax=7G timeout 1200 /home/jakob/Documents/abstracton/benchmarks/../build_release/benchmarks/solve_dodo -i t -p deadlock /home/jakob/Documents/abstracton/benchmarks/dodo/FutureBus.json --measure-time --no-dot-printing --universality-alg antichains-inclusion --ind-alg project --bddlike
Running as unit: run-p2065040-i2058572.scope; invocation ID: 8be605ec465d4638b706a6b188369e23
Time needed for parsing json file: 11173[µs]
Time needed for converting parser result to bddlike nft type: 334[µs]
alphabet size: 9
using Trap interpretation
Time needed for constructing Trap interpretation transducer: 17589[µs]
computing ind...
Time needed for computing composition v_delta of abstraction framework and transition relation: 5300[µs]
Time needed for computing complement v_complement of abstraction framework: 140[µs]
Time needed for minimizing complement(V): 116[µs]
Time needed for computing intersection 'preprojection' of delta_v and v_complement: 1958[µs]
Time needed for computing complement of ind (i.e. projecting preprojection onto second tape): 2483[µs]

real	2m43,195s
user	2m28,210s
sys	0m14,909s
********************
/home/jakob/Documents/abstracton/benchmarks/dodo/FutureBus.json
s
deadlock
systemd-run --user --scope -p MemoryMax=32G -p MemorySwapMax=7G timeout 1200 /home/jakob/Documents/abstracton/benchmarks/../build_release/benchmarks/solve_dodo -i s -p deadlock /home/jakob/Documents/abstracton/benchmarks/dodo/FutureBus.json --measure-time --no-dot-printing --universality-alg antichains-inclusion --ind-alg project --bddlike
Running as unit: run-p2066540-i2058773.scope; invocation ID: b64a57a7bf284888a1c3a34d7e7c027c
Time needed for parsing json file: 17844[µs]
Time needed for converting parser result to bddlike nft type: 555[µs]
alphabet size: 9
using Siphon interpretation
Time needed for constructing Siphon interpretation transducer: 6735[µs]
computing ind...
Time needed for computing composition v_delta of abstraction framework and transition relation: 4442[µs]
Time needed for computing complement v_complement of abstraction framework: 123[µs]
Time needed for minimizing complement(V): 136[µs]
Time needed for computing intersection 'preprojection' of delta_v and v_complement: 1803[µs]
Time needed for computing complement of ind (i.e. projecting preprojection onto second tape): 5548[µs]

real	2m43,472s
user	2m28,533s
sys	0m14,476s
********************
/home/jakob/Documents/abstracton/benchmarks/dodo/FutureBus.json
f
deadlock
systemd-run --user --scope -p MemoryMax=32G -p MemorySwapMax=7G timeout 1200 /home/jakob/Documents/abstracton/benchmarks/../build_release/benchmarks/solve_dodo -i f -p deadlock /home/jakob/Documents/abstracton/benchmarks/dodo/FutureBus.json --measure-time --no-dot-printing --universality-alg antichains-inclusion --ind-alg project --bddlike
Running as unit: run-p2067338-i2085026.scope; invocation ID: 912eb6ae14664efab0a26107fa56304f
Time needed for parsing json file: 14470[µs]
Time needed for converting parser result to bddlike nft type: 199[µs]
alphabet size: 9
using Flow interpretation
Time needed for constructing Flow interpretation transducer: 14449[µs]
computing ind...
Time needed for computing composition v_delta of abstraction framework and transition relation: 4993[µs]
Time needed for computing complement v_complement of abstraction framework: 216[µs]
Time needed for minimizing complement(V): 214[µs]
Time needed for computing intersection 'preprojection' of delta_v and v_complement: 4767[µs]
Time needed for computing complement of ind (i.e. projecting preprojection onto second tape): 12558[µs]

real	4m5,737s
user	3m51,285s
sys	0m14,361s
********************
18 of 61
/home/jakob/Documents/abstracton/benchmarks/dodo/Herman.json
t
notoken
systemd-run --user --scope -p MemoryMax=32G -p MemorySwapMax=7G timeout 1200 /home/jakob/Documents/abstracton/benchmarks/../build_release/benchmarks/solve_dodo -i t -p notoken /home/jakob/Documents/abstracton/benchmarks/dodo/Herman.json --measure-time --no-dot-printing --universality-alg antichains-inclusion --ind-alg project --bddlike
Running as unit: run-p2068503-i2058955.scope; invocation ID: 221433d6b0f74bc3bb6f3327c73eedbf
Time needed for parsing json file: 2350[µs]
Time needed for converting parser result to bddlike nft type: 57[µs]
alphabet size: 2
using Trap interpretation
Time needed for constructing Trap interpretation transducer: 734[µs]
computing ind...
Time needed for computing composition v_delta of abstraction framework and transition relation: 1225[µs]
Time needed for computing complement v_complement of abstraction framework: 111[µs]
Time needed for minimizing complement(V): 56[µs]
Time needed for computing intersection 'preprojection' of delta_v and v_complement: 147[µs]
Time needed for computing complement of ind (i.e. projecting preprojection onto second tape): 193[µs]
Time needed for minimizing projection: 376[µs]
Time needed for computing ind: 48[µs]
Time needed for minimizing ind: 97[µs]
Time needed for computing ind (total): 2398[µs]
automaton for ind has 12 states.
...of which, 6 are at level 0.
...done.
computing complement of preach...
Time needed for computing complement v_complement of abstraction framework: 59[µs]
Time needed for computing product v_id of abstraction framework with ind: 139[µs]
Time needed for computing product of v_id with complement of abstraction framework: 1642[µs]
Time needed for computing complement of preach: 1914[µs]
...done.
automaton for complement of preach has 13 states.
...of which, 7 states are at level 0.
Time needed for trimming complement of preach: 25[µs]
trying to prove abstract safety...
Time needed for constructing transducer for (initial, unsafe) pairs: 58[µs]
Time needed for constructing transducer for complement of (initial, unsafe) pairs: 56[µs]
Time needed for building union of complements of preach and (initial, unsafe)-transducer: 27[µs]
Time needed for checking universality using antichains-inclusion algorithm: 116[µs]
Time needed for checking abstract safety: 293[µs]
...done.
Result: [1]
This means that the following properties could be separated from the initial configurations:
	[notoken]
While the following properties could not be separated from the initial configurations:
	[]

real	0m0,060s
user	0m0,010s
sys	0m0,015s
********************
/home/jakob/Documents/abstracton/benchmarks/dodo/Herman.json
s
notoken
systemd-run --user --scope -p MemoryMax=32G -p MemorySwapMax=7G timeout 1200 /home/jakob/Documents/abstracton/benchmarks/../build_release/benchmarks/solve_dodo -i s -p notoken /home/jakob/Documents/abstracton/benchmarks/dodo/Herman.json --measure-time --no-dot-printing --universality-alg antichains-inclusion --ind-alg project --bddlike
Running as unit: run-p2068505-i2085221.scope; invocation ID: 7f16473039884c33ab1ad8885f679aa2
Time needed for parsing json file: 671[µs]
Time needed for converting parser result to bddlike nft type: 33[µs]
alphabet size: 2
using Siphon interpretation
Time needed for constructing Siphon interpretation transducer: 120[µs]
computing ind...
Time needed for computing composition v_delta of abstraction framework and transition relation: 468[µs]
Time needed for computing complement v_complement of abstraction framework: 49[µs]
Time needed for minimizing complement(V): 36[µs]
Time needed for computing intersection 'preprojection' of delta_v and v_complement: 88[µs]
Time needed for computing complement of ind (i.e. projecting preprojection onto second tape): 118[µs]
Time needed for minimizing projection: 265[µs]
Time needed for computing ind: 29[µs]
Time needed for minimizing ind: 52[µs]
Time needed for computing ind (total): 1168[µs]
automaton for ind has 12 states.
...of which, 6 are at level 0.
...done.
computing complement of preach...
Time needed for computing complement v_complement of abstraction framework: 28[µs]
Time needed for computing product v_id of abstraction framework with ind: 63[µs]
Time needed for computing product of v_id with complement of abstraction framework: 482[µs]
Time needed for computing complement of preach: 604[µs]
...done.
automaton for complement of preach has 11 states.
...of which, 7 states are at level 0.
Time needed for trimming complement of preach: 12[µs]
trying to prove abstract safety...
Time needed for constructing transducer for (initial, unsafe) pairs: 34[µs]
Time needed for constructing transducer for complement of (initial, unsafe) pairs: 31[µs]
Time needed for building union of complements of preach and (initial, unsafe)-transducer: 15[µs]
Time needed for checking universality using antichains-inclusion algorithm: 49[µs]
Time needed for checking abstract safety: 161[µs]
...done.
Result: [0]
This means that the following properties could be separated from the initial configurations:
	[]
While the following properties could not be separated from the initial configurations:
	[notoken]

real	0m0,030s
user	0m0,010s
sys	0m0,009s
********************
/home/jakob/Documents/abstracton/benchmarks/dodo/Herman.json
f
notoken
systemd-run --user --scope -p MemoryMax=32G -p MemorySwapMax=7G timeout 1200 /home/jakob/Documents/abstracton/benchmarks/../build_release/benchmarks/solve_dodo -i f -p notoken /home/jakob/Documents/abstracton/benchmarks/dodo/Herman.json --measure-time --no-dot-printing --universality-alg antichains-inclusion --ind-alg project --bddlike
Running as unit: run-p2068507-i2085222.scope; invocation ID: ed932dd3795844d3aae1a384692d1b03
Time needed for parsing json file: 1094[µs]
Time needed for converting parser result to bddlike nft type: 56[µs]
alphabet size: 2
using Flow interpretation
Time needed for constructing Flow interpretation transducer: 275[µs]
computing ind...
Time needed for computing composition v_delta of abstraction framework and transition relation: 1223[µs]
Time needed for computing complement v_complement of abstraction framework: 84[µs]
Time needed for minimizing complement(V): 87[µs]
Time needed for computing intersection 'preprojection' of delta_v and v_complement: 337[µs]
Time needed for computing complement of ind (i.e. projecting preprojection onto second tape): 426[µs]
Time needed for minimizing projection: 2562[µs]
Time needed for computing ind: 77[µs]
Time needed for minimizing ind: 116[µs]
Time needed for computing ind (total): 5068[µs]
automaton for ind has 17 states.
...of which, 7 are at level 0.
...done.
computing complement of preach...
Time needed for computing complement v_complement of abstraction framework: 72[µs]
Time needed for computing product v_id of abstraction framework with ind: 147[µs]
Time needed for computing product of v_id with complement of abstraction framework: 1859[µs]
Time needed for computing complement of preach: 2140[µs]
...done.
automaton for complement of preach has 5 states.
...of which, 3 states are at level 0.
Time needed for trimming complement of preach: 12[µs]
trying to prove abstract safety...
Time needed for constructing transducer for (initial, unsafe) pairs: 56[µs]
Time needed for constructing transducer for complement of (initial, unsafe) pairs: 54[µs]
Time needed for building union of complements of preach and (initial, unsafe)-transducer: 19[µs]
Time needed for checking universality using antichains-inclusion algorithm: 61[µs]
Time needed for checking abstract safety: 225[µs]
...done.
Result: [0]
This means that the following properties could be separated from the initial configurations:
	[]
While the following properties could not be separated from the initial configurations:
	[notoken]

real	0m0,049s
user	0m0,017s
sys	0m0,011s
********************
19 of 61
/home/jakob/Documents/abstracton/benchmarks/dodo/Illinois.json
t
dirtydirty
systemd-run --user --scope -p MemoryMax=32G -p MemorySwapMax=7G timeout 1200 /home/jakob/Documents/abstracton/benchmarks/../build_release/benchmarks/solve_dodo -i t -p dirtydirty /home/jakob/Documents/abstracton/benchmarks/dodo/Illinois.json --measure-time --no-dot-printing --universality-alg antichains-inclusion --ind-alg project --bddlike
Running as unit: run-p2068516-i2085225.scope; invocation ID: c45449f512904598b58b51c937ce4b3d
Time needed for parsing json file: 3964[µs]
Time needed for converting parser result to bddlike nft type: 115[µs]
alphabet size: 4
using Trap interpretation
Time needed for constructing Trap interpretation transducer: 905[µs]
computing ind...
Time needed for computing composition v_delta of abstraction framework and transition relation: 5604[µs]
Time needed for computing complement v_complement of abstraction framework: 156[µs]
Time needed for minimizing complement(V): 119[µs]
Time needed for computing intersection 'preprojection' of delta_v and v_complement: 723[µs]
Time needed for computing complement of ind (i.e. projecting preprojection onto second tape): 820[µs]
Time needed for minimizing projection: 42017[µs]
Time needed for computing ind: 88[µs]
Time needed for minimizing ind: 127[µs]
Time needed for computing ind (total): 49880[µs]
automaton for ind has 67 states.
...of which, 12 are at level 0.
...done.
computing complement of preach...
Time needed for computing complement v_complement of abstraction framework: 43[µs]
Time needed for computing product v_id of abstraction framework with ind: 181[µs]
Time needed for computing product of v_id with complement of abstraction framework: 6195[µs]
Time needed for computing complement of preach: 6515[µs]
...done.
automaton for complement of preach has 220 states.
...of which, 148 states are at level 0.
Time needed for trimming complement of preach: 154[µs]
trying to prove abstract safety...
Time needed for constructing transducer for (initial, unsafe) pairs: 32[µs]
Time needed for constructing transducer for complement of (initial, unsafe) pairs: 32[µs]
Time needed for building union of complements of preach and (initial, unsafe)-transducer: 145[µs]
Time needed for checking universality using antichains-inclusion algorithm: 239[µs]
Time needed for checking abstract safety: 488[µs]
...done.
Result: [0]
This means that the following properties could be separated from the initial configurations:
	[]
While the following properties could not be separated from the initial configurations:
	[dirtydirty]

real	0m0,093s
user	0m0,060s
sys	0m0,017s
********************
/home/jakob/Documents/abstracton/benchmarks/dodo/Illinois.json
s
dirtydirty
systemd-run --user --scope -p MemoryMax=32G -p MemorySwapMax=7G timeout 1200 /home/jakob/Documents/abstracton/benchmarks/../build_release/benchmarks/solve_dodo -i s -p dirtydirty /home/jakob/Documents/abstracton/benchmarks/dodo/Illinois.json --measure-time --no-dot-printing --universality-alg antichains-inclusion --ind-alg project --bddlike
Running as unit: run-p2068518-i2085226.scope; invocation ID: e3f120a880dc4cc8813b3abceab2e359
Time needed for parsing json file: 2850[µs]
Time needed for converting parser result to bddlike nft type: 113[µs]
alphabet size: 4
using Siphon interpretation
Time needed for constructing Siphon interpretation transducer: 458[µs]
computing ind...
Time needed for computing composition v_delta of abstraction framework and transition relation: 2954[µs]
Time needed for computing complement v_complement of abstraction framework: 101[µs]
Time needed for minimizing complement(V): 110[µs]
Time needed for computing intersection 'preprojection' of delta_v and v_complement: 676[µs]
Time needed for computing complement of ind (i.e. projecting preprojection onto second tape): 1004[µs]
Time needed for minimizing projection: 34534[µs]
Time needed for computing ind: 53[µs]
Time needed for minimizing ind: 45[µs]
Time needed for computing ind (total): 39654[µs]
automaton for ind has 20 states.
...of which, 5 are at level 0.
...done.
computing complement of preach...
Time needed for computing complement v_complement of abstraction framework: 33[µs]
Time needed for computing product v_id of abstraction framework with ind: 58[µs]
Time needed for computing product of v_id with complement of abstraction framework: 817[µs]
Time needed for computing complement of preach: 939[µs]
...done.
automaton for complement of preach has 7 states.
...of which, 4 states are at level 0.
Time needed for trimming complement of preach: 5[µs]
trying to prove abstract safety...
Time needed for constructing transducer for (initial, unsafe) pairs: 21[µs]
Time needed for constructing transducer for complement of (initial, unsafe) pairs: 27[µs]
Time needed for building union of complements of preach and (initial, unsafe)-transducer: 12[µs]
Time needed for checking universality using antichains-inclusion algorithm: 29[µs]
Time needed for checking abstract safety: 104[µs]
...done.
Result: [0]
This means that the following properties could be separated from the initial configurations:
	[]
While the following properties could not be separated from the initial configurations:
	[dirtydirty]

real	0m0,079s
user	0m0,046s
sys	0m0,012s
********************
/home/jakob/Documents/abstracton/benchmarks/dodo/Illinois.json
f
dirtydirty
systemd-run --user --scope -p MemoryMax=32G -p MemorySwapMax=7G timeout 1200 /home/jakob/Documents/abstracton/benchmarks/../build_release/benchmarks/solve_dodo -i f -p dirtydirty /home/jakob/Documents/abstracton/benchmarks/dodo/Illinois.json --measure-time --no-dot-printing --universality-alg antichains-inclusion --ind-alg project --bddlike
Running as unit: run-p2068520-i2085227.scope; invocation ID: e3cc1ab4ea2c4583b8dd121bf7db95ff
Time needed for parsing json file: 2489[µs]
Time needed for converting parser result to bddlike nft type: 114[µs]
alphabet size: 4
using Flow interpretation
Time needed for constructing Flow interpretation transducer: 803[µs]
computing ind...
Time needed for computing composition v_delta of abstraction framework and transition relation: 5266[µs]
Time needed for computing complement v_complement of abstraction framework: 197[µs]
Time needed for minimizing complement(V): 212[µs]
Time needed for computing intersection 'preprojection' of delta_v and v_complement: 1873[µs]
Time needed for computing complement of ind (i.e. projecting preprojection onto second tape): 3519[µs]
Time needed for minimizing projection: 1578921[µs]
Time needed for computing ind: 87[µs]
Time needed for minimizing ind: 95[µs]
Time needed for computing ind (total): 1590460[µs]
automaton for ind has 34 states.
...of which, 7 are at level 0.
...done.
computing complement of preach...
Time needed for computing complement v_complement of abstraction framework: 65[µs]
Time needed for computing product v_id of abstraction framework with ind: 120[µs]
Time needed for computing product of v_id with complement of abstraction framework: 2858[µs]
Time needed for computing complement of preach: 3122[µs]
...done.
automaton for complement of preach has 7 states.
...of which, 4 states are at level 0.
Time needed for trimming complement of preach: 14[µs]
trying to prove abstract safety...
Time needed for constructing transducer for (initial, unsafe) pairs: 26[µs]
Time needed for constructing transducer for complement of (initial, unsafe) pairs: 30[µs]
Time needed for building union of complements of preach and (initial, unsafe)-transducer: 14[µs]
Time needed for checking universality using antichains-inclusion algorithm: 33[µs]
Time needed for checking abstract safety: 119[µs]
...done.
Result: [0]
This means that the following properties could be separated from the initial configurations:
	[]
While the following properties could not be separated from the initial configurations:
	[dirtydirty]

real	0m1,648s
user	0m1,509s
sys	0m0,114s
********************
20 of 61
/home/jakob/Documents/abstracton/benchmarks/dodo/Illinois.json
t
dirtyshared
systemd-run --user --scope -p MemoryMax=32G -p MemorySwapMax=7G timeout 1200 /home/jakob/Documents/abstracton/benchmarks/../build_release/benchmarks/solve_dodo -i t -p dirtyshared /home/jakob/Documents/abstracton/benchmarks/dodo/Illinois.json --measure-time --no-dot-printing --universality-alg antichains-inclusion --ind-alg project --bddlike
Running as unit: run-p2068533-i2058964.scope; invocation ID: 1c74d8bdff3e4a1eb66e68469a65bc7b
Time needed for parsing json file: 2511[µs]
Time needed for converting parser result to bddlike nft type: 114[µs]
alphabet size: 4
using Trap interpretation
Time needed for constructing Trap interpretation transducer: 879[µs]
computing ind...
Time needed for computing composition v_delta of abstraction framework and transition relation: 5411[µs]
Time needed for computing complement v_complement of abstraction framework: 156[µs]
Time needed for minimizing complement(V): 120[µs]
Time needed for computing intersection 'preprojection' of delta_v and v_complement: 797[µs]
Time needed for computing complement of ind (i.e. projecting preprojection onto second tape): 684[µs]
Time needed for minimizing projection: 41063[µs]
Time needed for computing ind: 88[µs]
Time needed for minimizing ind: 127[µs]
Time needed for computing ind (total): 48668[µs]
automaton for ind has 67 states.
...of which, 12 are at level 0.
...done.
computing complement of preach...
Time needed for computing complement v_complement of abstraction framework: 43[µs]
Time needed for computing product v_id of abstraction framework with ind: 184[µs]
Time needed for computing product of v_id with complement of abstraction framework: 6176[µs]
Time needed for computing complement of preach: 6492[µs]
...done.
automaton for complement of preach has 220 states.
...of which, 148 states are at level 0.
Time needed for trimming complement of preach: 148[µs]
trying to prove abstract safety...
Time needed for constructing transducer for (initial, unsafe) pairs: 34[µs]
Time needed for constructing transducer for complement of (initial, unsafe) pairs: 35[µs]
Time needed for building union of complements of preach and (initial, unsafe)-transducer: 140[µs]
Time needed for checking universality using antichains-inclusion algorithm: 223[µs]
Time needed for checking abstract safety: 470[µs]
...done.
Result: [0]
This means that the following properties could be separated from the initial configurations:
	[]
While the following properties could not be separated from the initial configurations:
	[dirtyshared]

real	0m0,091s
user	0m0,055s
sys	0m0,020s
********************
/home/jakob/Documents/abstracton/benchmarks/dodo/Illinois.json
s
dirtyshared
systemd-run --user --scope -p MemoryMax=32G -p MemorySwapMax=7G timeout 1200 /home/jakob/Documents/abstracton/benchmarks/../build_release/benchmarks/solve_dodo -i s -p dirtyshared /home/jakob/Documents/abstracton/benchmarks/dodo/Illinois.json --measure-time --no-dot-printing --universality-alg antichains-inclusion --ind-alg project --bddlike
Running as unit: run-p2068535-i2058965.scope; invocation ID: a8807a0fb7514ffa8d3890e0b13d60e5
Time needed for parsing json file: 3031[µs]
Time needed for converting parser result to bddlike nft type: 114[µs]
alphabet size: 4
using Siphon interpretation
Time needed for constructing Siphon interpretation transducer: 419[µs]
computing ind...
Time needed for computing composition v_delta of abstraction framework and transition relation: 3180[µs]
Time needed for computing complement v_complement of abstraction framework: 136[µs]
Time needed for minimizing complement(V): 128[µs]
Time needed for computing intersection 'preprojection' of delta_v and v_complement: 806[µs]
Time needed for computing complement of ind (i.e. projecting preprojection onto second tape): 1167[µs]
Time needed for minimizing projection: 33786[µs]
Time needed for computing ind: 62[µs]
Time needed for minimizing ind: 43[µs]
Time needed for computing ind (total): 39496[µs]
automaton for ind has 20 states.
...of which, 5 are at level 0.
...done.
computing complement of preach...
Time needed for computing complement v_complement of abstraction framework: 31[µs]
Time needed for computing product v_id of abstraction framework with ind: 57[µs]
Time needed for computing product of v_id with complement of abstraction framework: 815[µs]
Time needed for computing complement of preach: 933[µs]
...done.
automaton for complement of preach has 7 states.
...of which, 4 states are at level 0.
Time needed for trimming complement of preach: 6[µs]
trying to prove abstract safety...
Time needed for constructing transducer for (initial, unsafe) pairs: 24[µs]
Time needed for constructing transducer for complement of (initial, unsafe) pairs: 31[µs]
Time needed for building union of complements of preach and (initial, unsafe)-transducer: 14[µs]
Time needed for checking universality using antichains-inclusion algorithm: 31[µs]
Time needed for checking abstract safety: 117[µs]
...done.
Result: [0]
This means that the following properties could be separated from the initial configurations:
	[]
While the following properties could not be separated from the initial configurations:
	[dirtyshared]

real	0m0,081s
user	0m0,044s
sys	0m0,017s
********************
/home/jakob/Documents/abstracton/benchmarks/dodo/Illinois.json
f
dirtyshared
systemd-run --user --scope -p MemoryMax=32G -p MemorySwapMax=7G timeout 1200 /home/jakob/Documents/abstracton/benchmarks/../build_release/benchmarks/solve_dodo -i f -p dirtyshared /home/jakob/Documents/abstracton/benchmarks/dodo/Illinois.json --measure-time --no-dot-printing --universality-alg antichains-inclusion --ind-alg project --bddlike
Running as unit: run-p2068537-i2062997.scope; invocation ID: 40d6d165f8a746b58438d111fd86c2f9
Time needed for parsing json file: 2575[µs]
Time needed for converting parser result to bddlike nft type: 114[µs]
alphabet size: 4
using Flow interpretation
Time needed for constructing Flow interpretation transducer: 806[µs]
computing ind...
Time needed for computing composition v_delta of abstraction framework and transition relation: 5042[µs]
Time needed for computing complement v_complement of abstraction framework: 135[µs]
Time needed for minimizing complement(V): 141[µs]
Time needed for computing intersection 'preprojection' of delta_v and v_complement: 1310[µs]
Time needed for computing complement of ind (i.e. projecting preprojection onto second tape): 3032[µs]
Time needed for minimizing projection: 1545124[µs]
Time needed for computing ind: 86[µs]
Time needed for minimizing ind: 83[µs]
Time needed for computing ind (total): 1555233[µs]
automaton for ind has 34 states.
...of which, 7 are at level 0.
...done.
computing complement of preach...
Time needed for computing complement v_complement of abstraction framework: 84[µs]
Time needed for computing product v_id of abstraction framework with ind: 134[µs]
Time needed for computing product of v_id with complement of abstraction framework: 2804[µs]
Time needed for computing complement of preach: 3113[µs]
...done.
automaton for complement of preach has 7 states.
...of which, 4 states are at level 0.
Time needed for trimming complement of preach: 11[µs]
trying to prove abstract safety...
Time needed for constructing transducer for (initial, unsafe) pairs: 27[µs]
Time needed for constructing transducer for complement of (initial, unsafe) pairs: 34[µs]
Time needed for building union of complements of preach and (initial, unsafe)-transducer: 15[µs]
Time needed for checking universality using antichains-inclusion algorithm: 66[µs]
Time needed for checking abstract safety: 162[µs]
...done.
Result: [0]
This means that the following properties could be separated from the initial configurations:
	[]
While the following properties could not be separated from the initial configurations:
	[dirtyshared]

real	0m1,609s
user	0m1,479s
sys	0m0,110s
********************
21 of 61
/home/jakob/Documents/abstracton/benchmarks/dodo/Illinois.json
t
deadlock
systemd-run --user --scope -p MemoryMax=32G -p MemorySwapMax=7G timeout 1200 /home/jakob/Documents/abstracton/benchmarks/../build_release/benchmarks/solve_dodo -i t -p deadlock /home/jakob/Documents/abstracton/benchmarks/dodo/Illinois.json --measure-time --no-dot-printing --universality-alg antichains-inclusion --ind-alg project --bddlike
Running as unit: run-p2068545-i2063000.scope; invocation ID: c885f74d990142dcb898f60433b5b650
Time needed for parsing json file: 2500[µs]
Time needed for converting parser result to bddlike nft type: 113[µs]
alphabet size: 4
using Trap interpretation
Time needed for constructing Trap interpretation transducer: 894[µs]
computing ind...
Time needed for computing composition v_delta of abstraction framework and transition relation: 5361[µs]
Time needed for computing complement v_complement of abstraction framework: 158[µs]
Time needed for minimizing complement(V): 120[µs]
Time needed for computing intersection 'preprojection' of delta_v and v_complement: 851[µs]
Time needed for computing complement of ind (i.e. projecting preprojection onto second tape): 1078[µs]
Time needed for minimizing projection: 42779[µs]
Time needed for computing ind: 91[µs]
Time needed for minimizing ind: 132[µs]
Time needed for computing ind (total): 50782[µs]
automaton for ind has 67 states.
...of which, 12 are at level 0.
...done.
computing complement of preach...
Time needed for computing complement v_complement of abstraction framework: 45[µs]
Time needed for computing product v_id of abstraction framework with ind: 189[µs]
Time needed for computing product of v_id with complement of abstraction framework: 6240[µs]
Time needed for computing complement of preach: 6564[µs]
...done.
automaton for complement of preach has 220 states.
...of which, 148 states are at level 0.
Time needed for trimming complement of preach: 152[µs]
trying to prove abstract safety...
Time needed for constructing transducer for (initial, unsafe) pairs: 35[µs]
Time needed for constructing transducer for complement of (initial, unsafe) pairs: 1369[µs]
Time needed for building union of complements of preach and (initial, unsafe)-transducer: 151[µs]
Time needed for checking universality using antichains-inclusion algorithm: 233[µs]
Time needed for checking abstract safety: 1850[µs]
...done.
Result: [1]
This means that the following properties could be separated from the initial configurations:
	[deadlock]
While the following properties could not be separated from the initial configurations:
	[]

real	0m0,096s
user	0m0,059s
sys	0m0,020s
********************
/home/jakob/Documents/abstracton/benchmarks/dodo/Illinois.json
s
deadlock
systemd-run --user --scope -p MemoryMax=32G -p MemorySwapMax=7G timeout 1200 /home/jakob/Documents/abstracton/benchmarks/../build_release/benchmarks/solve_dodo -i s -p deadlock /home/jakob/Documents/abstracton/benchmarks/dodo/Illinois.json --measure-time --no-dot-printing --universality-alg antichains-inclusion --ind-alg project --bddlike
Running as unit: run-p2068547-i2063001.scope; invocation ID: 38f83a2ff7a7403e8eda20d9985103dd
Time needed for parsing json file: 2546[µs]
Time needed for converting parser result to bddlike nft type: 114[µs]
alphabet size: 4
using Siphon interpretation
Time needed for constructing Siphon interpretation transducer: 422[µs]
computing ind...
Time needed for computing composition v_delta of abstraction framework and transition relation: 3296[µs]
Time needed for computing complement v_complement of abstraction framework: 89[µs]
Time needed for minimizing complement(V): 95[µs]
Time needed for computing intersection 'preprojection' of delta_v and v_complement: 592[µs]
Time needed for computing complement of ind (i.e. projecting preprojection onto second tape): 914[µs]
Time needed for minimizing projection: 32962[µs]
Time needed for computing ind: 53[µs]
Time needed for minimizing ind: 44[µs]
Time needed for computing ind (total): 38239[µs]
automaton for ind has 20 states.
...of which, 5 are at level 0.
...done.
computing complement of preach...
Time needed for computing complement v_complement of abstraction framework: 59[µs]
Time needed for computing product v_id of abstraction framework with ind: 58[µs]
Time needed for computing product of v_id with complement of abstraction framework: 806[µs]
Time needed for computing complement of preach: 954[µs]
...done.
automaton for complement of preach has 7 states.
...of which, 4 states are at level 0.
Time needed for trimming complement of preach: 7[µs]
trying to prove abstract safety...
Time needed for constructing transducer for (initial, unsafe) pairs: 30[µs]
Time needed for constructing transducer for complement of (initial, unsafe) pairs: 5[µs]
Time needed for building union of complements of preach and (initial, unsafe)-transducer: 20[µs]
Time needed for checking universality using antichains-inclusion algorithm: 19[µs]
Time needed for checking abstract safety: 94[µs]
...done.
Result: [1]
This means that the following properties could be separated from the initial configurations:
	[deadlock]
While the following properties could not be separated from the initial configurations:
	[]

real	0m0,077s
user	0m0,043s
sys	0m0,016s
********************
/home/jakob/Documents/abstracton/benchmarks/dodo/Illinois.json
f
deadlock
systemd-run --user --scope -p MemoryMax=32G -p MemorySwapMax=7G timeout 1200 /home/jakob/Documents/abstracton/benchmarks/../build_release/benchmarks/solve_dodo -i f -p deadlock /home/jakob/Documents/abstracton/benchmarks/dodo/Illinois.json --measure-time --no-dot-printing --universality-alg antichains-inclusion --ind-alg project --bddlike
Running as unit: run-p2068549-i2058967.scope; invocation ID: 8999d63adc164f3dac2acde9379665cd
Time needed for parsing json file: 2748[µs]
Time needed for converting parser result to bddlike nft type: 114[µs]
alphabet size: 4
using Flow interpretation
Time needed for constructing Flow interpretation transducer: 801[µs]
computing ind...
Time needed for computing composition v_delta of abstraction framework and transition relation: 4884[µs]
Time needed for computing complement v_complement of abstraction framework: 200[µs]
Time needed for minimizing complement(V): 195[µs]
Time needed for computing intersection 'preprojection' of delta_v and v_complement: 1735[µs]
Time needed for computing complement of ind (i.e. projecting preprojection onto second tape): 3824[µs]
Time needed for minimizing projection: 1593381[µs]
Time needed for computing ind: 88[µs]
Time needed for minimizing ind: 84[µs]
Time needed for computing ind (total): 1604689[µs]
automaton for ind has 34 states.
...of which, 7 are at level 0.
...done.
computing complement of preach...
Time needed for computing complement v_complement of abstraction framework: 63[µs]
Time needed for computing product v_id of abstraction framework with ind: 116[µs]
Time needed for computing product of v_id with complement of abstraction framework: 2868[µs]
Time needed for computing complement of preach: 3100[µs]
...done.
automaton for complement of preach has 7 states.
...of which, 4 states are at level 0.
Time needed for trimming complement of preach: 12[µs]
trying to prove abstract safety...
Time needed for constructing transducer for (initial, unsafe) pairs: 35[µs]
Time needed for constructing transducer for complement of (initial, unsafe) pairs: 6[µs]
Time needed for building union of complements of preach and (initial, unsafe)-transducer: 8[µs]
Time needed for checking universality using antichains-inclusion algorithm: 22[µs]
Time needed for checking abstract safety: 88[µs]
...done.
Result: [1]
This means that the following properties could be separated from the initial configurations:
	[deadlock]
While the following properties could not be separated from the initial configurations:
	[]

real	0m1,660s
user	0m1,508s
sys	0m0,138s
********************
22 of 61
/home/jakob/Documents/abstracton/benchmarks/dodo/Israeli-Jafon.json
t
notoken
systemd-run --user --scope -p MemoryMax=32G -p MemorySwapMax=7G timeout 1200 /home/jakob/Documents/abstracton/benchmarks/../build_release/benchmarks/solve_dodo -i t -p notoken /home/jakob/Documents/abstracton/benchmarks/dodo/Israeli-Jafon.json --measure-time --no-dot-printing --universality-alg antichains-inclusion --ind-alg project --bddlike
Running as unit: run-p2068582-i2058971.scope; invocation ID: 6451165b6d71401487b7b96eee92523b
Time needed for parsing json file: 2361[µs]
Time needed for converting parser result to bddlike nft type: 48[µs]
alphabet size: 2
using Trap interpretation
Time needed for constructing Trap interpretation transducer: 286[µs]
computing ind...
Time needed for computing composition v_delta of abstraction framework and transition relation: 1103[µs]
Time needed for computing complement v_complement of abstraction framework: 105[µs]
Time needed for minimizing complement(V): 57[µs]
Time needed for computing intersection 'preprojection' of delta_v and v_complement: 128[µs]
Time needed for computing complement of ind (i.e. projecting preprojection onto second tape): 168[µs]
Time needed for minimizing projection: 270[µs]
Time needed for computing ind: 48[µs]
Time needed for minimizing ind: 87[µs]
Time needed for computing ind (total): 2092[µs]
automaton for ind has 12 states.
...of which, 6 are at level 0.
...done.
computing complement of preach...
Time needed for computing complement v_complement of abstraction framework: 76[µs]
Time needed for computing product v_id of abstraction framework with ind: 139[µs]
Time needed for computing product of v_id with complement of abstraction framework: 1498[µs]
Time needed for computing complement of preach: 1797[µs]
...done.
automaton for complement of preach has 13 states.
...of which, 7 states are at level 0.
Time needed for trimming complement of preach: 23[µs]
trying to prove abstract safety...
Time needed for constructing transducer for (initial, unsafe) pairs: 57[µs]
Time needed for constructing transducer for complement of (initial, unsafe) pairs: 54[µs]
Time needed for building union of complements of preach and (initial, unsafe)-transducer: 29[µs]
Time needed for checking universality using antichains-inclusion algorithm: 124[µs]
Time needed for checking abstract safety: 306[µs]
...done.
Result: [1]
This means that the following properties could be separated from the initial configurations:
	[notoken]
While the following properties could not be separated from the initial configurations:
	[]

real	0m0,040s
user	0m0,012s
sys	0m0,012s
********************
/home/jakob/Documents/abstracton/benchmarks/dodo/Israeli-Jafon.json
s
notoken
systemd-run --user --scope -p MemoryMax=32G -p MemorySwapMax=7G timeout 1200 /home/jakob/Documents/abstracton/benchmarks/../build_release/benchmarks/solve_dodo -i s -p notoken /home/jakob/Documents/abstracton/benchmarks/dodo/Israeli-Jafon.json --measure-time --no-dot-printing --universality-alg antichains-inclusion --ind-alg project --bddlike
Running as unit: run-p2068584-i2058972.scope; invocation ID: dca1b66d63424d47a471f3a989b30851
Time needed for parsing json file: 958[µs]
Time needed for converting parser result to bddlike nft type: 49[µs]
alphabet size: 2
using Siphon interpretation
Time needed for constructing Siphon interpretation transducer: 186[µs]
computing ind...
Time needed for computing composition v_delta of abstraction framework and transition relation: 808[µs]
Time needed for computing complement v_complement of abstraction framework: 60[µs]
Time needed for minimizing complement(V): 60[µs]
Time needed for computing intersection 'preprojection' of delta_v and v_complement: 146[µs]
Time needed for computing complement of ind (i.e. projecting preprojection onto second tape): 176[µs]
Time needed for minimizing projection: 268[µs]
Time needed for computing ind: 49[µs]
Time needed for minimizing ind: 88[µs]
Time needed for computing ind (total): 1758[µs]
automaton for ind has 12 states.
...of which, 6 are at level 0.
...done.
computing complement of preach...
Time needed for computing complement v_complement of abstraction framework: 47[µs]
Time needed for computing product v_id of abstraction framework with ind: 105[µs]
Time needed for computing product of v_id with complement of abstraction framework: 813[µs]
Time needed for computing complement of preach: 1013[µs]
...done.
automaton for complement of preach has 11 states.
...of which, 7 states are at level 0.
Time needed for trimming complement of preach: 19[µs]
trying to prove abstract safety...
Time needed for constructing transducer for (initial, unsafe) pairs: 55[µs]
Time needed for constructing transducer for complement of (initial, unsafe) pairs: 51[µs]
Time needed for building union of complements of preach and (initial, unsafe)-transducer: 24[µs]
Time needed for checking universality using antichains-inclusion algorithm: 94[µs]
Time needed for checking abstract safety: 264[µs]
...done.
Result: [0]
This means that the following properties could be separated from the initial configurations:
	[]
While the following properties could not be separated from the initial configurations:
	[notoken]

real	0m0,038s
user	0m0,017s
sys	0m0,008s
********************
/home/jakob/Documents/abstracton/benchmarks/dodo/Israeli-Jafon.json
f
notoken
systemd-run --user --scope -p MemoryMax=32G -p MemorySwapMax=7G timeout 1200 /home/jakob/Documents/abstracton/benchmarks/../build_release/benchmarks/solve_dodo -i f -p notoken /home/jakob/Documents/abstracton/benchmarks/dodo/Israeli-Jafon.json --measure-time --no-dot-printing --universality-alg antichains-inclusion --ind-alg project --bddlike
Running as unit: run-p2068586-i2063010.scope; invocation ID: adad5cac48a94062b088be70cbf5e994
Time needed for parsing json file: 971[µs]
Time needed for converting parser result to bddlike nft type: 48[µs]
alphabet size: 2
using Flow interpretation
Time needed for constructing Flow interpretation transducer: 280[µs]
computing ind...
Time needed for computing composition v_delta of abstraction framework and transition relation: 1095[µs]
Time needed for computing complement v_complement of abstraction framework: 84[µs]
Time needed for minimizing complement(V): 90[µs]
Time needed for computing intersection 'preprojection' of delta_v and v_complement: 276[µs]
Time needed for computing complement of ind (i.e. projecting preprojection onto second tape): 373[µs]
Time needed for minimizing projection: 1175[µs]
Time needed for computing ind: 71[µs]
Time needed for minimizing ind: 149[µs]
Time needed for computing ind (total): 3457[µs]
automaton for ind has 17 states.
...of which, 7 are at level 0.
...done.
computing complement of preach...
Time needed for computing complement v_complement of abstraction framework: 73[µs]
Time needed for computing product v_id of abstraction framework with ind: 158[µs]
Time needed for computing product of v_id with complement of abstraction framework: 1900[µs]
Time needed for computing complement of preach: 2193[µs]
...done.
automaton for complement of preach has 5 states.
...of which, 3 states are at level 0.
Time needed for trimming complement of preach: 12[µs]
trying to prove abstract safety...
Time needed for constructing transducer for (initial, unsafe) pairs: 56[µs]
Time needed for constructing transducer for complement of (initial, unsafe) pairs: 53[µs]
Time needed for building union of complements of preach and (initial, unsafe)-transducer: 20[µs]
Time needed for checking universality using antichains-inclusion algorithm: 63[µs]
Time needed for checking abstract safety: 227[µs]
...done.
Result: [0]
This means that the following properties could be separated from the initial configurations:
	[]
While the following properties could not be separated from the initial configurations:
	[notoken]

real	0m0,042s
user	0m0,011s
sys	0m0,017s
********************
23 of 61
/home/jakob/Documents/abstracton/benchmarks/dodo/MESI.json
t
modifiedmodified
systemd-run --user --scope -p MemoryMax=32G -p MemorySwapMax=7G timeout 1200 /home/jakob/Documents/abstracton/benchmarks/../build_release/benchmarks/solve_dodo -i t -p modifiedmodified /home/jakob/Documents/abstracton/benchmarks/dodo/MESI.json --measure-time --no-dot-printing --universality-alg antichains-inclusion --ind-alg project --bddlike
Running as unit: run-p2068594-i2063013.scope; invocation ID: 4a86044591b547de981375dc89262ce4
Time needed for parsing json file: 3088[µs]
Time needed for converting parser result to bddlike nft type: 79[µs]
alphabet size: 4
using Trap interpretation
Time needed for constructing Trap interpretation transducer: 1039[µs]
computing ind...
Time needed for computing composition v_delta of abstraction framework and transition relation: 2658[µs]
Time needed for computing complement v_complement of abstraction framework: 153[µs]
Time needed for minimizing complement(V): 122[µs]
Time needed for computing intersection 'preprojection' of delta_v and v_complement: 446[µs]
Time needed for computing complement of ind (i.e. projecting preprojection onto second tape): 556[µs]
Time needed for minimizing projection: 3238[µs]
Time needed for computing ind: 155[µs]
Time needed for minimizing ind: 157[µs]
Time needed for computing ind (total): 7665[µs]
automaton for ind has 38 states.
...of which, 6 are at level 0.
...done.
computing complement of preach...
Time needed for computing complement v_complement of abstraction framework: 87[µs]
Time needed for computing product v_id of abstraction framework with ind: 225[µs]
Time needed for computing product of v_id with complement of abstraction framework: 7404[µs]
Time needed for computing complement of preach: 7798[µs]
...done.
automaton for complement of preach has 105 states.
...of which, 77 states are at level 0.
Time needed for trimming complement of preach: 162[µs]
trying to prove abstract safety...
Time needed for constructing transducer for (initial, unsafe) pairs: 48[µs]
Time needed for constructing transducer for complement of (initial, unsafe) pairs: 55[µs]
Time needed for building union of complements of preach and (initial, unsafe)-transducer: 161[µs]
Time needed for checking universality using antichains-inclusion algorithm: 282[µs]
Time needed for checking abstract safety: 600[µs]
...done.
Result: [1]
This means that the following properties could be separated from the initial configurations:
	[modifiedmodified]
While the following properties could not be separated from the initial configurations:
	[]

real	0m0,062s
user	0m0,024s
sys	0m0,014s
********************
/home/jakob/Documents/abstracton/benchmarks/dodo/MESI.json
s
modifiedmodified
systemd-run --user --scope -p MemoryMax=32G -p MemorySwapMax=7G timeout 1200 /home/jakob/Documents/abstracton/benchmarks/../build_release/benchmarks/solve_dodo -i s -p modifiedmodified /home/jakob/Documents/abstracton/benchmarks/dodo/MESI.json --measure-time --no-dot-printing --universality-alg antichains-inclusion --ind-alg project --bddlike
Running as unit: run-p2068596-i2063014.scope; invocation ID: 23a279507310425cb6f2150a0f4b5982
Time needed for parsing json file: 1713[µs]
Time needed for converting parser result to bddlike nft type: 77[µs]
alphabet size: 4
using Siphon interpretation
Time needed for constructing Siphon interpretation transducer: 419[µs]
computing ind...
Time needed for computing composition v_delta of abstraction framework and transition relation: 1698[µs]
Time needed for computing complement v_complement of abstraction framework: 136[µs]
Time needed for minimizing complement(V): 128[µs]
Time needed for computing intersection 'preprojection' of delta_v and v_complement: 403[µs]
Time needed for computing complement of ind (i.e. projecting preprojection onto second tape): 523[µs]
Time needed for minimizing projection: 4571[µs]
Time needed for computing ind: 67[µs]
Time needed for minimizing ind: 95[µs]
Time needed for computing ind (total): 7852[µs]
automaton for ind has 15 states.
...of which, 3 are at level 0.
...done.
computing complement of preach...
Time needed for computing complement v_complement of abstraction framework: 94[µs]
Time needed for computing product v_id of abstraction framework with ind: 116[µs]
Time needed for computing product of v_id with complement of abstraction framework: 1829[µs]
Time needed for computing complement of preach: 2096[µs]
...done.
automaton for complement of preach has 0 states.
...of which, 0 states are at level 0.
Time needed for trimming complement of preach: 3[µs]
trying to prove abstract safety...
Time needed for constructing transducer for (initial, unsafe) pairs: 69[µs]
Time needed for constructing transducer for complement of (initial, unsafe) pairs: 72[µs]
Time needed for building union of complements of preach and (initial, unsafe)-transducer: 17[µs]
Time needed for checking universality using antichains-inclusion algorithm: 54[µs]
Time needed for checking abstract safety: 249[µs]
...done.
Result: [0]
This means that the following properties could be separated from the initial configurations:
	[]
While the following properties could not be separated from the initial configurations:
	[modifiedmodified]

real	0m0,049s
user	0m0,017s
sys	0m0,014s
********************
/home/jakob/Documents/abstracton/benchmarks/dodo/MESI.json
f
modifiedmodified
systemd-run --user --scope -p MemoryMax=32G -p MemorySwapMax=7G timeout 1200 /home/jakob/Documents/abstracton/benchmarks/../build_release/benchmarks/solve_dodo -i f -p modifiedmodified /home/jakob/Documents/abstracton/benchmarks/dodo/MESI.json --measure-time --no-dot-printing --universality-alg antichains-inclusion --ind-alg project --bddlike
Running as unit: run-p2068598-i2058975.scope; invocation ID: 0bfe69374e944bd3aa85fe7725ec890f
Time needed for parsing json file: 1706[µs]
Time needed for converting parser result to bddlike nft type: 78[µs]
alphabet size: 4
using Flow interpretation
Time needed for constructing Flow interpretation transducer: 880[µs]
computing ind...
Time needed for computing composition v_delta of abstraction framework and transition relation: 3041[µs]
Time needed for computing complement v_complement of abstraction framework: 195[µs]
Time needed for minimizing complement(V): 232[µs]
Time needed for computing intersection 'preprojection' of delta_v and v_complement: 933[µs]
Time needed for computing complement of ind (i.e. projecting preprojection onto second tape): 1891[µs]
Time needed for minimizing projection: 41463[µs]
Time needed for computing ind: 45[µs]
Time needed for minimizing ind: 61[µs]
Time needed for computing ind (total): 48074[µs]
automaton for ind has 29 states.
...of which, 5 are at level 0.
...done.
computing complement of preach...
Time needed for computing complement v_complement of abstraction framework: 57[µs]
Time needed for computing product v_id of abstraction framework with ind: 90[µs]
Time needed for computing product of v_id with complement of abstraction framework: 2044[µs]
Time needed for computing complement of preach: 2239[µs]
...done.
automaton for complement of preach has 0 states.
...of which, 0 states are at level 0.
Time needed for trimming complement of preach: 1[µs]
trying to prove abstract safety...
Time needed for constructing transducer for (initial, unsafe) pairs: 44[µs]
Time needed for constructing transducer for complement of (initial, unsafe) pairs: 27[µs]
Time needed for building union of complements of preach and (initial, unsafe)-transducer: 6[µs]
Time needed for checking universality using antichains-inclusion algorithm: 23[µs]
Time needed for checking abstract safety: 130[µs]
...done.
Result: [0]
This means that the following properties could be separated from the initial configurations:
	[]
While the following properties could not be separated from the initial configurations:
	[modifiedmodified]

real	0m0,094s
user	0m0,052s
sys	0m0,019s
********************
24 of 61
/home/jakob/Documents/abstracton/benchmarks/dodo/MESI.json
t
sharedmodified
systemd-run --user --scope -p MemoryMax=32G -p MemorySwapMax=7G timeout 1200 /home/jakob/Documents/abstracton/benchmarks/../build_release/benchmarks/solve_dodo -i t -p sharedmodified /home/jakob/Documents/abstracton/benchmarks/dodo/MESI.json --measure-time --no-dot-printing --universality-alg antichains-inclusion --ind-alg project --bddlike
Running as unit: run-p2068608-i2058978.scope; invocation ID: 7b599f0a69f14cdea1e9093f52e9780d
Time needed for parsing json file: 1679[µs]
Time needed for converting parser result to bddlike nft type: 78[µs]
alphabet size: 4
using Trap interpretation
Time needed for constructing Trap interpretation transducer: 1037[µs]
computing ind...
Time needed for computing composition v_delta of abstraction framework and transition relation: 2695[µs]
Time needed for computing complement v_complement of abstraction framework: 153[µs]
Time needed for minimizing complement(V): 121[µs]
Time needed for computing intersection 'preprojection' of delta_v and v_complement: 480[µs]
Time needed for computing complement of ind (i.e. projecting preprojection onto second tape): 557[µs]
Time needed for minimizing projection: 3228[µs]
Time needed for computing ind: 147[µs]
Time needed for minimizing ind: 233[µs]
Time needed for computing ind (total): 7849[µs]
automaton for ind has 38 states.
...of which, 6 are at level 0.
...done.
computing complement of preach...
Time needed for computing complement v_complement of abstraction framework: 129[µs]
Time needed for computing product v_id of abstraction framework with ind: 370[µs]
Time needed for computing product of v_id with complement of abstraction framework: 7358[µs]
Time needed for computing complement of preach: 7959[µs]
...done.
automaton for complement of preach has 105 states.
...of which, 77 states are at level 0.
Time needed for trimming complement of preach: 152[µs]
trying to prove abstract safety...
Time needed for constructing transducer for (initial, unsafe) pairs: 75[µs]
Time needed for constructing transducer for complement of (initial, unsafe) pairs: 74[µs]
Time needed for building union of complements of preach and (initial, unsafe)-transducer: 152[µs]
Time needed for checking universality using antichains-inclusion algorithm: 277[µs]
Time needed for checking abstract safety: 635[µs]
...done.
Result: [1]
This means that the following properties could be separated from the initial configurations:
	[sharedmodified]
While the following properties could not be separated from the initial configurations:
	[]

real	0m0,063s
user	0m0,019s
sys	0m0,020s
********************
/home/jakob/Documents/abstracton/benchmarks/dodo/MESI.json
s
sharedmodified
systemd-run --user --scope -p MemoryMax=32G -p MemorySwapMax=7G timeout 1200 /home/jakob/Documents/abstracton/benchmarks/../build_release/benchmarks/solve_dodo -i s -p sharedmodified /home/jakob/Documents/abstracton/benchmarks/dodo/MESI.json --measure-time --no-dot-printing --universality-alg antichains-inclusion --ind-alg project --bddlike
Running as unit: run-p2068612-i2058979.scope; invocation ID: d12996e1c5b94a059a36492736ea0902
Time needed for parsing json file: 1702[µs]
Time needed for converting parser result to bddlike nft type: 78[µs]
alphabet size: 4
using Siphon interpretation
Time needed for constructing Siphon interpretation transducer: 400[µs]
computing ind...
Time needed for computing composition v_delta of abstraction framework and transition relation: 1701[µs]
Time needed for computing complement v_complement of abstraction framework: 112[µs]
Time needed for minimizing complement(V): 126[µs]
Time needed for computing intersection 'preprojection' of delta_v and v_complement: 454[µs]
Time needed for computing complement of ind (i.e. projecting preprojection onto second tape): 552[µs]
Time needed for minimizing projection: 4630[µs]
Time needed for computing ind: 58[µs]
Time needed for minimizing ind: 84[µs]
Time needed for computing ind (total): 7895[µs]
automaton for ind has 15 states.
...of which, 3 are at level 0.
...done.
computing complement of preach...
Time needed for computing complement v_complement of abstraction framework: 79[µs]
Time needed for computing product v_id of abstraction framework with ind: 101[µs]
Time needed for computing product of v_id with complement of abstraction framework: 1185[µs]
Time needed for computing complement of preach: 1414[µs]
...done.
automaton for complement of preach has 0 states.
...of which, 0 states are at level 0.
Time needed for trimming complement of preach: 2[µs]
trying to prove abstract safety...
Time needed for constructing transducer for (initial, unsafe) pairs: 67[µs]
Time needed for constructing transducer for complement of (initial, unsafe) pairs: 77[µs]
Time needed for building union of complements of preach and (initial, unsafe)-transducer: 19[µs]
Time needed for checking universality using antichains-inclusion algorithm: 56[µs]
Time needed for checking abstract safety: 253[µs]
...done.
Result: [0]
This means that the following properties could be separated from the initial configurations:
	[]
While the following properties could not be separated from the initial configurations:
	[sharedmodified]

real	0m0,047s
user	0m0,013s
sys	0m0,018s
********************
/home/jakob/Documents/abstracton/benchmarks/dodo/MESI.json
f
sharedmodified
systemd-run --user --scope -p MemoryMax=32G -p MemorySwapMax=7G timeout 1200 /home/jakob/Documents/abstracton/benchmarks/../build_release/benchmarks/solve_dodo -i f -p sharedmodified /home/jakob/Documents/abstracton/benchmarks/dodo/MESI.json --measure-time --no-dot-printing --universality-alg antichains-inclusion --ind-alg project --bddlike
Running as unit: run-p2068614-i2058980.scope; invocation ID: 39f9ccf7effc404e88c105696fd39b59
Time needed for parsing json file: 1703[µs]
Time needed for converting parser result to bddlike nft type: 78[µs]
alphabet size: 4
using Flow interpretation
Time needed for constructing Flow interpretation transducer: 870[µs]
computing ind...
Time needed for computing composition v_delta of abstraction framework and transition relation: 2730[µs]
Time needed for computing complement v_complement of abstraction framework: 232[µs]
Time needed for minimizing complement(V): 216[µs]
Time needed for computing intersection 'preprojection' of delta_v and v_complement: 918[µs]
Time needed for computing complement of ind (i.e. projecting preprojection onto second tape): 1888[µs]
Time needed for minimizing projection: 39080[µs]
Time needed for computing ind: 42[µs]
Time needed for minimizing ind: 57[µs]
Time needed for computing ind (total): 45355[µs]
automaton for ind has 29 states.
...of which, 5 are at level 0.
...done.
computing complement of preach...
Time needed for computing complement v_complement of abstraction framework: 54[µs]
Time needed for computing product v_id of abstraction framework with ind: 85[µs]
Time needed for computing product of v_id with complement of abstraction framework: 2023[µs]
Time needed for computing complement of preach: 2210[µs]
...done.
automaton for complement of preach has 0 states.
...of which, 0 states are at level 0.
Time needed for trimming complement of preach: 1[µs]
trying to prove abstract safety...
Time needed for constructing transducer for (initial, unsafe) pairs: 26[µs]
Time needed for constructing transducer for complement of (initial, unsafe) pairs: 33[µs]
Time needed for building union of complements of preach and (initial, unsafe)-transducer: 7[µs]
Time needed for checking universality using antichains-inclusion algorithm: 24[µs]
Time needed for checking abstract safety: 120[µs]
...done.
Result: [0]
This means that the following properties could be separated from the initial configurations:
	[]
While the following properties could not be separated from the initial configurations:
	[sharedmodified]

real	0m0,095s
user	0m0,052s
sys	0m0,018s
********************
25 of 61
/home/jakob/Documents/abstracton/benchmarks/dodo/MESI.json
t
deadlock
systemd-run --user --scope -p MemoryMax=32G -p MemorySwapMax=7G timeout 1200 /home/jakob/Documents/abstracton/benchmarks/../build_release/benchmarks/solve_dodo -i t -p deadlock /home/jakob/Documents/abstracton/benchmarks/dodo/MESI.json --measure-time --no-dot-printing --universality-alg antichains-inclusion --ind-alg project --bddlike
Running as unit: run-p2068622-i2058983.scope; invocation ID: e3e6d2bcbc864ea498a514b7631f15c6
Time needed for parsing json file: 1730[µs]
Time needed for converting parser result to bddlike nft type: 77[µs]
alphabet size: 4
using Trap interpretation
Time needed for constructing Trap interpretation transducer: 1033[µs]
computing ind...
Time needed for computing composition v_delta of abstraction framework and transition relation: 2687[µs]
Time needed for computing complement v_complement of abstraction framework: 155[µs]
Time needed for minimizing complement(V): 122[µs]
Time needed for computing intersection 'preprojection' of delta_v and v_complement: 433[µs]
Time needed for computing complement of ind (i.e. projecting preprojection onto second tape): 570[µs]
Time needed for minimizing projection: 3137[µs]
Time needed for computing ind: 145[µs]
Time needed for minimizing ind: 248[µs]
Time needed for computing ind (total): 7736[µs]
automaton for ind has 38 states.
...of which, 6 are at level 0.
...done.
computing complement of preach...
Time needed for computing complement v_complement of abstraction framework: 130[µs]
Time needed for computing product v_id of abstraction framework with ind: 264[µs]
Time needed for computing product of v_id with complement of abstraction framework: 7190[µs]
Time needed for computing complement of preach: 7678[µs]
...done.
automaton for complement of preach has 105 states.
...of which, 77 states are at level 0.
Time needed for trimming complement of preach: 150[µs]
trying to prove abstract safety...
Time needed for constructing transducer for (initial, unsafe) pairs: 43[µs]
Time needed for constructing transducer for complement of (initial, unsafe) pairs: 10[µs]
Time needed for building union of complements of preach and (initial, unsafe)-transducer: 138[µs]
Time needed for checking universality using antichains-inclusion algorithm: 214[µs]
Time needed for checking abstract safety: 464[µs]
...done.
Result: [1]
This means that the following properties could be separated from the initial configurations:
	[deadlock]
While the following properties could not be separated from the initial configurations:
	[]

real	0m0,054s
user	0m0,024s
sys	0m0,014s
********************
/home/jakob/Documents/abstracton/benchmarks/dodo/MESI.json
s
deadlock
systemd-run --user --scope -p MemoryMax=32G -p MemorySwapMax=7G timeout 1200 /home/jakob/Documents/abstracton/benchmarks/../build_release/benchmarks/solve_dodo -i s -p deadlock /home/jakob/Documents/abstracton/benchmarks/dodo/MESI.json --measure-time --no-dot-printing --universality-alg antichains-inclusion --ind-alg project --bddlike
Running as unit: run-p2068624-i2063019.scope; invocation ID: b0497a390a124ea1b26dac21fdd88050
Time needed for parsing json file: 2152[µs]
Time needed for converting parser result to bddlike nft type: 78[µs]
alphabet size: 4
using Siphon interpretation
Time needed for constructing Siphon interpretation transducer: 402[µs]
computing ind...
Time needed for computing composition v_delta of abstraction framework and transition relation: 2079[µs]
Time needed for computing complement v_complement of abstraction framework: 201[µs]
Time needed for minimizing complement(V): 166[µs]
Time needed for computing intersection 'preprojection' of delta_v and v_complement: 412[µs]
Time needed for computing complement of ind (i.e. projecting preprojection onto second tape): 568[µs]
Time needed for minimizing projection: 4999[µs]
Time needed for computing ind: 71[µs]
Time needed for minimizing ind: 104[µs]
Time needed for computing ind (total): 8807[µs]
automaton for ind has 15 states.
...of which, 3 are at level 0.
...done.
computing complement of preach...
Time needed for computing complement v_complement of abstraction framework: 281[µs]
Time needed for computing product v_id of abstraction framework with ind: 123[µs]
Time needed for computing product of v_id with complement of abstraction framework: 1488[µs]
Time needed for computing complement of preach: 1958[µs]
...done.
automaton for complement of preach has 0 states.
...of which, 0 states are at level 0.
Time needed for trimming complement of preach: 3[µs]
trying to prove abstract safety...
Time needed for constructing transducer for (initial, unsafe) pairs: 64[µs]
Time needed for constructing transducer for complement of (initial, unsafe) pairs: 15[µs]
Time needed for building union of complements of preach and (initial, unsafe)-transducer: 9[µs]
Time needed for checking universality using antichains-inclusion algorithm: 29[µs]
Time needed for checking abstract safety: 162[µs]
...done.
Result: [1]
This means that the following properties could be separated from the initial configurations:
	[deadlock]
While the following properties could not be separated from the initial configurations:
	[]

real	0m0,049s
user	0m0,016s
sys	0m0,013s
********************
/home/jakob/Documents/abstracton/benchmarks/dodo/MESI.json
f
deadlock
systemd-run --user --scope -p MemoryMax=32G -p MemorySwapMax=7G timeout 1200 /home/jakob/Documents/abstracton/benchmarks/../build_release/benchmarks/solve_dodo -i f -p deadlock /home/jakob/Documents/abstracton/benchmarks/dodo/MESI.json --measure-time --no-dot-printing --universality-alg antichains-inclusion --ind-alg project --bddlike
Running as unit: run-p2068626-i2063020.scope; invocation ID: 105a3c5bd8384185b11f8acc1f6cc66c
Time needed for parsing json file: 1653[µs]
Time needed for converting parser result to bddlike nft type: 93[µs]
alphabet size: 4
using Flow interpretation
Time needed for constructing Flow interpretation transducer: 867[µs]
computing ind...
Time needed for computing composition v_delta of abstraction framework and transition relation: 2741[µs]
Time needed for computing complement v_complement of abstraction framework: 194[µs]
Time needed for minimizing complement(V): 255[µs]
Time needed for computing intersection 'preprojection' of delta_v and v_complement: 915[µs]
Time needed for computing complement of ind (i.e. projecting preprojection onto second tape): 1872[µs]
Time needed for minimizing projection: 42549[µs]
Time needed for computing ind: 44[µs]
Time needed for minimizing ind: 60[µs]
Time needed for computing ind (total): 48839[µs]
automaton for ind has 29 states.
...of which, 5 are at level 0.
...done.
computing complement of preach...
Time needed for computing complement v_complement of abstraction framework: 57[µs]
Time needed for computing product v_id of abstraction framework with ind: 89[µs]
Time needed for computing product of v_id with complement of abstraction framework: 2067[µs]
Time needed for computing complement of preach: 2262[µs]
...done.
automaton for complement of preach has 0 states.
...of which, 0 states are at level 0.
Time needed for trimming complement of preach: 1[µs]
trying to prove abstract safety...
Time needed for constructing transducer for (initial, unsafe) pairs: 22[µs]
Time needed for constructing transducer for complement of (initial, unsafe) pairs: 6[µs]
Time needed for building union of complements of preach and (initial, unsafe)-transducer: 3[µs]
Time needed for checking universality using antichains-inclusion algorithm: 12[µs]
Time needed for checking abstract safety: 71[µs]
...done.
Result: [1]
This means that the following properties could be separated from the initial configurations:
	[deadlock]
While the following properties could not be separated from the initial configurations:
	[]

real	0m0,093s
user	0m0,056s
sys	0m0,018s
********************
26 of 61
/home/jakob/Documents/abstracton/benchmarks/dodo/MOESI.json
t
modifiedmodified
systemd-run --user --scope -p MemoryMax=32G -p MemorySwapMax=7G timeout 1200 /home/jakob/Documents/abstracton/benchmarks/../build_release/benchmarks/solve_dodo -i t -p modifiedmodified /home/jakob/Documents/abstracton/benchmarks/dodo/MOESI.json --measure-time --no-dot-printing --universality-alg antichains-inclusion --ind-alg project --bddlike
Running as unit: run-p2068634-i2063023.scope; invocation ID: 84c68c6bc41340019774efad1a1627cb
Time needed for parsing json file: 4540[µs]
Time needed for converting parser result to bddlike nft type: 137[µs]
alphabet size: 5
using Trap interpretation
Time needed for constructing Trap interpretation transducer: 2034[µs]
computing ind...
Time needed for computing composition v_delta of abstraction framework and transition relation: 2973[µs]
Time needed for computing complement v_complement of abstraction framework: 160[µs]
Time needed for minimizing complement(V): 146[µs]
Time needed for computing intersection 'preprojection' of delta_v and v_complement: 587[µs]
Time needed for computing complement of ind (i.e. projecting preprojection onto second tape): 705[µs]
Time needed for minimizing projection: 7821[µs]
Time needed for computing ind: 196[µs]
Time needed for minimizing ind: 312[µs]
Time needed for computing ind (total): 13111[µs]
automaton for ind has 94 states.
...of which, 13 are at level 0.
...done.
computing complement of preach...
Time needed for computing complement v_complement of abstraction framework: 107[µs]
Time needed for computing product v_id of abstraction framework with ind: 458[µs]
Time needed for computing product of v_id with complement of abstraction framework: 23617[µs]
Time needed for computing complement of preach: 24319[µs]
...done.
automaton for complement of preach has 421 states.
...of which, 321 states are at level 0.
Time needed for trimming complement of preach: 364[µs]
trying to prove abstract safety...
Time needed for constructing transducer for (initial, unsafe) pairs: 33[µs]
Time needed for constructing transducer for complement of (initial, unsafe) pairs: 34[µs]
Time needed for building union of complements of preach and (initial, unsafe)-transducer: 328[µs]
Time needed for checking universality using antichains-inclusion algorithm: 629[µs]
Time needed for checking abstract safety: 1111[µs]
...done.
Result: [1]
This means that the following properties could be separated from the initial configurations:
	[modifiedmodified]
While the following properties could not be separated from the initial configurations:
	[]

real	0m0,088s
user	0m0,052s
sys	0m0,010s
********************
/home/jakob/Documents/abstracton/benchmarks/dodo/MOESI.json
s
modifiedmodified
systemd-run --user --scope -p MemoryMax=32G -p MemorySwapMax=7G timeout 1200 /home/jakob/Documents/abstracton/benchmarks/../build_release/benchmarks/solve_dodo -i s -p modifiedmodified /home/jakob/Documents/abstracton/benchmarks/dodo/MOESI.json --measure-time --no-dot-printing --universality-alg antichains-inclusion --ind-alg project --bddlike
Running as unit: run-p2068636-i2063024.scope; invocation ID: 27cdee715ffd40329ad5a7283a0b1894
Time needed for parsing json file: 3083[µs]
Time needed for converting parser result to bddlike nft type: 138[µs]
alphabet size: 5
using Siphon interpretation
Time needed for constructing Siphon interpretation transducer: 677[µs]
computing ind...
Time needed for computing composition v_delta of abstraction framework and transition relation: 2406[µs]
Time needed for computing complement v_complement of abstraction framework: 150[µs]
Time needed for minimizing complement(V): 168[µs]
Time needed for computing intersection 'preprojection' of delta_v and v_complement: 626[µs]
Time needed for computing complement of ind (i.e. projecting preprojection onto second tape): 981[µs]
Time needed for minimizing projection: 7828[µs]
Time needed for computing ind: 67[µs]
Time needed for minimizing ind: 102[µs]
Time needed for computing ind (total): 12521[µs]
automaton for ind has 25 states.
...of which, 5 are at level 0.
...done.
computing complement of preach...
Time needed for computing complement v_complement of abstraction framework: 86[µs]
Time needed for computing product v_id of abstraction framework with ind: 151[µs]
Time needed for computing product of v_id with complement of abstraction framework: 3043[µs]
Time needed for computing complement of preach: 3339[µs]
...done.
automaton for complement of preach has 9 states.
...of which, 5 states are at level 0.
Time needed for trimming complement of preach: 12[µs]
trying to prove abstract safety...
Time needed for constructing transducer for (initial, unsafe) pairs: 44[µs]
Time needed for constructing transducer for complement of (initial, unsafe) pairs: 58[µs]
Time needed for building union of complements of preach and (initial, unsafe)-transducer: 27[µs]
Time needed for checking universality using antichains-inclusion algorithm: 53[µs]
Time needed for checking abstract safety: 211[µs]
...done.
Result: [0]
This means that the following properties could be separated from the initial configurations:
	[]
While the following properties could not be separated from the initial configurations:
	[modifiedmodified]

real	0m0,060s
user	0m0,022s
sys	0m0,013s
********************
/home/jakob/Documents/abstracton/benchmarks/dodo/MOESI.json
f
modifiedmodified
systemd-run --user --scope -p MemoryMax=32G -p MemorySwapMax=7G timeout 1200 /home/jakob/Documents/abstracton/benchmarks/../build_release/benchmarks/solve_dodo -i f -p modifiedmodified /home/jakob/Documents/abstracton/benchmarks/dodo/MOESI.json --measure-time --no-dot-printing --universality-alg antichains-inclusion --ind-alg project --bddlike
Running as unit: run-p2068638-i2063025.scope; invocation ID: 898c4c217cab4ce19894917a17fb75ee
Time needed for parsing json file: 3084[µs]
Time needed for converting parser result to bddlike nft type: 139[µs]
alphabet size: 5
using Flow interpretation
Time needed for constructing Flow interpretation transducer: 1721[µs]
computing ind...
Time needed for computing composition v_delta of abstraction framework and transition relation: 3610[µs]
Time needed for computing complement v_complement of abstraction framework: 279[µs]
Time needed for minimizing complement(V): 284[µs]
Time needed for computing intersection 'preprojection' of delta_v and v_complement: 1381[µs]
Time needed for computing complement of ind (i.e. projecting preprojection onto second tape): 2718[µs]
Time needed for minimizing projection: 140854[µs]
Time needed for computing ind: 69[µs]
Time needed for minimizing ind: 92[µs]
Time needed for computing ind (total): 149546[µs]
automaton for ind has 43 states.
...of which, 7 are at level 0.
...done.
computing complement of preach...
Time needed for computing complement v_complement of abstraction framework: 81[µs]
Time needed for computing product v_id of abstraction framework with ind: 149[µs]
Time needed for computing product of v_id with complement of abstraction framework: 5654[µs]
Time needed for computing complement of preach: 5966[µs]
...done.
automaton for complement of preach has 9 states.
...of which, 5 states are at level 0.
Time needed for trimming complement of preach: 12[µs]
trying to prove abstract safety...
Time needed for constructing transducer for (initial, unsafe) pairs: 27[µs]
Time needed for constructing transducer for complement of (initial, unsafe) pairs: 34[µs]
Time needed for building union of complements of preach and (initial, unsafe)-transducer: 14[µs]
Time needed for checking universality using antichains-inclusion algorithm: 33[µs]
Time needed for checking abstract safety: 124[µs]
...done.
Result: [0]
This means that the following properties could be separated from the initial configurations:
	[]
While the following properties could not be separated from the initial configurations:
	[modifiedmodified]

real	0m0,200s
user	0m0,150s
sys	0m0,032s
********************
27 of 61
/home/jakob/Documents/abstracton/benchmarks/dodo/MOESI.json
t
exclusiveexclusive
systemd-run --user --scope -p MemoryMax=32G -p MemorySwapMax=7G timeout 1200 /home/jakob/Documents/abstracton/benchmarks/../build_release/benchmarks/solve_dodo -i t -p exclusiveexclusive /home/jakob/Documents/abstracton/benchmarks/dodo/MOESI.json --measure-time --no-dot-printing --universality-alg antichains-inclusion --ind-alg project --bddlike
Running as unit: run-p2068646-i2063028.scope; invocation ID: 73e537a5971c4939a0fe94ed951f9e9b
Time needed for parsing json file: 3091[µs]
Time needed for converting parser result to bddlike nft type: 154[µs]
alphabet size: 5
using Trap interpretation
Time needed for constructing Trap interpretation transducer: 2011[µs]
computing ind...
Time needed for computing composition v_delta of abstraction framework and transition relation: 3385[µs]
Time needed for computing complement v_complement of abstraction framework: 189[µs]
Time needed for minimizing complement(V): 157[µs]
Time needed for computing intersection 'preprojection' of delta_v and v_complement: 660[µs]
Time needed for computing complement of ind (i.e. projecting preprojection onto second tape): 823[µs]
Time needed for minimizing projection: 8745[µs]
Time needed for computing ind: 220[µs]
Time needed for minimizing ind: 344[µs]
Time needed for computing ind (total): 14761[µs]
automaton for ind has 94 states.
...of which, 13 are at level 0.
...done.
computing complement of preach...
Time needed for computing complement v_complement of abstraction framework: 122[µs]
Time needed for computing product v_id of abstraction framework with ind: 503[µs]
Time needed for computing product of v_id with complement of abstraction framework: 23659[µs]
Time needed for computing complement of preach: 24436[µs]
...done.
automaton for complement of preach has 421 states.
...of which, 321 states are at level 0.
Time needed for trimming complement of preach: 367[µs]
trying to prove abstract safety...
Time needed for constructing transducer for (initial, unsafe) pairs: 35[µs]
Time needed for constructing transducer for complement of (initial, unsafe) pairs: 39[µs]
Time needed for building union of complements of preach and (initial, unsafe)-transducer: 324[µs]
Time needed for checking universality using antichains-inclusion algorithm: 601[µs]
Time needed for checking abstract safety: 1081[µs]
...done.
Result: [1]
This means that the following properties could be separated from the initial configurations:
	[exclusiveexclusive]
While the following properties could not be separated from the initial configurations:
	[]

real	0m0,079s
user	0m0,049s
sys	0m0,015s
********************
/home/jakob/Documents/abstracton/benchmarks/dodo/MOESI.json
s
exclusiveexclusive
systemd-run --user --scope -p MemoryMax=32G -p MemorySwapMax=7G timeout 1200 /home/jakob/Documents/abstracton/benchmarks/../build_release/benchmarks/solve_dodo -i s -p exclusiveexclusive /home/jakob/Documents/abstracton/benchmarks/dodo/MOESI.json --measure-time --no-dot-printing --universality-alg antichains-inclusion --ind-alg project --bddlike
Running as unit: run-p2068648-i2063029.scope; invocation ID: 987b64023422482788f9b8d8ecb54cec
Time needed for parsing json file: 3148[µs]
Time needed for converting parser result to bddlike nft type: 139[µs]
alphabet size: 5
using Siphon interpretation
Time needed for constructing Siphon interpretation transducer: 667[µs]
computing ind...
Time needed for computing composition v_delta of abstraction framework and transition relation: 2180[µs]
Time needed for computing complement v_complement of abstraction framework: 130[µs]
Time needed for minimizing complement(V): 142[µs]
Time needed for computing intersection 'preprojection' of delta_v and v_complement: 540[µs]
Time needed for computing complement of ind (i.e. projecting preprojection onto second tape): 820[µs]
Time needed for minimizing projection: 8303[µs]
Time needed for computing ind: 58[µs]
Time needed for minimizing ind: 89[µs]
Time needed for computing ind (total): 12438[µs]
automaton for ind has 25 states.
...of which, 5 are at level 0.
...done.
computing complement of preach...
Time needed for computing complement v_complement of abstraction framework: 75[µs]
Time needed for computing product v_id of abstraction framework with ind: 129[µs]
Time needed for computing product of v_id with complement of abstraction framework: 2685[µs]
Time needed for computing complement of preach: 2940[µs]
...done.
automaton for complement of preach has 9 states.
...of which, 5 states are at level 0.
Time needed for trimming complement of preach: 11[µs]
trying to prove abstract safety...
Time needed for constructing transducer for (initial, unsafe) pairs: 39[µs]
Time needed for constructing transducer for complement of (initial, unsafe) pairs: 50[µs]
Time needed for building union of complements of preach and (initial, unsafe)-transducer: 24[µs]
Time needed for checking universality using antichains-inclusion algorithm: 50[µs]
Time needed for checking abstract safety: 189[µs]
...done.
Result: [0]
This means that the following properties could be separated from the initial configurations:
	[]
While the following properties could not be separated from the initial configurations:
	[exclusiveexclusive]

real	0m0,056s
user	0m0,024s
sys	0m0,014s
********************
/home/jakob/Documents/abstracton/benchmarks/dodo/MOESI.json
f
exclusiveexclusive
systemd-run --user --scope -p MemoryMax=32G -p MemorySwapMax=7G timeout 1200 /home/jakob/Documents/abstracton/benchmarks/../build_release/benchmarks/solve_dodo -i f -p exclusiveexclusive /home/jakob/Documents/abstracton/benchmarks/dodo/MOESI.json --measure-time --no-dot-printing --universality-alg antichains-inclusion --ind-alg project --bddlike
Running as unit: run-p2068650-i2058988.scope; invocation ID: 250a125d1ebc408facbb3a3a3c06f420
Time needed for parsing json file: 3104[µs]
Time needed for converting parser result to bddlike nft type: 139[µs]
alphabet size: 5
using Flow interpretation
Time needed for constructing Flow interpretation transducer: 1777[µs]
computing ind...
Time needed for computing composition v_delta of abstraction framework and transition relation: 2936[µs]
Time needed for computing complement v_complement of abstraction framework: 201[µs]
Time needed for minimizing complement(V): 214[µs]
Time needed for computing intersection 'preprojection' of delta_v and v_complement: 1065[µs]
Time needed for computing complement of ind (i.e. projecting preprojection onto second tape): 2277[µs]
Time needed for minimizing projection: 139936[µs]
Time needed for computing ind: 70[µs]
Time needed for minimizing ind: 90[µs]
Time needed for computing ind (total): 147043[µs]
automaton for ind has 43 states.
...of which, 7 are at level 0.
...done.
computing complement of preach...
Time needed for computing complement v_complement of abstraction framework: 81[µs]
Time needed for computing product v_id of abstraction framework with ind: 142[µs]
Time needed for computing product of v_id with complement of abstraction framework: 5606[µs]
Time needed for computing complement of preach: 5911[µs]
...done.
automaton for complement of preach has 9 states.
...of which, 5 states are at level 0.
Time needed for trimming complement of preach: 12[µs]
trying to prove abstract safety...
Time needed for constructing transducer for (initial, unsafe) pairs: 25[µs]
Time needed for constructing transducer for complement of (initial, unsafe) pairs: 35[µs]
Time needed for building union of complements of preach and (initial, unsafe)-transducer: 16[µs]
Time needed for checking universality using antichains-inclusion algorithm: 35[µs]
Time needed for checking abstract safety: 128[µs]
...done.
Result: [0]
This means that the following properties could be separated from the initial configurations:
	[]
While the following properties could not be separated from the initial configurations:
	[exclusiveexclusive]

real	0m0,197s
user	0m0,148s
sys	0m0,028s
********************
28 of 61
/home/jakob/Documents/abstracton/benchmarks/dodo/MOESI.json
t
sharedexclusive
systemd-run --user --scope -p MemoryMax=32G -p MemorySwapMax=7G timeout 1200 /home/jakob/Documents/abstracton/benchmarks/../build_release/benchmarks/solve_dodo -i t -p sharedexclusive /home/jakob/Documents/abstracton/benchmarks/dodo/MOESI.json --measure-time --no-dot-printing --universality-alg antichains-inclusion --ind-alg project --bddlike
Running as unit: run-p2068658-i2063033.scope; invocation ID: eb090cff3f5f4bdda86dbd813b5739a2
Time needed for parsing json file: 3347[µs]
Time needed for converting parser result to bddlike nft type: 140[µs]
alphabet size: 5
using Trap interpretation
Time needed for constructing Trap interpretation transducer: 2015[µs]
computing ind...
Time needed for computing composition v_delta of abstraction framework and transition relation: 2928[µs]
Time needed for computing complement v_complement of abstraction framework: 162[µs]
Time needed for minimizing complement(V): 137[µs]
Time needed for computing intersection 'preprojection' of delta_v and v_complement: 578[µs]
Time needed for computing complement of ind (i.e. projecting preprojection onto second tape): 706[µs]
Time needed for minimizing projection: 7791[µs]
Time needed for computing ind: 206[µs]
Time needed for minimizing ind: 337[µs]
Time needed for computing ind (total): 13059[µs]
automaton for ind has 94 states.
...of which, 13 are at level 0.
...done.
computing complement of preach...
Time needed for computing complement v_complement of abstraction framework: 98[µs]
Time needed for computing product v_id of abstraction framework with ind: 467[µs]
Time needed for computing product of v_id with complement of abstraction framework: 23242[µs]
Time needed for computing complement of preach: 23949[µs]
...done.
automaton for complement of preach has 421 states.
...of which, 321 states are at level 0.
Time needed for trimming complement of preach: 365[µs]
trying to prove abstract safety...
Time needed for constructing transducer for (initial, unsafe) pairs: 45[µs]
Time needed for constructing transducer for complement of (initial, unsafe) pairs: 45[µs]
Time needed for building union of complements of preach and (initial, unsafe)-transducer: 319[µs]
Time needed for checking universality using antichains-inclusion algorithm: 630[µs]
Time needed for checking abstract safety: 1123[µs]
...done.
Result: [1]
This means that the following properties could be separated from the initial configurations:
	[sharedexclusive]
While the following properties could not be separated from the initial configurations:
	[]

real	0m0,083s
user	0m0,048s
sys	0m0,015s
********************
/home/jakob/Documents/abstracton/benchmarks/dodo/MOESI.json
s
sharedexclusive
systemd-run --user --scope -p MemoryMax=32G -p MemorySwapMax=7G timeout 1200 /home/jakob/Documents/abstracton/benchmarks/../build_release/benchmarks/solve_dodo -i s -p sharedexclusive /home/jakob/Documents/abstracton/benchmarks/dodo/MOESI.json --measure-time --no-dot-printing --universality-alg antichains-inclusion --ind-alg project --bddlike
Running as unit: run-p2068660-i2063034.scope; invocation ID: aa23477d259e48a7892666fe28421357
Time needed for parsing json file: 2886[µs]
Time needed for converting parser result to bddlike nft type: 138[µs]
alphabet size: 5
using Siphon interpretation
Time needed for constructing Siphon interpretation transducer: 658[µs]
computing ind...
Time needed for computing composition v_delta of abstraction framework and transition relation: 2399[µs]
Time needed for computing complement v_complement of abstraction framework: 149[µs]
Time needed for minimizing complement(V): 168[µs]
Time needed for computing intersection 'preprojection' of delta_v and v_complement: 630[µs]
Time needed for computing complement of ind (i.e. projecting preprojection onto second tape): 950[µs]
Time needed for minimizing projection: 8068[µs]
Time needed for computing ind: 64[µs]
Time needed for minimizing ind: 101[µs]
Time needed for computing ind (total): 12723[µs]
automaton for ind has 25 states.
...of which, 5 are at level 0.
...done.
computing complement of preach...
Time needed for computing complement v_complement of abstraction framework: 84[µs]
Time needed for computing product v_id of abstraction framework with ind: 142[µs]
Time needed for computing product of v_id with complement of abstraction framework: 2989[µs]
Time needed for computing complement of preach: 3273[µs]
...done.
automaton for complement of preach has 9 states.
...of which, 5 states are at level 0.
Time needed for trimming complement of preach: 18[µs]
trying to prove abstract safety...
Time needed for constructing transducer for (initial, unsafe) pairs: 54[µs]
Time needed for constructing transducer for complement of (initial, unsafe) pairs: 69[µs]
Time needed for building union of complements of preach and (initial, unsafe)-transducer: 32[µs]
Time needed for checking universality using antichains-inclusion algorithm: 55[µs]
Time needed for checking abstract safety: 241[µs]
...done.
Result: [0]
This means that the following properties could be separated from the initial configurations:
	[]
While the following properties could not be separated from the initial configurations:
	[sharedexclusive]

real	0m0,060s
user	0m0,024s
sys	0m0,015s
********************
/home/jakob/Documents/abstracton/benchmarks/dodo/MOESI.json
f
sharedexclusive
systemd-run --user --scope -p MemoryMax=32G -p MemorySwapMax=7G timeout 1200 /home/jakob/Documents/abstracton/benchmarks/../build_release/benchmarks/solve_dodo -i f -p sharedexclusive /home/jakob/Documents/abstracton/benchmarks/dodo/MOESI.json --measure-time --no-dot-printing --universality-alg antichains-inclusion --ind-alg project --bddlike
Running as unit: run-p2068662-i2063035.scope; invocation ID: d7457a6fda7545e69afa520ecd1e7971
Time needed for parsing json file: 3088[µs]
Time needed for converting parser result to bddlike nft type: 149[µs]
alphabet size: 5
using Flow interpretation
Time needed for constructing Flow interpretation transducer: 1703[µs]
computing ind...
Time needed for computing composition v_delta of abstraction framework and transition relation: 3552[µs]
Time needed for computing complement v_complement of abstraction framework: 266[µs]
Time needed for minimizing complement(V): 284[µs]
Time needed for computing intersection 'preprojection' of delta_v and v_complement: 1399[µs]
Time needed for computing complement of ind (i.e. projecting preprojection onto second tape): 3025[µs]
Time needed for minimizing projection: 140651[µs]
Time needed for computing ind: 70[µs]
Time needed for minimizing ind: 92[µs]
Time needed for computing ind (total): 149599[µs]
automaton for ind has 43 states.
...of which, 7 are at level 0.
...done.
computing complement of preach...
Time needed for computing complement v_complement of abstraction framework: 80[µs]
Time needed for computing product v_id of abstraction framework with ind: 141[µs]
Time needed for computing product of v_id with complement of abstraction framework: 5656[µs]
Time needed for computing complement of preach: 5957[µs]
...done.
automaton for complement of preach has 9 states.
...of which, 5 states are at level 0.
Time needed for trimming complement of preach: 12[µs]
trying to prove abstract safety...
Time needed for constructing transducer for (initial, unsafe) pairs: 31[µs]
Time needed for constructing transducer for complement of (initial, unsafe) pairs: 40[µs]
Time needed for building union of complements of preach and (initial, unsafe)-transducer: 17[µs]
Time needed for checking universality using antichains-inclusion algorithm: 34[µs]
Time needed for checking abstract safety: 140[µs]
...done.
Result: [0]
This means that the following properties could be separated from the initial configurations:
	[]
While the following properties could not be separated from the initial configurations:
	[sharedexclusive]

real	0m0,199s
user	0m0,150s
sys	0m0,032s
********************
29 of 61
/home/jakob/Documents/abstracton/benchmarks/dodo/MOESI.json
t
ownedexclusive
systemd-run --user --scope -p MemoryMax=32G -p MemorySwapMax=7G timeout 1200 /home/jakob/Documents/abstracton/benchmarks/../build_release/benchmarks/solve_dodo -i t -p ownedexclusive /home/jakob/Documents/abstracton/benchmarks/dodo/MOESI.json --measure-time --no-dot-printing --universality-alg antichains-inclusion --ind-alg project --bddlike
Running as unit: run-p2068670-i2058991.scope; invocation ID: aa6c36fe9a6c428ba0011da7334af0d0
Time needed for parsing json file: 3072[µs]
Time needed for converting parser result to bddlike nft type: 139[µs]
alphabet size: 5
using Trap interpretation
Time needed for constructing Trap interpretation transducer: 2007[µs]
computing ind...
Time needed for computing composition v_delta of abstraction framework and transition relation: 3423[µs]
Time needed for computing complement v_complement of abstraction framework: 201[µs]
Time needed for minimizing complement(V): 159[µs]
Time needed for computing intersection 'preprojection' of delta_v and v_complement: 469[µs]
Time needed for computing complement of ind (i.e. projecting preprojection onto second tape): 520[µs]
Time needed for minimizing projection: 6596[µs]
Time needed for computing ind: 227[µs]
Time needed for minimizing ind: 345[µs]
Time needed for computing ind (total): 12170[µs]
automaton for ind has 94 states.
...of which, 13 are at level 0.
...done.
computing complement of preach...
Time needed for computing complement v_complement of abstraction framework: 107[µs]
Time needed for computing product v_id of abstraction framework with ind: 514[µs]
Time needed for computing product of v_id with complement of abstraction framework: 21626[µs]
Time needed for computing complement of preach: 22400[µs]
...done.
automaton for complement of preach has 421 states.
...of which, 321 states are at level 0.
Time needed for trimming complement of preach: 364[µs]
trying to prove abstract safety...
Time needed for constructing transducer for (initial, unsafe) pairs: 39[µs]
Time needed for constructing transducer for complement of (initial, unsafe) pairs: 44[µs]
Time needed for building union of complements of preach and (initial, unsafe)-transducer: 304[µs]
Time needed for checking universality using antichains-inclusion algorithm: 649[µs]
Time needed for checking abstract safety: 1122[µs]
...done.
Result: [1]
This means that the following properties could be separated from the initial configurations:
	[ownedexclusive]
While the following properties could not be separated from the initial configurations:
	[]

real	0m0,084s
user	0m0,041s
sys	0m0,021s
********************
/home/jakob/Documents/abstracton/benchmarks/dodo/MOESI.json
s
ownedexclusive
systemd-run --user --scope -p MemoryMax=32G -p MemorySwapMax=7G timeout 1200 /home/jakob/Documents/abstracton/benchmarks/../build_release/benchmarks/solve_dodo -i s -p ownedexclusive /home/jakob/Documents/abstracton/benchmarks/dodo/MOESI.json --measure-time --no-dot-printing --universality-alg antichains-inclusion --ind-alg project --bddlike
Running as unit: run-p2068672-i2063038.scope; invocation ID: 60cecd4a422a41babb2792ed7a4e7fa7
Time needed for parsing json file: 3111[µs]
Time needed for converting parser result to bddlike nft type: 138[µs]
alphabet size: 5
using Siphon interpretation
Time needed for constructing Siphon interpretation transducer: 1056[µs]
computing ind...
Time needed for computing composition v_delta of abstraction framework and transition relation: 2141[µs]
Time needed for computing complement v_complement of abstraction framework: 128[µs]
Time needed for minimizing complement(V): 143[µs]
Time needed for computing intersection 'preprojection' of delta_v and v_complement: 548[µs]
Time needed for computing complement of ind (i.e. projecting preprojection onto second tape): 806[µs]
Time needed for minimizing projection: 9582[µs]
Time needed for computing ind: 61[µs]
Time needed for minimizing ind: 91[µs]
Time needed for computing ind (total): 13684[µs]
automaton for ind has 25 states.
...of which, 5 are at level 0.
...done.
computing complement of preach...
Time needed for computing complement v_complement of abstraction framework: 76[µs]
Time needed for computing product v_id of abstraction framework with ind: 161[µs]
Time needed for computing product of v_id with complement of abstraction framework: 2790[µs]
Time needed for computing complement of preach: 3086[µs]
...done.
automaton for complement of preach has 9 states.
...of which, 5 states are at level 0.
Time needed for trimming complement of preach: 11[µs]
trying to prove abstract safety...
Time needed for constructing transducer for (initial, unsafe) pairs: 48[µs]
Time needed for constructing transducer for complement of (initial, unsafe) pairs: 71[µs]
Time needed for building union of complements of preach and (initial, unsafe)-transducer: 29[µs]
Time needed for checking universality using antichains-inclusion algorithm: 51[µs]
Time needed for checking abstract safety: 230[µs]
...done.
Result: [0]
This means that the following properties could be separated from the initial configurations:
	[]
While the following properties could not be separated from the initial configurations:
	[ownedexclusive]

real	0m0,054s
user	0m0,025s
sys	0m0,013s
********************
/home/jakob/Documents/abstracton/benchmarks/dodo/MOESI.json
f
ownedexclusive
systemd-run --user --scope -p MemoryMax=32G -p MemorySwapMax=7G timeout 1200 /home/jakob/Documents/abstracton/benchmarks/../build_release/benchmarks/solve_dodo -i f -p ownedexclusive /home/jakob/Documents/abstracton/benchmarks/dodo/MOESI.json --measure-time --no-dot-printing --universality-alg antichains-inclusion --ind-alg project --bddlike
Running as unit: run-p2068674-i2058993.scope; invocation ID: 2c2f7b8318c94b2fa7cc28ad3357a051
Time needed for parsing json file: 3091[µs]
Time needed for converting parser result to bddlike nft type: 157[µs]
alphabet size: 5
using Flow interpretation
Time needed for constructing Flow interpretation transducer: 1554[µs]
computing ind...
Time needed for computing composition v_delta of abstraction framework and transition relation: 3129[µs]
Time needed for computing complement v_complement of abstraction framework: 257[µs]
Time needed for minimizing complement(V): 245[µs]
Time needed for computing intersection 'preprojection' of delta_v and v_complement: 1180[µs]
Time needed for computing complement of ind (i.e. projecting preprojection onto second tape): 2646[µs]
Time needed for minimizing projection: 141135[µs]
Time needed for computing ind: 69[µs]
Time needed for minimizing ind: 92[µs]
Time needed for computing ind (total): 149006[µs]
automaton for ind has 43 states.
...of which, 7 are at level 0.
...done.
computing complement of preach...
Time needed for computing complement v_complement of abstraction framework: 82[µs]
Time needed for computing product v_id of abstraction framework with ind: 143[µs]
Time needed for computing product of v_id with complement of abstraction framework: 5659[µs]
Time needed for computing complement of preach: 5963[µs]
...done.
automaton for complement of preach has 9 states.
...of which, 5 states are at level 0.
Time needed for trimming complement of preach: 12[µs]
trying to prove abstract safety...
Time needed for constructing transducer for (initial, unsafe) pairs: 31[µs]
Time needed for constructing transducer for complement of (initial, unsafe) pairs: 41[µs]
Time needed for building union of complements of preach and (initial, unsafe)-transducer: 18[µs]
Time needed for checking universality using antichains-inclusion algorithm: 36[µs]
Time needed for checking abstract safety: 144[µs]
...done.
Result: [0]
This means that the following properties could be separated from the initial configurations:
	[]
While the following properties could not be separated from the initial configurations:
	[ownedexclusive]

real	0m0,201s
user	0m0,151s
sys	0m0,030s
********************
30 of 61
/home/jakob/Documents/abstracton/benchmarks/dodo/MOESI.json
t
exclusivemodified
systemd-run --user --scope -p MemoryMax=32G -p MemorySwapMax=7G timeout 1200 /home/jakob/Documents/abstracton/benchmarks/../build_release/benchmarks/solve_dodo -i t -p exclusivemodified /home/jakob/Documents/abstracton/benchmarks/dodo/MOESI.json --measure-time --no-dot-printing --universality-alg antichains-inclusion --ind-alg project --bddlike
Running as unit: run-p2068682-i2063041.scope; invocation ID: 8704baa576a14f50a3b10ae09f6c5e66
Time needed for parsing json file: 3597[µs]
Time needed for converting parser result to bddlike nft type: 160[µs]
alphabet size: 5
using Trap interpretation
Time needed for constructing Trap interpretation transducer: 2033[µs]
computing ind...
Time needed for computing composition v_delta of abstraction framework and transition relation: 2840[µs]
Time needed for computing complement v_complement of abstraction framework: 144[µs]
Time needed for minimizing complement(V): 119[µs]
Time needed for computing intersection 'preprojection' of delta_v and v_complement: 482[µs]
Time needed for computing complement of ind (i.e. projecting preprojection onto second tape): 622[µs]
Time needed for minimizing projection: 7460[µs]
Time needed for computing ind: 202[µs]
Time needed for minimizing ind: 281[µs]
Time needed for computing ind (total): 12344[µs]
automaton for ind has 94 states.
...of which, 13 are at level 0.
...done.
computing complement of preach...
Time needed for computing complement v_complement of abstraction framework: 86[µs]
Time needed for computing product v_id of abstraction framework with ind: 416[µs]
Time needed for computing product of v_id with complement of abstraction framework: 22763[µs]
Time needed for computing complement of preach: 23402[µs]
...done.
automaton for complement of preach has 421 states.
...of which, 321 states are at level 0.
Time needed for trimming complement of preach: 376[µs]
trying to prove abstract safety...
Time needed for constructing transducer for (initial, unsafe) pairs: 37[µs]
Time needed for constructing transducer for complement of (initial, unsafe) pairs: 40[µs]
Time needed for building union of complements of preach and (initial, unsafe)-transducer: 304[µs]
Time needed for checking universality using antichains-inclusion algorithm: 631[µs]
Time needed for checking abstract safety: 1091[µs]
...done.
Result: [1]
This means that the following properties could be separated from the initial configurations:
	[exclusivemodified]
While the following properties could not be separated from the initial configurations:
	[]

real	0m0,077s
user	0m0,043s
sys	0m0,017s
********************
/home/jakob/Documents/abstracton/benchmarks/dodo/MOESI.json
s
exclusivemodified
systemd-run --user --scope -p MemoryMax=32G -p MemorySwapMax=7G timeout 1200 /home/jakob/Documents/abstracton/benchmarks/../build_release/benchmarks/solve_dodo -i s -p exclusivemodified /home/jakob/Documents/abstracton/benchmarks/dodo/MOESI.json --measure-time --no-dot-printing --universality-alg antichains-inclusion --ind-alg project --bddlike
Running as unit: run-p2068684-i2058996.scope; invocation ID: 2638484fac174eb4848e0fbc5b5b3c98
Time needed for parsing json file: 3133[µs]
Time needed for converting parser result to bddlike nft type: 148[µs]
alphabet size: 5
using Siphon interpretation
Time needed for constructing Siphon interpretation transducer: 656[µs]
computing ind...
Time needed for computing composition v_delta of abstraction framework and transition relation: 2380[µs]
Time needed for computing complement v_complement of abstraction framework: 147[µs]
Time needed for minimizing complement(V): 167[µs]
Time needed for computing intersection 'preprojection' of delta_v and v_complement: 625[µs]
Time needed for computing complement of ind (i.e. projecting preprojection onto second tape): 665[µs]
Time needed for minimizing projection: 7333[µs]
Time needed for computing ind: 68[µs]
Time needed for minimizing ind: 105[µs]
Time needed for computing ind (total): 11683[µs]
automaton for ind has 25 states.
...of which, 5 are at level 0.
...done.
computing complement of preach...
Time needed for computing complement v_complement of abstraction framework: 90[µs]
Time needed for computing product v_id of abstraction framework with ind: 149[µs]
Time needed for computing product of v_id with complement of abstraction framework: 2485[µs]
Time needed for computing complement of preach: 2773[µs]
...done.
automaton for complement of preach has 9 states.
...of which, 5 states are at level 0.
Time needed for trimming complement of preach: 8[µs]
trying to prove abstract safety...
Time needed for constructing transducer for (initial, unsafe) pairs: 37[µs]
Time needed for constructing transducer for complement of (initial, unsafe) pairs: 48[µs]
Time needed for building union of complements of preach and (initial, unsafe)-transducer: 23[µs]
Time needed for checking universality using antichains-inclusion algorithm: 40[µs]
Time needed for checking abstract safety: 171[µs]
...done.
Result: [0]
This means that the following properties could be separated from the initial configurations:
	[]
While the following properties could not be separated from the initial configurations:
	[exclusivemodified]

real	0m0,044s
user	0m0,024s
sys	0m0,011s
********************
/home/jakob/Documents/abstracton/benchmarks/dodo/MOESI.json
f
exclusivemodified
systemd-run --user --scope -p MemoryMax=32G -p MemorySwapMax=7G timeout 1200 /home/jakob/Documents/abstracton/benchmarks/../build_release/benchmarks/solve_dodo -i f -p exclusivemodified /home/jakob/Documents/abstracton/benchmarks/dodo/MOESI.json --measure-time --no-dot-printing --universality-alg antichains-inclusion --ind-alg project --bddlike
Running as unit: run-p2068686-i2063043.scope; invocation ID: 6c54082411484f52b0473455c61b341e
Time needed for parsing json file: 3109[µs]
Time needed for converting parser result to bddlike nft type: 138[µs]
alphabet size: 5
using Flow interpretation
Time needed for constructing Flow interpretation transducer: 1717[µs]
computing ind...
Time needed for computing composition v_delta of abstraction framework and transition relation: 3139[µs]
Time needed for computing complement v_complement of abstraction framework: 178[µs]
Time needed for minimizing complement(V): 188[µs]
Time needed for computing intersection 'preprojection' of delta_v and v_complement: 951[µs]
Time needed for computing complement of ind (i.e. projecting preprojection onto second tape): 2067[µs]
Time needed for minimizing projection: 138803[µs]
Time needed for computing ind: 70[µs]
Time needed for minimizing ind: 91[µs]
Time needed for computing ind (total): 145718[µs]
automaton for ind has 43 states.
...of which, 7 are at level 0.
...done.
computing complement of preach...
Time needed for computing complement v_complement of abstraction framework: 82[µs]
Time needed for computing product v_id of abstraction framework with ind: 142[µs]
Time needed for computing product of v_id with complement of abstraction framework: 5627[µs]
Time needed for computing complement of preach: 5930[µs]
...done.
automaton for complement of preach has 9 states.
...of which, 5 states are at level 0.
Time needed for trimming complement of preach: 12[µs]
trying to prove abstract safety...
Time needed for constructing transducer for (initial, unsafe) pairs: 31[µs]
Time needed for constructing transducer for complement of (initial, unsafe) pairs: 38[µs]
Time needed for building union of complements of preach and (initial, unsafe)-transducer: 17[µs]
Time needed for checking universality using antichains-inclusion algorithm: 35[µs]
Time needed for checking abstract safety: 138[µs]
...done.
Result: [0]
This means that the following properties could be separated from the initial configurations:
	[]
While the following properties could not be separated from the initial configurations:
	[exclusivemodified]

real	0m0,190s
user	0m0,149s
sys	0m0,025s
********************
31 of 61
/home/jakob/Documents/abstracton/benchmarks/dodo/MOESI.json
t
ownedmodified
systemd-run --user --scope -p MemoryMax=32G -p MemorySwapMax=7G timeout 1200 /home/jakob/Documents/abstracton/benchmarks/../build_release/benchmarks/solve_dodo -i t -p ownedmodified /home/jakob/Documents/abstracton/benchmarks/dodo/MOESI.json --measure-time --no-dot-printing --universality-alg antichains-inclusion --ind-alg project --bddlike
Running as unit: run-p2068698-i2063046.scope; invocation ID: ceb00681fbca4d0d8d5eee117d980f7c
Time needed for parsing json file: 3046[µs]
Time needed for converting parser result to bddlike nft type: 138[µs]
alphabet size: 5
using Trap interpretation
Time needed for constructing Trap interpretation transducer: 2014[µs]
computing ind...
Time needed for computing composition v_delta of abstraction framework and transition relation: 3386[µs]
Time needed for computing complement v_complement of abstraction framework: 189[µs]
Time needed for minimizing complement(V): 192[µs]
Time needed for computing intersection 'preprojection' of delta_v and v_complement: 642[µs]
Time needed for computing complement of ind (i.e. projecting preprojection onto second tape): 820[µs]
Time needed for minimizing projection: 7925[µs]
Time needed for computing ind: 217[µs]
Time needed for minimizing ind: 352[µs]
Time needed for computing ind (total): 13959[µs]
automaton for ind has 94 states.
...of which, 13 are at level 0.
...done.
computing complement of preach...
Time needed for computing complement v_complement of abstraction framework: 108[µs]
Time needed for computing product v_id of abstraction framework with ind: 511[µs]
Time needed for computing product of v_id with complement of abstraction framework: 23318[µs]
Time needed for computing complement of preach: 24080[µs]
...done.
automaton for complement of preach has 421 states.
...of which, 321 states are at level 0.
Time needed for trimming complement of preach: 345[µs]
trying to prove abstract safety...
Time needed for constructing transducer for (initial, unsafe) pairs: 39[µs]
Time needed for constructing transducer for complement of (initial, unsafe) pairs: 43[µs]
Time needed for building union of complements of preach and (initial, unsafe)-transducer: 337[µs]
Time needed for checking universality using antichains-inclusion algorithm: 660[µs]
Time needed for checking abstract safety: 1165[µs]
...done.
Result: [1]
This means that the following properties could be separated from the initial configurations:
	[ownedmodified]
While the following properties could not be separated from the initial configurations:
	[]

real	0m0,088s
user	0m0,041s
sys	0m0,023s
********************
/home/jakob/Documents/abstracton/benchmarks/dodo/MOESI.json
s
ownedmodified
systemd-run --user --scope -p MemoryMax=32G -p MemorySwapMax=7G timeout 1200 /home/jakob/Documents/abstracton/benchmarks/../build_release/benchmarks/solve_dodo -i s -p ownedmodified /home/jakob/Documents/abstracton/benchmarks/dodo/MOESI.json --measure-time --no-dot-printing --universality-alg antichains-inclusion --ind-alg project --bddlike
Running as unit: run-p2068700-i2063047.scope; invocation ID: 9b6fd435cd204cb2b2b67530d1c40871
Time needed for parsing json file: 2493[µs]
Time needed for converting parser result to bddlike nft type: 111[µs]
alphabet size: 5
using Siphon interpretation
Time needed for constructing Siphon interpretation transducer: 537[µs]
computing ind...
Time needed for computing composition v_delta of abstraction framework and transition relation: 1849[µs]
Time needed for computing complement v_complement of abstraction framework: 138[µs]
Time needed for minimizing complement(V): 134[µs]
Time needed for computing intersection 'preprojection' of delta_v and v_complement: 489[µs]
Time needed for computing complement of ind (i.e. projecting preprojection onto second tape): 795[µs]
Time needed for minimizing projection: 6232[µs]
Time needed for computing ind: 57[µs]
Time needed for minimizing ind: 86[µs]
Time needed for computing ind (total): 9960[µs]
automaton for ind has 25 states.
...of which, 5 are at level 0.
...done.
computing complement of preach...
Time needed for computing complement v_complement of abstraction framework: 74[µs]
Time needed for computing product v_id of abstraction framework with ind: 123[µs]
Time needed for computing product of v_id with complement of abstraction framework: 2585[µs]
Time needed for computing complement of preach: 2832[µs]
...done.
automaton for complement of preach has 9 states.
...of which, 5 states are at level 0.
Time needed for trimming complement of preach: 10[µs]
trying to prove abstract safety...
Time needed for constructing transducer for (initial, unsafe) pairs: 46[µs]
Time needed for constructing transducer for complement of (initial, unsafe) pairs: 66[µs]
Time needed for building union of complements of preach and (initial, unsafe)-transducer: 27[µs]
Time needed for checking universality using antichains-inclusion algorithm: 47[µs]
Time needed for checking abstract safety: 215[µs]
...done.
Result: [0]
This means that the following properties could be separated from the initial configurations:
	[]
While the following properties could not be separated from the initial configurations:
	[ownedmodified]

real	0m0,047s
user	0m0,022s
sys	0m0,012s
********************
/home/jakob/Documents/abstracton/benchmarks/dodo/MOESI.json
f
ownedmodified
systemd-run --user --scope -p MemoryMax=32G -p MemorySwapMax=7G timeout 1200 /home/jakob/Documents/abstracton/benchmarks/../build_release/benchmarks/solve_dodo -i f -p ownedmodified /home/jakob/Documents/abstracton/benchmarks/dodo/MOESI.json --measure-time --no-dot-printing --universality-alg antichains-inclusion --ind-alg project --bddlike
Running as unit: run-p2068702-i2063048.scope; invocation ID: 74569d66c5154dfa9c7c6dc96c63c48f
Time needed for parsing json file: 2851[µs]
Time needed for converting parser result to bddlike nft type: 143[µs]
alphabet size: 5
using Flow interpretation
Time needed for constructing Flow interpretation transducer: 1594[µs]
computing ind...
Time needed for computing composition v_delta of abstraction framework and transition relation: 3324[µs]
Time needed for computing complement v_complement of abstraction framework: 174[µs]
Time needed for minimizing complement(V): 169[µs]
Time needed for computing intersection 'preprojection' of delta_v and v_complement: 832[µs]
Time needed for computing complement of ind (i.e. projecting preprojection onto second tape): 1832[µs]
Time needed for minimizing projection: 138946[µs]
Time needed for computing ind: 69[µs]
Time needed for minimizing ind: 91[µs]
Time needed for computing ind (total): 145673[µs]
automaton for ind has 43 states.
...of which, 7 are at level 0.
...done.
computing complement of preach...
Time needed for computing complement v_complement of abstraction framework: 81[µs]
Time needed for computing product v_id of abstraction framework with ind: 142[µs]
Time needed for computing product of v_id with complement of abstraction framework: 5648[µs]
Time needed for computing complement of preach: 5960[µs]
...done.
automaton for complement of preach has 9 states.
...of which, 5 states are at level 0.
Time needed for trimming complement of preach: 12[µs]
trying to prove abstract safety...
Time needed for constructing transducer for (initial, unsafe) pairs: 30[µs]
Time needed for constructing transducer for complement of (initial, unsafe) pairs: 40[µs]
Time needed for building union of complements of preach and (initial, unsafe)-transducer: 18[µs]
Time needed for checking universality using antichains-inclusion algorithm: 36[µs]
Time needed for checking abstract safety: 142[µs]
...done.
Result: [0]
This means that the following properties could be separated from the initial configurations:
	[]
While the following properties could not be separated from the initial configurations:
	[ownedmodified]

real	0m0,191s
user	0m0,140s
sys	0m0,036s
********************
32 of 61
/home/jakob/Documents/abstracton/benchmarks/dodo/MOESI.json
t
sharedmodified
systemd-run --user --scope -p MemoryMax=32G -p MemorySwapMax=7G timeout 1200 /home/jakob/Documents/abstracton/benchmarks/../build_release/benchmarks/solve_dodo -i t -p sharedmodified /home/jakob/Documents/abstracton/benchmarks/dodo/MOESI.json --measure-time --no-dot-printing --universality-alg antichains-inclusion --ind-alg project --bddlike
Running as unit: run-p2068710-i2063051.scope; invocation ID: 6a8b26a8ac704c5391c6f38fb2081f3b
Time needed for parsing json file: 3095[µs]
Time needed for converting parser result to bddlike nft type: 139[µs]
alphabet size: 5
using Trap interpretation
Time needed for constructing Trap interpretation transducer: 2024[µs]
computing ind...
Time needed for computing composition v_delta of abstraction framework and transition relation: 3374[µs]
Time needed for computing complement v_complement of abstraction framework: 188[µs]
Time needed for minimizing complement(V): 172[µs]
Time needed for computing intersection 'preprojection' of delta_v and v_complement: 645[µs]
Time needed for computing complement of ind (i.e. projecting preprojection onto second tape): 817[µs]
Time needed for minimizing projection: 7343[µs]
Time needed for computing ind: 249[µs]
Time needed for minimizing ind: 346[µs]
Time needed for computing ind (total): 13371[µs]
automaton for ind has 94 states.
...of which, 13 are at level 0.
...done.
computing complement of preach...
Time needed for computing complement v_complement of abstraction framework: 108[µs]
Time needed for computing product v_id of abstraction framework with ind: 513[µs]
Time needed for computing product of v_id with complement of abstraction framework: 22781[µs]
Time needed for computing complement of preach: 23544[µs]
...done.
automaton for complement of preach has 421 states.
...of which, 321 states are at level 0.
Time needed for trimming complement of preach: 345[µs]
trying to prove abstract safety...
Time needed for constructing transducer for (initial, unsafe) pairs: 39[µs]
Time needed for constructing transducer for complement of (initial, unsafe) pairs: 42[µs]
Time needed for building union of complements of preach and (initial, unsafe)-transducer: 310[µs]
Time needed for checking universality using antichains-inclusion algorithm: 635[µs]
Time needed for checking abstract safety: 1124[µs]
...done.
Result: [1]
This means that the following properties could be separated from the initial configurations:
	[sharedmodified]
While the following properties could not be separated from the initial configurations:
	[]

real	0m0,082s
user	0m0,048s
sys	0m0,015s
********************
/home/jakob/Documents/abstracton/benchmarks/dodo/MOESI.json
s
sharedmodified
systemd-run --user --scope -p MemoryMax=32G -p MemorySwapMax=7G timeout 1200 /home/jakob/Documents/abstracton/benchmarks/../build_release/benchmarks/solve_dodo -i s -p sharedmodified /home/jakob/Documents/abstracton/benchmarks/dodo/MOESI.json --measure-time --no-dot-printing --universality-alg antichains-inclusion --ind-alg project --bddlike
Running as unit: run-p2068712-i2063052.scope; invocation ID: 72155520762b431d8876a09fceab52f7
Time needed for parsing json file: 2832[µs]
Time needed for converting parser result to bddlike nft type: 123[µs]
alphabet size: 5
using Siphon interpretation
Time needed for constructing Siphon interpretation transducer: 531[µs]
computing ind...
Time needed for computing composition v_delta of abstraction framework and transition relation: 3102[µs]
Time needed for computing complement v_complement of abstraction framework: 103[µs]
Time needed for minimizing complement(V): 111[µs]
Time needed for computing intersection 'preprojection' of delta_v and v_complement: 423[µs]
Time needed for computing complement of ind (i.e. projecting preprojection onto second tape): 629[µs]
Time needed for minimizing projection: 7341[µs]
Time needed for computing ind: 70[µs]
Time needed for minimizing ind: 107[µs]
Time needed for computing ind (total): 12075[µs]
automaton for ind has 25 states.
...of which, 5 are at level 0.
...done.
computing complement of preach...
Time needed for computing complement v_complement of abstraction framework: 88[µs]
Time needed for computing product v_id of abstraction framework with ind: 150[µs]
Time needed for computing product of v_id with complement of abstraction framework: 2296[µs]
Time needed for computing complement of preach: 2584[µs]
...done.
automaton for complement of preach has 9 states.
...of which, 5 states are at level 0.
Time needed for trimming complement of preach: 8[µs]
trying to prove abstract safety...
Time needed for constructing transducer for (initial, unsafe) pairs: 38[µs]
Time needed for constructing transducer for complement of (initial, unsafe) pairs: 48[µs]
Time needed for building union of complements of preach and (initial, unsafe)-transducer: 23[µs]
Time needed for checking universality using antichains-inclusion algorithm: 40[µs]
Time needed for checking abstract safety: 172[µs]
...done.
Result: [0]
This means that the following properties could be separated from the initial configurations:
	[]
While the following properties could not be separated from the initial configurations:
	[sharedmodified]

real	0m0,050s
user	0m0,024s
sys	0m0,012s
********************
/home/jakob/Documents/abstracton/benchmarks/dodo/MOESI.json
f
sharedmodified
systemd-run --user --scope -p MemoryMax=32G -p MemorySwapMax=7G timeout 1200 /home/jakob/Documents/abstracton/benchmarks/../build_release/benchmarks/solve_dodo -i f -p sharedmodified /home/jakob/Documents/abstracton/benchmarks/dodo/MOESI.json --measure-time --no-dot-printing --universality-alg antichains-inclusion --ind-alg project --bddlike
Running as unit: run-p2068714-i2063053.scope; invocation ID: ac212de8ef554ccb9a1876752b8cd3f4
Time needed for parsing json file: 3066[µs]
Time needed for converting parser result to bddlike nft type: 138[µs]
alphabet size: 5
using Flow interpretation
Time needed for constructing Flow interpretation transducer: 1723[µs]
computing ind...
Time needed for computing composition v_delta of abstraction framework and transition relation: 3128[µs]
Time needed for computing complement v_complement of abstraction framework: 209[µs]
Time needed for minimizing complement(V): 227[µs]
Time needed for computing intersection 'preprojection' of delta_v and v_complement: 1112[µs]
Time needed for computing complement of ind (i.e. projecting preprojection onto second tape): 2450[µs]
Time needed for minimizing projection: 141388[µs]
Time needed for computing ind: 69[µs]
Time needed for minimizing ind: 98[µs]
Time needed for computing ind (total): 148926[µs]
automaton for ind has 43 states.
...of which, 7 are at level 0.
...done.
computing complement of preach...
Time needed for computing complement v_complement of abstraction framework: 81[µs]
Time needed for computing product v_id of abstraction framework with ind: 141[µs]
Time needed for computing product of v_id with complement of abstraction framework: 5637[µs]
Time needed for computing complement of preach: 5950[µs]
...done.
automaton for complement of preach has 9 states.
...of which, 5 states are at level 0.
Time needed for trimming complement of preach: 12[µs]
trying to prove abstract safety...
Time needed for constructing transducer for (initial, unsafe) pairs: 32[µs]
Time needed for constructing transducer for complement of (initial, unsafe) pairs: 41[µs]
Time needed for building union of complements of preach and (initial, unsafe)-transducer: 18[µs]
Time needed for checking universality using antichains-inclusion algorithm: 38[µs]
Time needed for checking abstract safety: 146[µs]
...done.
Result: [0]
This means that the following properties could be separated from the initial configurations:
	[]
While the following properties could not be separated from the initial configurations:
	[sharedmodified]

real	0m0,193s
user	0m0,152s
sys	0m0,025s
********************
33 of 61
/home/jakob/Documents/abstracton/benchmarks/dodo/MOESI.json
t
deadlock
systemd-run --user --scope -p MemoryMax=32G -p MemorySwapMax=7G timeout 1200 /home/jakob/Documents/abstracton/benchmarks/../build_release/benchmarks/solve_dodo -i t -p deadlock /home/jakob/Documents/abstracton/benchmarks/dodo/MOESI.json --measure-time --no-dot-printing --universality-alg antichains-inclusion --ind-alg project --bddlike
Running as unit: run-p2068722-i2063056.scope; invocation ID: eaeb78356e954bcf9acab1e758befb8b
Time needed for parsing json file: 3654[µs]
Time needed for converting parser result to bddlike nft type: 140[µs]
alphabet size: 5
using Trap interpretation
Time needed for constructing Trap interpretation transducer: 2061[µs]
computing ind...
Time needed for computing composition v_delta of abstraction framework and transition relation: 3386[µs]
Time needed for computing complement v_complement of abstraction framework: 191[µs]
Time needed for minimizing complement(V): 158[µs]
Time needed for computing intersection 'preprojection' of delta_v and v_complement: 671[µs]
Time needed for computing complement of ind (i.e. projecting preprojection onto second tape): 817[µs]
Time needed for minimizing projection: 7703[µs]
Time needed for computing ind: 232[µs]
Time needed for minimizing ind: 346[µs]
Time needed for computing ind (total): 13750[µs]
automaton for ind has 94 states.
...of which, 13 are at level 0.
...done.
computing complement of preach...
Time needed for computing complement v_complement of abstraction framework: 111[µs]
Time needed for computing product v_id of abstraction framework with ind: 519[µs]
Time needed for computing product of v_id with complement of abstraction framework: 23181[µs]
Time needed for computing complement of preach: 23962[µs]
...done.
automaton for complement of preach has 421 states.
...of which, 321 states are at level 0.
Time needed for trimming complement of preach: 369[µs]
trying to prove abstract safety...
Time needed for constructing transducer for (initial, unsafe) pairs: 26[µs]
Time needed for constructing transducer for complement of (initial, unsafe) pairs: 8[µs]
Time needed for building union of complements of preach and (initial, unsafe)-transducer: 310[µs]
Time needed for checking universality using antichains-inclusion algorithm: 489[µs]
Time needed for checking abstract safety: 917[µs]
...done.
Result: [1]
This means that the following properties could be separated from the initial configurations:
	[deadlock]
While the following properties could not be separated from the initial configurations:
	[]

real	0m0,084s
user	0m0,045s
sys	0m0,019s
********************
/home/jakob/Documents/abstracton/benchmarks/dodo/MOESI.json
s
deadlock
systemd-run --user --scope -p MemoryMax=32G -p MemorySwapMax=7G timeout 1200 /home/jakob/Documents/abstracton/benchmarks/../build_release/benchmarks/solve_dodo -i s -p deadlock /home/jakob/Documents/abstracton/benchmarks/dodo/MOESI.json --measure-time --no-dot-printing --universality-alg antichains-inclusion --ind-alg project --bddlike
Running as unit: run-p2068724-i2063057.scope; invocation ID: eabfb301d50d45cfb28b5d9d52197b73
Time needed for parsing json file: 2487[µs]
Time needed for converting parser result to bddlike nft type: 141[µs]
alphabet size: 5
using Siphon interpretation
Time needed for constructing Siphon interpretation transducer: 702[µs]
computing ind...
Time needed for computing composition v_delta of abstraction framework and transition relation: 2308[µs]
Time needed for computing complement v_complement of abstraction framework: 148[µs]
Time needed for minimizing complement(V): 190[µs]
Time needed for computing intersection 'preprojection' of delta_v and v_complement: 613[µs]
Time needed for computing complement of ind (i.e. projecting preprojection onto second tape): 955[µs]
Time needed for minimizing projection: 8803[µs]
Time needed for computing ind: 65[µs]
Time needed for minimizing ind: 99[µs]
Time needed for computing ind (total): 13377[µs]
automaton for ind has 25 states.
...of which, 5 are at level 0.
...done.
computing complement of preach...
Time needed for computing complement v_complement of abstraction framework: 84[µs]
Time needed for computing product v_id of abstraction framework with ind: 160[µs]
Time needed for computing product of v_id with complement of abstraction framework: 3005[µs]
Time needed for computing complement of preach: 3311[µs]
...done.
automaton for complement of preach has 9 states.
...of which, 5 states are at level 0.
Time needed for trimming complement of preach: 12[µs]
trying to prove abstract safety...
Time needed for constructing transducer for (initial, unsafe) pairs: 41[µs]
Time needed for constructing transducer for complement of (initial, unsafe) pairs: 10[µs]
Time needed for building union of complements of preach and (initial, unsafe)-transducer: 14[µs]
Time needed for checking universality using antichains-inclusion algorithm: 33[µs]
Time needed for checking abstract safety: 123[µs]
...done.
Result: [1]
This means that the following properties could be separated from the initial configurations:
	[deadlock]
While the following properties could not be separated from the initial configurations:
	[]

real	0m0,056s
user	0m0,025s
sys	0m0,013s
********************
/home/jakob/Documents/abstracton/benchmarks/dodo/MOESI.json
f
deadlock
systemd-run --user --scope -p MemoryMax=32G -p MemorySwapMax=7G timeout 1200 /home/jakob/Documents/abstracton/benchmarks/../build_release/benchmarks/solve_dodo -i f -p deadlock /home/jakob/Documents/abstracton/benchmarks/dodo/MOESI.json --measure-time --no-dot-printing --universality-alg antichains-inclusion --ind-alg project --bddlike
Running as unit: run-p2068726-i2063058.scope; invocation ID: 35b5d6151f8c481389d882bc295f9eb7
Time needed for parsing json file: 3120[µs]
Time needed for converting parser result to bddlike nft type: 139[µs]
alphabet size: 5
using Flow interpretation
Time needed for constructing Flow interpretation transducer: 1755[µs]
computing ind...
Time needed for computing composition v_delta of abstraction framework and transition relation: 3597[µs]
Time needed for computing complement v_complement of abstraction framework: 267[µs]
Time needed for minimizing complement(V): 301[µs]
Time needed for computing intersection 'preprojection' of delta_v and v_complement: 1380[µs]
Time needed for computing complement of ind (i.e. projecting preprojection onto second tape): 2367[µs]
Time needed for minimizing projection: 140384[µs]
Time needed for computing ind: 69[µs]
Time needed for minimizing ind: 92[µs]
Time needed for computing ind (total): 148706[µs]
automaton for ind has 43 states.
...of which, 7 are at level 0.
...done.
computing complement of preach...
Time needed for computing complement v_complement of abstraction framework: 81[µs]
Time needed for computing product v_id of abstraction framework with ind: 147[µs]
Time needed for computing product of v_id with complement of abstraction framework: 5675[µs]
Time needed for computing complement of preach: 5985[µs]
...done.
automaton for complement of preach has 9 states.
...of which, 5 states are at level 0.
Time needed for trimming complement of preach: 12[µs]
trying to prove abstract safety...
Time needed for constructing transducer for (initial, unsafe) pairs: 23[µs]
Time needed for constructing transducer for complement of (initial, unsafe) pairs: 7[µs]
Time needed for building union of complements of preach and (initial, unsafe)-transducer: 10[µs]
Time needed for checking universality using antichains-inclusion algorithm: 22[µs]
Time needed for checking abstract safety: 76[µs]
...done.
Result: [1]
This means that the following properties could be separated from the initial configurations:
	[deadlock]
While the following properties could not be separated from the initial configurations:
	[]

real	0m0,203s
user	0m0,154s
sys	0m0,024s
********************
34 of 61
/home/jakob/Documents/abstracton/benchmarks/dodo/Szymanski.json
t
nomutex
systemd-run --user --scope -p MemoryMax=32G -p MemorySwapMax=7G timeout 1200 /home/jakob/Documents/abstracton/benchmarks/../build_release/benchmarks/solve_dodo -i t -p nomutex /home/jakob/Documents/abstracton/benchmarks/dodo/Szymanski.json --measure-time --no-dot-printing --universality-alg antichains-inclusion --ind-alg project --bddlike
Running as unit: run-p2068734-i2063061.scope; invocation ID: 63cd8c3db01e46c3b8309271a9517a99
Time needed for parsing json file: 80684[µs]
Time needed for converting parser result to bddlike nft type: 1644[µs]
alphabet size: 50
using Trap interpretation

real	0m53,306s
user	0m38,796s
sys	0m14,439s
********************
/home/jakob/Documents/abstracton/benchmarks/dodo/Szymanski.json
s
nomutex
systemd-run --user --scope -p MemoryMax=32G -p MemorySwapMax=7G timeout 1200 /home/jakob/Documents/abstracton/benchmarks/../build_release/benchmarks/solve_dodo -i s -p nomutex /home/jakob/Documents/abstracton/benchmarks/dodo/Szymanski.json --measure-time --no-dot-printing --universality-alg antichains-inclusion --ind-alg project --bddlike
Running as unit: run-p2068871-i2063073.scope; invocation ID: 059906d96bae4fde8342470abcac9ad6
Time needed for parsing json file: 71880[µs]
Time needed for converting parser result to bddlike nft type: 1646[µs]
alphabet size: 50
using Siphon interpretation

real	0m53,683s
user	0m38,825s
sys	0m14,798s
********************
/home/jakob/Documents/abstracton/benchmarks/dodo/Szymanski.json
f
nomutex
systemd-run --user --scope -p MemoryMax=32G -p MemorySwapMax=7G timeout 1200 /home/jakob/Documents/abstracton/benchmarks/../build_release/benchmarks/solve_dodo -i f -p nomutex /home/jakob/Documents/abstracton/benchmarks/dodo/Szymanski.json --measure-time --no-dot-printing --universality-alg antichains-inclusion --ind-alg project --bddlike
Running as unit: run-p2069024-i2063080.scope; invocation ID: 1f554888796e4827b3ec48306393d0a1
Time needed for parsing json file: 70851[µs]
Time needed for converting parser result to bddlike nft type: 1647[µs]
alphabet size: 50
using Flow interpretation

real	0m54,101s
user	0m39,171s
sys	0m14,858s
********************
35 of 61
/home/jakob/Documents/abstracton/benchmarks/dodo/Szymanski.json
t
deadlock
systemd-run --user --scope -p MemoryMax=32G -p MemorySwapMax=7G timeout 1200 /home/jakob/Documents/abstracton/benchmarks/../build_release/benchmarks/solve_dodo -i t -p deadlock /home/jakob/Documents/abstracton/benchmarks/dodo/Szymanski.json --measure-time --no-dot-printing --universality-alg antichains-inclusion --ind-alg project --bddlike
Running as unit: run-p2069186-i2063129.scope; invocation ID: a8cc085529094353847d664deee76a53
Time needed for parsing json file: 77000[µs]
Time needed for converting parser result to bddlike nft type: 1603[µs]
alphabet size: 50
using Trap interpretation

real	0m53,430s
user	0m38,683s
sys	0m14,711s
********************
/home/jakob/Documents/abstracton/benchmarks/dodo/Szymanski.json
s
deadlock
systemd-run --user --scope -p MemoryMax=32G -p MemorySwapMax=7G timeout 1200 /home/jakob/Documents/abstracton/benchmarks/../build_release/benchmarks/solve_dodo -i s -p deadlock /home/jakob/Documents/abstracton/benchmarks/dodo/Szymanski.json --measure-time --no-dot-printing --universality-alg antichains-inclusion --ind-alg project --bddlike
Running as unit: run-p2069332-i2059378.scope; invocation ID: 505c502f04234e64903203bd0581c3dc
Time needed for parsing json file: 78430[µs]
Time needed for converting parser result to bddlike nft type: 1636[µs]
alphabet size: 50
using Siphon interpretation

real	0m53,315s
user	0m38,601s
sys	0m14,680s
********************
/home/jakob/Documents/abstracton/benchmarks/dodo/Szymanski.json
f
deadlock
systemd-run --user --scope -p MemoryMax=32G -p MemorySwapMax=7G timeout 1200 /home/jakob/Documents/abstracton/benchmarks/../build_release/benchmarks/solve_dodo -i f -p deadlock /home/jakob/Documents/abstracton/benchmarks/dodo/Szymanski.json --measure-time --no-dot-printing --universality-alg antichains-inclusion --ind-alg project --bddlike
Running as unit: run-p2069488-i2059384.scope; invocation ID: 658fb41eb4724e838903b55b6c6a8c45
Time needed for parsing json file: 83243[µs]
Time needed for converting parser result to bddlike nft type: 1660[µs]
alphabet size: 50
using Flow interpretation

real	0m53,833s
user	0m39,005s
sys	0m14,772s
********************
36 of 61
/home/jakob/Documents/abstracton/benchmarks/dodo/atomic-dining-philosophers.json
t
deadlock
systemd-run --user --scope -p MemoryMax=32G -p MemorySwapMax=7G timeout 1200 /home/jakob/Documents/abstracton/benchmarks/../build_release/benchmarks/solve_dodo -i t -p deadlock /home/jakob/Documents/abstracton/benchmarks/dodo/atomic-dining-philosophers.json --measure-time --no-dot-printing --universality-alg antichains-inclusion --ind-alg project --bddlike
Running as unit: run-p2069627-i2081229.scope; invocation ID: 0ccf3a5757a34aa5b2e3bcf864d596ee
Time needed for parsing json file: 3954[µs]
Time needed for converting parser result to bddlike nft type: 43[µs]
alphabet size: 4
using Trap interpretation
Time needed for constructing Trap interpretation transducer: 707[µs]
computing ind...
Time needed for computing composition v_delta of abstraction framework and transition relation: 1262[µs]
Time needed for computing complement v_complement of abstraction framework: 100[µs]
Time needed for minimizing complement(V): 115[µs]
Time needed for computing intersection 'preprojection' of delta_v and v_complement: 410[µs]
Time needed for computing complement of ind (i.e. projecting preprojection onto second tape): 324[µs]
Time needed for minimizing projection: 3209[µs]
Time needed for computing ind: 366[µs]
Time needed for minimizing ind: 563[µs]
Time needed for computing ind (total): 6526[µs]
automaton for ind has 148 states.
...of which, 26 are at level 0.
...done.
computing complement of preach...
Time needed for computing complement v_complement of abstraction framework: 88[µs]
Time needed for computing product v_id of abstraction framework with ind: 760[µs]
Time needed for computing product of v_id with complement of abstraction framework: 25591[µs]
Time needed for computing complement of preach: 26608[µs]
...done.
automaton for complement of preach has 525 states.
...of which, 337 states are at level 0.
Time needed for trimming complement of preach: 374[µs]
trying to prove abstract safety...
Time needed for constructing transducer for (initial, unsafe) pairs: 65[µs]
Time needed for constructing transducer for complement of (initial, unsafe) pairs: 73[µs]
Time needed for building union of complements of preach and (initial, unsafe)-transducer: 291[µs]
Time needed for checking universality using antichains-inclusion algorithm: 733[µs]
Time needed for checking abstract safety: 1267[µs]
...done.
Result: [1]
This means that the following properties could be separated from the initial configurations:
	[deadlock]
While the following properties could not be separated from the initial configurations:
	[]

real	0m0,076s
user	0m0,032s
sys	0m0,018s
********************
/home/jakob/Documents/abstracton/benchmarks/dodo/atomic-dining-philosophers.json
s
deadlock
systemd-run --user --scope -p MemoryMax=32G -p MemorySwapMax=7G timeout 1200 /home/jakob/Documents/abstracton/benchmarks/../build_release/benchmarks/solve_dodo -i s -p deadlock /home/jakob/Documents/abstracton/benchmarks/dodo/atomic-dining-philosophers.json --measure-time --no-dot-printing --universality-alg antichains-inclusion --ind-alg project --bddlike
Running as unit: run-p2069629-i2081230.scope; invocation ID: db64dfbd508f47cba15af05f459a68c6
Time needed for parsing json file: 1298[µs]
Time needed for converting parser result to bddlike nft type: 51[µs]
alphabet size: 4
using Siphon interpretation
Time needed for constructing Siphon interpretation transducer: 336[µs]
computing ind...
Time needed for computing composition v_delta of abstraction framework and transition relation: 876[µs]
Time needed for computing complement v_complement of abstraction framework: 87[µs]
Time needed for minimizing complement(V): 101[µs]
Time needed for computing intersection 'preprojection' of delta_v and v_complement: 238[µs]
Time needed for computing complement of ind (i.e. projecting preprojection onto second tape): 308[µs]
Time needed for minimizing projection: 3896[µs]
Time needed for computing ind: 343[µs]
Time needed for minimizing ind: 543[µs]
Time needed for computing ind (total): 6530[µs]
automaton for ind has 148 states.
...of which, 26 are at level 0.
...done.
computing complement of preach...
Time needed for computing complement v_complement of abstraction framework: 64[µs]
Time needed for computing product v_id of abstraction framework with ind: 577[µs]
Time needed for computing product of v_id with complement of abstraction framework: 15466[µs]
Time needed for computing complement of preach: 16258[µs]
...done.
automaton for complement of preach has 469 states.
...of which, 337 states are at level 0.
Time needed for trimming complement of preach: 406[µs]
trying to prove abstract safety...
Time needed for constructing transducer for (initial, unsafe) pairs: 83[µs]
Time needed for constructing transducer for complement of (initial, unsafe) pairs: 98[µs]
Time needed for building union of complements of preach and (initial, unsafe)-transducer: 345[µs]
Time needed for checking universality using antichains-inclusion algorithm: 600[µs]
Time needed for checking abstract safety: 1239[µs]
...done.
Result: [0]
This means that the following properties could be separated from the initial configurations:
	[]
While the following properties could not be separated from the initial configurations:
	[deadlock]

real	0m0,062s
user	0m0,027s
sys	0m0,016s
********************
/home/jakob/Documents/abstracton/benchmarks/dodo/atomic-dining-philosophers.json
f
deadlock
systemd-run --user --scope -p MemoryMax=32G -p MemorySwapMax=7G timeout 1200 /home/jakob/Documents/abstracton/benchmarks/../build_release/benchmarks/solve_dodo -i f -p deadlock /home/jakob/Documents/abstracton/benchmarks/dodo/atomic-dining-philosophers.json --measure-time --no-dot-printing --universality-alg antichains-inclusion --ind-alg project --bddlike
Running as unit: run-p2069633-i2081232.scope; invocation ID: 98bf015624724154a228587d281bb974
Time needed for parsing json file: 999[µs]
Time needed for converting parser result to bddlike nft type: 39[µs]
alphabet size: 4
using Flow interpretation
Time needed for constructing Flow interpretation transducer: 567[µs]
computing ind...
Time needed for computing composition v_delta of abstraction framework and transition relation: 1136[µs]
Time needed for computing complement v_complement of abstraction framework: 153[µs]
Time needed for minimizing complement(V): 168[µs]
Time needed for computing intersection 'preprojection' of delta_v and v_complement: 509[µs]
Time needed for computing complement of ind (i.e. projecting preprojection onto second tape): 922[µs]
Time needed for minimizing projection: 28113[µs]
Time needed for computing ind: 408[µs]
Time needed for minimizing ind: 646[µs]
Time needed for computing ind (total): 32236[µs]
automaton for ind has 359 states.
...of which, 59 are at level 0.
...done.
computing complement of preach...
Time needed for computing complement v_complement of abstraction framework: 61[µs]
Time needed for computing product v_id of abstraction framework with ind: 988[µs]
Time needed for computing product of v_id with complement of abstraction framework: 81098[µs]
Time needed for computing complement of preach: 82448[µs]
...done.
automaton for complement of preach has 2085 states.
...of which, 1569 states are at level 0.
Time needed for trimming complement of preach: 1654[µs]
trying to prove abstract safety...
Time needed for constructing transducer for (initial, unsafe) pairs: 64[µs]
Time needed for constructing transducer for complement of (initial, unsafe) pairs: 98[µs]
Time needed for building union of complements of preach and (initial, unsafe)-transducer: 1135[µs]
Time needed for checking universality using antichains-inclusion algorithm: 2065[µs]
Time needed for checking abstract safety: 3609[µs]
...done.
Result: [0]
This means that the following properties could be separated from the initial configurations:
	[]
While the following properties could not be separated from the initial configurations:
	[deadlock]

real	0m0,152s
user	0m0,105s
sys	0m0,037s
********************
37 of 61
/home/jakob/Documents/abstracton/benchmarks/dodo/bakery.json
t
nomutex
systemd-run --user --scope -p MemoryMax=32G -p MemorySwapMax=7G timeout 1200 /home/jakob/Documents/abstracton/benchmarks/../build_release/benchmarks/solve_dodo -i t -p nomutex /home/jakob/Documents/abstracton/benchmarks/dodo/bakery.json --measure-time --no-dot-printing --universality-alg antichains-inclusion --ind-alg project --bddlike
Running as unit: run-p2069641-i2085230.scope; invocation ID: 5d20abcf0cdd4c1f89251e7e9b26f2ca
Time needed for parsing json file: 874[µs]
Time needed for converting parser result to bddlike nft type: 30[µs]
alphabet size: 3
using Trap interpretation
Time needed for constructing Trap interpretation transducer: 583[µs]
computing ind...
Time needed for computing composition v_delta of abstraction framework and transition relation: 598[µs]
Time needed for computing complement v_complement of abstraction framework: 103[µs]
Time needed for minimizing complement(V): 82[µs]
Time needed for computing intersection 'preprojection' of delta_v and v_complement: 78[µs]
Time needed for computing complement of ind (i.e. projecting preprojection onto second tape): 96[µs]
Time needed for minimizing projection: 319[µs]
Time needed for computing ind: 100[µs]
Time needed for minimizing ind: 166[µs]
Time needed for computing ind (total): 1643[µs]
automaton for ind has 27 states.
...of which, 7 are at level 0.
...done.
computing complement of preach...
Time needed for computing complement v_complement of abstraction framework: 94[µs]
Time needed for computing product v_id of abstraction framework with ind: 267[µs]
Time needed for computing product of v_id with complement of abstraction framework: 6405[µs]
Time needed for computing complement of preach: 6855[µs]
...done.
automaton for complement of preach has 97 states.
...of which, 67 states are at level 0.
Time needed for trimming complement of preach: 196[µs]
trying to prove abstract safety...
Time needed for constructing transducer for (initial, unsafe) pairs: 72[µs]
Time needed for constructing transducer for complement of (initial, unsafe) pairs: 85[µs]
Time needed for building union of complements of preach and (initial, unsafe)-transducer: 202[µs]
Time needed for checking universality using antichains-inclusion algorithm: 420[µs]
Time needed for checking abstract safety: 850[µs]
...done.
Result: [1]
This means that the following properties could be separated from the initial configurations:
	[nomutex]
While the following properties could not be separated from the initial configurations:
	[]

real	0m0,049s
user	0m0,013s
sys	0m0,016s
********************
/home/jakob/Documents/abstracton/benchmarks/dodo/bakery.json
s
nomutex
systemd-run --user --scope -p MemoryMax=32G -p MemorySwapMax=7G timeout 1200 /home/jakob/Documents/abstracton/benchmarks/../build_release/benchmarks/solve_dodo -i s -p nomutex /home/jakob/Documents/abstracton/benchmarks/dodo/bakery.json --measure-time --no-dot-printing --universality-alg antichains-inclusion --ind-alg project --bddlike
Running as unit: run-p2069643-i2085231.scope; invocation ID: a33be35a00c8444c99ee29392c84eae0
Time needed for parsing json file: 821[µs]
Time needed for converting parser result to bddlike nft type: 38[µs]
alphabet size: 3
using Siphon interpretation
Time needed for constructing Siphon interpretation transducer: 267[µs]
computing ind...
Time needed for computing composition v_delta of abstraction framework and transition relation: 375[µs]
Time needed for computing complement v_complement of abstraction framework: 79[µs]
Time needed for minimizing complement(V): 92[µs]
Time needed for computing intersection 'preprojection' of delta_v and v_complement: 71[µs]
Time needed for computing complement of ind (i.e. projecting preprojection onto second tape): 122[µs]
Time needed for minimizing projection: 316[µs]
Time needed for computing ind: 60[µs]
Time needed for minimizing ind: 100[µs]
Time needed for computing ind (total): 1301[µs]
automaton for ind has 15 states.
...of which, 4 are at level 0.
...done.
computing complement of preach...
Time needed for computing complement v_complement of abstraction framework: 73[µs]
Time needed for computing product v_id of abstraction framework with ind: 121[µs]
Time needed for computing product of v_id with complement of abstraction framework: 1830[µs]
Time needed for computing complement of preach: 2081[µs]
...done.
automaton for complement of preach has 19 states.
...of which, 11 states are at level 0.
Time needed for trimming complement of preach: 46[µs]
trying to prove abstract safety...
Time needed for constructing transducer for (initial, unsafe) pairs: 67[µs]
Time needed for constructing transducer for complement of (initial, unsafe) pairs: 81[µs]
Time needed for building union of complements of preach and (initial, unsafe)-transducer: 114[µs]
Time needed for checking universality using antichains-inclusion algorithm: 109[µs]
Time needed for checking abstract safety: 422[µs]
...done.
Result: [0]
This means that the following properties could be separated from the initial configurations:
	[]
While the following properties could not be separated from the initial configurations:
	[nomutex]

real	0m0,038s
user	0m0,012s
sys	0m0,011s
********************
/home/jakob/Documents/abstracton/benchmarks/dodo/bakery.json
f
nomutex
systemd-run --user --scope -p MemoryMax=32G -p MemorySwapMax=7G timeout 1200 /home/jakob/Documents/abstracton/benchmarks/../build_release/benchmarks/solve_dodo -i f -p nomutex /home/jakob/Documents/abstracton/benchmarks/dodo/bakery.json --measure-time --no-dot-printing --universality-alg antichains-inclusion --ind-alg project --bddlike
Running as unit: run-p2069645-i2085232.scope; invocation ID: 4ce3b8a37b40404a828cdb120306d3d9
Time needed for parsing json file: 867[µs]
Time needed for converting parser result to bddlike nft type: 37[µs]
alphabet size: 3
using Flow interpretation
Time needed for constructing Flow interpretation transducer: 531[µs]
computing ind...
Time needed for computing composition v_delta of abstraction framework and transition relation: 616[µs]
Time needed for computing complement v_complement of abstraction framework: 176[µs]
Time needed for minimizing complement(V): 146[µs]
Time needed for computing intersection 'preprojection' of delta_v and v_complement: 160[µs]
Time needed for computing complement of ind (i.e. projecting preprojection onto second tape): 213[µs]
Time needed for minimizing projection: 4248[µs]
Time needed for computing ind: 167[µs]
Time needed for minimizing ind: 232[µs]
Time needed for computing ind (total): 6098[µs]
automaton for ind has 36 states.
...of which, 9 are at level 0.
...done.
computing complement of preach...
Time needed for computing complement v_complement of abstraction framework: 122[µs]
Time needed for computing product v_id of abstraction framework with ind: 332[µs]
Time needed for computing product of v_id with complement of abstraction framework: 8980[µs]
Time needed for computing complement of preach: 9530[µs]
...done.
automaton for complement of preach has 67 states.
...of which, 45 states are at level 0.
Time needed for trimming complement of preach: 93[µs]
trying to prove abstract safety...
Time needed for constructing transducer for (initial, unsafe) pairs: 48[µs]
Time needed for constructing transducer for complement of (initial, unsafe) pairs: 57[µs]
Time needed for building union of complements of preach and (initial, unsafe)-transducer: 91[µs]
Time needed for checking universality using antichains-inclusion algorithm: 152[µs]
Time needed for checking abstract safety: 386[µs]
...done.
Result: [0]
This means that the following properties could be separated from the initial configurations:
	[]
While the following properties could not be separated from the initial configurations:
	[nomutex]

real	0m0,053s
user	0m0,023s
sys	0m0,013s
********************
38 of 61
/home/jakob/Documents/abstracton/benchmarks/dodo/dining-cryptographers.json
t
internal
systemd-run --user --scope -p MemoryMax=32G -p MemorySwapMax=7G timeout 1200 /home/jakob/Documents/abstracton/benchmarks/../build_release/benchmarks/solve_dodo -i t -p internal /home/jakob/Documents/abstracton/benchmarks/dodo/dining-cryptographers.json --measure-time --no-dot-printing --universality-alg antichains-inclusion --ind-alg project --bddlike
Running as unit: run-p2069653-i2081236.scope; invocation ID: 1af26d183322479ca49dd43155bedfa2
Time needed for parsing json file: 4487[µs]
Time needed for converting parser result to bddlike nft type: 133[µs]
alphabet size: 12
using Trap interpretation
Time needed for constructing Trap interpretation transducer: 226354[µs]
computing ind...
Time needed for computing composition v_delta of abstraction framework and transition relation: 2620[µs]
Time needed for computing complement v_complement of abstraction framework: 229[µs]
Time needed for minimizing complement(V): 181[µs]
Time needed for computing intersection 'preprojection' of delta_v and v_complement: 829[µs]
Time needed for computing complement of ind (i.e. projecting preprojection onto second tape): 834[µs]
Time needed for minimizing projection: 480315[µs]
Time needed for computing ind: 849[µs]
Time needed for minimizing ind: 1321[µs]
Time needed for computing ind (total): 487818[µs]
automaton for ind has 714 states.
...of which, 17 are at level 0.
...done.
computing complement of preach...
Time needed for computing complement v_complement of abstraction framework: 196[µs]
Time needed for computing product v_id of abstraction framework with ind: 2615[µs]
Time needed for computing product of v_id with complement of abstraction framework: 1352357[µs]
Time needed for computing complement of preach: 1356019[µs]
...done.
automaton for complement of preach has 1717 states.
...of which, 1393 states are at level 0.
Time needed for trimming complement of preach: 4210[µs]
trying to prove abstract safety...
Time needed for constructing transducer for (initial, unsafe) pairs: 73[µs]
Time needed for constructing transducer for complement of (initial, unsafe) pairs: 138[µs]
Time needed for building union of complements of preach and (initial, unsafe)-transducer: 2656[µs]
Time needed for checking universality using antichains-inclusion algorithm: 9446[µs]
Time needed for checking abstract safety: 13118[µs]
...done.
Result: [1]
This means that the following properties could be separated from the initial configurations:
	[internal]
While the following properties could not be separated from the initial configurations:
	[]

real	0m2,154s
user	0m1,989s
sys	0m0,137s
********************
/home/jakob/Documents/abstracton/benchmarks/dodo/dining-cryptographers.json
s
internal
systemd-run --user --scope -p MemoryMax=32G -p MemorySwapMax=7G timeout 1200 /home/jakob/Documents/abstracton/benchmarks/../build_release/benchmarks/solve_dodo -i s -p internal /home/jakob/Documents/abstracton/benchmarks/dodo/dining-cryptographers.json --measure-time --no-dot-printing --universality-alg antichains-inclusion --ind-alg project --bddlike
Running as unit: run-p2069659-i2081237.scope; invocation ID: e682e38058994634a9ea9e4a1dc89ca2
Time needed for parsing json file: 4129[µs]
Time needed for converting parser result to bddlike nft type: 144[µs]
alphabet size: 12
using Siphon interpretation
Time needed for constructing Siphon interpretation transducer: 76590[µs]
computing ind...
Time needed for computing composition v_delta of abstraction framework and transition relation: 1359[µs]
Time needed for computing complement v_complement of abstraction framework: 165[µs]
Time needed for minimizing complement(V): 215[µs]
Time needed for computing intersection 'preprojection' of delta_v and v_complement: 688[µs]
Time needed for computing complement of ind (i.e. projecting preprojection onto second tape): 924[µs]
Time needed for minimizing projection: 542957[µs]
Time needed for computing ind: 964[µs]
Time needed for minimizing ind: 1499[µs]
Time needed for computing ind (total): 550584[µs]
automaton for ind has 817 states.
...of which, 17 are at level 0.
...done.
computing complement of preach...
Time needed for computing complement v_complement of abstraction framework: 175[µs]
Time needed for computing product v_id of abstraction framework with ind: 2432[µs]
Time needed for computing product of v_id with complement of abstraction framework: 755913[µs]
Time needed for computing complement of preach: 759281[µs]
...done.
automaton for complement of preach has 1597 states.
...of which, 1393 states are at level 0.
Time needed for trimming complement of preach: 3714[µs]
trying to prove abstract safety...
Time needed for constructing transducer for (initial, unsafe) pairs: 91[µs]
Time needed for constructing transducer for complement of (initial, unsafe) pairs: 143[µs]
Time needed for building union of complements of preach and (initial, unsafe)-transducer: 2559[µs]
Time needed for checking universality using antichains-inclusion algorithm: 9643[µs]
Time needed for checking abstract safety: 13173[µs]
...done.
Result: [1]
This means that the following properties could be separated from the initial configurations:
	[internal]
While the following properties could not be separated from the initial configurations:
	[]

real	0m1,458s
user	0m1,326s
sys	0m0,113s
********************
/home/jakob/Documents/abstracton/benchmarks/dodo/dining-cryptographers.json
f
internal
systemd-run --user --scope -p MemoryMax=32G -p MemorySwapMax=7G timeout 1200 /home/jakob/Documents/abstracton/benchmarks/../build_release/benchmarks/solve_dodo -i f -p internal /home/jakob/Documents/abstracton/benchmarks/dodo/dining-cryptographers.json --measure-time --no-dot-printing --universality-alg antichains-inclusion --ind-alg project --bddlike
Running as unit: run-p2069668-i2081238.scope; invocation ID: 913e79d2b6d74ba291ca208a7551a16a
Time needed for parsing json file: 4095[µs]
Time needed for converting parser result to bddlike nft type: 162[µs]
alphabet size: 12
using Flow interpretation
Time needed for constructing Flow interpretation transducer: 197326[µs]
computing ind...
Time needed for computing composition v_delta of abstraction framework and transition relation: 2760[µs]
Time needed for computing complement v_complement of abstraction framework: 316[µs]
Time needed for minimizing complement(V): 338[µs]
Time needed for computing intersection 'preprojection' of delta_v and v_complement: 1722[µs]
Time needed for computing complement of ind (i.e. projecting preprojection onto second tape): 2040[µs]
Time needed for minimizing projection: 21687692[µs]
Time needed for computing ind: 4813[µs]
Time needed for minimizing ind: 7482[µs]
Time needed for computing ind (total): 21708407[µs]
automaton for ind has 3382 states.
...of which, 73 are at level 0.
...done.
computing complement of preach...
Time needed for computing complement v_complement of abstraction framework: 358[µs]
Time needed for computing product v_id of abstraction framework with ind: 19766[µs]
Time needed for computing product of v_id with complement of abstraction framework: 21965110[µs]
Time needed for computing complement of preach: 21988541[µs]
...done.
automaton for complement of preach has 22521 states.
...of which, 20373 states are at level 0.
Time needed for trimming complement of preach: 82627[µs]
trying to prove abstract safety...
Time needed for constructing transducer for (initial, unsafe) pairs: 87[µs]
Time needed for constructing transducer for complement of (initial, unsafe) pairs: 153[µs]
Time needed for building union of complements of preach and (initial, unsafe)-transducer: 39168[µs]
Time needed for checking universality using antichains-inclusion algorithm: 314837[µs]
Time needed for checking abstract safety: 362957[µs]
...done.
Result: [1]
This means that the following properties could be separated from the initial configurations:
	[internal]
While the following properties could not be separated from the initial configurations:
	[]

real	0m44,754s
user	0m42,634s
sys	0m2,086s
********************
39 of 61
/home/jakob/Documents/abstracton/benchmarks/dodo/dining-cryptographers.json
t
external
systemd-run --user --scope -p MemoryMax=32G -p MemorySwapMax=7G timeout 1200 /home/jakob/Documents/abstracton/benchmarks/../build_release/benchmarks/solve_dodo -i t -p external /home/jakob/Documents/abstracton/benchmarks/dodo/dining-cryptographers.json --measure-time --no-dot-printing --universality-alg antichains-inclusion --ind-alg project --bddlike
Running as unit: run-p2069813-i2081252.scope; invocation ID: 2df36c8cd1ff4acca7b3df1bd2abf227
Time needed for parsing json file: 4220[µs]
Time needed for converting parser result to bddlike nft type: 155[µs]
alphabet size: 12
using Trap interpretation
Time needed for constructing Trap interpretation transducer: 235207[µs]
computing ind...
Time needed for computing composition v_delta of abstraction framework and transition relation: 2668[µs]
Time needed for computing complement v_complement of abstraction framework: 201[µs]
Time needed for minimizing complement(V): 181[µs]
Time needed for computing intersection 'preprojection' of delta_v and v_complement: 823[µs]
Time needed for computing complement of ind (i.e. projecting preprojection onto second tape): 883[µs]
Time needed for minimizing projection: 482753[µs]
Time needed for computing ind: 845[µs]
Time needed for minimizing ind: 1279[µs]
Time needed for computing ind (total): 490263[µs]
automaton for ind has 714 states.
...of which, 17 are at level 0.
...done.
computing complement of preach...
Time needed for computing complement v_complement of abstraction framework: 189[µs]
Time needed for computing product v_id of abstraction framework with ind: 2565[µs]
Time needed for computing product of v_id with complement of abstraction framework: 1343137[µs]
Time needed for computing complement of preach: 1346712[µs]
...done.
automaton for complement of preach has 1717 states.
...of which, 1393 states are at level 0.
Time needed for trimming complement of preach: 4113[µs]
trying to prove abstract safety...
Time needed for constructing transducer for (initial, unsafe) pairs: 98[µs]
Time needed for constructing transducer for complement of (initial, unsafe) pairs: 80[µs]
Time needed for building union of complements of preach and (initial, unsafe)-transducer: 2580[µs]
Time needed for checking universality using antichains-inclusion algorithm: 5907[µs]
Time needed for checking abstract safety: 9383[µs]
...done.
Result: [1]
This means that the following properties could be separated from the initial configurations:
	[external]
While the following properties could not be separated from the initial configurations:
	[]

real	0m2,152s
user	0m1,968s
sys	0m0,164s
********************
/home/jakob/Documents/abstracton/benchmarks/dodo/dining-cryptographers.json
s
external
systemd-run --user --scope -p MemoryMax=32G -p MemorySwapMax=7G timeout 1200 /home/jakob/Documents/abstracton/benchmarks/../build_release/benchmarks/solve_dodo -i s -p external /home/jakob/Documents/abstracton/benchmarks/dodo/dining-cryptographers.json --measure-time --no-dot-printing --universality-alg antichains-inclusion --ind-alg project --bddlike
Running as unit: run-p2069819-i2085235.scope; invocation ID: bbc12234f0c941c88062eeb4ada688a4
Time needed for parsing json file: 6225[µs]
Time needed for converting parser result to bddlike nft type: 145[µs]
alphabet size: 12
using Siphon interpretation
Time needed for constructing Siphon interpretation transducer: 79051[µs]
computing ind...
Time needed for computing composition v_delta of abstraction framework and transition relation: 1380[µs]
Time needed for computing complement v_complement of abstraction framework: 177[µs]
Time needed for minimizing complement(V): 194[µs]
Time needed for computing intersection 'preprojection' of delta_v and v_complement: 714[µs]
Time needed for computing complement of ind (i.e. projecting preprojection onto second tape): 855[µs]
Time needed for minimizing projection: 543135[µs]
Time needed for computing ind: 979[µs]
Time needed for minimizing ind: 1547[µs]
Time needed for computing ind (total): 550744[µs]
automaton for ind has 817 states.
...of which, 17 are at level 0.
...done.
computing complement of preach...
Time needed for computing complement v_complement of abstraction framework: 186[µs]
Time needed for computing product v_id of abstraction framework with ind: 2403[µs]
Time needed for computing product of v_id with complement of abstraction framework: 756377[µs]
Time needed for computing complement of preach: 759699[µs]
...done.
automaton for complement of preach has 1597 states.
...of which, 1393 states are at level 0.
Time needed for trimming complement of preach: 3801[µs]
trying to prove abstract safety...
Time needed for constructing transducer for (initial, unsafe) pairs: 90[µs]
Time needed for constructing transducer for complement of (initial, unsafe) pairs: 69[µs]
Time needed for building union of complements of preach and (initial, unsafe)-transducer: 2540[µs]
Time needed for checking universality using antichains-inclusion algorithm: 6935[µs]
Time needed for checking abstract safety: 10321[µs]
...done.
Result: [1]
This means that the following properties could be separated from the initial configurations:
	[external]
While the following properties could not be separated from the initial configurations:
	[]

real	0m1,451s
user	0m1,321s
sys	0m0,118s
********************
/home/jakob/Documents/abstracton/benchmarks/dodo/dining-cryptographers.json
f
external
systemd-run --user --scope -p MemoryMax=32G -p MemorySwapMax=7G timeout 1200 /home/jakob/Documents/abstracton/benchmarks/../build_release/benchmarks/solve_dodo -i f -p external /home/jakob/Documents/abstracton/benchmarks/dodo/dining-cryptographers.json --measure-time --no-dot-printing --universality-alg antichains-inclusion --ind-alg project --bddlike
Running as unit: run-p2069825-i2081262.scope; invocation ID: 5a5fec3cbb484a65a0fd06ff7352ad4a
Time needed for parsing json file: 4079[µs]
Time needed for converting parser result to bddlike nft type: 145[µs]
alphabet size: 12
using Flow interpretation
Time needed for constructing Flow interpretation transducer: 202625[µs]
computing ind...
Time needed for computing composition v_delta of abstraction framework and transition relation: 2737[µs]
Time needed for computing complement v_complement of abstraction framework: 332[µs]
Time needed for minimizing complement(V): 322[µs]
Time needed for computing intersection 'preprojection' of delta_v and v_complement: 1735[µs]
Time needed for computing complement of ind (i.e. projecting preprojection onto second tape): 2027[µs]
Time needed for minimizing projection: 21669339[µs]
Time needed for computing ind: 4647[µs]
Time needed for minimizing ind: 7192[µs]
Time needed for computing ind (total): 21689536[µs]
automaton for ind has 3382 states.
...of which, 73 are at level 0.
...done.
computing complement of preach...
Time needed for computing complement v_complement of abstraction framework: 334[µs]
Time needed for computing product v_id of abstraction framework with ind: 19600[µs]
Time needed for computing product of v_id with complement of abstraction framework: 21782867[µs]
Time needed for computing complement of preach: 21806037[µs]
...done.
automaton for complement of preach has 22521 states.
...of which, 20373 states are at level 0.
Time needed for trimming complement of preach: 82503[µs]
trying to prove abstract safety...
Time needed for constructing transducer for (initial, unsafe) pairs: 1024[µs]
Time needed for constructing transducer for complement of (initial, unsafe) pairs: 73[µs]
Time needed for building union of complements of preach and (initial, unsafe)-transducer: 39307[µs]
Time needed for checking universality using antichains-inclusion algorithm: 131388[µs]
Time needed for checking abstract safety: 179509[µs]
...done.
Result: [1]
This means that the following properties could be separated from the initial configurations:
	[external]
While the following properties could not be separated from the initial configurations:
	[]

real	0m44,324s
user	0m42,202s
sys	0m2,087s
********************
40 of 61
/home/jakob/Documents/abstracton/benchmarks/dodo/dragon.json
t
dirtydirty
systemd-run --user --scope -p MemoryMax=32G -p MemorySwapMax=7G timeout 1200 /home/jakob/Documents/abstracton/benchmarks/../build_release/benchmarks/solve_dodo -i t -p dirtydirty /home/jakob/Documents/abstracton/benchmarks/dodo/dragon.json --measure-time --no-dot-printing --universality-alg antichains-inclusion --ind-alg project --bddlike
Running as unit: run-p2069964-i2081270.scope; invocation ID: 53d940fc25dd4ed39f2b6178323a2d3b
Time needed for parsing json file: 5036[µs]
Time needed for converting parser result to bddlike nft type: 221[µs]
alphabet size: 5
using Trap interpretation
Time needed for constructing Trap interpretation transducer: 1513[µs]
computing ind...
Time needed for computing composition v_delta of abstraction framework and transition relation: 7940[µs]
Time needed for computing complement v_complement of abstraction framework: 171[µs]
Time needed for minimizing complement(V): 138[µs]
Time needed for computing intersection 'preprojection' of delta_v and v_complement: 912[µs]
Time needed for computing complement of ind (i.e. projecting preprojection onto second tape): 1173[µs]
Time needed for minimizing projection: 121441[µs]
Time needed for computing ind: 408[µs]
Time needed for minimizing ind: 632[µs]
Time needed for computing ind (total): 133147[µs]
automaton for ind has 342 states.
...of which, 37 are at level 0.
...done.
computing complement of preach...
Time needed for computing complement v_complement of abstraction framework: 58[µs]
Time needed for computing product v_id of abstraction framework with ind: 922[µs]
Time needed for computing product of v_id with complement of abstraction framework: 68969[µs]
Time needed for computing complement of preach: 70291[µs]
...done.
automaton for complement of preach has 1381 states.
...of which, 1041 states are at level 0.
Time needed for trimming complement of preach: 1349[µs]
trying to prove abstract safety...
Time needed for constructing transducer for (initial, unsafe) pairs: 31[µs]
Time needed for constructing transducer for complement of (initial, unsafe) pairs: 38[µs]
Time needed for building union of complements of preach and (initial, unsafe)-transducer: 1016[µs]
Time needed for checking universality using antichains-inclusion algorithm: 1852[µs]
Time needed for checking abstract safety: 3157[µs]
...done.
Result: [1]
This means that the following properties could be separated from the initial configurations:
	[dirtydirty]
While the following properties could not be separated from the initial configurations:
	[]

real	0m0,253s
user	0m0,202s
sys	0m0,032s
********************
/home/jakob/Documents/abstracton/benchmarks/dodo/dragon.json
s
dirtydirty
systemd-run --user --scope -p MemoryMax=32G -p MemorySwapMax=7G timeout 1200 /home/jakob/Documents/abstracton/benchmarks/../build_release/benchmarks/solve_dodo -i s -p dirtydirty /home/jakob/Documents/abstracton/benchmarks/dodo/dragon.json --measure-time --no-dot-printing --universality-alg antichains-inclusion --ind-alg project --bddlike
Running as unit: run-p2069966-i2081271.scope; invocation ID: 7cca8314e5bc4a908eba8198974fd817
Time needed for parsing json file: 4994[µs]
Time needed for converting parser result to bddlike nft type: 211[µs]
alphabet size: 5
using Siphon interpretation
Time needed for constructing Siphon interpretation transducer: 723[µs]
computing ind...
Time needed for computing composition v_delta of abstraction framework and transition relation: 4742[µs]
Time needed for computing complement v_complement of abstraction framework: 101[µs]
Time needed for minimizing complement(V): 106[µs]
Time needed for computing intersection 'preprojection' of delta_v and v_complement: 958[µs]
Time needed for computing complement of ind (i.e. projecting preprojection onto second tape): 1607[µs]
Time needed for minimizing projection: 113057[µs]
Time needed for computing ind: 62[µs]
Time needed for minimizing ind: 63[µs]
Time needed for computing ind (total): 120938[µs]
automaton for ind has 29 states.
...of which, 5 are at level 0.
...done.
computing complement of preach...
Time needed for computing complement v_complement of abstraction framework: 44[µs]
Time needed for computing product v_id of abstraction framework with ind: 83[µs]
Time needed for computing product of v_id with complement of abstraction framework: 1864[µs]
Time needed for computing complement of preach: 2040[µs]
...done.
automaton for complement of preach has 14 states.
...of which, 9 states are at level 0.
Time needed for trimming complement of preach: 10[µs]
trying to prove abstract safety...
Time needed for constructing transducer for (initial, unsafe) pairs: 25[µs]
Time needed for constructing transducer for complement of (initial, unsafe) pairs: 31[µs]
Time needed for building union of complements of preach and (initial, unsafe)-transducer: 15[µs]
Time needed for checking universality using antichains-inclusion algorithm: 34[µs]
Time needed for checking abstract safety: 123[µs]
...done.
Result: [0]
This means that the following properties could be separated from the initial configurations:
	[]
While the following properties could not be separated from the initial configurations:
	[dirtydirty]

real	0m0,171s
user	0m0,124s
sys	0m0,025s
********************
/home/jakob/Documents/abstracton/benchmarks/dodo/dragon.json
f
dirtydirty
systemd-run --user --scope -p MemoryMax=32G -p MemorySwapMax=7G timeout 1200 /home/jakob/Documents/abstracton/benchmarks/../build_release/benchmarks/solve_dodo -i f -p dirtydirty /home/jakob/Documents/abstracton/benchmarks/dodo/dragon.json --measure-time --no-dot-printing --universality-alg antichains-inclusion --ind-alg project --bddlike
Running as unit: run-p2069968-i2081272.scope; invocation ID: 162df29d33bf4b74b674fe1e0196adac
Time needed for parsing json file: 4324[µs]
Time needed for converting parser result to bddlike nft type: 218[µs]
alphabet size: 5
using Flow interpretation
Time needed for constructing Flow interpretation transducer: 1455[µs]
computing ind...
Time needed for computing composition v_delta of abstraction framework and transition relation: 8353[µs]
Time needed for computing complement v_complement of abstraction framework: 176[µs]
Time needed for minimizing complement(V): 179[µs]
Time needed for computing intersection 'preprojection' of delta_v and v_complement: 2425[µs]
Time needed for computing complement of ind (i.e. projecting preprojection onto second tape): 6159[µs]
Time needed for minimizing projection: 12335277[µs]
Time needed for computing ind: 184[µs]
Time needed for minimizing ind: 100[µs]
Time needed for computing ind (total): 12353286[µs]
automaton for ind has 47 states.
...of which, 7 are at level 0.
...done.
computing complement of preach...
Time needed for computing complement v_complement of abstraction framework: 94[µs]
Time needed for computing product v_id of abstraction framework with ind: 153[µs]
Time needed for computing product of v_id with complement of abstraction framework: 6021[µs]
Time needed for computing complement of preach: 6436[µs]
...done.
automaton for complement of preach has 14 states.
...of which, 9 states are at level 0.
Time needed for trimming complement of preach: 21[µs]
trying to prove abstract safety...
Time needed for constructing transducer for (initial, unsafe) pairs: 29[µs]
Time needed for constructing transducer for complement of (initial, unsafe) pairs: 33[µs]
Time needed for building union of complements of preach and (initial, unsafe)-transducer: 17[µs]
Time needed for checking universality using antichains-inclusion algorithm: 38[µs]
Time needed for checking abstract safety: 135[µs]
...done.
Result: [0]
This means that the following properties could be separated from the initial configurations:
	[]
While the following properties could not be separated from the initial configurations:
	[dirtydirty]

real	0m12,512s
user	0m11,804s
sys	0m0,688s
********************
41 of 61
/home/jakob/Documents/abstracton/benchmarks/dodo/dragon.json
t
exclusiveexclusive
systemd-run --user --scope -p MemoryMax=32G -p MemorySwapMax=7G timeout 1200 /home/jakob/Documents/abstracton/benchmarks/../build_release/benchmarks/solve_dodo -i t -p exclusiveexclusive /home/jakob/Documents/abstracton/benchmarks/dodo/dragon.json --measure-time --no-dot-printing --universality-alg antichains-inclusion --ind-alg project --bddlike
Running as unit: run-p2070004-i2081275.scope; invocation ID: 5fc15a90c5fd4c9399901d61f76405dc
Time needed for parsing json file: 5842[µs]
Time needed for converting parser result to bddlike nft type: 211[µs]
alphabet size: 5
using Trap interpretation
Time needed for constructing Trap interpretation transducer: 1788[µs]
computing ind...
Time needed for computing composition v_delta of abstraction framework and transition relation: 7478[µs]
Time needed for computing complement v_complement of abstraction framework: 130[µs]
Time needed for minimizing complement(V): 102[µs]
Time needed for computing intersection 'preprojection' of delta_v and v_complement: 1043[µs]
Time needed for computing complement of ind (i.e. projecting preprojection onto second tape): 1526[µs]
Time needed for minimizing projection: 121993[µs]
Time needed for computing ind: 441[µs]
Time needed for minimizing ind: 647[µs]
Time needed for computing ind (total): 133730[µs]
automaton for ind has 342 states.
...of which, 37 are at level 0.
...done.
computing complement of preach...
Time needed for computing complement v_complement of abstraction framework: 168[µs]
Time needed for computing product v_id of abstraction framework with ind: 916[µs]
Time needed for computing product of v_id with complement of abstraction framework: 67877[µs]
Time needed for computing complement of preach: 69285[µs]
...done.
automaton for complement of preach has 1381 states.
...of which, 1041 states are at level 0.
Time needed for trimming complement of preach: 1309[µs]
trying to prove abstract safety...
Time needed for constructing transducer for (initial, unsafe) pairs: 29[µs]
Time needed for constructing transducer for complement of (initial, unsafe) pairs: 36[µs]
Time needed for building union of complements of preach and (initial, unsafe)-transducer: 1032[µs]
Time needed for checking universality using antichains-inclusion algorithm: 1801[µs]
Time needed for checking abstract safety: 3113[µs]
...done.
Result: [1]
This means that the following properties could be separated from the initial configurations:
	[exclusiveexclusive]
While the following properties could not be separated from the initial configurations:
	[]

real	0m0,258s
user	0m0,204s
sys	0m0,034s
********************
/home/jakob/Documents/abstracton/benchmarks/dodo/dragon.json
s
exclusiveexclusive
systemd-run --user --scope -p MemoryMax=32G -p MemorySwapMax=7G timeout 1200 /home/jakob/Documents/abstracton/benchmarks/../build_release/benchmarks/solve_dodo -i s -p exclusiveexclusive /home/jakob/Documents/abstracton/benchmarks/dodo/dragon.json --measure-time --no-dot-printing --universality-alg antichains-inclusion --ind-alg project --bddlike
Running as unit: run-p2070009-i2081277.scope; invocation ID: c9aade13c7444df99038470294db29b6
Time needed for parsing json file: 4694[µs]
Time needed for converting parser result to bddlike nft type: 194[µs]
alphabet size: 5
using Siphon interpretation
Time needed for constructing Siphon interpretation transducer: 645[µs]
computing ind...
Time needed for computing composition v_delta of abstraction framework and transition relation: 7355[µs]
Time needed for computing complement v_complement of abstraction framework: 212[µs]
Time needed for minimizing complement(V): 161[µs]
Time needed for computing intersection 'preprojection' of delta_v and v_complement: 1117[µs]
Time needed for computing complement of ind (i.e. projecting preprojection onto second tape): 1544[µs]
Time needed for minimizing projection: 114929[µs]
Time needed for computing ind: 50[µs]
Time needed for minimizing ind: 72[µs]
Time needed for computing ind (total): 125710[µs]
automaton for ind has 29 states.
...of which, 5 are at level 0.
...done.
computing complement of preach...
Time needed for computing complement v_complement of abstraction framework: 47[µs]
Time needed for computing product v_id of abstraction framework with ind: 87[µs]
Time needed for computing product of v_id with complement of abstraction framework: 1869[µs]
Time needed for computing complement of preach: 2047[µs]
...done.
automaton for complement of preach has 14 states.
...of which, 9 states are at level 0.
Time needed for trimming complement of preach: 9[µs]
trying to prove abstract safety...
Time needed for constructing transducer for (initial, unsafe) pairs: 24[µs]
Time needed for constructing transducer for complement of (initial, unsafe) pairs: 31[µs]
Time needed for building union of complements of preach and (initial, unsafe)-transducer: 15[µs]
Time needed for checking universality using antichains-inclusion algorithm: 34[µs]
Time needed for checking abstract safety: 123[µs]
...done.
Result: [0]
This means that the following properties could be separated from the initial configurations:
	[]
While the following properties could not be separated from the initial configurations:
	[exclusiveexclusive]

real	0m0,164s
user	0m0,124s
sys	0m0,028s
********************
/home/jakob/Documents/abstracton/benchmarks/dodo/dragon.json
f
exclusiveexclusive
systemd-run --user --scope -p MemoryMax=32G -p MemorySwapMax=7G timeout 1200 /home/jakob/Documents/abstracton/benchmarks/../build_release/benchmarks/solve_dodo -i f -p exclusiveexclusive /home/jakob/Documents/abstracton/benchmarks/dodo/dragon.json --measure-time --no-dot-printing --universality-alg antichains-inclusion --ind-alg project --bddlike
Running as unit: run-p2070012-i2081278.scope; invocation ID: 6b0845ca56bc4fc18145beec6b2c8d9d
Time needed for parsing json file: 3812[µs]
Time needed for converting parser result to bddlike nft type: 168[µs]
alphabet size: 5
using Flow interpretation
Time needed for constructing Flow interpretation transducer: 1158[µs]
computing ind...
Time needed for computing composition v_delta of abstraction framework and transition relation: 6652[µs]
Time needed for computing complement v_complement of abstraction framework: 147[µs]
Time needed for minimizing complement(V): 156[µs]
Time needed for computing intersection 'preprojection' of delta_v and v_complement: 2057[µs]
Time needed for computing complement of ind (i.e. projecting preprojection onto second tape): 5334[µs]
Time needed for minimizing projection: 12355925[µs]
Time needed for computing ind: 164[µs]
Time needed for minimizing ind: 107[µs]
Time needed for computing ind (total): 12371000[µs]
automaton for ind has 47 states.
...of which, 7 are at level 0.
...done.
computing complement of preach...
Time needed for computing complement v_complement of abstraction framework: 91[µs]
Time needed for computing product v_id of abstraction framework with ind: 145[µs]
Time needed for computing product of v_id with complement of abstraction framework: 6102[µs]
Time needed for computing complement of preach: 6475[µs]
...done.
automaton for complement of preach has 14 states.
...of which, 9 states are at level 0.
Time needed for trimming complement of preach: 20[µs]
trying to prove abstract safety...
Time needed for constructing transducer for (initial, unsafe) pairs: 30[µs]
Time needed for constructing transducer for complement of (initial, unsafe) pairs: 35[µs]
Time needed for building union of complements of preach and (initial, unsafe)-transducer: 18[µs]
Time needed for checking universality using antichains-inclusion algorithm: 39[µs]
Time needed for checking abstract safety: 141[µs]
...done.
Result: [0]
This means that the following properties could be separated from the initial configurations:
	[]
While the following properties could not be separated from the initial configurations:
	[exclusiveexclusive]

real	0m12,522s
user	0m11,859s
sys	0m0,645s
********************
42 of 61
/home/jakob/Documents/abstracton/benchmarks/dodo/dragon.json
t
dirtysharedexclusive
systemd-run --user --scope -p MemoryMax=32G -p MemorySwapMax=7G timeout 1200 /home/jakob/Documents/abstracton/benchmarks/../build_release/benchmarks/solve_dodo -i t -p dirtysharedexclusive /home/jakob/Documents/abstracton/benchmarks/dodo/dragon.json --measure-time --no-dot-printing --universality-alg antichains-inclusion --ind-alg project --bddlike
Running as unit: run-p2070044-i2081281.scope; invocation ID: f5f9291ab6c24c47868682013db69262
Time needed for parsing json file: 4681[µs]
Time needed for converting parser result to bddlike nft type: 221[µs]
alphabet size: 5
using Trap interpretation
Time needed for constructing Trap interpretation transducer: 1727[µs]
computing ind...
Time needed for computing composition v_delta of abstraction framework and transition relation: 7707[µs]
Time needed for computing complement v_complement of abstraction framework: 131[µs]
Time needed for minimizing complement(V): 100[µs]
Time needed for computing intersection 'preprojection' of delta_v and v_complement: 1014[µs]
Time needed for computing complement of ind (i.e. projecting preprojection onto second tape): 1319[µs]
Time needed for minimizing projection: 120660[µs]
Time needed for computing ind: 431[µs]
Time needed for minimizing ind: 632[µs]
Time needed for computing ind (total): 132339[µs]
automaton for ind has 342 states.
...of which, 37 are at level 0.
...done.
computing complement of preach...
Time needed for computing complement v_complement of abstraction framework: 60[µs]
Time needed for computing product v_id of abstraction framework with ind: 913[µs]
Time needed for computing product of v_id with complement of abstraction framework: 67392[µs]
Time needed for computing complement of preach: 68707[µs]
...done.
automaton for complement of preach has 1381 states.
...of which, 1041 states are at level 0.
Time needed for trimming complement of preach: 1352[µs]
trying to prove abstract safety...
Time needed for constructing transducer for (initial, unsafe) pairs: 35[µs]
Time needed for constructing transducer for complement of (initial, unsafe) pairs: 42[µs]
Time needed for building union of complements of preach and (initial, unsafe)-transducer: 1023[µs]
Time needed for checking universality using antichains-inclusion algorithm: 1885[µs]
Time needed for checking abstract safety: 3210[µs]
...done.
Result: [1]
This means that the following properties could be separated from the initial configurations:
	[dirtysharedexclusive]
While the following properties could not be separated from the initial configurations:
	[]

real	0m0,258s
user	0m0,205s
sys	0m0,029s
********************
/home/jakob/Documents/abstracton/benchmarks/dodo/dragon.json
s
dirtysharedexclusive
systemd-run --user --scope -p MemoryMax=32G -p MemorySwapMax=7G timeout 1200 /home/jakob/Documents/abstracton/benchmarks/../build_release/benchmarks/solve_dodo -i s -p dirtysharedexclusive /home/jakob/Documents/abstracton/benchmarks/dodo/dragon.json --measure-time --no-dot-printing --universality-alg antichains-inclusion --ind-alg project --bddlike
Running as unit: run-p2070046-i2081282.scope; invocation ID: 83cd2183481b49168715003f1689267f
Time needed for parsing json file: 4756[µs]
Time needed for converting parser result to bddlike nft type: 222[µs]
alphabet size: 5
using Siphon interpretation
Time needed for constructing Siphon interpretation transducer: 669[µs]
computing ind...
Time needed for computing composition v_delta of abstraction framework and transition relation: 4357[µs]
Time needed for computing complement v_complement of abstraction framework: 117[µs]
Time needed for minimizing complement(V): 127[µs]
Time needed for computing intersection 'preprojection' of delta_v and v_complement: 1133[µs]
Time needed for computing complement of ind (i.e. projecting preprojection onto second tape): 1879[µs]
Time needed for minimizing projection: 114057[µs]
Time needed for computing ind: 50[µs]
Time needed for minimizing ind: 66[µs]
Time needed for computing ind (total): 122032[µs]
automaton for ind has 29 states.
...of which, 5 are at level 0.
...done.
computing complement of preach...
Time needed for computing complement v_complement of abstraction framework: 55[µs]
Time needed for computing product v_id of abstraction framework with ind: 87[µs]
Time needed for computing product of v_id with complement of abstraction framework: 1850[µs]
Time needed for computing complement of preach: 2038[µs]
...done.
automaton for complement of preach has 14 states.
...of which, 9 states are at level 0.
Time needed for trimming complement of preach: 9[µs]
trying to prove abstract safety...
Time needed for constructing transducer for (initial, unsafe) pairs: 28[µs]
Time needed for constructing transducer for complement of (initial, unsafe) pairs: 37[µs]
Time needed for building union of complements of preach and (initial, unsafe)-transducer: 18[µs]
Time needed for checking universality using antichains-inclusion algorithm: 45[µs]
Time needed for checking abstract safety: 153[µs]
...done.
Result: [0]
This means that the following properties could be separated from the initial configurations:
	[]
While the following properties could not be separated from the initial configurations:
	[dirtysharedexclusive]

real	0m0,170s
user	0m0,124s
sys	0m0,021s
********************
/home/jakob/Documents/abstracton/benchmarks/dodo/dragon.json
f
dirtysharedexclusive
systemd-run --user --scope -p MemoryMax=32G -p MemorySwapMax=7G timeout 1200 /home/jakob/Documents/abstracton/benchmarks/../build_release/benchmarks/solve_dodo -i f -p dirtysharedexclusive /home/jakob/Documents/abstracton/benchmarks/dodo/dragon.json --measure-time --no-dot-printing --universality-alg antichains-inclusion --ind-alg project --bddlike
Running as unit: run-p2070049-i2081283.scope; invocation ID: 566413f29f7a4fc581cec41d887678e1
Time needed for parsing json file: 4758[µs]
Time needed for converting parser result to bddlike nft type: 210[µs]
alphabet size: 5
using Flow interpretation
Time needed for constructing Flow interpretation transducer: 1511[µs]
computing ind...
Time needed for computing composition v_delta of abstraction framework and transition relation: 8039[µs]
Time needed for computing complement v_complement of abstraction framework: 176[µs]
Time needed for minimizing complement(V): 179[µs]
Time needed for computing intersection 'preprojection' of delta_v and v_complement: 2452[µs]
Time needed for computing complement of ind (i.e. projecting preprojection onto second tape): 5697[µs]
Time needed for minimizing projection: 12368575[µs]
Time needed for computing ind: 187[µs]
Time needed for minimizing ind: 114[µs]
Time needed for computing ind (total): 12385870[µs]
automaton for ind has 47 states.
...of which, 7 are at level 0.
...done.
computing complement of preach...
Time needed for computing complement v_complement of abstraction framework: 96[µs]
Time needed for computing product v_id of abstraction framework with ind: 154[µs]
Time needed for computing product of v_id with complement of abstraction framework: 6107[µs]
Time needed for computing complement of preach: 6510[µs]
...done.
automaton for complement of preach has 14 states.
...of which, 9 states are at level 0.
Time needed for trimming complement of preach: 22[µs]
trying to prove abstract safety...
Time needed for constructing transducer for (initial, unsafe) pairs: 31[µs]
Time needed for constructing transducer for complement of (initial, unsafe) pairs: 60[µs]
Time needed for building union of complements of preach and (initial, unsafe)-transducer: 20[µs]
Time needed for checking universality using antichains-inclusion algorithm: 40[µs]
Time needed for checking abstract safety: 185[µs]
...done.
Result: [0]
This means that the following properties could be separated from the initial configurations:
	[]
While the following properties could not be separated from the initial configurations:
	[dirtysharedexclusive]

real	0m12,542s
user	0m11,874s
sys	0m0,644s
********************
43 of 61
/home/jakob/Documents/abstracton/benchmarks/dodo/dragon.json
t
exclusiveshared
systemd-run --user --scope -p MemoryMax=32G -p MemorySwapMax=7G timeout 1200 /home/jakob/Documents/abstracton/benchmarks/../build_release/benchmarks/solve_dodo -i t -p exclusiveshared /home/jakob/Documents/abstracton/benchmarks/dodo/dragon.json --measure-time --no-dot-printing --universality-alg antichains-inclusion --ind-alg project --bddlike
Running as unit: run-p2070106-i2081287.scope; invocation ID: daad95ca7ec246b38a9899203b7285e4
Time needed for parsing json file: 4720[µs]
Time needed for converting parser result to bddlike nft type: 211[µs]
alphabet size: 5
using Trap interpretation
Time needed for constructing Trap interpretation transducer: 2051[µs]
computing ind...
Time needed for computing composition v_delta of abstraction framework and transition relation: 8322[µs]
Time needed for computing complement v_complement of abstraction framework: 131[µs]
Time needed for minimizing complement(V): 90[µs]
Time needed for computing intersection 'preprojection' of delta_v and v_complement: 912[µs]
Time needed for computing complement of ind (i.e. projecting preprojection onto second tape): 1183[µs]
Time needed for minimizing projection: 122462[µs]
Time needed for computing ind: 431[µs]
Time needed for minimizing ind: 646[µs]
Time needed for computing ind (total): 134533[µs]
automaton for ind has 342 states.
...of which, 37 are at level 0.
...done.
computing complement of preach...
Time needed for computing complement v_complement of abstraction framework: 63[µs]
Time needed for computing product v_id of abstraction framework with ind: 918[µs]
Time needed for computing product of v_id with complement of abstraction framework: 68462[µs]
Time needed for computing complement of preach: 69773[µs]
...done.
automaton for complement of preach has 1381 states.
...of which, 1041 states are at level 0.
Time needed for trimming complement of preach: 1362[µs]
trying to prove abstract safety...
Time needed for constructing transducer for (initial, unsafe) pairs: 34[µs]
Time needed for constructing transducer for complement of (initial, unsafe) pairs: 43[µs]
Time needed for building union of complements of preach and (initial, unsafe)-transducer: 1023[µs]
Time needed for checking universality using antichains-inclusion algorithm: 1882[µs]
Time needed for checking abstract safety: 3208[µs]
...done.
Result: [1]
This means that the following properties could be separated from the initial configurations:
	[exclusiveshared]
While the following properties could not be separated from the initial configurations:
	[]

real	0m0,251s
user	0m0,198s
sys	0m0,037s
********************
/home/jakob/Documents/abstracton/benchmarks/dodo/dragon.json
s
exclusiveshared
systemd-run --user --scope -p MemoryMax=32G -p MemorySwapMax=7G timeout 1200 /home/jakob/Documents/abstracton/benchmarks/../build_release/benchmarks/solve_dodo -i s -p exclusiveshared /home/jakob/Documents/abstracton/benchmarks/dodo/dragon.json --measure-time --no-dot-printing --universality-alg antichains-inclusion --ind-alg project --bddlike
Running as unit: run-p2070108-i2070521.scope; invocation ID: 0e8a1fdea1b3416a854600b64b84edd2
Time needed for parsing json file: 4765[µs]
Time needed for converting parser result to bddlike nft type: 210[µs]
alphabet size: 5
using Siphon interpretation
Time needed for constructing Siphon interpretation transducer: 795[µs]
computing ind...
Time needed for computing composition v_delta of abstraction framework and transition relation: 5860[µs]
Time needed for computing complement v_complement of abstraction framework: 102[µs]
Time needed for minimizing complement(V): 107[µs]
Time needed for computing intersection 'preprojection' of delta_v and v_complement: 953[µs]
Time needed for computing complement of ind (i.e. projecting preprojection onto second tape): 1593[µs]
Time needed for minimizing projection: 117501[µs]
Time needed for computing ind: 50[µs]
Time needed for minimizing ind: 66[µs]
Time needed for computing ind (total): 126476[µs]
automaton for ind has 29 states.
...of which, 5 are at level 0.
...done.
computing complement of preach...
Time needed for computing complement v_complement of abstraction framework: 47[µs]
Time needed for computing product v_id of abstraction framework with ind: 86[µs]
Time needed for computing product of v_id with complement of abstraction framework: 1885[µs]
Time needed for computing complement of preach: 2063[µs]
...done.
automaton for complement of preach has 14 states.
...of which, 9 states are at level 0.
Time needed for trimming complement of preach: 9[µs]
trying to prove abstract safety...
Time needed for constructing transducer for (initial, unsafe) pairs: 29[µs]
Time needed for constructing transducer for complement of (initial, unsafe) pairs: 37[µs]
Time needed for building union of complements of preach and (initial, unsafe)-transducer: 18[µs]
Time needed for checking universality using antichains-inclusion algorithm: 36[µs]
Time needed for checking abstract safety: 138[µs]
...done.
Result: [0]
This means that the following properties could be separated from the initial configurations:
	[]
While the following properties could not be separated from the initial configurations:
	[exclusiveshared]

real	0m0,171s
user	0m0,129s
sys	0m0,020s
********************
/home/jakob/Documents/abstracton/benchmarks/dodo/dragon.json
f
exclusiveshared
systemd-run --user --scope -p MemoryMax=32G -p MemorySwapMax=7G timeout 1200 /home/jakob/Documents/abstracton/benchmarks/../build_release/benchmarks/solve_dodo -i f -p exclusiveshared /home/jakob/Documents/abstracton/benchmarks/dodo/dragon.json --measure-time --no-dot-printing --universality-alg antichains-inclusion --ind-alg project --bddlike
Running as unit: run-p2070110-i2070522.scope; invocation ID: 32591b4fc26e4573a1d4a30a0a060e12
Time needed for parsing json file: 4748[µs]
Time needed for converting parser result to bddlike nft type: 212[µs]
alphabet size: 5
using Flow interpretation
Time needed for constructing Flow interpretation transducer: 1449[µs]
computing ind...
Time needed for computing composition v_delta of abstraction framework and transition relation: 9261[µs]
Time needed for computing complement v_complement of abstraction framework: 176[µs]
Time needed for minimizing complement(V): 189[µs]
Time needed for computing intersection 'preprojection' of delta_v and v_complement: 2426[µs]
Time needed for computing complement of ind (i.e. projecting preprojection onto second tape): 6208[µs]
Time needed for minimizing projection: 12529472[µs]
Time needed for computing ind: 173[µs]
Time needed for minimizing ind: 105[µs]
Time needed for computing ind (total): 12548454[µs]
automaton for ind has 47 states.
...of which, 7 are at level 0.
...done.
computing complement of preach...
Time needed for computing complement v_complement of abstraction framework: 93[µs]
Time needed for computing product v_id of abstraction framework with ind: 158[µs]
Time needed for computing product of v_id with complement of abstraction framework: 6069[µs]
Time needed for computing complement of preach: 6461[µs]
...done.
automaton for complement of preach has 14 states.
...of which, 9 states are at level 0.
Time needed for trimming complement of preach: 23[µs]
trying to prove abstract safety...
Time needed for constructing transducer for (initial, unsafe) pairs: 32[µs]
Time needed for constructing transducer for complement of (initial, unsafe) pairs: 39[µs]
Time needed for building union of complements of preach and (initial, unsafe)-transducer: 21[µs]
Time needed for checking universality using antichains-inclusion algorithm: 41[µs]
Time needed for checking abstract safety: 165[µs]
...done.
Result: [0]
This means that the following properties could be separated from the initial configurations:
	[]
While the following properties could not be separated from the initial configurations:
	[exclusiveshared]

real	0m12,690s
user	0m12,027s
sys	0m0,643s
********************
44 of 61
/home/jakob/Documents/abstracton/benchmarks/dodo/dragon.json
t
exclusivedirty
systemd-run --user --scope -p MemoryMax=32G -p MemorySwapMax=7G timeout 1200 /home/jakob/Documents/abstracton/benchmarks/../build_release/benchmarks/solve_dodo -i t -p exclusivedirty /home/jakob/Documents/abstracton/benchmarks/dodo/dragon.json --measure-time --no-dot-printing --universality-alg antichains-inclusion --ind-alg project --bddlike
Running as unit: run-p2070142-i2063285.scope; invocation ID: a09dfdd8b2264959869ba66128efc2ff
Time needed for parsing json file: 4783[µs]
Time needed for converting parser result to bddlike nft type: 210[µs]
alphabet size: 5
using Trap interpretation
Time needed for constructing Trap interpretation transducer: 1742[µs]
computing ind...
Time needed for computing composition v_delta of abstraction framework and transition relation: 7829[µs]
Time needed for computing complement v_complement of abstraction framework: 129[µs]
Time needed for minimizing complement(V): 100[µs]
Time needed for computing intersection 'preprojection' of delta_v and v_complement: 1043[µs]
Time needed for computing complement of ind (i.e. projecting preprojection onto second tape): 1318[µs]
Time needed for minimizing projection: 120662[µs]
Time needed for computing ind: 424[µs]
Time needed for minimizing ind: 653[µs]
Time needed for computing ind (total): 132496[µs]
automaton for ind has 342 states.
...of which, 37 are at level 0.
...done.
computing complement of preach...
Time needed for computing complement v_complement of abstraction framework: 70[µs]
Time needed for computing product v_id of abstraction framework with ind: 911[µs]
Time needed for computing product of v_id with complement of abstraction framework: 68675[µs]
Time needed for computing complement of preach: 69980[µs]
...done.
automaton for complement of preach has 1381 states.
...of which, 1041 states are at level 0.
Time needed for trimming complement of preach: 1361[µs]
trying to prove abstract safety...
Time needed for constructing transducer for (initial, unsafe) pairs: 36[µs]
Time needed for constructing transducer for complement of (initial, unsafe) pairs: 42[µs]
Time needed for building union of complements of preach and (initial, unsafe)-transducer: 1018[µs]
Time needed for checking universality using antichains-inclusion algorithm: 1964[µs]
Time needed for checking abstract safety: 3282[µs]
...done.
Result: [1]
This means that the following properties could be separated from the initial configurations:
	[exclusivedirty]
While the following properties could not be separated from the initial configurations:
	[]

real	0m0,256s
user	0m0,204s
sys	0m0,031s
********************
/home/jakob/Documents/abstracton/benchmarks/dodo/dragon.json
s
exclusivedirty
systemd-run --user --scope -p MemoryMax=32G -p MemorySwapMax=7G timeout 1200 /home/jakob/Documents/abstracton/benchmarks/../build_release/benchmarks/solve_dodo -i s -p exclusivedirty /home/jakob/Documents/abstracton/benchmarks/dodo/dragon.json --measure-time --no-dot-printing --universality-alg antichains-inclusion --ind-alg project --bddlike
Running as unit: run-p2070144-i2063286.scope; invocation ID: cd8f1c28bb154272a5cffdbd2abe4f40
Time needed for parsing json file: 4848[µs]
Time needed for converting parser result to bddlike nft type: 265[µs]
alphabet size: 5
using Siphon interpretation
Time needed for constructing Siphon interpretation transducer: 714[µs]
computing ind...
Time needed for computing composition v_delta of abstraction framework and transition relation: 5797[µs]
Time needed for computing complement v_complement of abstraction framework: 106[µs]
Time needed for minimizing complement(V): 153[µs]
Time needed for computing intersection 'preprojection' of delta_v and v_complement: 1064[µs]
Time needed for computing complement of ind (i.e. projecting preprojection onto second tape): 1805[µs]
Time needed for minimizing projection: 116010[µs]
Time needed for computing ind: 59[µs]
Time needed for minimizing ind: 71[µs]
Time needed for computing ind (total): 125326[µs]
automaton for ind has 29 states.
...of which, 5 are at level 0.
...done.
computing complement of preach...
Time needed for computing complement v_complement of abstraction framework: 50[µs]
Time needed for computing product v_id of abstraction framework with ind: 92[µs]
Time needed for computing product of v_id with complement of abstraction framework: 2033[µs]
Time needed for computing complement of preach: 2222[µs]
...done.
automaton for complement of preach has 14 states.
...of which, 9 states are at level 0.
Time needed for trimming complement of preach: 10[µs]
trying to prove abstract safety...
Time needed for constructing transducer for (initial, unsafe) pairs: 29[µs]
Time needed for constructing transducer for complement of (initial, unsafe) pairs: 38[µs]
Time needed for building union of complements of preach and (initial, unsafe)-transducer: 104[µs]
Time needed for checking universality using antichains-inclusion algorithm: 37[µs]
Time needed for checking abstract safety: 227[µs]
...done.
Result: [0]
This means that the following properties could be separated from the initial configurations:
	[]
While the following properties could not be separated from the initial configurations:
	[exclusivedirty]

real	0m0,170s
user	0m0,130s
sys	0m0,020s
********************
/home/jakob/Documents/abstracton/benchmarks/dodo/dragon.json
f
exclusivedirty
systemd-run --user --scope -p MemoryMax=32G -p MemorySwapMax=7G timeout 1200 /home/jakob/Documents/abstracton/benchmarks/../build_release/benchmarks/solve_dodo -i f -p exclusivedirty /home/jakob/Documents/abstracton/benchmarks/dodo/dragon.json --measure-time --no-dot-printing --universality-alg antichains-inclusion --ind-alg project --bddlike
Running as unit: run-p2070146-i2063287.scope; invocation ID: 6a513fbcca2d4fbf877e74b2f5dc5d25
Time needed for parsing json file: 4696[µs]
Time needed for converting parser result to bddlike nft type: 256[µs]
alphabet size: 5
using Flow interpretation
Time needed for constructing Flow interpretation transducer: 1442[µs]
computing ind...
Time needed for computing composition v_delta of abstraction framework and transition relation: 6911[µs]
Time needed for computing complement v_complement of abstraction framework: 177[µs]
Time needed for minimizing complement(V): 180[µs]
Time needed for computing intersection 'preprojection' of delta_v and v_complement: 2500[µs]
Time needed for computing complement of ind (i.e. projecting preprojection onto second tape): 5313[µs]
Time needed for minimizing projection: 12411669[µs]
Time needed for computing ind: 210[µs]
Time needed for minimizing ind: 107[µs]
Time needed for computing ind (total): 12427519[µs]
automaton for ind has 47 states.
...of which, 7 are at level 0.
...done.
computing complement of preach...
Time needed for computing complement v_complement of abstraction framework: 101[µs]
Time needed for computing product v_id of abstraction framework with ind: 168[µs]
Time needed for computing product of v_id with complement of abstraction framework: 6197[µs]
Time needed for computing complement of preach: 6619[µs]
...done.
automaton for complement of preach has 14 states.
...of which, 9 states are at level 0.
Time needed for trimming complement of preach: 23[µs]
trying to prove abstract safety...
Time needed for constructing transducer for (initial, unsafe) pairs: 31[µs]
Time needed for constructing transducer for complement of (initial, unsafe) pairs: 40[µs]
Time needed for building union of complements of preach and (initial, unsafe)-transducer: 21[µs]
Time needed for checking universality using antichains-inclusion algorithm: 40[µs]
Time needed for checking abstract safety: 163[µs]
...done.
Result: [0]
This means that the following properties could be separated from the initial configurations:
	[]
While the following properties could not be separated from the initial configurations:
	[exclusivedirty]

real	0m12,591s
user	0m11,883s
sys	0m0,668s
********************
45 of 61
/home/jakob/Documents/abstracton/benchmarks/dodo/dragon.json
t
shareddirty
systemd-run --user --scope -p MemoryMax=32G -p MemorySwapMax=7G timeout 1200 /home/jakob/Documents/abstracton/benchmarks/../build_release/benchmarks/solve_dodo -i t -p shareddirty /home/jakob/Documents/abstracton/benchmarks/dodo/dragon.json --measure-time --no-dot-printing --universality-alg antichains-inclusion --ind-alg project --bddlike
Running as unit: run-p2070213-i2081292.scope; invocation ID: d9d849cbb69746569a5ac08ce6056ca7
Time needed for parsing json file: 4729[µs]
Time needed for converting parser result to bddlike nft type: 211[µs]
alphabet size: 5
using Trap interpretation
Time needed for constructing Trap interpretation transducer: 1752[µs]
computing ind...
Time needed for computing composition v_delta of abstraction framework and transition relation: 7430[µs]
Time needed for computing complement v_complement of abstraction framework: 130[µs]
Time needed for minimizing complement(V): 101[µs]
Time needed for computing intersection 'preprojection' of delta_v and v_complement: 1027[µs]
Time needed for computing complement of ind (i.e. projecting preprojection onto second tape): 1306[µs]
Time needed for minimizing projection: 119541[µs]
Time needed for computing ind: 408[µs]
Time needed for minimizing ind: 625[µs]
Time needed for computing ind (total): 130892[µs]
automaton for ind has 342 states.
...of which, 37 are at level 0.
...done.
computing complement of preach...
Time needed for computing complement v_complement of abstraction framework: 58[µs]
Time needed for computing product v_id of abstraction framework with ind: 940[µs]
Time needed for computing product of v_id with complement of abstraction framework: 67509[µs]
Time needed for computing complement of preach: 68831[µs]
...done.
automaton for complement of preach has 1381 states.
...of which, 1041 states are at level 0.
Time needed for trimming complement of preach: 1333[µs]
trying to prove abstract safety...
Time needed for constructing transducer for (initial, unsafe) pairs: 35[µs]
Time needed for constructing transducer for complement of (initial, unsafe) pairs: 40[µs]
Time needed for building union of complements of preach and (initial, unsafe)-transducer: 981[µs]
Time needed for checking universality using antichains-inclusion algorithm: 1887[µs]
Time needed for checking abstract safety: 3167[µs]
...done.
Result: [1]
This means that the following properties could be separated from the initial configurations:
	[shareddirty]
While the following properties could not be separated from the initial configurations:
	[]

real	0m0,241s
user	0m0,201s
sys	0m0,030s
********************
/home/jakob/Documents/abstracton/benchmarks/dodo/dragon.json
s
shareddirty
systemd-run --user --scope -p MemoryMax=32G -p MemorySwapMax=7G timeout 1200 /home/jakob/Documents/abstracton/benchmarks/../build_release/benchmarks/solve_dodo -i s -p shareddirty /home/jakob/Documents/abstracton/benchmarks/dodo/dragon.json --measure-time --no-dot-printing --universality-alg antichains-inclusion --ind-alg project --bddlike
Running as unit: run-p2070215-i2081293.scope; invocation ID: b84c7c54b7eb4af4894a40fb3b2172de
Time needed for parsing json file: 4711[µs]
Time needed for converting parser result to bddlike nft type: 211[µs]
alphabet size: 5
using Siphon interpretation
Time needed for constructing Siphon interpretation transducer: 714[µs]
computing ind...
Time needed for computing composition v_delta of abstraction framework and transition relation: 5636[µs]
Time needed for computing complement v_complement of abstraction framework: 157[µs]
Time needed for minimizing complement(V): 172[µs]
Time needed for computing intersection 'preprojection' of delta_v and v_complement: 1468[µs]
Time needed for computing complement of ind (i.e. projecting preprojection onto second tape): 1584[µs]
Time needed for minimizing projection: 111305[µs]
Time needed for computing ind: 57[µs]
Time needed for minimizing ind: 67[µs]
Time needed for computing ind (total): 120717[µs]
automaton for ind has 29 states.
...of which, 5 are at level 0.
...done.
computing complement of preach...
Time needed for computing complement v_complement of abstraction framework: 47[µs]
Time needed for computing product v_id of abstraction framework with ind: 96[µs]
Time needed for computing product of v_id with complement of abstraction framework: 1813[µs]
Time needed for computing complement of preach: 2003[µs]
...done.
automaton for complement of preach has 14 states.
...of which, 9 states are at level 0.
Time needed for trimming complement of preach: 10[µs]
trying to prove abstract safety...
Time needed for constructing transducer for (initial, unsafe) pairs: 29[µs]
Time needed for constructing transducer for complement of (initial, unsafe) pairs: 36[µs]
Time needed for building union of complements of preach and (initial, unsafe)-transducer: 18[µs]
Time needed for checking universality using antichains-inclusion algorithm: 34[µs]
Time needed for checking abstract safety: 136[µs]
...done.
Result: [0]
This means that the following properties could be separated from the initial configurations:
	[]
While the following properties could not be separated from the initial configurations:
	[shareddirty]

real	0m0,163s
user	0m0,117s
sys	0m0,026s
********************
/home/jakob/Documents/abstracton/benchmarks/dodo/dragon.json
f
shareddirty
systemd-run --user --scope -p MemoryMax=32G -p MemorySwapMax=7G timeout 1200 /home/jakob/Documents/abstracton/benchmarks/../build_release/benchmarks/solve_dodo -i f -p shareddirty /home/jakob/Documents/abstracton/benchmarks/dodo/dragon.json --measure-time --no-dot-printing --universality-alg antichains-inclusion --ind-alg project --bddlike
Running as unit: run-p2070217-i2081294.scope; invocation ID: dd416d695c3d4a1a809c98297be268d6
Time needed for parsing json file: 4751[µs]
Time needed for converting parser result to bddlike nft type: 212[µs]
alphabet size: 5
using Flow interpretation
Time needed for constructing Flow interpretation transducer: 1443[µs]
computing ind...
Time needed for computing composition v_delta of abstraction framework and transition relation: 9005[µs]
Time needed for computing complement v_complement of abstraction framework: 175[µs]
Time needed for minimizing complement(V): 198[µs]
Time needed for computing intersection 'preprojection' of delta_v and v_complement: 2425[µs]
Time needed for computing complement of ind (i.e. projecting preprojection onto second tape): 6136[µs]
Time needed for minimizing projection: 12232596[µs]
Time needed for computing ind: 186[µs]
Time needed for minimizing ind: 106[µs]
Time needed for computing ind (total): 12251304[µs]
automaton for ind has 47 states.
...of which, 7 are at level 0.
...done.
computing complement of preach...
Time needed for computing complement v_complement of abstraction framework: 90[µs]
Time needed for computing product v_id of abstraction framework with ind: 146[µs]
Time needed for computing product of v_id with complement of abstraction framework: 5906[µs]
Time needed for computing complement of preach: 6302[µs]
...done.
automaton for complement of preach has 14 states.
...of which, 9 states are at level 0.
Time needed for trimming complement of preach: 22[µs]
trying to prove abstract safety...
Time needed for constructing transducer for (initial, unsafe) pairs: 30[µs]
Time needed for constructing transducer for complement of (initial, unsafe) pairs: 56[µs]
Time needed for building union of complements of preach and (initial, unsafe)-transducer: 19[µs]
Time needed for checking universality using antichains-inclusion algorithm: 41[µs]
Time needed for checking abstract safety: 181[µs]
...done.
Result: [0]
This means that the following properties could be separated from the initial configurations:
	[]
While the following properties could not be separated from the initial configurations:
	[shareddirty]

real	0m12,394s
user	0m11,733s
sys	0m0,642s
********************
46 of 61
/home/jakob/Documents/abstracton/benchmarks/dodo/dragon.json
t
dirtyshareddirty
systemd-run --user --scope -p MemoryMax=32G -p MemorySwapMax=7G timeout 1200 /home/jakob/Documents/abstracton/benchmarks/../build_release/benchmarks/solve_dodo -i t -p dirtyshareddirty /home/jakob/Documents/abstracton/benchmarks/dodo/dragon.json --measure-time --no-dot-printing --universality-alg antichains-inclusion --ind-alg project --bddlike
Running as unit: run-p2070249-i2063343.scope; invocation ID: 4d6fe41938e6425f90db98141c116a70
Time needed for parsing json file: 4700[µs]
Time needed for converting parser result to bddlike nft type: 210[µs]
alphabet size: 5
using Trap interpretation
Time needed for constructing Trap interpretation transducer: 1763[µs]
computing ind...
Time needed for computing composition v_delta of abstraction framework and transition relation: 8155[µs]
Time needed for computing complement v_complement of abstraction framework: 130[µs]
Time needed for minimizing complement(V): 101[µs]
Time needed for computing intersection 'preprojection' of delta_v and v_complement: 1011[µs]
Time needed for computing complement of ind (i.e. projecting preprojection onto second tape): 1314[µs]
Time needed for minimizing projection: 118464[µs]
Time needed for computing ind: 412[µs]
Time needed for minimizing ind: 634[µs]
Time needed for computing ind (total): 130544[µs]
automaton for ind has 342 states.
...of which, 37 are at level 0.
...done.
computing complement of preach...
Time needed for computing complement v_complement of abstraction framework: 59[µs]
Time needed for computing product v_id of abstraction framework with ind: 933[µs]
Time needed for computing product of v_id with complement of abstraction framework: 65234[µs]
Time needed for computing complement of preach: 66556[µs]
...done.
automaton for complement of preach has 1381 states.
...of which, 1041 states are at level 0.
Time needed for trimming complement of preach: 1325[µs]
trying to prove abstract safety...
Time needed for constructing transducer for (initial, unsafe) pairs: 34[µs]
Time needed for constructing transducer for complement of (initial, unsafe) pairs: 42[µs]
Time needed for building union of complements of preach and (initial, unsafe)-transducer: 985[µs]
Time needed for checking universality using antichains-inclusion algorithm: 1622[µs]
Time needed for checking abstract safety: 2899[µs]
...done.
Result: [0]
This means that the following properties could be separated from the initial configurations:
	[]
While the following properties could not be separated from the initial configurations:
	[dirtyshareddirty]

real	0m0,249s
user	0m0,197s
sys	0m0,032s
********************
/home/jakob/Documents/abstracton/benchmarks/dodo/dragon.json
s
dirtyshareddirty
systemd-run --user --scope -p MemoryMax=32G -p MemorySwapMax=7G timeout 1200 /home/jakob/Documents/abstracton/benchmarks/../build_release/benchmarks/solve_dodo -i s -p dirtyshareddirty /home/jakob/Documents/abstracton/benchmarks/dodo/dragon.json --measure-time --no-dot-printing --universality-alg antichains-inclusion --ind-alg project --bddlike
Running as unit: run-p2070251-i2063344.scope; invocation ID: e8fb95a55b7048ff99127d147a0876fb
Time needed for parsing json file: 4708[µs]
Time needed for converting parser result to bddlike nft type: 210[µs]
alphabet size: 5
using Siphon interpretation
Time needed for constructing Siphon interpretation transducer: 684[µs]
computing ind...
Time needed for computing composition v_delta of abstraction framework and transition relation: 4980[µs]
Time needed for computing complement v_complement of abstraction framework: 100[µs]
Time needed for minimizing complement(V): 107[µs]
Time needed for computing intersection 'preprojection' of delta_v and v_complement: 957[µs]
Time needed for computing complement of ind (i.e. projecting preprojection onto second tape): 1625[µs]
Time needed for minimizing projection: 112531[µs]
Time needed for computing ind: 47[µs]
Time needed for minimizing ind: 70[µs]
Time needed for computing ind (total): 120672[µs]
automaton for ind has 29 states.
...of which, 5 are at level 0.
...done.
computing complement of preach...
Time needed for computing complement v_complement of abstraction framework: 46[µs]
Time needed for computing product v_id of abstraction framework with ind: 86[µs]
Time needed for computing product of v_id with complement of abstraction framework: 1770[µs]
Time needed for computing complement of preach: 1949[µs]
...done.
automaton for complement of preach has 14 states.
...of which, 9 states are at level 0.
Time needed for trimming complement of preach: 9[µs]
trying to prove abstract safety...
Time needed for constructing transducer for (initial, unsafe) pairs: 28[µs]
Time needed for constructing transducer for complement of (initial, unsafe) pairs: 35[µs]
Time needed for building union of complements of preach and (initial, unsafe)-transducer: 18[µs]
Time needed for checking universality using antichains-inclusion algorithm: 40[µs]
Time needed for checking abstract safety: 139[µs]
...done.
Result: [0]
This means that the following properties could be separated from the initial configurations:
	[]
While the following properties could not be separated from the initial configurations:
	[dirtyshareddirty]

real	0m0,173s
user	0m0,122s
sys	0m0,026s
********************
/home/jakob/Documents/abstracton/benchmarks/dodo/dragon.json
f
dirtyshareddirty
systemd-run --user --scope -p MemoryMax=32G -p MemorySwapMax=7G timeout 1200 /home/jakob/Documents/abstracton/benchmarks/../build_release/benchmarks/solve_dodo -i f -p dirtyshareddirty /home/jakob/Documents/abstracton/benchmarks/dodo/dragon.json --measure-time --no-dot-printing --universality-alg antichains-inclusion --ind-alg project --bddlike
Running as unit: run-p2070253-i2063345.scope; invocation ID: cf3d040ca45d44f58f3f32f3dc98ca4b
Time needed for parsing json file: 3804[µs]
Time needed for converting parser result to bddlike nft type: 170[µs]
alphabet size: 5
using Flow interpretation
Time needed for constructing Flow interpretation transducer: 1173[µs]
computing ind...
Time needed for computing composition v_delta of abstraction framework and transition relation: 7130[µs]
Time needed for computing complement v_complement of abstraction framework: 199[µs]
Time needed for minimizing complement(V): 206[µs]
Time needed for computing intersection 'preprojection' of delta_v and v_complement: 2731[µs]
Time needed for computing complement of ind (i.e. projecting preprojection onto second tape): 4991[µs]
Time needed for minimizing projection: 12229144[µs]
Time needed for computing ind: 185[µs]
Time needed for minimizing ind: 108[µs]
Time needed for computing ind (total): 12245161[µs]
automaton for ind has 47 states.
...of which, 7 are at level 0.
...done.
computing complement of preach...
Time needed for computing complement v_complement of abstraction framework: 96[µs]
Time needed for computing product v_id of abstraction framework with ind: 154[µs]
Time needed for computing product of v_id with complement of abstraction framework: 6156[µs]
Time needed for computing complement of preach: 6558[µs]
...done.
automaton for complement of preach has 14 states.
...of which, 9 states are at level 0.
Time needed for trimming complement of preach: 24[µs]
trying to prove abstract safety...
Time needed for constructing transducer for (initial, unsafe) pairs: 32[µs]
Time needed for constructing transducer for complement of (initial, unsafe) pairs: 40[µs]
Time needed for building union of complements of preach and (initial, unsafe)-transducer: 20[µs]
Time needed for checking universality using antichains-inclusion algorithm: 40[µs]
Time needed for checking abstract safety: 152[µs]
...done.
Result: [0]
This means that the following properties could be separated from the initial configurations:
	[]
While the following properties could not be separated from the initial configurations:
	[dirtyshareddirty]

real	0m12,401s
user	0m11,760s
sys	0m0,625s
********************
47 of 61
/home/jakob/Documents/abstracton/benchmarks/dodo/dragon.json
t
deadlock
systemd-run --user --scope -p MemoryMax=32G -p MemorySwapMax=7G timeout 1200 /home/jakob/Documents/abstracton/benchmarks/../build_release/benchmarks/solve_dodo -i t -p deadlock /home/jakob/Documents/abstracton/benchmarks/dodo/dragon.json --measure-time --no-dot-printing --universality-alg antichains-inclusion --ind-alg project --bddlike
Running as unit: run-p2070306-i2081303.scope; invocation ID: c5c6c788fa4a4e53ac45912ab220a88e
Time needed for parsing json file: 4945[µs]
Time needed for converting parser result to bddlike nft type: 212[µs]
alphabet size: 5
using Trap interpretation
Time needed for constructing Trap interpretation transducer: 2007[µs]
computing ind...
Time needed for computing composition v_delta of abstraction framework and transition relation: 7425[µs]
Time needed for computing complement v_complement of abstraction framework: 128[µs]
Time needed for minimizing complement(V): 101[µs]
Time needed for computing intersection 'preprojection' of delta_v and v_complement: 1015[µs]
Time needed for computing complement of ind (i.e. projecting preprojection onto second tape): 1300[µs]
Time needed for minimizing projection: 120179[µs]
Time needed for computing ind: 428[µs]
Time needed for minimizing ind: 655[µs]
Time needed for computing ind (total): 131566[µs]
automaton for ind has 342 states.
...of which, 37 are at level 0.
...done.
computing complement of preach...
Time needed for computing complement v_complement of abstraction framework: 61[µs]
Time needed for computing product v_id of abstraction framework with ind: 914[µs]
Time needed for computing product of v_id with complement of abstraction framework: 68008[µs]
Time needed for computing complement of preach: 69293[µs]
...done.
automaton for complement of preach has 1381 states.
...of which, 1041 states are at level 0.
Time needed for trimming complement of preach: 1379[µs]
trying to prove abstract safety...
Time needed for constructing transducer for (initial, unsafe) pairs: 51[µs]
Time needed for constructing transducer for complement of (initial, unsafe) pairs: 9[µs]
Time needed for building union of complements of preach and (initial, unsafe)-transducer: 1015[µs]
Time needed for checking universality using antichains-inclusion algorithm: 1646[µs]
Time needed for checking abstract safety: 2951[µs]
...done.
Result: [1]
This means that the following properties could be separated from the initial configurations:
	[deadlock]
While the following properties could not be separated from the initial configurations:
	[]

real	0m0,245s
user	0m0,206s
sys	0m0,027s
********************
/home/jakob/Documents/abstracton/benchmarks/dodo/dragon.json
s
deadlock
systemd-run --user --scope -p MemoryMax=32G -p MemorySwapMax=7G timeout 1200 /home/jakob/Documents/abstracton/benchmarks/../build_release/benchmarks/solve_dodo -i s -p deadlock /home/jakob/Documents/abstracton/benchmarks/dodo/dragon.json --measure-time --no-dot-printing --universality-alg antichains-inclusion --ind-alg project --bddlike
Running as unit: run-p2070310-i2081304.scope; invocation ID: 8051688ae25f483b914a281610ea42ef
Time needed for parsing json file: 4803[µs]
Time needed for converting parser result to bddlike nft type: 215[µs]
alphabet size: 5
using Siphon interpretation
Time needed for constructing Siphon interpretation transducer: 677[µs]
computing ind...
Time needed for computing composition v_delta of abstraction framework and transition relation: 5559[µs]
Time needed for computing complement v_complement of abstraction framework: 187[µs]
Time needed for minimizing complement(V): 170[µs]
Time needed for computing intersection 'preprojection' of delta_v and v_complement: 1529[µs]
Time needed for computing complement of ind (i.e. projecting preprojection onto second tape): 1777[µs]
Time needed for minimizing projection: 110712[µs]
Time needed for computing ind: 47[µs]
Time needed for minimizing ind: 63[µs]
Time needed for computing ind (total): 120318[µs]
automaton for ind has 29 states.
...of which, 5 are at level 0.
...done.
computing complement of preach...
Time needed for computing complement v_complement of abstraction framework: 44[µs]
Time needed for computing product v_id of abstraction framework with ind: 82[µs]
Time needed for computing product of v_id with complement of abstraction framework: 1930[µs]
Time needed for computing complement of preach: 2099[µs]
...done.
automaton for complement of preach has 14 states.
...of which, 9 states are at level 0.
Time needed for trimming complement of preach: 9[µs]
trying to prove abstract safety...
Time needed for constructing transducer for (initial, unsafe) pairs: 41[µs]
Time needed for constructing transducer for complement of (initial, unsafe) pairs: 6[µs]
Time needed for building union of complements of preach and (initial, unsafe)-transducer: 9[µs]
Time needed for checking universality using antichains-inclusion algorithm: 21[µs]
Time needed for checking abstract safety: 96[µs]
...done.
Result: [1]
This means that the following properties could be separated from the initial configurations:
	[deadlock]
While the following properties could not be separated from the initial configurations:
	[]

real	0m0,163s
user	0m0,123s
sys	0m0,019s
********************
/home/jakob/Documents/abstracton/benchmarks/dodo/dragon.json
f
deadlock
systemd-run --user --scope -p MemoryMax=32G -p MemorySwapMax=7G timeout 1200 /home/jakob/Documents/abstracton/benchmarks/../build_release/benchmarks/solve_dodo -i f -p deadlock /home/jakob/Documents/abstracton/benchmarks/dodo/dragon.json --measure-time --no-dot-printing --universality-alg antichains-inclusion --ind-alg project --bddlike
Running as unit: run-p2070314-i2063382.scope; invocation ID: b367351c33d2431698b7c071d53f17d8
Time needed for parsing json file: 4714[µs]
Time needed for converting parser result to bddlike nft type: 212[µs]
alphabet size: 5
using Flow interpretation
Time needed for constructing Flow interpretation transducer: 1353[µs]
computing ind...
Time needed for computing composition v_delta of abstraction framework and transition relation: 7363[µs]
Time needed for computing complement v_complement of abstraction framework: 207[µs]
Time needed for minimizing complement(V): 213[µs]
Time needed for computing intersection 'preprojection' of delta_v and v_complement: 2635[µs]
Time needed for computing complement of ind (i.e. projecting preprojection onto second tape): 5130[µs]
Time needed for minimizing projection: 12035786[µs]
Time needed for computing ind: 203[µs]
Time needed for minimizing ind: 106[µs]
Time needed for computing ind (total): 12052091[µs]
automaton for ind has 47 states.
...of which, 7 are at level 0.
...done.
computing complement of preach...
Time needed for computing complement v_complement of abstraction framework: 103[µs]
Time needed for computing product v_id of abstraction framework with ind: 153[µs]
Time needed for computing product of v_id with complement of abstraction framework: 5970[µs]
Time needed for computing complement of preach: 6305[µs]
...done.
automaton for complement of preach has 14 states.
...of which, 9 states are at level 0.
Time needed for trimming complement of preach: 20[µs]
trying to prove abstract safety...
Time needed for constructing transducer for (initial, unsafe) pairs: 46[µs]
Time needed for constructing transducer for complement of (initial, unsafe) pairs: 7[µs]
Time needed for building union of complements of preach and (initial, unsafe)-transducer: 10[µs]
Time needed for checking universality using antichains-inclusion algorithm: 24[µs]
Time needed for checking abstract safety: 108[µs]
...done.
Result: [1]
This means that the following properties could be separated from the initial configurations:
	[deadlock]
While the following properties could not be separated from the initial configurations:
	[]

real	0m12,209s
user	0m11,537s
sys	0m0,641s
********************
48 of 61
/home/jakob/Documents/abstracton/benchmarks/dodo/firefly.json
t
dirtydirty
systemd-run --user --scope -p MemoryMax=32G -p MemorySwapMax=7G timeout 1200 /home/jakob/Documents/abstracton/benchmarks/../build_release/benchmarks/solve_dodo -i t -p dirtydirty /home/jakob/Documents/abstracton/benchmarks/dodo/firefly.json --measure-time --no-dot-printing --universality-alg antichains-inclusion --ind-alg project --bddlike
Running as unit: run-p2070346-i2081308.scope; invocation ID: efa92f17df6d4d578029c52943577d77
Time needed for parsing json file: 5594[µs]
Time needed for converting parser result to bddlike nft type: 137[µs]
alphabet size: 4
using Trap interpretation
Time needed for constructing Trap interpretation transducer: 902[µs]
computing ind...
Time needed for computing composition v_delta of abstraction framework and transition relation: 5139[µs]
Time needed for computing complement v_complement of abstraction framework: 158[µs]
Time needed for minimizing complement(V): 134[µs]
Time needed for computing intersection 'preprojection' of delta_v and v_complement: 770[µs]
Time needed for computing complement of ind (i.e. projecting preprojection onto second tape): 986[µs]
Time needed for minimizing projection: 18818[µs]
Time needed for computing ind: 52[µs]
Time needed for minimizing ind: 78[µs]
Time needed for computing ind (total): 26356[µs]
automaton for ind has 29 states.
...of which, 6 are at level 0.
...done.
computing complement of preach...
Time needed for computing complement v_complement of abstraction framework: 55[µs]
Time needed for computing product v_id of abstraction framework with ind: 122[µs]
Time needed for computing product of v_id with complement of abstraction framework: 2504[µs]
Time needed for computing complement of preach: 2736[µs]
...done.
automaton for complement of preach has 58 states.
...of which, 38 states are at level 0.
Time needed for trimming complement of preach: 42[µs]
trying to prove abstract safety...
Time needed for constructing transducer for (initial, unsafe) pairs: 26[µs]
Time needed for constructing transducer for complement of (initial, unsafe) pairs: 26[µs]
Time needed for building union of complements of preach and (initial, unsafe)-transducer: 42[µs]
Time needed for checking universality using antichains-inclusion algorithm: 71[µs]
Time needed for checking abstract safety: 186[µs]
...done.
Result: [0]
This means that the following properties could be separated from the initial configurations:
	[]
While the following properties could not be separated from the initial configurations:
	[dirtydirty]

real	0m0,069s
user	0m0,035s
sys	0m0,016s
********************
/home/jakob/Documents/abstracton/benchmarks/dodo/firefly.json
s
dirtydirty
systemd-run --user --scope -p MemoryMax=32G -p MemorySwapMax=7G timeout 1200 /home/jakob/Documents/abstracton/benchmarks/../build_release/benchmarks/solve_dodo -i s -p dirtydirty /home/jakob/Documents/abstracton/benchmarks/dodo/firefly.json --measure-time --no-dot-printing --universality-alg antichains-inclusion --ind-alg project --bddlike
Running as unit: run-p2070348-i2081309.scope; invocation ID: e00564152f754a2d9bea22a3e09a6477
Time needed for parsing json file: 3013[µs]
Time needed for converting parser result to bddlike nft type: 140[µs]
alphabet size: 4
using Siphon interpretation
Time needed for constructing Siphon interpretation transducer: 400[µs]
computing ind...
Time needed for computing composition v_delta of abstraction framework and transition relation: 3037[µs]
Time needed for computing complement v_complement of abstraction framework: 134[µs]
Time needed for minimizing complement(V): 129[µs]
Time needed for computing intersection 'preprojection' of delta_v and v_complement: 741[µs]
Time needed for computing complement of ind (i.e. projecting preprojection onto second tape): 1065[µs]
Time needed for minimizing projection: 28497[µs]
Time needed for computing ind: 64[µs]
Time needed for minimizing ind: 43[µs]
Time needed for computing ind (total): 33902[µs]
automaton for ind has 20 states.
...of which, 5 are at level 0.
...done.
computing complement of preach...
Time needed for computing complement v_complement of abstraction framework: 31[µs]
Time needed for computing product v_id of abstraction framework with ind: 56[µs]
Time needed for computing product of v_id with complement of abstraction framework: 826[µs]
Time needed for computing complement of preach: 942[µs]
...done.
automaton for complement of preach has 7 states.
...of which, 4 states are at level 0.
Time needed for trimming complement of preach: 6[µs]
trying to prove abstract safety...
Time needed for constructing transducer for (initial, unsafe) pairs: 21[µs]
Time needed for constructing transducer for complement of (initial, unsafe) pairs: 26[µs]
Time needed for building union of complements of preach and (initial, unsafe)-transducer: 12[µs]
Time needed for checking universality using antichains-inclusion algorithm: 30[µs]
Time needed for checking abstract safety: 104[µs]
...done.
Result: [0]
This means that the following properties could be separated from the initial configurations:
	[]
While the following properties could not be separated from the initial configurations:
	[dirtydirty]

real	0m0,075s
user	0m0,038s
sys	0m0,018s
********************
/home/jakob/Documents/abstracton/benchmarks/dodo/firefly.json
f
dirtydirty
systemd-run --user --scope -p MemoryMax=32G -p MemorySwapMax=7G timeout 1200 /home/jakob/Documents/abstracton/benchmarks/../build_release/benchmarks/solve_dodo -i f -p dirtydirty /home/jakob/Documents/abstracton/benchmarks/dodo/firefly.json --measure-time --no-dot-printing --universality-alg antichains-inclusion --ind-alg project --bddlike
Running as unit: run-p2070352-i2063395.scope; invocation ID: 2a6dcf9030e24dc5b734ecf93b6848c6
Time needed for parsing json file: 2410[µs]
Time needed for converting parser result to bddlike nft type: 110[µs]
alphabet size: 4
using Flow interpretation
Time needed for constructing Flow interpretation transducer: 638[µs]
computing ind...
Time needed for computing composition v_delta of abstraction framework and transition relation: 4001[µs]
Time needed for computing complement v_complement of abstraction framework: 138[µs]
Time needed for minimizing complement(V): 151[µs]
Time needed for computing intersection 'preprojection' of delta_v and v_complement: 1181[µs]
Time needed for computing complement of ind (i.e. projecting preprojection onto second tape): 2564[µs]
Time needed for minimizing projection: 399247[µs]
Time needed for computing ind: 64[µs]
Time needed for minimizing ind: 79[µs]
Time needed for computing ind (total): 407678[µs]
automaton for ind has 34 states.
...of which, 7 are at level 0.
...done.
computing complement of preach...
Time needed for computing complement v_complement of abstraction framework: 60[µs]
Time needed for computing product v_id of abstraction framework with ind: 115[µs]
Time needed for computing product of v_id with complement of abstraction framework: 2815[µs]
Time needed for computing complement of preach: 3052[µs]
...done.
automaton for complement of preach has 7 states.
...of which, 4 states are at level 0.
Time needed for trimming complement of preach: 10[µs]
trying to prove abstract safety...
Time needed for constructing transducer for (initial, unsafe) pairs: 23[µs]
Time needed for constructing transducer for complement of (initial, unsafe) pairs: 27[µs]
Time needed for building union of complements of preach and (initial, unsafe)-transducer: 12[µs]
Time needed for checking universality using antichains-inclusion algorithm: 31[µs]
Time needed for checking abstract safety: 109[µs]
...done.
Result: [0]
This means that the following properties could be separated from the initial configurations:
	[]
While the following properties could not be separated from the initial configurations:
	[dirtydirty]

real	0m0,456s
user	0m0,386s
sys	0m0,050s
********************
49 of 61
/home/jakob/Documents/abstracton/benchmarks/dodo/firefly.json
t
exclusiveexclusive
systemd-run --user --scope -p MemoryMax=32G -p MemorySwapMax=7G timeout 1200 /home/jakob/Documents/abstracton/benchmarks/../build_release/benchmarks/solve_dodo -i t -p exclusiveexclusive /home/jakob/Documents/abstracton/benchmarks/dodo/firefly.json --measure-time --no-dot-printing --universality-alg antichains-inclusion --ind-alg project --bddlike
Running as unit: run-p2070360-i2063398.scope; invocation ID: 6935d658aab642ce80e5b74ceeb01a9b
Time needed for parsing json file: 3010[µs]
Time needed for converting parser result to bddlike nft type: 137[µs]
alphabet size: 4
using Trap interpretation
Time needed for constructing Trap interpretation transducer: 899[µs]
computing ind...
Time needed for computing composition v_delta of abstraction framework and transition relation: 4906[µs]
Time needed for computing complement v_complement of abstraction framework: 106[µs]
Time needed for minimizing complement(V): 80[µs]
Time needed for computing intersection 'preprojection' of delta_v and v_complement: 535[µs]
Time needed for computing complement of ind (i.e. projecting preprojection onto second tape): 659[µs]
Time needed for minimizing projection: 18671[µs]
Time needed for computing ind: 41[µs]
Time needed for minimizing ind: 61[µs]
Time needed for computing ind (total): 25259[µs]
automaton for ind has 29 states.
...of which, 6 are at level 0.
...done.
computing complement of preach...
Time needed for computing complement v_complement of abstraction framework: 42[µs]
Time needed for computing product v_id of abstraction framework with ind: 92[µs]
Time needed for computing product of v_id with complement of abstraction framework: 2271[µs]
Time needed for computing complement of preach: 2446[µs]
...done.
automaton for complement of preach has 58 states.
...of which, 38 states are at level 0.
Time needed for trimming complement of preach: 42[µs]
trying to prove abstract safety...
Time needed for constructing transducer for (initial, unsafe) pairs: 26[µs]
Time needed for constructing transducer for complement of (initial, unsafe) pairs: 26[µs]
Time needed for building union of complements of preach and (initial, unsafe)-transducer: 42[µs]
Time needed for checking universality using antichains-inclusion algorithm: 74[µs]
Time needed for checking abstract safety: 187[µs]
...done.
Result: [0]
This means that the following properties could be separated from the initial configurations:
	[]
While the following properties could not be separated from the initial configurations:
	[exclusiveexclusive]

real	0m0,071s
user	0m0,037s
sys	0m0,014s
********************
/home/jakob/Documents/abstracton/benchmarks/dodo/firefly.json
s
exclusiveexclusive
systemd-run --user --scope -p MemoryMax=32G -p MemorySwapMax=7G timeout 1200 /home/jakob/Documents/abstracton/benchmarks/../build_release/benchmarks/solve_dodo -i s -p exclusiveexclusive /home/jakob/Documents/abstracton/benchmarks/dodo/firefly.json --measure-time --no-dot-printing --universality-alg antichains-inclusion --ind-alg project --bddlike
Running as unit: run-p2070362-i2063399.scope; invocation ID: 7bff20571baf45e19b2294391b48a201
Time needed for parsing json file: 2999[µs]
Time needed for converting parser result to bddlike nft type: 137[µs]
alphabet size: 4
using Siphon interpretation
Time needed for constructing Siphon interpretation transducer: 406[µs]
computing ind...
Time needed for computing composition v_delta of abstraction framework and transition relation: 3116[µs]
Time needed for computing complement v_complement of abstraction framework: 129[µs]
Time needed for minimizing complement(V): 129[µs]
Time needed for computing intersection 'preprojection' of delta_v and v_complement: 744[µs]
Time needed for computing complement of ind (i.e. projecting preprojection onto second tape): 1028[µs]
Time needed for minimizing projection: 28792[µs]
Time needed for computing ind: 51[µs]
Time needed for minimizing ind: 44[µs]
Time needed for computing ind (total): 34218[µs]
automaton for ind has 20 states.
...of which, 5 are at level 0.
...done.
computing complement of preach...
Time needed for computing complement v_complement of abstraction framework: 32[µs]
Time needed for computing product v_id of abstraction framework with ind: 57[µs]
Time needed for computing product of v_id with complement of abstraction framework: 764[µs]
Time needed for computing complement of preach: 877[µs]
...done.
automaton for complement of preach has 7 states.
...of which, 4 states are at level 0.
Time needed for trimming complement of preach: 6[µs]
trying to prove abstract safety...
Time needed for constructing transducer for (initial, unsafe) pairs: 20[µs]
Time needed for constructing transducer for complement of (initial, unsafe) pairs: 30[µs]
Time needed for building union of complements of preach and (initial, unsafe)-transducer: 11[µs]
Time needed for checking universality using antichains-inclusion algorithm: 33[µs]
Time needed for checking abstract safety: 111[µs]
...done.
Result: [0]
This means that the following properties could be separated from the initial configurations:
	[]
While the following properties could not be separated from the initial configurations:
	[exclusiveexclusive]

real	0m0,073s
user	0m0,042s
sys	0m0,011s
********************
/home/jakob/Documents/abstracton/benchmarks/dodo/firefly.json
f
exclusiveexclusive
systemd-run --user --scope -p MemoryMax=32G -p MemorySwapMax=7G timeout 1200 /home/jakob/Documents/abstracton/benchmarks/../build_release/benchmarks/solve_dodo -i f -p exclusiveexclusive /home/jakob/Documents/abstracton/benchmarks/dodo/firefly.json --measure-time --no-dot-printing --universality-alg antichains-inclusion --ind-alg project --bddlike
Running as unit: run-p2070364-i2063400.scope; invocation ID: 6120c343be354f9fa3601c8da7b6382e
Time needed for parsing json file: 2407[µs]
Time needed for converting parser result to bddlike nft type: 110[µs]
alphabet size: 4
using Flow interpretation
Time needed for constructing Flow interpretation transducer: 648[µs]
computing ind...
Time needed for computing composition v_delta of abstraction framework and transition relation: 3947[µs]
Time needed for computing complement v_complement of abstraction framework: 140[µs]
Time needed for minimizing complement(V): 151[µs]
Time needed for computing intersection 'preprojection' of delta_v and v_complement: 1190[µs]
Time needed for computing complement of ind (i.e. projecting preprojection onto second tape): 2572[µs]
Time needed for minimizing projection: 394148[µs]
Time needed for computing ind: 63[µs]
Time needed for minimizing ind: 79[µs]
Time needed for computing ind (total): 402563[µs]
automaton for ind has 34 states.
...of which, 7 are at level 0.
...done.
computing complement of preach...
Time needed for computing complement v_complement of abstraction framework: 58[µs]
Time needed for computing product v_id of abstraction framework with ind: 111[µs]
Time needed for computing product of v_id with complement of abstraction framework: 2746[µs]
Time needed for computing complement of preach: 2975[µs]
...done.
automaton for complement of preach has 7 states.
...of which, 4 states are at level 0.
Time needed for trimming complement of preach: 10[µs]
trying to prove abstract safety...
Time needed for constructing transducer for (initial, unsafe) pairs: 24[µs]
Time needed for constructing transducer for complement of (initial, unsafe) pairs: 27[µs]
Time needed for building union of complements of preach and (initial, unsafe)-transducer: 13[µs]
Time needed for checking universality using antichains-inclusion algorithm: 32[µs]
Time needed for checking abstract safety: 111[µs]
...done.
Result: [0]
This means that the following properties could be separated from the initial configurations:
	[]
While the following properties could not be separated from the initial configurations:
	[exclusiveexclusive]

real	0m0,449s
user	0m0,392s
sys	0m0,035s
********************
50 of 61
/home/jakob/Documents/abstracton/benchmarks/dodo/firefly.json
t
dirtyshared
systemd-run --user --scope -p MemoryMax=32G -p MemorySwapMax=7G timeout 1200 /home/jakob/Documents/abstracton/benchmarks/../build_release/benchmarks/solve_dodo -i t -p dirtyshared /home/jakob/Documents/abstracton/benchmarks/dodo/firefly.json --measure-time --no-dot-printing --universality-alg antichains-inclusion --ind-alg project --bddlike
Running as unit: run-p2070372-i2063403.scope; invocation ID: 6ee2a9a976944865a5f6af3abd38b7b7
Time needed for parsing json file: 3019[µs]
Time needed for converting parser result to bddlike nft type: 139[µs]
alphabet size: 4
using Trap interpretation
Time needed for constructing Trap interpretation transducer: 890[µs]
computing ind...
Time needed for computing composition v_delta of abstraction framework and transition relation: 5128[µs]
Time needed for computing complement v_complement of abstraction framework: 100[µs]
Time needed for minimizing complement(V): 76[µs]
Time needed for computing intersection 'preprojection' of delta_v and v_complement: 493[µs]
Time needed for computing complement of ind (i.e. projecting preprojection onto second tape): 624[µs]
Time needed for minimizing projection: 18276[µs]
Time needed for computing ind: 40[µs]
Time needed for minimizing ind: 59[µs]
Time needed for computing ind (total): 24965[µs]
automaton for ind has 29 states.
...of which, 6 are at level 0.
...done.
computing complement of preach...
Time needed for computing complement v_complement of abstraction framework: 42[µs]
Time needed for computing product v_id of abstraction framework with ind: 100[µs]
Time needed for computing product of v_id with complement of abstraction framework: 2193[µs]
Time needed for computing complement of preach: 2380[µs]
...done.
automaton for complement of preach has 58 states.
...of which, 38 states are at level 0.
Time needed for trimming complement of preach: 42[µs]
trying to prove abstract safety...
Time needed for constructing transducer for (initial, unsafe) pairs: 28[µs]
Time needed for constructing transducer for complement of (initial, unsafe) pairs: 33[µs]
Time needed for building union of complements of preach and (initial, unsafe)-transducer: 43[µs]
Time needed for checking universality using antichains-inclusion algorithm: 74[µs]
Time needed for checking abstract safety: 200[µs]
...done.
Result: [0]
This means that the following properties could be separated from the initial configurations:
	[]
While the following properties could not be separated from the initial configurations:
	[dirtyshared]

real	0m0,075s
user	0m0,033s
sys	0m0,017s
********************
/home/jakob/Documents/abstracton/benchmarks/dodo/firefly.json
s
dirtyshared
systemd-run --user --scope -p MemoryMax=32G -p MemorySwapMax=7G timeout 1200 /home/jakob/Documents/abstracton/benchmarks/../build_release/benchmarks/solve_dodo -i s -p dirtyshared /home/jakob/Documents/abstracton/benchmarks/dodo/firefly.json --measure-time --no-dot-printing --universality-alg antichains-inclusion --ind-alg project --bddlike
Running as unit: run-p2070374-i2063404.scope; invocation ID: 165d516536b743a9ae2a78772ea66350
Time needed for parsing json file: 2999[µs]
Time needed for converting parser result to bddlike nft type: 138[µs]
alphabet size: 4
using Siphon interpretation
Time needed for constructing Siphon interpretation transducer: 449[µs]
computing ind...
Time needed for computing composition v_delta of abstraction framework and transition relation: 3075[µs]
Time needed for computing complement v_complement of abstraction framework: 118[µs]
Time needed for minimizing complement(V): 129[µs]
Time needed for computing intersection 'preprojection' of delta_v and v_complement: 781[µs]
Time needed for computing complement of ind (i.e. projecting preprojection onto second tape): 1023[µs]
Time needed for minimizing projection: 29199[µs]
Time needed for computing ind: 54[µs]
Time needed for minimizing ind: 45[µs]
Time needed for computing ind (total): 34606[µs]
automaton for ind has 20 states.
...of which, 5 are at level 0.
...done.
computing complement of preach...
Time needed for computing complement v_complement of abstraction framework: 32[µs]
Time needed for computing product v_id of abstraction framework with ind: 60[µs]
Time needed for computing product of v_id with complement of abstraction framework: 806[µs]
Time needed for computing complement of preach: 937[µs]
...done.
automaton for complement of preach has 7 states.
...of which, 4 states are at level 0.
Time needed for trimming complement of preach: 12[µs]
trying to prove abstract safety...
Time needed for constructing transducer for (initial, unsafe) pairs: 25[µs]
Time needed for constructing transducer for complement of (initial, unsafe) pairs: 31[µs]
Time needed for building union of complements of preach and (initial, unsafe)-transducer: 14[µs]
Time needed for checking universality using antichains-inclusion algorithm: 32[µs]
Time needed for checking abstract safety: 119[µs]
...done.
Result: [0]
This means that the following properties could be separated from the initial configurations:
	[]
While the following properties could not be separated from the initial configurations:
	[dirtyshared]

real	0m0,073s
user	0m0,045s
sys	0m0,012s
********************
/home/jakob/Documents/abstracton/benchmarks/dodo/firefly.json
f
dirtyshared
systemd-run --user --scope -p MemoryMax=32G -p MemorySwapMax=7G timeout 1200 /home/jakob/Documents/abstracton/benchmarks/../build_release/benchmarks/solve_dodo -i f -p dirtyshared /home/jakob/Documents/abstracton/benchmarks/dodo/firefly.json --measure-time --no-dot-printing --universality-alg antichains-inclusion --ind-alg project --bddlike
Running as unit: run-p2070376-i2081314.scope; invocation ID: 872d2f1dbd6e4bcb9ee154a52aebdea2
Time needed for parsing json file: 2401[µs]
Time needed for converting parser result to bddlike nft type: 110[µs]
alphabet size: 4
using Flow interpretation
Time needed for constructing Flow interpretation transducer: 678[µs]
computing ind...
Time needed for computing composition v_delta of abstraction framework and transition relation: 4210[µs]
Time needed for computing complement v_complement of abstraction framework: 105[µs]
Time needed for minimizing complement(V): 111[µs]
Time needed for computing intersection 'preprojection' of delta_v and v_complement: 871[µs]
Time needed for computing complement of ind (i.e. projecting preprojection onto second tape): 1899[µs]
Time needed for minimizing projection: 392756[µs]
Time needed for computing ind: 67[µs]
Time needed for minimizing ind: 83[µs]
Time needed for computing ind (total): 400353[µs]
automaton for ind has 34 states.
...of which, 7 are at level 0.
...done.
computing complement of preach...
Time needed for computing complement v_complement of abstraction framework: 61[µs]
Time needed for computing product v_id of abstraction framework with ind: 117[µs]
Time needed for computing product of v_id with complement of abstraction framework: 2822[µs]
Time needed for computing complement of preach: 3068[µs]
...done.
automaton for complement of preach has 7 states.
...of which, 4 states are at level 0.
Time needed for trimming complement of preach: 10[µs]
trying to prove abstract safety...
Time needed for constructing transducer for (initial, unsafe) pairs: 27[µs]
Time needed for constructing transducer for complement of (initial, unsafe) pairs: 33[µs]
Time needed for building union of complements of preach and (initial, unsafe)-transducer: 14[µs]
Time needed for checking universality using antichains-inclusion algorithm: 34[µs]
Time needed for checking abstract safety: 125[µs]
...done.
Result: [0]
This means that the following properties could be separated from the initial configurations:
	[]
While the following properties could not be separated from the initial configurations:
	[dirtyshared]

real	0m0,446s
user	0m0,383s
sys	0m0,045s
********************
51 of 61
/home/jakob/Documents/abstracton/benchmarks/dodo/firefly.json
t
dirtyexclusive
systemd-run --user --scope -p MemoryMax=32G -p MemorySwapMax=7G timeout 1200 /home/jakob/Documents/abstracton/benchmarks/../build_release/benchmarks/solve_dodo -i t -p dirtyexclusive /home/jakob/Documents/abstracton/benchmarks/dodo/firefly.json --measure-time --no-dot-printing --universality-alg antichains-inclusion --ind-alg project --bddlike
Running as unit: run-p2070388-i2081317.scope; invocation ID: 3b306220d9594f57952253776ca1c6a3
Time needed for parsing json file: 3022[µs]
Time needed for converting parser result to bddlike nft type: 138[µs]
alphabet size: 4
using Trap interpretation
Time needed for constructing Trap interpretation transducer: 885[µs]
computing ind...
Time needed for computing composition v_delta of abstraction framework and transition relation: 4629[µs]
Time needed for computing complement v_complement of abstraction framework: 125[µs]
Time needed for minimizing complement(V): 96[µs]
Time needed for computing intersection 'preprojection' of delta_v and v_complement: 630[µs]
Time needed for computing complement of ind (i.e. projecting preprojection onto second tape): 783[µs]
Time needed for minimizing projection: 19396[µs]
Time needed for computing ind: 43[µs]
Time needed for minimizing ind: 66[µs]
Time needed for computing ind (total): 25950[µs]
automaton for ind has 29 states.
...of which, 6 are at level 0.
...done.
computing complement of preach...
Time needed for computing complement v_complement of abstraction framework: 46[µs]
Time needed for computing product v_id of abstraction framework with ind: 103[µs]
Time needed for computing product of v_id with complement of abstraction framework: 2508[µs]
Time needed for computing complement of preach: 2699[µs]
...done.
automaton for complement of preach has 58 states.
...of which, 38 states are at level 0.
Time needed for trimming complement of preach: 48[µs]
trying to prove abstract safety...
Time needed for constructing transducer for (initial, unsafe) pairs: 32[µs]
Time needed for constructing transducer for complement of (initial, unsafe) pairs: 36[µs]
Time needed for building union of complements of preach and (initial, unsafe)-transducer: 48[µs]
Time needed for checking universality using antichains-inclusion algorithm: 84[µs]
Time needed for checking abstract safety: 224[µs]
...done.
Result: [0]
This means that the following properties could be separated from the initial configurations:
	[]
While the following properties could not be separated from the initial configurations:
	[dirtyexclusive]

real	0m0,073s
user	0m0,043s
sys	0m0,010s
********************
/home/jakob/Documents/abstracton/benchmarks/dodo/firefly.json
s
dirtyexclusive
systemd-run --user --scope -p MemoryMax=32G -p MemorySwapMax=7G timeout 1200 /home/jakob/Documents/abstracton/benchmarks/../build_release/benchmarks/solve_dodo -i s -p dirtyexclusive /home/jakob/Documents/abstracton/benchmarks/dodo/firefly.json --measure-time --no-dot-printing --universality-alg antichains-inclusion --ind-alg project --bddlike
Running as unit: run-p2070390-i2081318.scope; invocation ID: 61cedcd61d854e0d95967c00f338a588
Time needed for parsing json file: 3017[µs]
Time needed for converting parser result to bddlike nft type: 137[µs]
alphabet size: 4
using Siphon interpretation
Time needed for constructing Siphon interpretation transducer: 445[µs]
computing ind...
Time needed for computing composition v_delta of abstraction framework and transition relation: 3068[µs]
Time needed for computing complement v_complement of abstraction framework: 119[µs]
Time needed for minimizing complement(V): 128[µs]
Time needed for computing intersection 'preprojection' of delta_v and v_complement: 763[µs]
Time needed for computing complement of ind (i.e. projecting preprojection onto second tape): 860[µs]
Time needed for minimizing projection: 26388[µs]
Time needed for computing ind: 51[µs]
Time needed for minimizing ind: 44[µs]
Time needed for computing ind (total): 31590[µs]
automaton for ind has 20 states.
...of which, 5 are at level 0.
...done.
computing complement of preach...
Time needed for computing complement v_complement of abstraction framework: 31[µs]
Time needed for computing product v_id of abstraction framework with ind: 58[µs]
Time needed for computing product of v_id with complement of abstraction framework: 766[µs]
Time needed for computing complement of preach: 898[µs]
...done.
automaton for complement of preach has 7 states.
...of which, 4 states are at level 0.
Time needed for trimming complement of preach: 11[µs]
trying to prove abstract safety...
Time needed for constructing transducer for (initial, unsafe) pairs: 24[µs]
Time needed for constructing transducer for complement of (initial, unsafe) pairs: 30[µs]
Time needed for building union of complements of preach and (initial, unsafe)-transducer: 13[µs]
Time needed for checking universality using antichains-inclusion algorithm: 36[µs]
Time needed for checking abstract safety: 122[µs]
...done.
Result: [0]
This means that the following properties could be separated from the initial configurations:
	[]
While the following properties could not be separated from the initial configurations:
	[dirtyexclusive]

real	0m0,071s
user	0m0,041s
sys	0m0,015s
********************
/home/jakob/Documents/abstracton/benchmarks/dodo/firefly.json
f
dirtyexclusive
systemd-run --user --scope -p MemoryMax=32G -p MemorySwapMax=7G timeout 1200 /home/jakob/Documents/abstracton/benchmarks/../build_release/benchmarks/solve_dodo -i f -p dirtyexclusive /home/jakob/Documents/abstracton/benchmarks/dodo/firefly.json --measure-time --no-dot-printing --universality-alg antichains-inclusion --ind-alg project --bddlike
Running as unit: run-p2070392-i2081319.scope; invocation ID: b03e62020ed446dfba207d1e64bd1ebe
Time needed for parsing json file: 1825[µs]
Time needed for converting parser result to bddlike nft type: 82[µs]
alphabet size: 4
using Flow interpretation
Time needed for constructing Flow interpretation transducer: 483[µs]
computing ind...
Time needed for computing composition v_delta of abstraction framework and transition relation: 4291[µs]
Time needed for computing complement v_complement of abstraction framework: 158[µs]
Time needed for minimizing complement(V): 171[µs]
Time needed for computing intersection 'preprojection' of delta_v and v_complement: 1333[µs]
Time needed for computing complement of ind (i.e. projecting preprojection onto second tape): 2937[µs]
Time needed for minimizing projection: 395267[µs]
Time needed for computing ind: 63[µs]
Time needed for minimizing ind: 76[µs]
Time needed for computing ind (total): 404560[µs]
automaton for ind has 34 states.
...of which, 7 are at level 0.
...done.
computing complement of preach...
Time needed for computing complement v_complement of abstraction framework: 58[µs]
Time needed for computing product v_id of abstraction framework with ind: 112[µs]
Time needed for computing product of v_id with complement of abstraction framework: 2892[µs]
Time needed for computing complement of preach: 3127[µs]
...done.
automaton for complement of preach has 7 states.
...of which, 4 states are at level 0.
Time needed for trimming complement of preach: 10[µs]
trying to prove abstract safety...
Time needed for constructing transducer for (initial, unsafe) pairs: 26[µs]
Time needed for constructing transducer for complement of (initial, unsafe) pairs: 33[µs]
Time needed for building union of complements of preach and (initial, unsafe)-transducer: 14[µs]
Time needed for checking universality using antichains-inclusion algorithm: 33[µs]
Time needed for checking abstract safety: 123[µs]
...done.
Result: [0]
This means that the following properties could be separated from the initial configurations:
	[]
While the following properties could not be separated from the initial configurations:
	[dirtyexclusive]

real	0m0,443s
user	0m0,394s
sys	0m0,034s
********************
52 of 61
/home/jakob/Documents/abstracton/benchmarks/dodo/firefly.json
t
deadlock
systemd-run --user --scope -p MemoryMax=32G -p MemorySwapMax=7G timeout 1200 /home/jakob/Documents/abstracton/benchmarks/../build_release/benchmarks/solve_dodo -i t -p deadlock /home/jakob/Documents/abstracton/benchmarks/dodo/firefly.json --measure-time --no-dot-printing --universality-alg antichains-inclusion --ind-alg project --bddlike
Running as unit: run-p2070400-i2063414.scope; invocation ID: 0ced1f97c718492da6798cf1db5ade19
Time needed for parsing json file: 3035[µs]
Time needed for converting parser result to bddlike nft type: 136[µs]
alphabet size: 4
using Trap interpretation
Time needed for constructing Trap interpretation transducer: 897[µs]
computing ind...
Time needed for computing composition v_delta of abstraction framework and transition relation: 4890[µs]
Time needed for computing complement v_complement of abstraction framework: 105[µs]
Time needed for minimizing complement(V): 81[µs]
Time needed for computing intersection 'preprojection' of delta_v and v_complement: 527[µs]
Time needed for computing complement of ind (i.e. projecting preprojection onto second tape): 653[µs]
Time needed for minimizing projection: 18629[µs]
Time needed for computing ind: 41[µs]
Time needed for minimizing ind: 58[µs]
Time needed for computing ind (total): 25160[µs]
automaton for ind has 29 states.
...of which, 6 are at level 0.
...done.
computing complement of preach...
Time needed for computing complement v_complement of abstraction framework: 42[µs]
Time needed for computing product v_id of abstraction framework with ind: 93[µs]
Time needed for computing product of v_id with complement of abstraction framework: 2197[µs]
Time needed for computing complement of preach: 2377[µs]
...done.
automaton for complement of preach has 58 states.
...of which, 38 states are at level 0.
Time needed for trimming complement of preach: 61[µs]
trying to prove abstract safety...
Time needed for constructing transducer for (initial, unsafe) pairs: 39[µs]
Time needed for constructing transducer for complement of (initial, unsafe) pairs: 6[µs]
Time needed for building union of complements of preach and (initial, unsafe)-transducer: 38[µs]
Time needed for checking universality using antichains-inclusion algorithm: 61[µs]
Time needed for checking abstract safety: 171[µs]
...done.
Result: [1]
This means that the following properties could be separated from the initial configurations:
	[deadlock]
While the following properties could not be separated from the initial configurations:
	[]

real	0m0,066s
user	0m0,033s
sys	0m0,014s
********************
/home/jakob/Documents/abstracton/benchmarks/dodo/firefly.json
s
deadlock
systemd-run --user --scope -p MemoryMax=32G -p MemorySwapMax=7G timeout 1200 /home/jakob/Documents/abstracton/benchmarks/../build_release/benchmarks/solve_dodo -i s -p deadlock /home/jakob/Documents/abstracton/benchmarks/dodo/firefly.json --measure-time --no-dot-printing --universality-alg antichains-inclusion --ind-alg project --bddlike
Running as unit: run-p2070402-i2063415.scope; invocation ID: e0c4988a132247ee9b3a6dc7f062c622
Time needed for parsing json file: 3229[µs]
Time needed for converting parser result to bddlike nft type: 136[µs]
alphabet size: 4
using Siphon interpretation
Time needed for constructing Siphon interpretation transducer: 414[µs]
computing ind...
Time needed for computing composition v_delta of abstraction framework and transition relation: 3081[µs]
Time needed for computing complement v_complement of abstraction framework: 122[µs]
Time needed for minimizing complement(V): 85[µs]
Time needed for computing intersection 'preprojection' of delta_v and v_complement: 505[µs]
Time needed for computing complement of ind (i.e. projecting preprojection onto second tape): 674[µs]
Time needed for minimizing projection: 26754[µs]
Time needed for computing ind: 53[µs]
Time needed for minimizing ind: 43[µs]
Time needed for computing ind (total): 31478[µs]
automaton for ind has 20 states.
...of which, 5 are at level 0.
...done.
computing complement of preach...
Time needed for computing complement v_complement of abstraction framework: 31[µs]
Time needed for computing product v_id of abstraction framework with ind: 58[µs]
Time needed for computing product of v_id with complement of abstraction framework: 799[µs]
Time needed for computing complement of preach: 914[µs]
...done.
automaton for complement of preach has 7 states.
...of which, 4 states are at level 0.
Time needed for trimming complement of preach: 5[µs]
trying to prove abstract safety...
Time needed for constructing transducer for (initial, unsafe) pairs: 37[µs]
Time needed for constructing transducer for complement of (initial, unsafe) pairs: 5[µs]
Time needed for building union of complements of preach and (initial, unsafe)-transducer: 7[µs]
Time needed for checking universality using antichains-inclusion algorithm: 17[µs]
Time needed for checking abstract safety: 82[µs]
...done.
Result: [1]
This means that the following properties could be separated from the initial configurations:
	[deadlock]
While the following properties could not be separated from the initial configurations:
	[]

real	0m0,066s
user	0m0,030s
sys	0m0,022s
********************
/home/jakob/Documents/abstracton/benchmarks/dodo/firefly.json
f
deadlock
systemd-run --user --scope -p MemoryMax=32G -p MemorySwapMax=7G timeout 1200 /home/jakob/Documents/abstracton/benchmarks/../build_release/benchmarks/solve_dodo -i f -p deadlock /home/jakob/Documents/abstracton/benchmarks/dodo/firefly.json --measure-time --no-dot-printing --universality-alg antichains-inclusion --ind-alg project --bddlike
Running as unit: run-p2070404-i2063416.scope; invocation ID: 60a15895f73e459385d4ce8dafbfef5e
Time needed for parsing json file: 2896[µs]
Time needed for converting parser result to bddlike nft type: 137[µs]
alphabet size: 4
using Flow interpretation
Time needed for constructing Flow interpretation transducer: 814[µs]
computing ind...
Time needed for computing composition v_delta of abstraction framework and transition relation: 5108[µs]
Time needed for computing complement v_complement of abstraction framework: 196[µs]
Time needed for minimizing complement(V): 213[µs]
Time needed for computing intersection 'preprojection' of delta_v and v_complement: 1330[µs]
Time needed for computing complement of ind (i.e. projecting preprojection onto second tape): 2282[µs]
Time needed for minimizing projection: 398634[µs]
Time needed for computing ind: 88[µs]
Time needed for minimizing ind: 83[µs]
Time needed for computing ind (total): 408199[µs]
automaton for ind has 34 states.
...of which, 7 are at level 0.
...done.
computing complement of preach...
Time needed for computing complement v_complement of abstraction framework: 63[µs]
Time needed for computing product v_id of abstraction framework with ind: 119[µs]
Time needed for computing product of v_id with complement of abstraction framework: 2776[µs]
Time needed for computing complement of preach: 3009[µs]
...done.
automaton for complement of preach has 7 states.
...of which, 4 states are at level 0.
Time needed for trimming complement of preach: 9[µs]
trying to prove abstract safety...
Time needed for constructing transducer for (initial, unsafe) pairs: 40[µs]
Time needed for constructing transducer for complement of (initial, unsafe) pairs: 6[µs]
Time needed for building union of complements of preach and (initial, unsafe)-transducer: 8[µs]
Time needed for checking universality using antichains-inclusion algorithm: 19[µs]
Time needed for checking abstract safety: 90[µs]
...done.
Result: [1]
This means that the following properties could be separated from the initial configurations:
	[deadlock]
While the following properties could not be separated from the initial configurations:
	[]

real	0m0,460s
user	0m0,400s
sys	0m0,034s
********************
53 of 61
/home/jakob/Documents/abstracton/benchmarks/dodo/left-dining-philosophers.json
t
deadlock
systemd-run --user --scope -p MemoryMax=32G -p MemorySwapMax=7G timeout 1200 /home/jakob/Documents/abstracton/benchmarks/../build_release/benchmarks/solve_dodo -i t -p deadlock /home/jakob/Documents/abstracton/benchmarks/dodo/left-dining-philosophers.json --measure-time --no-dot-printing --universality-alg antichains-inclusion --ind-alg project --bddlike
Running as unit: run-p2070412-i2081322.scope; invocation ID: 9b80134de53e46dfadd630e6b8f5102c
Time needed for parsing json file: 5500[µs]
Time needed for converting parser result to bddlike nft type: 97[µs]
alphabet size: 6
using Trap interpretation
Time needed for constructing Trap interpretation transducer: 4478[µs]
computing ind...
Time needed for computing composition v_delta of abstraction framework and transition relation: 2640[µs]
Time needed for computing complement v_complement of abstraction framework: 238[µs]
Time needed for minimizing complement(V): 201[µs]
Time needed for computing intersection 'preprojection' of delta_v and v_complement: 714[µs]
Time needed for computing complement of ind (i.e. projecting preprojection onto second tape): 820[µs]
Time needed for minimizing projection: 28423[µs]
Time needed for computing ind: 433[µs]
Time needed for minimizing ind: 686[µs]
Time needed for computing ind (total): 34379[µs]
automaton for ind has 407 states.
...of which, 41 are at level 0.
...done.
computing complement of preach...
Time needed for computing complement v_complement of abstraction framework: 72[µs]
Time needed for computing product v_id of abstraction framework with ind: 1048[µs]
Time needed for computing product of v_id with complement of abstraction framework: 121900[µs]
Time needed for computing complement of preach: 123358[µs]
...done.
automaton for complement of preach has 1600 states.
...of which, 1150 states are at level 0.
Time needed for trimming complement of preach: 1807[µs]
trying to prove abstract safety...
Time needed for constructing transducer for (initial, unsafe) pairs: 92[µs]
Time needed for constructing transducer for complement of (initial, unsafe) pairs: 103[µs]
Time needed for building union of complements of preach and (initial, unsafe)-transducer: 1224[µs]
Time needed for checking universality using antichains-inclusion algorithm: 2496[µs]
Time needed for checking abstract safety: 4211[µs]
...done.
Result: [0]
This means that the following properties could be separated from the initial configurations:
	[]
While the following properties could not be separated from the initial configurations:
	[deadlock]

real	0m0,213s
user	0m0,158s
sys	0m0,036s
********************
/home/jakob/Documents/abstracton/benchmarks/dodo/left-dining-philosophers.json
s
deadlock
systemd-run --user --scope -p MemoryMax=32G -p MemorySwapMax=7G timeout 1200 /home/jakob/Documents/abstracton/benchmarks/../build_release/benchmarks/solve_dodo -i s -p deadlock /home/jakob/Documents/abstracton/benchmarks/dodo/left-dining-philosophers.json --measure-time --no-dot-printing --universality-alg antichains-inclusion --ind-alg project --bddlike
Running as unit: run-p2070415-i2081323.scope; invocation ID: 8137a4ec3fa44ab4a4c931f6d3bef7db
Time needed for parsing json file: 2567[µs]
Time needed for converting parser result to bddlike nft type: 97[µs]
alphabet size: 6
using Siphon interpretation
Time needed for constructing Siphon interpretation transducer: 1346[µs]
computing ind...
Time needed for computing composition v_delta of abstraction framework and transition relation: 2173[µs]
Time needed for computing complement v_complement of abstraction framework: 182[µs]
Time needed for minimizing complement(V): 163[µs]
Time needed for computing intersection 'preprojection' of delta_v and v_complement: 506[µs]
Time needed for computing complement of ind (i.e. projecting preprojection onto second tape): 828[µs]
Time needed for minimizing projection: 29723[µs]
Time needed for computing ind: 430[µs]
Time needed for minimizing ind: 698[µs]
Time needed for computing ind (total): 34900[µs]
automaton for ind has 402 states.
...of which, 42 are at level 0.
...done.
computing complement of preach...
Time needed for computing complement v_complement of abstraction framework: 58[µs]
Time needed for computing product v_id of abstraction framework with ind: 803[µs]
Time needed for computing product of v_id with complement of abstraction framework: 57083[µs]
Time needed for computing complement of preach: 58194[µs]
...done.
automaton for complement of preach has 1492 states.
...of which, 1164 states are at level 0.
Time needed for trimming complement of preach: 1499[µs]
trying to prove abstract safety...
Time needed for constructing transducer for (initial, unsafe) pairs: 92[µs]
Time needed for constructing transducer for complement of (initial, unsafe) pairs: 102[µs]
Time needed for building union of complements of preach and (initial, unsafe)-transducer: 1114[µs]
Time needed for checking universality using antichains-inclusion algorithm: 1872[µs]
Time needed for checking abstract safety: 3436[µs]
...done.
Result: [0]
This means that the following properties could be separated from the initial configurations:
	[]
While the following properties could not be separated from the initial configurations:
	[deadlock]

real	0m0,145s
user	0m0,096s
sys	0m0,025s
********************
/home/jakob/Documents/abstracton/benchmarks/dodo/left-dining-philosophers.json
f
deadlock
systemd-run --user --scope -p MemoryMax=32G -p MemorySwapMax=7G timeout 1200 /home/jakob/Documents/abstracton/benchmarks/../build_release/benchmarks/solve_dodo -i f -p deadlock /home/jakob/Documents/abstracton/benchmarks/dodo/left-dining-philosophers.json --measure-time --no-dot-printing --universality-alg antichains-inclusion --ind-alg project --bddlike
Running as unit: run-p2070417-i2081324.scope; invocation ID: dff3a2ec09c04f49baf6f548fcdfaea5
Time needed for parsing json file: 2563[µs]
Time needed for converting parser result to bddlike nft type: 96[µs]
alphabet size: 6
using Flow interpretation
Time needed for constructing Flow interpretation transducer: 3755[µs]
computing ind...
Time needed for computing composition v_delta of abstraction framework and transition relation: 3051[µs]
Time needed for computing complement v_complement of abstraction framework: 333[µs]
Time needed for minimizing complement(V): 367[µs]
Time needed for computing intersection 'preprojection' of delta_v and v_complement: 1490[µs]
Time needed for computing complement of ind (i.e. projecting preprojection onto second tape): 2421[µs]
Time needed for minimizing projection: 373637[µs]
Time needed for computing ind: 976[µs]
Time needed for minimizing ind: 1412[µs]
Time needed for computing ind (total): 384013[µs]
automaton for ind has 799 states.
...of which, 74 are at level 0.
...done.
computing complement of preach...
Time needed for computing complement v_complement of abstraction framework: 109[µs]
Time needed for computing product v_id of abstraction framework with ind: 2533[µs]
Time needed for computing product of v_id with complement of abstraction framework: 340551[µs]
Time needed for computing complement of preach: 343767[µs]
...done.
automaton for complement of preach has 4448 states.
...of which, 3610 states are at level 0.
Time needed for trimming complement of preach: 6179[µs]
trying to prove abstract safety...
Time needed for constructing transducer for (initial, unsafe) pairs: 97[µs]
Time needed for constructing transducer for complement of (initial, unsafe) pairs: 104[µs]
Time needed for building union of complements of preach and (initial, unsafe)-transducer: 3388[µs]
Time needed for checking universality using antichains-inclusion algorithm: 6009[µs]
Time needed for checking abstract safety: 10470[µs]
...done.
Result: [0]
This means that the following properties could be separated from the initial configurations:
	[]
While the following properties could not be separated from the initial configurations:
	[deadlock]

real	0m0,802s
user	0m0,699s
sys	0m0,080s
********************
54 of 61
/home/jakob/Documents/abstracton/benchmarks/dodo/lehmann-rabin.json
t
deadlock
systemd-run --user --scope -p MemoryMax=32G -p MemorySwapMax=7G timeout 1200 /home/jakob/Documents/abstracton/benchmarks/../build_release/benchmarks/solve_dodo -i t -p deadlock /home/jakob/Documents/abstracton/benchmarks/dodo/lehmann-rabin.json --measure-time --no-dot-printing --universality-alg antichains-inclusion --ind-alg project --bddlike
Running as unit: run-p2070429-i2063425.scope; invocation ID: 6e25667e8702443891999640a9b3b729
Time needed for parsing json file: 5162[µs]
Time needed for converting parser result to bddlike nft type: 86[µs]
alphabet size: 6
using Trap interpretation
Time needed for constructing Trap interpretation transducer: 4414[µs]
computing ind...
Time needed for computing composition v_delta of abstraction framework and transition relation: 1642[µs]
Time needed for computing complement v_complement of abstraction framework: 216[µs]
Time needed for minimizing complement(V): 187[µs]
Time needed for computing intersection 'preprojection' of delta_v and v_complement: 504[µs]
Time needed for computing complement of ind (i.e. projecting preprojection onto second tape): 629[µs]
Time needed for minimizing projection: 21359[µs]
Time needed for computing ind: 166[µs]
Time needed for minimizing ind: 260[µs]
Time needed for computing ind (total): 25150[µs]
automaton for ind has 113 states.
...of which, 13 are at level 0.
...done.
computing complement of preach...
Time needed for computing complement v_complement of abstraction framework: 89[µs]
Time needed for computing product v_id of abstraction framework with ind: 405[µs]
Time needed for computing product of v_id with complement of abstraction framework: 31826[µs]
Time needed for computing complement of preach: 32461[µs]
...done.
automaton for complement of preach has 459 states.
...of which, 339 states are at level 0.
Time needed for trimming complement of preach: 434[µs]
trying to prove abstract safety...
Time needed for constructing transducer for (initial, unsafe) pairs: 90[µs]
Time needed for constructing transducer for complement of (initial, unsafe) pairs: 88[µs]
Time needed for building union of complements of preach and (initial, unsafe)-transducer: 364[µs]
Time needed for checking universality using antichains-inclusion algorithm: 759[µs]
Time needed for checking abstract safety: 1413[µs]
...done.
Result: [1]
This means that the following properties could be separated from the initial configurations:
	[deadlock]
While the following properties could not be separated from the initial configurations:
	[]

real	0m0,113s
user	0m0,067s
sys	0m0,021s
********************
/home/jakob/Documents/abstracton/benchmarks/dodo/lehmann-rabin.json
s
deadlock
systemd-run --user --scope -p MemoryMax=32G -p MemorySwapMax=7G timeout 1200 /home/jakob/Documents/abstracton/benchmarks/../build_release/benchmarks/solve_dodo -i s -p deadlock /home/jakob/Documents/abstracton/benchmarks/dodo/lehmann-rabin.json --measure-time --no-dot-printing --universality-alg antichains-inclusion --ind-alg project --bddlike
Running as unit: run-p2070431-i2063426.scope; invocation ID: d0a52a4e7bd2404fa50d4a871a3093e5
Time needed for parsing json file: 1835[µs]
Time needed for converting parser result to bddlike nft type: 70[µs]
alphabet size: 6
using Siphon interpretation
Time needed for constructing Siphon interpretation transducer: 1114[µs]
computing ind...
Time needed for computing composition v_delta of abstraction framework and transition relation: 1470[µs]
Time needed for computing complement v_complement of abstraction framework: 183[µs]
Time needed for minimizing complement(V): 216[µs]
Time needed for computing intersection 'preprojection' of delta_v and v_complement: 523[µs]
Time needed for computing complement of ind (i.e. projecting preprojection onto second tape): 951[µs]
Time needed for minimizing projection: 22159[µs]
Time needed for computing ind: 171[µs]
Time needed for minimizing ind: 268[µs]
Time needed for computing ind (total): 26098[µs]
automaton for ind has 113 states.
...of which, 13 are at level 0.
...done.
computing complement of preach...
Time needed for computing complement v_complement of abstraction framework: 70[µs]
Time needed for computing product v_id of abstraction framework with ind: 344[µs]
Time needed for computing product of v_id with complement of abstraction framework: 15811[µs]
Time needed for computing complement of preach: 16353[µs]
...done.
automaton for complement of preach has 427 states.
...of which, 339 states are at level 0.
Time needed for trimming complement of preach: 405[µs]
trying to prove abstract safety...
Time needed for constructing transducer for (initial, unsafe) pairs: 89[µs]
Time needed for constructing transducer for complement of (initial, unsafe) pairs: 99[µs]
Time needed for building union of complements of preach and (initial, unsafe)-transducer: 350[µs]
Time needed for checking universality using antichains-inclusion algorithm: 561[µs]
Time needed for checking abstract safety: 1214[µs]
...done.
Result: [0]
This means that the following properties could be separated from the initial configurations:
	[]
While the following properties could not be separated from the initial configurations:
	[deadlock]

real	0m0,083s
user	0m0,044s
sys	0m0,019s
********************
/home/jakob/Documents/abstracton/benchmarks/dodo/lehmann-rabin.json
f
deadlock
systemd-run --user --scope -p MemoryMax=32G -p MemorySwapMax=7G timeout 1200 /home/jakob/Documents/abstracton/benchmarks/../build_release/benchmarks/solve_dodo -i f -p deadlock /home/jakob/Documents/abstracton/benchmarks/dodo/lehmann-rabin.json --measure-time --no-dot-printing --universality-alg antichains-inclusion --ind-alg project --bddlike
Running as unit: run-p2070434-i2081327.scope; invocation ID: fb6593a51c4648a19813dd48f17c54ee
Time needed for parsing json file: 1539[µs]
Time needed for converting parser result to bddlike nft type: 69[µs]
alphabet size: 6
using Flow interpretation
Time needed for constructing Flow interpretation transducer: 3092[µs]
computing ind...
Time needed for computing composition v_delta of abstraction framework and transition relation: 1713[µs]
Time needed for computing complement v_complement of abstraction framework: 264[µs]
Time needed for minimizing complement(V): 304[µs]
Time needed for computing intersection 'preprojection' of delta_v and v_complement: 997[µs]
Time needed for computing complement of ind (i.e. projecting preprojection onto second tape): 2126[µs]
Time needed for minimizing projection: 158203[µs]
Time needed for computing ind: 303[µs]
Time needed for minimizing ind: 477[µs]
Time needed for computing ind (total): 164633[µs]
automaton for ind has 249 states.
...of which, 27 are at level 0.
...done.
computing complement of preach...
Time needed for computing complement v_complement of abstraction framework: 109[µs]
Time needed for computing product v_id of abstraction framework with ind: 882[µs]
Time needed for computing product of v_id with complement of abstraction framework: 110433[µs]
Time needed for computing complement of preach: 111696[µs]
...done.
automaton for complement of preach has 1671 states.
...of which, 1345 states are at level 0.
Time needed for trimming complement of preach: 1428[µs]
trying to prove abstract safety...
Time needed for constructing transducer for (initial, unsafe) pairs: 87[µs]
Time needed for constructing transducer for complement of (initial, unsafe) pairs: 86[µs]
Time needed for building union of complements of preach and (initial, unsafe)-transducer: 972[µs]
Time needed for checking universality using antichains-inclusion algorithm: 1757[µs]
Time needed for checking abstract safety: 3140[µs]
...done.
Result: [0]
This means that the following properties could be separated from the initial configurations:
	[]
While the following properties could not be separated from the initial configurations:
	[deadlock]

real	0m0,325s
user	0m0,272s
sys	0m0,036s
********************
55 of 61
/home/jakob/Documents/abstracton/benchmarks/dodo/synapse.json
t
dirtydirty
systemd-run --user --scope -p MemoryMax=32G -p MemorySwapMax=7G timeout 1200 /home/jakob/Documents/abstracton/benchmarks/../build_release/benchmarks/solve_dodo -i t -p dirtydirty /home/jakob/Documents/abstracton/benchmarks/dodo/synapse.json --measure-time --no-dot-printing --universality-alg antichains-inclusion --ind-alg project --bddlike
Running as unit: run-p2070442-i2063429.scope; invocation ID: 3cbdac78d40444afbcfd489482b44f3c
Time needed for parsing json file: 4003[µs]
Time needed for converting parser result to bddlike nft type: 56[µs]
alphabet size: 3
using Trap interpretation
Time needed for constructing Trap interpretation transducer: 510[µs]
computing ind...
Time needed for computing composition v_delta of abstraction framework and transition relation: 1351[µs]
Time needed for computing complement v_complement of abstraction framework: 109[µs]
Time needed for minimizing complement(V): 82[µs]
Time needed for computing intersection 'preprojection' of delta_v and v_complement: 202[µs]
Time needed for computing complement of ind (i.e. projecting preprojection onto second tape): 253[µs]
Time needed for minimizing projection: 531[µs]
Time needed for computing ind: 83[µs]
Time needed for minimizing ind: 139[µs]
Time needed for computing ind (total): 2889[µs]
automaton for ind has 21 states.
...of which, 5 are at level 0.
...done.
computing complement of preach...
Time needed for computing complement v_complement of abstraction framework: 92[µs]
Time needed for computing product v_id of abstraction framework with ind: 216[µs]
Time needed for computing product of v_id with complement of abstraction framework: 3620[µs]
Time needed for computing complement of preach: 4006[µs]
...done.
automaton for complement of preach has 49 states.
...of which, 34 states are at level 0.
Time needed for trimming complement of preach: 98[µs]
trying to prove abstract safety...
Time needed for constructing transducer for (initial, unsafe) pairs: 58[µs]
Time needed for constructing transducer for complement of (initial, unsafe) pairs: 78[µs]
Time needed for building union of complements of preach and (initial, unsafe)-transducer: 103[µs]
Time needed for checking universality using antichains-inclusion algorithm: 195[µs]
Time needed for checking abstract safety: 485[µs]
...done.
Result: [1]
This means that the following properties could be separated from the initial configurations:
	[dirtydirty]
While the following properties could not be separated from the initial configurations:
	[]

real	0m0,054s
user	0m0,013s
sys	0m0,016s
********************
/home/jakob/Documents/abstracton/benchmarks/dodo/synapse.json
s
dirtydirty
systemd-run --user --scope -p MemoryMax=32G -p MemorySwapMax=7G timeout 1200 /home/jakob/Documents/abstracton/benchmarks/../build_release/benchmarks/solve_dodo -i s -p dirtydirty /home/jakob/Documents/abstracton/benchmarks/dodo/synapse.json --measure-time --no-dot-printing --universality-alg antichains-inclusion --ind-alg project --bddlike
Running as unit: run-p2070444-i2063430.scope; invocation ID: 320b45d7cd6c481c8e87d6fa045a372c
Time needed for parsing json file: 1174[µs]
Time needed for converting parser result to bddlike nft type: 55[µs]
alphabet size: 3
using Siphon interpretation
Time needed for constructing Siphon interpretation transducer: 267[µs]
computing ind...
Time needed for computing composition v_delta of abstraction framework and transition relation: 910[µs]
Time needed for computing complement v_complement of abstraction framework: 82[µs]
Time needed for minimizing complement(V): 91[µs]
Time needed for computing intersection 'preprojection' of delta_v and v_complement: 184[µs]
Time needed for computing complement of ind (i.e. projecting preprojection onto second tape): 269[µs]
Time needed for minimizing projection: 417[µs]
Time needed for computing ind: 47[µs]
Time needed for minimizing ind: 81[µs]
Time needed for computing ind (total): 2211[µs]
automaton for ind has 11 states.
...of which, 3 are at level 0.
...done.
computing complement of preach...
Time needed for computing complement v_complement of abstraction framework: 73[µs]
Time needed for computing product v_id of abstraction framework with ind: 97[µs]
Time needed for computing product of v_id with complement of abstraction framework: 677[µs]
Time needed for computing complement of preach: 895[µs]
...done.
automaton for complement of preach has 0 states.
...of which, 0 states are at level 0.
Time needed for trimming complement of preach: 3[µs]
trying to prove abstract safety...
Time needed for constructing transducer for (initial, unsafe) pairs: 61[µs]
Time needed for constructing transducer for complement of (initial, unsafe) pairs: 68[µs]
Time needed for building union of complements of preach and (initial, unsafe)-transducer: 16[µs]
Time needed for checking universality using antichains-inclusion algorithm: 46[µs]
Time needed for checking abstract safety: 243[µs]
...done.
Result: [0]
This means that the following properties could be separated from the initial configurations:
	[]
While the following properties could not be separated from the initial configurations:
	[dirtydirty]

real	0m0,042s
user	0m0,012s
sys	0m0,013s
********************
/home/jakob/Documents/abstracton/benchmarks/dodo/synapse.json
f
dirtydirty
systemd-run --user --scope -p MemoryMax=32G -p MemorySwapMax=7G timeout 1200 /home/jakob/Documents/abstracton/benchmarks/../build_release/benchmarks/solve_dodo -i f -p dirtydirty /home/jakob/Documents/abstracton/benchmarks/dodo/synapse.json --measure-time --no-dot-printing --universality-alg antichains-inclusion --ind-alg project --bddlike
Running as unit: run-p2070446-i2081331.scope; invocation ID: d904dc8d9c1e4e6db3cc58dbfc1fc6af
Time needed for parsing json file: 1169[µs]
Time needed for converting parser result to bddlike nft type: 57[µs]
alphabet size: 3
using Flow interpretation
Time needed for constructing Flow interpretation transducer: 457[µs]
computing ind...
Time needed for computing composition v_delta of abstraction framework and transition relation: 1351[µs]
Time needed for computing complement v_complement of abstraction framework: 131[µs]
Time needed for minimizing complement(V): 140[µs]
Time needed for computing intersection 'preprojection' of delta_v and v_complement: 397[µs]
Time needed for computing complement of ind (i.e. projecting preprojection onto second tape): 658[µs]
Time needed for minimizing projection: 1961[µs]
Time needed for computing ind: 86[µs]
Time needed for minimizing ind: 135[µs]
Time needed for computing ind (total): 5037[µs]
automaton for ind has 21 states.
...of which, 5 are at level 0.
...done.
computing complement of preach...
Time needed for computing complement v_complement of abstraction framework: 117[µs]
Time needed for computing product v_id of abstraction framework with ind: 201[µs]
Time needed for computing product of v_id with complement of abstraction framework: 2449[µs]
Time needed for computing complement of preach: 2831[µs]
...done.
automaton for complement of preach has 0 states.
...of which, 0 states are at level 0.
Time needed for trimming complement of preach: 2[µs]
trying to prove abstract safety...
Time needed for constructing transducer for (initial, unsafe) pairs: 42[µs]
Time needed for constructing transducer for complement of (initial, unsafe) pairs: 45[µs]
Time needed for building union of complements of preach and (initial, unsafe)-transducer: 9[µs]
Time needed for checking universality using antichains-inclusion algorithm: 30[µs]
Time needed for checking abstract safety: 152[µs]
...done.
Result: [0]
This means that the following properties could be separated from the initial configurations:
	[]
While the following properties could not be separated from the initial configurations:
	[dirtydirty]

real	0m0,047s
user	0m0,019s
sys	0m0,010s
********************
56 of 61
/home/jakob/Documents/abstracton/benchmarks/dodo/synapse.json
t
dirtyvalid
systemd-run --user --scope -p MemoryMax=32G -p MemorySwapMax=7G timeout 1200 /home/jakob/Documents/abstracton/benchmarks/../build_release/benchmarks/solve_dodo -i t -p dirtyvalid /home/jakob/Documents/abstracton/benchmarks/dodo/synapse.json --measure-time --no-dot-printing --universality-alg antichains-inclusion --ind-alg project --bddlike
Running as unit: run-p2070454-i2063434.scope; invocation ID: 189d202a112b4c9299823aacbb0f2cee
Time needed for parsing json file: 1176[µs]
Time needed for converting parser result to bddlike nft type: 55[µs]
alphabet size: 3
using Trap interpretation
Time needed for constructing Trap interpretation transducer: 504[µs]
computing ind...
Time needed for computing composition v_delta of abstraction framework and transition relation: 1374[µs]
Time needed for computing complement v_complement of abstraction framework: 106[µs]
Time needed for minimizing complement(V): 84[µs]
Time needed for computing intersection 'preprojection' of delta_v and v_complement: 202[µs]
Time needed for computing complement of ind (i.e. projecting preprojection onto second tape): 253[µs]
Time needed for minimizing projection: 529[µs]
Time needed for computing ind: 84[µs]
Time needed for minimizing ind: 141[µs]
Time needed for computing ind (total): 2928[µs]
automaton for ind has 21 states.
...of which, 5 are at level 0.
...done.
computing complement of preach...
Time needed for computing complement v_complement of abstraction framework: 92[µs]
Time needed for computing product v_id of abstraction framework with ind: 210[µs]
Time needed for computing product of v_id with complement of abstraction framework: 3834[µs]
Time needed for computing complement of preach: 4215[µs]
...done.
automaton for complement of preach has 49 states.
...of which, 34 states are at level 0.
Time needed for trimming complement of preach: 151[µs]
trying to prove abstract safety...
Time needed for constructing transducer for (initial, unsafe) pairs: 93[µs]
Time needed for constructing transducer for complement of (initial, unsafe) pairs: 90[µs]
Time needed for building union of complements of preach and (initial, unsafe)-transducer: 119[µs]
Time needed for checking universality using antichains-inclusion algorithm: 229[µs]
Time needed for checking abstract safety: 591[µs]
...done.
Result: [1]
This means that the following properties could be separated from the initial configurations:
	[dirtyvalid]
While the following properties could not be separated from the initial configurations:
	[]

real	0m0,045s
user	0m0,018s
sys	0m0,011s
********************
/home/jakob/Documents/abstracton/benchmarks/dodo/synapse.json
s
dirtyvalid
systemd-run --user --scope -p MemoryMax=32G -p MemorySwapMax=7G timeout 1200 /home/jakob/Documents/abstracton/benchmarks/../build_release/benchmarks/solve_dodo -i s -p dirtyvalid /home/jakob/Documents/abstracton/benchmarks/dodo/synapse.json --measure-time --no-dot-printing --universality-alg antichains-inclusion --ind-alg project --bddlike
Running as unit: run-p2070456-i2063435.scope; invocation ID: d9db835d296549728ecece0352533abf
Time needed for parsing json file: 1263[µs]
Time needed for converting parser result to bddlike nft type: 56[µs]
alphabet size: 3
using Siphon interpretation
Time needed for constructing Siphon interpretation transducer: 256[µs]
computing ind...
Time needed for computing composition v_delta of abstraction framework and transition relation: 898[µs]
Time needed for computing complement v_complement of abstraction framework: 82[µs]
Time needed for minimizing complement(V): 91[µs]
Time needed for computing intersection 'preprojection' of delta_v and v_complement: 186[µs]
Time needed for computing complement of ind (i.e. projecting preprojection onto second tape): 306[µs]
Time needed for minimizing projection: 408[µs]
Time needed for computing ind: 47[µs]
Time needed for minimizing ind: 82[µs]
Time needed for computing ind (total): 2237[µs]
automaton for ind has 11 states.
...of which, 3 are at level 0.
...done.
computing complement of preach...
Time needed for computing complement v_complement of abstraction framework: 74[µs]
Time needed for computing product v_id of abstraction framework with ind: 113[µs]
Time needed for computing product of v_id with complement of abstraction framework: 672[µs]
Time needed for computing complement of preach: 909[µs]
...done.
automaton for complement of preach has 0 states.
...of which, 0 states are at level 0.
Time needed for trimming complement of preach: 3[µs]
trying to prove abstract safety...
Time needed for constructing transducer for (initial, unsafe) pairs: 70[µs]
Time needed for constructing transducer for complement of (initial, unsafe) pairs: 86[µs]
Time needed for building union of complements of preach and (initial, unsafe)-transducer: 20[µs]
Time needed for checking universality using antichains-inclusion algorithm: 67[µs]
Time needed for checking abstract safety: 288[µs]
...done.
Result: [0]
This means that the following properties could be separated from the initial configurations:
	[]
While the following properties could not be separated from the initial configurations:
	[dirtyvalid]

real	0m0,038s
user	0m0,012s
sys	0m0,011s
********************
/home/jakob/Documents/abstracton/benchmarks/dodo/synapse.json
f
dirtyvalid
systemd-run --user --scope -p MemoryMax=32G -p MemorySwapMax=7G timeout 1200 /home/jakob/Documents/abstracton/benchmarks/../build_release/benchmarks/solve_dodo -i f -p dirtyvalid /home/jakob/Documents/abstracton/benchmarks/dodo/synapse.json --measure-time --no-dot-printing --universality-alg antichains-inclusion --ind-alg project --bddlike
Running as unit: run-p2070458-i2081336.scope; invocation ID: be7dcd8f2c174cebbaff8ee73b6f3ef9
Time needed for parsing json file: 1167[µs]
Time needed for converting parser result to bddlike nft type: 56[µs]
alphabet size: 3
using Flow interpretation
Time needed for constructing Flow interpretation transducer: 464[µs]
computing ind...
Time needed for computing composition v_delta of abstraction framework and transition relation: 1385[µs]
Time needed for computing complement v_complement of abstraction framework: 133[µs]
Time needed for minimizing complement(V): 153[µs]
Time needed for computing intersection 'preprojection' of delta_v and v_complement: 395[µs]
Time needed for computing complement of ind (i.e. projecting preprojection onto second tape): 656[µs]
Time needed for minimizing projection: 1958[µs]
Time needed for computing ind: 86[µs]
Time needed for minimizing ind: 136[µs]
Time needed for computing ind (total): 5079[µs]
automaton for ind has 21 states.
...of which, 5 are at level 0.
...done.
computing complement of preach...
Time needed for computing complement v_complement of abstraction framework: 119[µs]
Time needed for computing product v_id of abstraction framework with ind: 188[µs]
Time needed for computing product of v_id with complement of abstraction framework: 3260[µs]
Time needed for computing complement of preach: 3641[µs]
...done.
automaton for complement of preach has 0 states.
...of which, 0 states are at level 0.
Time needed for trimming complement of preach: 3[µs]
trying to prove abstract safety...
Time needed for constructing transducer for (initial, unsafe) pairs: 77[µs]
Time needed for constructing transducer for complement of (initial, unsafe) pairs: 74[µs]
Time needed for building union of complements of preach and (initial, unsafe)-transducer: 12[µs]
Time needed for checking universality using antichains-inclusion algorithm: 34[µs]
Time needed for checking abstract safety: 227[µs]
...done.
Result: [0]
This means that the following properties could be separated from the initial configurations:
	[]
While the following properties could not be separated from the initial configurations:
	[dirtyvalid]

real	0m0,043s
user	0m0,017s
sys	0m0,013s
********************
57 of 61
/home/jakob/Documents/abstracton/benchmarks/dodo/synapse.json
t
deadlock
systemd-run --user --scope -p MemoryMax=32G -p MemorySwapMax=7G timeout 1200 /home/jakob/Documents/abstracton/benchmarks/../build_release/benchmarks/solve_dodo -i t -p deadlock /home/jakob/Documents/abstracton/benchmarks/dodo/synapse.json --measure-time --no-dot-printing --universality-alg antichains-inclusion --ind-alg project --bddlike
Running as unit: run-p2070466-i2081339.scope; invocation ID: ba501af24a854f7da722d3d4808cbe96
Time needed for parsing json file: 1174[µs]
Time needed for converting parser result to bddlike nft type: 56[µs]
alphabet size: 3
using Trap interpretation
Time needed for constructing Trap interpretation transducer: 533[µs]
computing ind...
Time needed for computing composition v_delta of abstraction framework and transition relation: 1363[µs]
Time needed for computing complement v_complement of abstraction framework: 108[µs]
Time needed for minimizing complement(V): 82[µs]
Time needed for computing intersection 'preprojection' of delta_v and v_complement: 202[µs]
Time needed for computing complement of ind (i.e. projecting preprojection onto second tape): 264[µs]
Time needed for minimizing projection: 523[µs]
Time needed for computing ind: 83[µs]
Time needed for minimizing ind: 141[µs]
Time needed for computing ind (total): 2919[µs]
automaton for ind has 21 states.
...of which, 5 are at level 0.
...done.
computing complement of preach...
Time needed for computing complement v_complement of abstraction framework: 93[µs]
Time needed for computing product v_id of abstraction framework with ind: 208[µs]
Time needed for computing product of v_id with complement of abstraction framework: 3845[µs]
Time needed for computing complement of preach: 4238[µs]
...done.
automaton for complement of preach has 49 states.
...of which, 34 states are at level 0.
Time needed for trimming complement of preach: 105[µs]
trying to prove abstract safety...
Time needed for constructing transducer for (initial, unsafe) pairs: 51[µs]
Time needed for constructing transducer for complement of (initial, unsafe) pairs: 13[µs]
Time needed for building union of complements of preach and (initial, unsafe)-transducer: 103[µs]
Time needed for checking universality using antichains-inclusion algorithm: 152[µs]
Time needed for checking abstract safety: 364[µs]
...done.
Result: [1]
This means that the following properties could be separated from the initial configurations:
	[deadlock]
While the following properties could not be separated from the initial configurations:
	[]

real	0m0,044s
user	0m0,011s
sys	0m0,018s
********************
/home/jakob/Documents/abstracton/benchmarks/dodo/synapse.json
s
deadlock
systemd-run --user --scope -p MemoryMax=32G -p MemorySwapMax=7G timeout 1200 /home/jakob/Documents/abstracton/benchmarks/../build_release/benchmarks/solve_dodo -i s -p deadlock /home/jakob/Documents/abstracton/benchmarks/dodo/synapse.json --measure-time --no-dot-printing --universality-alg antichains-inclusion --ind-alg project --bddlike
Running as unit: run-p2070468-i2063441.scope; invocation ID: f89adf9f88344881ae34ede0504a86a1
Time needed for parsing json file: 1209[µs]
Time needed for converting parser result to bddlike nft type: 55[µs]
alphabet size: 3
using Siphon interpretation
Time needed for constructing Siphon interpretation transducer: 256[µs]
computing ind...
Time needed for computing composition v_delta of abstraction framework and transition relation: 899[µs]
Time needed for computing complement v_complement of abstraction framework: 82[µs]
Time needed for minimizing complement(V): 93[µs]
Time needed for computing intersection 'preprojection' of delta_v and v_complement: 185[µs]
Time needed for computing complement of ind (i.e. projecting preprojection onto second tape): 271[µs]
Time needed for minimizing projection: 421[µs]
Time needed for computing ind: 47[µs]
Time needed for minimizing ind: 82[µs]
Time needed for computing ind (total): 2216[µs]
automaton for ind has 11 states.
...of which, 3 are at level 0.
...done.
computing complement of preach...
Time needed for computing complement v_complement of abstraction framework: 75[µs]
Time needed for computing product v_id of abstraction framework with ind: 97[µs]
Time needed for computing product of v_id with complement of abstraction framework: 685[µs]
Time needed for computing complement of preach: 905[µs]
...done.
automaton for complement of preach has 0 states.
...of which, 0 states are at level 0.
Time needed for trimming complement of preach: 3[µs]
trying to prove abstract safety...
Time needed for constructing transducer for (initial, unsafe) pairs: 49[µs]
Time needed for constructing transducer for complement of (initial, unsafe) pairs: 12[µs]
Time needed for building union of complements of preach and (initial, unsafe)-transducer: 8[µs]
Time needed for checking universality using antichains-inclusion algorithm: 21[µs]
Time needed for checking abstract safety: 122[µs]
...done.
Result: [1]
This means that the following properties could be separated from the initial configurations:
	[deadlock]
While the following properties could not be separated from the initial configurations:
	[]

real	0m0,037s
user	0m0,009s
sys	0m0,015s
********************
/home/jakob/Documents/abstracton/benchmarks/dodo/synapse.json
f
deadlock
systemd-run --user --scope -p MemoryMax=32G -p MemorySwapMax=7G timeout 1200 /home/jakob/Documents/abstracton/benchmarks/../build_release/benchmarks/solve_dodo -i f -p deadlock /home/jakob/Documents/abstracton/benchmarks/dodo/synapse.json --measure-time --no-dot-printing --universality-alg antichains-inclusion --ind-alg project --bddlike
Running as unit: run-p2070470-i2063442.scope; invocation ID: 5aa67049dea04c629e41055e1e1d148a
Time needed for parsing json file: 1174[µs]
Time needed for converting parser result to bddlike nft type: 57[µs]
alphabet size: 3
using Flow interpretation
Time needed for constructing Flow interpretation transducer: 453[µs]
computing ind...
Time needed for computing composition v_delta of abstraction framework and transition relation: 1359[µs]
Time needed for computing complement v_complement of abstraction framework: 130[µs]
Time needed for minimizing complement(V): 139[µs]
Time needed for computing intersection 'preprojection' of delta_v and v_complement: 399[µs]
Time needed for computing complement of ind (i.e. projecting preprojection onto second tape): 670[µs]
Time needed for minimizing projection: 2017[µs]
Time needed for computing ind: 86[µs]
Time needed for minimizing ind: 137[µs]
Time needed for computing ind (total): 5125[µs]
automaton for ind has 21 states.
...of which, 5 are at level 0.
...done.
computing complement of preach...
Time needed for computing complement v_complement of abstraction framework: 117[µs]
Time needed for computing product v_id of abstraction framework with ind: 201[µs]
Time needed for computing product of v_id with complement of abstraction framework: 3226[µs]
Time needed for computing complement of preach: 3622[µs]
...done.
automaton for complement of preach has 0 states.
...of which, 0 states are at level 0.
Time needed for trimming complement of preach: 3[µs]
trying to prove abstract safety...
Time needed for constructing transducer for (initial, unsafe) pairs: 56[µs]
Time needed for constructing transducer for complement of (initial, unsafe) pairs: 13[µs]
Time needed for building union of complements of preach and (initial, unsafe)-transducer: 8[µs]
Time needed for checking universality using antichains-inclusion algorithm: 23[µs]
Time needed for checking abstract safety: 133[µs]
...done.
Result: [1]
This means that the following properties could be separated from the initial configurations:
	[deadlock]
While the following properties could not be separated from the initial configurations:
	[]

real	0m0,045s
user	0m0,017s
sys	0m0,014s
********************
58 of 61
/home/jakob/Documents/abstracton/benchmarks/dodo/token-passing-no-invariant.json
t
notoken
systemd-run --user --scope -p MemoryMax=32G -p MemorySwapMax=7G timeout 1200 /home/jakob/Documents/abstracton/benchmarks/../build_release/benchmarks/solve_dodo -i t -p notoken /home/jakob/Documents/abstracton/benchmarks/dodo/token-passing-no-invariant.json --measure-time --no-dot-printing --universality-alg antichains-inclusion --ind-alg project --bddlike
Running as unit: run-p2070478-i2063445.scope; invocation ID: 8532d5cfcc7b4eff91dc2f2d1373bc2e
Time needed for parsing json file: 3632[µs]
Time needed for converting parser result to bddlike nft type: 44[µs]
alphabet size: 2
using Trap interpretation
Time needed for constructing Trap interpretation transducer: 304[µs]
computing ind...
Time needed for computing composition v_delta of abstraction framework and transition relation: 329[µs]
Time needed for computing complement v_complement of abstraction framework: 69[µs]
Time needed for minimizing complement(V): 53[µs]
Time needed for computing intersection 'preprojection' of delta_v and v_complement: 36[µs]
Time needed for computing complement of ind (i.e. projecting preprojection onto second tape): 48[µs]
Time needed for minimizing projection: 97[µs]
Time needed for computing ind: 60[µs]
Time needed for minimizing ind: 76[µs]
Time needed for computing ind (total): 856[µs]
automaton for ind has 11 states.
...of which, 5 are at level 0.
...done.
computing complement of preach...
Time needed for computing complement v_complement of abstraction framework: 61[µs]
Time needed for computing product v_id of abstraction framework with ind: 132[µs]
Time needed for computing product of v_id with complement of abstraction framework: 2158[µs]
Time needed for computing complement of preach: 2403[µs]
...done.
automaton for complement of preach has 28 states.
...of which, 16 states are at level 0.
Time needed for trimming complement of preach: 93[µs]
trying to prove abstract safety...
Time needed for constructing transducer for (initial, unsafe) pairs: 56[µs]
Time needed for constructing transducer for complement of (initial, unsafe) pairs: 46[µs]
Time needed for building union of complements of preach and (initial, unsafe)-transducer: 54[µs]
Time needed for checking universality using antichains-inclusion algorithm: 139[µs]
Time needed for checking abstract safety: 340[µs]
...done.
Result: [1]
This means that the following properties could be separated from the initial configurations:
	[notoken]
While the following properties could not be separated from the initial configurations:
	[]

real	0m0,042s
user	0m0,010s
sys	0m0,014s
********************
/home/jakob/Documents/abstracton/benchmarks/dodo/token-passing-no-invariant.json
s
notoken
systemd-run --user --scope -p MemoryMax=32G -p MemorySwapMax=7G timeout 1200 /home/jakob/Documents/abstracton/benchmarks/../build_release/benchmarks/solve_dodo -i s -p notoken /home/jakob/Documents/abstracton/benchmarks/dodo/token-passing-no-invariant.json --measure-time --no-dot-printing --universality-alg antichains-inclusion --ind-alg project --bddlike
Running as unit: run-p2070480-i2063446.scope; invocation ID: 5efedad3bfba4e67ba0ca6198ac9ee3b
Time needed for parsing json file: 872[µs]
Time needed for converting parser result to bddlike nft type: 46[µs]
alphabet size: 2
using Siphon interpretation
Time needed for constructing Siphon interpretation transducer: 198[µs]
computing ind...
Time needed for computing composition v_delta of abstraction framework and transition relation: 192[µs]
Time needed for computing complement v_complement of abstraction framework: 52[µs]
Time needed for minimizing complement(V): 60[µs]
Time needed for computing intersection 'preprojection' of delta_v and v_complement: 30[µs]
Time needed for computing complement of ind (i.e. projecting preprojection onto second tape): 45[µs]
Time needed for minimizing projection: 95[µs]
Time needed for computing ind: 41[µs]
Time needed for minimizing ind: 77[µs]
Time needed for computing ind (total): 658[µs]
automaton for ind has 11 states.
...of which, 5 are at level 0.
...done.
computing complement of preach...
Time needed for computing complement v_complement of abstraction framework: 46[µs]
Time needed for computing product v_id of abstraction framework with ind: 105[µs]
Time needed for computing product of v_id with complement of abstraction framework: 1085[µs]
Time needed for computing complement of preach: 1286[µs]
...done.
automaton for complement of preach has 26 states.
...of which, 16 states are at level 0.
Time needed for trimming complement of preach: 48[µs]
trying to prove abstract safety...
Time needed for constructing transducer for (initial, unsafe) pairs: 54[µs]
Time needed for constructing transducer for complement of (initial, unsafe) pairs: 47[µs]
Time needed for building union of complements of preach and (initial, unsafe)-transducer: 51[µs]
Time needed for checking universality using antichains-inclusion algorithm: 109[µs]
Time needed for checking abstract safety: 300[µs]
...done.
Result: [0]
This means that the following properties could be separated from the initial configurations:
	[]
While the following properties could not be separated from the initial configurations:
	[notoken]

real	0m0,045s
user	0m0,008s
sys	0m0,015s
********************
/home/jakob/Documents/abstracton/benchmarks/dodo/token-passing-no-invariant.json
f
notoken
systemd-run --user --scope -p MemoryMax=32G -p MemorySwapMax=7G timeout 1200 /home/jakob/Documents/abstracton/benchmarks/../build_release/benchmarks/solve_dodo -i f -p notoken /home/jakob/Documents/abstracton/benchmarks/dodo/token-passing-no-invariant.json --measure-time --no-dot-printing --universality-alg antichains-inclusion --ind-alg project --bddlike
Running as unit: run-p2070482-i2081344.scope; invocation ID: c6db9a55e9af4c80a2793bc156a751f1
Time needed for parsing json file: 880[µs]
Time needed for converting parser result to bddlike nft type: 46[µs]
alphabet size: 2
using Flow interpretation
Time needed for constructing Flow interpretation transducer: 277[µs]
computing ind...
Time needed for computing composition v_delta of abstraction framework and transition relation: 356[µs]
Time needed for computing complement v_complement of abstraction framework: 82[µs]
Time needed for minimizing complement(V): 86[µs]
Time needed for computing intersection 'preprojection' of delta_v and v_complement: 82[µs]
Time needed for computing complement of ind (i.e. projecting preprojection onto second tape): 117[µs]
Time needed for minimizing projection: 761[µs]
Time needed for computing ind: 120[µs]
Time needed for minimizing ind: 194[µs]
Time needed for computing ind (total): 1897[µs]
automaton for ind has 31 states.
...of which, 13 are at level 0.
...done.
computing complement of preach...
Time needed for computing complement v_complement of abstraction framework: 71[µs]
Time needed for computing product v_id of abstraction framework with ind: 275[µs]
Time needed for computing product of v_id with complement of abstraction framework: 5625[µs]
Time needed for computing complement of preach: 6063[µs]
...done.
automaton for complement of preach has 129 states.
...of which, 82 states are at level 0.
Time needed for trimming complement of preach: 157[µs]
trying to prove abstract safety...
Time needed for constructing transducer for (initial, unsafe) pairs: 41[µs]
Time needed for constructing transducer for complement of (initial, unsafe) pairs: 37[µs]
Time needed for building union of complements of preach and (initial, unsafe)-transducer: 118[µs]
Time needed for checking universality using antichains-inclusion algorithm: 231[µs]
Time needed for checking abstract safety: 468[µs]
...done.
Result: [1]
This means that the following properties could be separated from the initial configurations:
	[notoken]
While the following properties could not be separated from the initial configurations:
	[]

real	0m0,045s
user	0m0,015s
sys	0m0,014s
********************
59 of 61
/home/jakob/Documents/abstracton/benchmarks/dodo/token-passing-no-invariant.json
t
manytoken
systemd-run --user --scope -p MemoryMax=32G -p MemorySwapMax=7G timeout 1200 /home/jakob/Documents/abstracton/benchmarks/../build_release/benchmarks/solve_dodo -i t -p manytoken /home/jakob/Documents/abstracton/benchmarks/dodo/token-passing-no-invariant.json --measure-time --no-dot-printing --universality-alg antichains-inclusion --ind-alg project --bddlike
Running as unit: run-p2070490-i2063450.scope; invocation ID: aa70d52d53f34198bd64e6072c3b0a2b
Time needed for parsing json file: 880[µs]
Time needed for converting parser result to bddlike nft type: 45[µs]
alphabet size: 2
using Trap interpretation
Time needed for constructing Trap interpretation transducer: 318[µs]
computing ind...
Time needed for computing composition v_delta of abstraction framework and transition relation: 340[µs]
Time needed for computing complement v_complement of abstraction framework: 70[µs]
Time needed for minimizing complement(V): 52[µs]
Time needed for computing intersection 'preprojection' of delta_v and v_complement: 37[µs]
Time needed for computing complement of ind (i.e. projecting preprojection onto second tape): 46[µs]
Time needed for minimizing projection: 99[µs]
Time needed for computing ind: 42[µs]
Time needed for minimizing ind: 75[µs]
Time needed for computing ind (total): 831[µs]
automaton for ind has 11 states.
...of which, 5 are at level 0.
...done.
computing complement of preach...
Time needed for computing complement v_complement of abstraction framework: 76[µs]
Time needed for computing product v_id of abstraction framework with ind: 130[µs]
Time needed for computing product of v_id with complement of abstraction framework: 2129[µs]
Time needed for computing complement of preach: 2392[µs]
...done.
automaton for complement of preach has 28 states.
...of which, 16 states are at level 0.
Time needed for trimming complement of preach: 52[µs]
trying to prove abstract safety...
Time needed for constructing transducer for (initial, unsafe) pairs: 60[µs]
Time needed for constructing transducer for complement of (initial, unsafe) pairs: 62[µs]
Time needed for building union of complements of preach and (initial, unsafe)-transducer: 64[µs]
Time needed for checking universality using antichains-inclusion algorithm: 126[µs]
Time needed for checking abstract safety: 354[µs]
...done.
Result: [0]
This means that the following properties could be separated from the initial configurations:
	[]
While the following properties could not be separated from the initial configurations:
	[manytoken]

real	0m0,041s
user	0m0,011s
sys	0m0,013s
********************
/home/jakob/Documents/abstracton/benchmarks/dodo/token-passing-no-invariant.json
s
manytoken
systemd-run --user --scope -p MemoryMax=32G -p MemorySwapMax=7G timeout 1200 /home/jakob/Documents/abstracton/benchmarks/../build_release/benchmarks/solve_dodo -i s -p manytoken /home/jakob/Documents/abstracton/benchmarks/dodo/token-passing-no-invariant.json --measure-time --no-dot-printing --universality-alg antichains-inclusion --ind-alg project --bddlike
Running as unit: run-p2070492-i2081348.scope; invocation ID: 2ce07c3584494cc38d6f7f2286f27c99
Time needed for parsing json file: 874[µs]
Time needed for converting parser result to bddlike nft type: 46[µs]
alphabet size: 2
using Siphon interpretation
Time needed for constructing Siphon interpretation transducer: 196[µs]
computing ind...
Time needed for computing composition v_delta of abstraction framework and transition relation: 193[µs]
Time needed for computing complement v_complement of abstraction framework: 53[µs]
Time needed for minimizing complement(V): 59[µs]
Time needed for computing intersection 'preprojection' of delta_v and v_complement: 31[µs]
Time needed for computing complement of ind (i.e. projecting preprojection onto second tape): 47[µs]
Time needed for minimizing projection: 96[µs]
Time needed for computing ind: 41[µs]
Time needed for minimizing ind: 75[µs]
Time needed for computing ind (total): 659[µs]
automaton for ind has 11 states.
...of which, 5 are at level 0.
...done.
computing complement of preach...
Time needed for computing complement v_complement of abstraction framework: 45[µs]
Time needed for computing product v_id of abstraction framework with ind: 92[µs]
Time needed for computing product of v_id with complement of abstraction framework: 1126[µs]
Time needed for computing complement of preach: 1310[µs]
...done.
automaton for complement of preach has 26 states.
...of which, 16 states are at level 0.
Time needed for trimming complement of preach: 47[µs]
trying to prove abstract safety...
Time needed for constructing transducer for (initial, unsafe) pairs: 62[µs]
Time needed for constructing transducer for complement of (initial, unsafe) pairs: 62[µs]
Time needed for building union of complements of preach and (initial, unsafe)-transducer: 56[µs]
Time needed for checking universality using antichains-inclusion algorithm: 117[µs]
Time needed for checking abstract safety: 340[µs]
...done.
Result: [0]
This means that the following properties could be separated from the initial configurations:
	[]
While the following properties could not be separated from the initial configurations:
	[manytoken]

real	0m0,035s
user	0m0,010s
sys	0m0,012s
********************
/home/jakob/Documents/abstracton/benchmarks/dodo/token-passing-no-invariant.json
f
manytoken
systemd-run --user --scope -p MemoryMax=32G -p MemorySwapMax=7G timeout 1200 /home/jakob/Documents/abstracton/benchmarks/../build_release/benchmarks/solve_dodo -i f -p manytoken /home/jakob/Documents/abstracton/benchmarks/dodo/token-passing-no-invariant.json --measure-time --no-dot-printing --universality-alg antichains-inclusion --ind-alg project --bddlike
Running as unit: run-p2070494-i2081349.scope; invocation ID: 75f0acc329ed4c8ab27b17b537c67761
Time needed for parsing json file: 858[µs]
Time needed for converting parser result to bddlike nft type: 47[µs]
alphabet size: 2
using Flow interpretation
Time needed for constructing Flow interpretation transducer: 268[µs]
computing ind...
Time needed for computing composition v_delta of abstraction framework and transition relation: 329[µs]
Time needed for computing complement v_complement of abstraction framework: 81[µs]
Time needed for minimizing complement(V): 88[µs]
Time needed for computing intersection 'preprojection' of delta_v and v_complement: 82[µs]
Time needed for computing complement of ind (i.e. projecting preprojection onto second tape): 130[µs]
Time needed for minimizing projection: 721[µs]
Time needed for computing ind: 120[µs]
Time needed for minimizing ind: 211[µs]
Time needed for computing ind (total): 1870[µs]
automaton for ind has 31 states.
...of which, 13 are at level 0.
...done.
computing complement of preach...
Time needed for computing complement v_complement of abstraction framework: 73[µs]
Time needed for computing product v_id of abstraction framework with ind: 275[µs]
Time needed for computing product of v_id with complement of abstraction framework: 6681[µs]
Time needed for computing complement of preach: 7131[µs]
...done.
automaton for complement of preach has 129 states.
...of which, 82 states are at level 0.
Time needed for trimming complement of preach: 197[µs]
trying to prove abstract safety...
Time needed for constructing transducer for (initial, unsafe) pairs: 65[µs]
Time needed for constructing transducer for complement of (initial, unsafe) pairs: 71[µs]
Time needed for building union of complements of preach and (initial, unsafe)-transducer: 178[µs]
Time needed for checking universality using antichains-inclusion algorithm: 359[µs]
Time needed for checking abstract safety: 744[µs]
...done.
Result: [1]
This means that the following properties could be separated from the initial configurations:
	[manytoken]
While the following properties could not be separated from the initial configurations:
	[]

real	0m0,056s
user	0m0,014s
sys	0m0,017s
********************
60 of 61
/home/jakob/Documents/abstracton/benchmarks/dodo/token-passing.json
t
notoken
systemd-run --user --scope -p MemoryMax=32G -p MemorySwapMax=7G timeout 1200 /home/jakob/Documents/abstracton/benchmarks/../build_release/benchmarks/solve_dodo -i t -p notoken /home/jakob/Documents/abstracton/benchmarks/dodo/token-passing.json --measure-time --no-dot-printing --universality-alg antichains-inclusion --ind-alg project --bddlike
Running as unit: run-p2070502-i2081352.scope; invocation ID: 7d3881bb157b493aa7b7757def313828
Time needed for parsing json file: 3578[µs]
Time needed for converting parser result to bddlike nft type: 39[µs]
alphabet size: 2
using Trap interpretation
Time needed for constructing Trap interpretation transducer: 286[µs]
computing ind...
Time needed for computing composition v_delta of abstraction framework and transition relation: 279[µs]
Time needed for computing complement v_complement of abstraction framework: 86[µs]
Time needed for minimizing complement(V): 54[µs]
Time needed for computing intersection 'preprojection' of delta_v and v_complement: 27[µs]
Time needed for computing complement of ind (i.e. projecting preprojection onto second tape): 34[µs]
Time needed for minimizing projection: 91[µs]
Time needed for computing ind: 49[µs]
Time needed for minimizing ind: 90[µs]
Time needed for computing ind (total): 795[µs]
automaton for ind has 13 states.
...of which, 6 are at level 0.
...done.
computing complement of preach...
Time needed for computing complement v_complement of abstraction framework: 59[µs]
Time needed for computing product v_id of abstraction framework with ind: 145[µs]
Time needed for computing product of v_id with complement of abstraction framework: 2431[µs]
Time needed for computing complement of preach: 2709[µs]
...done.
automaton for complement of preach has 53 states.
...of which, 33 states are at level 0.
Time needed for trimming complement of preach: 127[µs]
trying to prove abstract safety...
Time needed for constructing transducer for (initial, unsafe) pairs: 58[µs]
Time needed for constructing transducer for complement of (initial, unsafe) pairs: 49[µs]
Time needed for building union of complements of preach and (initial, unsafe)-transducer: 91[µs]
Time needed for checking universality using antichains-inclusion algorithm: 192[µs]
Time needed for checking abstract safety: 432[µs]
...done.
Result: [1]
This means that the following properties could be separated from the initial configurations:
	[notoken]
While the following properties could not be separated from the initial configurations:
	[]

real	0m0,040s
user	0m0,009s
sys	0m0,014s
********************
/home/jakob/Documents/abstracton/benchmarks/dodo/token-passing.json
s
notoken
systemd-run --user --scope -p MemoryMax=32G -p MemorySwapMax=7G timeout 1200 /home/jakob/Documents/abstracton/benchmarks/../build_release/benchmarks/solve_dodo -i s -p notoken /home/jakob/Documents/abstracton/benchmarks/dodo/token-passing.json --measure-time --no-dot-printing --universality-alg antichains-inclusion --ind-alg project --bddlike
Running as unit: run-p2070504-i2081353.scope; invocation ID: c8bb729e3e7843c384bfabb9d4bc0867
Time needed for parsing json file: 750[µs]
Time needed for converting parser result to bddlike nft type: 39[µs]
alphabet size: 2
using Siphon interpretation
Time needed for constructing Siphon interpretation transducer: 174[µs]
computing ind...
Time needed for computing composition v_delta of abstraction framework and transition relation: 195[µs]
Time needed for computing complement v_complement of abstraction framework: 52[µs]
Time needed for minimizing complement(V): 60[µs]
Time needed for computing intersection 'preprojection' of delta_v and v_complement: 23[µs]
Time needed for computing complement of ind (i.e. projecting preprojection onto second tape): 35[µs]
Time needed for minimizing projection: 85[µs]
Time needed for computing ind: 46[µs]
Time needed for minimizing ind: 80[µs]
Time needed for computing ind (total): 645[µs]
automaton for ind has 12 states.
...of which, 6 are at level 0.
...done.
computing complement of preach...
Time needed for computing complement v_complement of abstraction framework: 45[µs]
Time needed for computing product v_id of abstraction framework with ind: 132[µs]
Time needed for computing product of v_id with complement of abstraction framework: 1647[µs]
Time needed for computing complement of preach: 1876[µs]
...done.
automaton for complement of preach has 61 states.
...of which, 37 states are at level 0.
Time needed for trimming complement of preach: 96[µs]
trying to prove abstract safety...
Time needed for constructing transducer for (initial, unsafe) pairs: 55[µs]
Time needed for constructing transducer for complement of (initial, unsafe) pairs: 48[µs]
Time needed for building union of complements of preach and (initial, unsafe)-transducer: 95[µs]
Time needed for checking universality using antichains-inclusion algorithm: 178[µs]
Time needed for checking abstract safety: 422[µs]
...done.
Result: [0]
This means that the following properties could be separated from the initial configurations:
	[]
While the following properties could not be separated from the initial configurations:
	[notoken]

real	0m0,041s
user	0m0,009s
sys	0m0,014s
********************
/home/jakob/Documents/abstracton/benchmarks/dodo/token-passing.json
f
notoken
systemd-run --user --scope -p MemoryMax=32G -p MemorySwapMax=7G timeout 1200 /home/jakob/Documents/abstracton/benchmarks/../build_release/benchmarks/solve_dodo -i f -p notoken /home/jakob/Documents/abstracton/benchmarks/dodo/token-passing.json --measure-time --no-dot-printing --universality-alg antichains-inclusion --ind-alg project --bddlike
Running as unit: run-p2070506-i2081354.scope; invocation ID: 5fb985078702425784ab982afb28b9c5
Time needed for parsing json file: 743[µs]
Time needed for converting parser result to bddlike nft type: 57[µs]
alphabet size: 2
using Flow interpretation
Time needed for constructing Flow interpretation transducer: 275[µs]
computing ind...
Time needed for computing composition v_delta of abstraction framework and transition relation: 277[µs]
Time needed for computing complement v_complement of abstraction framework: 80[µs]
Time needed for minimizing complement(V): 85[µs]
Time needed for computing intersection 'preprojection' of delta_v and v_complement: 61[µs]
Time needed for computing complement of ind (i.e. projecting preprojection onto second tape): 87[µs]
Time needed for minimizing projection: 508[µs]
Time needed for computing ind: 137[µs]
Time needed for minimizing ind: 224[µs]
Time needed for computing ind (total): 1546[µs]
automaton for ind has 36 states.
...of which, 16 are at level 0.
...done.
computing complement of preach...
Time needed for computing complement v_complement of abstraction framework: 89[µs]
Time needed for computing product v_id of abstraction framework with ind: 452[µs]
Time needed for computing product of v_id with complement of abstraction framework: 9068[µs]
Time needed for computing complement of preach: 9716[µs]
...done.
automaton for complement of preach has 417 states.
...of which, 261 states are at level 0.
Time needed for trimming complement of preach: 418[µs]
trying to prove abstract safety...
Time needed for constructing transducer for (initial, unsafe) pairs: 45[µs]
Time needed for constructing transducer for complement of (initial, unsafe) pairs: 41[µs]
Time needed for building union of complements of preach and (initial, unsafe)-transducer: 319[µs]
Time needed for checking universality using antichains-inclusion algorithm: 1065[µs]
Time needed for checking abstract safety: 1549[µs]
...done.
Result: [1]
This means that the following properties could be separated from the initial configurations:
	[notoken]
While the following properties could not be separated from the initial configurations:
	[]

real	0m0,057s
user	0m0,019s
sys	0m0,016s
********************
61 of 61
/home/jakob/Documents/abstracton/benchmarks/dodo/token-passing.json
t
manytoken
systemd-run --user --scope -p MemoryMax=32G -p MemorySwapMax=7G timeout 1200 /home/jakob/Documents/abstracton/benchmarks/../build_release/benchmarks/solve_dodo -i t -p manytoken /home/jakob/Documents/abstracton/benchmarks/dodo/token-passing.json --measure-time --no-dot-printing --universality-alg antichains-inclusion --ind-alg project --bddlike
Running as unit: run-p2070514-i2063457.scope; invocation ID: 35f22a3a24b04880904302c3456284f1
Time needed for parsing json file: 757[µs]
Time needed for converting parser result to bddlike nft type: 39[µs]
alphabet size: 2
using Trap interpretation
Time needed for constructing Trap interpretation transducer: 388[µs]
computing ind...
Time needed for computing composition v_delta of abstraction framework and transition relation: 284[µs]
Time needed for computing complement v_complement of abstraction framework: 68[µs]
Time needed for minimizing complement(V): 53[µs]
Time needed for computing intersection 'preprojection' of delta_v and v_complement: 25[µs]
Time needed for computing complement of ind (i.e. projecting preprojection onto second tape): 34[µs]
Time needed for minimizing projection: 89[µs]
Time needed for computing ind: 48[µs]
Time needed for minimizing ind: 89[µs]
Time needed for computing ind (total): 775[µs]
automaton for ind has 13 states.
...of which, 6 are at level 0.
...done.
computing complement of preach...
Time needed for computing complement v_complement of abstraction framework: 61[µs]
Time needed for computing product v_id of abstraction framework with ind: 144[µs]
Time needed for computing product of v_id with complement of abstraction framework: 4344[µs]
Time needed for computing complement of preach: 4671[µs]
...done.
automaton for complement of preach has 53 states.
...of which, 33 states are at level 0.
Time needed for trimming complement of preach: 213[µs]
trying to prove abstract safety...
Time needed for constructing transducer for (initial, unsafe) pairs: 143[µs]
Time needed for constructing transducer for complement of (initial, unsafe) pairs: 136[µs]
Time needed for building union of complements of preach and (initial, unsafe)-transducer: 213[µs]
Time needed for checking universality using antichains-inclusion algorithm: 364[µs]
Time needed for checking abstract safety: 952[µs]
...done.
Result: [1]
This means that the following properties could be separated from the initial configurations:
	[manytoken]
While the following properties could not be separated from the initial configurations:
	[]

real	0m0,043s
user	0m0,018s
sys	0m0,007s
********************
/home/jakob/Documents/abstracton/benchmarks/dodo/token-passing.json
s
manytoken
systemd-run --user --scope -p MemoryMax=32G -p MemorySwapMax=7G timeout 1200 /home/jakob/Documents/abstracton/benchmarks/../build_release/benchmarks/solve_dodo -i s -p manytoken /home/jakob/Documents/abstracton/benchmarks/dodo/token-passing.json --measure-time --no-dot-printing --universality-alg antichains-inclusion --ind-alg project --bddlike
Running as unit: run-p2070520-i2081358.scope; invocation ID: aeb1b531e96e496a950ffbc502d5480b
Time needed for parsing json file: 765[µs]
Time needed for converting parser result to bddlike nft type: 40[µs]
alphabet size: 2
using Siphon interpretation
Time needed for constructing Siphon interpretation transducer: 180[µs]
computing ind...
Time needed for computing composition v_delta of abstraction framework and transition relation: 181[µs]
Time needed for computing complement v_complement of abstraction framework: 52[µs]
Time needed for minimizing complement(V): 59[µs]
Time needed for computing intersection 'preprojection' of delta_v and v_complement: 23[µs]
Time needed for computing complement of ind (i.e. projecting preprojection onto second tape): 36[µs]
Time needed for minimizing projection: 83[µs]
Time needed for computing ind: 45[µs]
Time needed for minimizing ind: 80[µs]
Time needed for computing ind (total): 627[µs]
automaton for ind has 12 states.
...of which, 6 are at level 0.
...done.
computing complement of preach...
Time needed for computing complement v_complement of abstraction framework: 46[µs]
Time needed for computing product v_id of abstraction framework with ind: 133[µs]
Time needed for computing product of v_id with complement of abstraction framework: 1644[µs]
Time needed for computing complement of preach: 1874[µs]
...done.
automaton for complement of preach has 61 states.
...of which, 37 states are at level 0.
Time needed for trimming complement of preach: 97[µs]
trying to prove abstract safety...
Time needed for constructing transducer for (initial, unsafe) pairs: 60[µs]
Time needed for constructing transducer for complement of (initial, unsafe) pairs: 62[µs]
Time needed for building union of complements of preach and (initial, unsafe)-transducer: 103[µs]
Time needed for checking universality using antichains-inclusion algorithm: 214[µs]
Time needed for checking abstract safety: 493[µs]
...done.
Result: [0]
This means that the following properties could be separated from the initial configurations:
	[]
While the following properties could not be separated from the initial configurations:
	[manytoken]

real	0m0,031s
user	0m0,012s
sys	0m0,008s
********************
/home/jakob/Documents/abstracton/benchmarks/dodo/token-passing.json
f
manytoken
systemd-run --user --scope -p MemoryMax=32G -p MemorySwapMax=7G timeout 1200 /home/jakob/Documents/abstracton/benchmarks/../build_release/benchmarks/solve_dodo -i f -p manytoken /home/jakob/Documents/abstracton/benchmarks/dodo/token-passing.json --measure-time --no-dot-printing --universality-alg antichains-inclusion --ind-alg project --bddlike
Running as unit: run-p2070523-i2081359.scope; invocation ID: 31a705ebc59541a7aaf35d2dfde0e8ab
Time needed for parsing json file: 746[µs]
Time needed for converting parser result to bddlike nft type: 40[µs]
alphabet size: 2
using Flow interpretation
Time needed for constructing Flow interpretation transducer: 277[µs]
computing ind...
Time needed for computing composition v_delta of abstraction framework and transition relation: 276[µs]
Time needed for computing complement v_complement of abstraction framework: 81[µs]
Time needed for minimizing complement(V): 85[µs]
Time needed for computing intersection 'preprojection' of delta_v and v_complement: 61[µs]
Time needed for computing complement of ind (i.e. projecting preprojection onto second tape): 89[µs]
Time needed for minimizing projection: 487[µs]
Time needed for computing ind: 147[µs]
Time needed for minimizing ind: 222[µs]
Time needed for computing ind (total): 1540[µs]
automaton for ind has 36 states.
...of which, 16 are at level 0.
...done.
computing complement of preach...
Time needed for computing complement v_complement of abstraction framework: 72[µs]
Time needed for computing product v_id of abstraction framework with ind: 444[µs]
Time needed for computing product of v_id with complement of abstraction framework: 8817[µs]
Time needed for computing complement of preach: 9429[µs]
...done.
automaton for complement of preach has 417 states.
...of which, 261 states are at level 0.
Time needed for trimming complement of preach: 397[µs]
trying to prove abstract safety...
Time needed for constructing transducer for (initial, unsafe) pairs: 47[µs]
Time needed for constructing transducer for complement of (initial, unsafe) pairs: 50[µs]
Time needed for building union of complements of preach and (initial, unsafe)-transducer: 320[µs]
Time needed for checking universality using antichains-inclusion algorithm: 1037[µs]
Time needed for checking abstract safety: 1534[µs]
...done.
Result: [1]
This means that the following properties could be separated from the initial configurations:
	[manytoken]
While the following properties could not be separated from the initial configurations:
	[]

real	0m0,056s
user	0m0,021s
sys	0m0,013s
********************
