0 of 61
/home/jakob/Documents/abstracton/benchmarks/dodo/Berkeley.json
t
exclusiveexclusive
Running as unit: run-r185a2ef8750747bea94fb46a480fea88.scope; invocation ID: d3b5feaa3de4465aae5dcd2d804f1c01
Time needed for parsing json file: 6206[µs]
alphabet size: 4
using Trap interpretation
Time needed for constructing Trap interpretation transducer: 2192[µs]
computing ind...
Time needed for constructing complement of ind: 4210[µs]
Time needed for computing ind: 149347[µs]
Time needed for minimizing ind: 15144[µs]
Time needed for computing ind (total): 168788[µs]
automaton for ind has 10 states.
...done.
computing complement of preach...
Time needed for constructing identity on ind: 345[µs]
Time needed for computing product v_id of abstraction framework with identity on ind: 15498[µs]
Time needed for computing product of v_id with complement of abstraction framework: 62066[µs]
Time needed for computing complement of preach: 79332[µs]
automaton for complement of preach has 462 states.
...of which, 14 states are at level 0.
Time needed for trimming complement of preach: 985[µs]
...done.
trying to prove abstract safety...
Time needed for constructing transducer for unsafe property: 6[µs]
Time needed for constructing transducer for (initial, unsafe) pairs: 172[µs]
Time needed for constructing transducer for complement of (initial, unsafe) pairs: 300[µs]
Time needed for building union of complements of preach and (initial, unsafe)-transducer: 302[µs]
Time needed for checking universality using lazy-bfs algorithm: 528[µs]
Time needed for checking abstract safety: 1399[µs]
...done.
Result: [0]
This means that the following properties could be separated from the initial configurations:
	[]
While the following properties could not be separated from the initial configurations:
	[exclusiveexclusive]

real	0m0,294s
user	0m0,248s
sys	0m0,022s
********************
/home/jakob/Documents/abstracton/benchmarks/dodo/Berkeley.json
s
exclusiveexclusive
Running as unit: run-r5d3b5b94838e4935b56d2a8da0b719a7.scope; invocation ID: 83936d2f29754d138d3c3e9e01edf8d5
Time needed for parsing json file: 1927[µs]
alphabet size: 4
using Siphon interpretation
Time needed for constructing Siphon interpretation transducer: 901[µs]
computing ind...
Time needed for constructing complement of ind: 1438[µs]
Time needed for computing ind: 23648[µs]
Time needed for minimizing ind: 7122[µs]
Time needed for computing ind (total): 32307[µs]
automaton for ind has 5 states.
...done.
computing complement of preach...
Time needed for constructing identity on ind: 207[µs]
Time needed for computing product v_id of abstraction framework with identity on ind: 2738[µs]
Time needed for computing product of v_id with complement of abstraction framework: 729[µs]
Time needed for computing complement of preach: 4487[µs]
automaton for complement of preach has 5 states.
...of which, 2 states are at level 0.
Time needed for trimming complement of preach: 34[µs]
...done.
trying to prove abstract safety...
Time needed for constructing transducer for unsafe property: 9[µs]
Time needed for constructing transducer for (initial, unsafe) pairs: 158[µs]
Time needed for constructing transducer for complement of (initial, unsafe) pairs: 315[µs]
Time needed for building union of complements of preach and (initial, unsafe)-transducer: 75[µs]
terminate called after throwing an instance of 'std::bad_alloc'
  what():  std::bad_alloc
/usr/bin/timeout: the monitored command dumped core
./bench_for_dodo_comparison.sh: line 83: 2082903 Aborted                 systemd-run --user --scope -p MemoryMax=32G -p MemorySwapMax=7G timeout $TIMEOUT "${parentdir}/../build_release/benchmarks/solve_dodo" -i $MODE -p $PROPERTY $FILE --measure-time --no-dot-printing --universality-alg lazy-bfs

real	10m40,602s
user	9m25,269s
sys	1m10,897s
********************
/home/jakob/Documents/abstracton/benchmarks/dodo/Berkeley.json
f
exclusiveexclusive
Running as unit: run-r4539f15052414cc79cd0ab98a5bdac92.scope; invocation ID: 9247b3393dd84f4d995ccd261f29e207
Time needed for parsing json file: 2461[µs]
alphabet size: 4
using Flow interpretation
Time needed for constructing Flow interpretation transducer: 2455[µs]
computing ind...
Time needed for constructing complement of ind: 4693[µs]
Time needed for computing ind: 846379[µs]
Time needed for minimizing ind: 78942[µs]
Time needed for computing ind (total): 930348[µs]
automaton for ind has 7 states.
...done.
computing complement of preach...
Time needed for constructing identity on ind: 243[µs]
Time needed for computing product v_id of abstraction framework with identity on ind: 5213[µs]
Time needed for computing product of v_id with complement of abstraction framework: 1133[µs]
Time needed for computing complement of preach: 8027[µs]
automaton for complement of preach has 5 states.
...of which, 2 states are at level 0.
Time needed for trimming complement of preach: 31[µs]
...done.
trying to prove abstract safety...
Time needed for constructing transducer for unsafe property: 6[µs]
Time needed for constructing transducer for (initial, unsafe) pairs: 126[µs]
Time needed for constructing transducer for complement of (initial, unsafe) pairs: 296[µs]
Time needed for building union of complements of preach and (initial, unsafe)-transducer: 53[µs]
terminate called after throwing an instance of 'std::bad_alloc'
  what():  std::bad_alloc
/usr/bin/timeout: the monitored command dumped core
./bench_for_dodo_comparison.sh: line 83: 2087498 Aborted                 systemd-run --user --scope -p MemoryMax=32G -p MemorySwapMax=7G timeout $TIMEOUT "${parentdir}/../build_release/benchmarks/solve_dodo" -i $MODE -p $PROPERTY $FILE --measure-time --no-dot-printing --universality-alg lazy-bfs

real	10m1,742s
user	9m7,255s
sys	0m53,014s
********************
1 of 61
/home/jakob/Documents/abstracton/benchmarks/dodo/Berkeley.json
t
exclusiveunowned
Running as unit: run-rf548afc547ed42b18fffd3a24aafc803.scope; invocation ID: f5ef31b59f7c46b68c5e27683bb4d3a4
Time needed for parsing json file: 2691[µs]
alphabet size: 4
using Trap interpretation
Time needed for constructing Trap interpretation transducer: 2662[µs]
computing ind...
Time needed for constructing complement of ind: 4237[µs]
Time needed for computing ind: 145926[µs]
Time needed for minimizing ind: 16000[µs]
Time needed for computing ind (total): 166442[µs]
automaton for ind has 10 states.
...done.
computing complement of preach...
Time needed for constructing identity on ind: 326[µs]
Time needed for computing product v_id of abstraction framework with identity on ind: 25290[µs]
Time needed for computing product of v_id with complement of abstraction framework: 61607[µs]
Time needed for computing complement of preach: 88629[µs]
automaton for complement of preach has 462 states.
...of which, 14 states are at level 0.
Time needed for trimming complement of preach: 985[µs]
...done.
trying to prove abstract safety...
Time needed for constructing transducer for unsafe property: 7[µs]
Time needed for constructing transducer for (initial, unsafe) pairs: 183[µs]
Time needed for constructing transducer for complement of (initial, unsafe) pairs: 372[µs]
Time needed for building union of complements of preach and (initial, unsafe)-transducer: 348[µs]
Time needed for checking universality using lazy-bfs algorithm: 17853[µs]
Time needed for checking abstract safety: 18894[µs]
...done.
Result: [1]
This means that the following properties could be separated from the initial configurations:
	[exclusiveunowned]
While the following properties could not be separated from the initial configurations:
	[]

real	0m0,304s
user	0m0,260s
sys	0m0,023s
********************
/home/jakob/Documents/abstracton/benchmarks/dodo/Berkeley.json
s
exclusiveunowned
Running as unit: run-r4d9a0d013ae847d5ade25e28953e7f44.scope; invocation ID: a3b6ffedeeb24091a6427b7641413a06
Time needed for parsing json file: 1860[µs]
alphabet size: 4
using Siphon interpretation
Time needed for constructing Siphon interpretation transducer: 866[µs]
computing ind...
Time needed for constructing complement of ind: 1435[µs]
Time needed for computing ind: 21729[µs]
Time needed for minimizing ind: 6655[µs]
Time needed for computing ind (total): 29898[µs]
automaton for ind has 5 states.
...done.
computing complement of preach...
Time needed for constructing identity on ind: 183[µs]
Time needed for computing product v_id of abstraction framework with identity on ind: 2564[µs]
Time needed for computing product of v_id with complement of abstraction framework: 650[µs]
Time needed for computing complement of preach: 4092[µs]
automaton for complement of preach has 5 states.
...of which, 2 states are at level 0.
Time needed for trimming complement of preach: 17[µs]
...done.
trying to prove abstract safety...
Time needed for constructing transducer for unsafe property: 9[µs]
Time needed for constructing transducer for (initial, unsafe) pairs: 153[µs]
Time needed for constructing transducer for complement of (initial, unsafe) pairs: 347[µs]
Time needed for building union of complements of preach and (initial, unsafe)-transducer: 58[µs]
terminate called after throwing an instance of 'std::bad_alloc'
  what():  std::bad_alloc
/usr/bin/timeout: the monitored command dumped core
./bench_for_dodo_comparison.sh: line 83: 2088219 Aborted                 systemd-run --user --scope -p MemoryMax=32G -p MemorySwapMax=7G timeout $TIMEOUT "${parentdir}/../build_release/benchmarks/solve_dodo" -i $MODE -p $PROPERTY $FILE --measure-time --no-dot-printing --universality-alg lazy-bfs

real	9m37,134s
user	8m39,487s
sys	0m56,163s
********************
/home/jakob/Documents/abstracton/benchmarks/dodo/Berkeley.json
f
exclusiveunowned
Running as unit: run-r48133e802a94403abd0c209d6e5b42ef.scope; invocation ID: fd69e5cc01a448db9ed78ef155b7ed7d
Time needed for parsing json file: 2796[µs]
alphabet size: 4
using Flow interpretation
Time needed for constructing Flow interpretation transducer: 2482[µs]
computing ind...
Time needed for constructing complement of ind: 4821[µs]
Time needed for computing ind: 849220[µs]
Time needed for minimizing ind: 78850[µs]
Time needed for computing ind (total): 933245[µs]
automaton for ind has 7 states.
...done.
computing complement of preach...
Time needed for constructing identity on ind: 247[µs]
Time needed for computing product v_id of abstraction framework with identity on ind: 14419[µs]
Time needed for computing product of v_id with complement of abstraction framework: 1276[µs]
Time needed for computing complement of preach: 17318[µs]
automaton for complement of preach has 5 states.
...of which, 2 states are at level 0.
Time needed for trimming complement of preach: 33[µs]
...done.
trying to prove abstract safety...
Time needed for constructing transducer for unsafe property: 7[µs]
Time needed for constructing transducer for (initial, unsafe) pairs: 156[µs]
Time needed for constructing transducer for complement of (initial, unsafe) pairs: 394[µs]
Time needed for building union of complements of preach and (initial, unsafe)-transducer: 73[µs]
terminate called after throwing an instance of 'std::bad_alloc'
  what():  std::bad_alloc
/usr/bin/timeout: the monitored command dumped core
./bench_for_dodo_comparison.sh: line 83: 2088890 Aborted                 systemd-run --user --scope -p MemoryMax=32G -p MemorySwapMax=7G timeout $TIMEOUT "${parentdir}/../build_release/benchmarks/solve_dodo" -i $MODE -p $PROPERTY $FILE --measure-time --no-dot-printing --universality-alg lazy-bfs

real	9m37,772s
user	8m40,942s
sys	0m55,293s
********************
2 of 61
/home/jakob/Documents/abstracton/benchmarks/dodo/Berkeley.json
t
exclusivenonexclusive
Running as unit: run-r9131302cacc74524ae8104cd61b34fe3.scope; invocation ID: 3f07b0ac23ac4151b550dbe3a232a5cf
Time needed for parsing json file: 2543[µs]
alphabet size: 4
using Trap interpretation
Time needed for constructing Trap interpretation transducer: 2465[µs]
computing ind...
Time needed for constructing complement of ind: 4070[µs]
Time needed for computing ind: 144719[µs]
Time needed for minimizing ind: 14813[µs]
Time needed for computing ind (total): 163881[µs]
automaton for ind has 10 states.
...done.
computing complement of preach...
Time needed for constructing identity on ind: 347[µs]
Time needed for computing product v_id of abstraction framework with identity on ind: 15357[µs]
Time needed for computing product of v_id with complement of abstraction framework: 59945[µs]
Time needed for computing complement of preach: 77043[µs]
automaton for complement of preach has 462 states.
...of which, 14 states are at level 0.
Time needed for trimming complement of preach: 984[µs]
...done.
trying to prove abstract safety...
Time needed for constructing transducer for unsafe property: 6[µs]
Time needed for constructing transducer for (initial, unsafe) pairs: 178[µs]
Time needed for constructing transducer for complement of (initial, unsafe) pairs: 369[µs]
Time needed for building union of complements of preach and (initial, unsafe)-transducer: 366[µs]
Time needed for checking universality using lazy-bfs algorithm: 17755[µs]
Time needed for checking abstract safety: 18769[µs]
...done.
Result: [1]
This means that the following properties could be separated from the initial configurations:
	[exclusivenonexclusive]
While the following properties could not be separated from the initial configurations:
	[]

real	0m0,292s
user	0m0,259s
sys	0m0,018s
********************
/home/jakob/Documents/abstracton/benchmarks/dodo/Berkeley.json
s
exclusivenonexclusive
Running as unit: run-r96649e30cc0d4153afff6427ab9b7678.scope; invocation ID: 18d613fa8f444db6a14fb9eb18e424dc
Time needed for parsing json file: 1885[µs]
alphabet size: 4
using Siphon interpretation
Time needed for constructing Siphon interpretation transducer: 857[µs]
computing ind...
Time needed for constructing complement of ind: 1450[µs]
Time needed for computing ind: 21879[µs]
Time needed for minimizing ind: 6519[µs]
Time needed for computing ind (total): 29907[µs]
automaton for ind has 5 states.
...done.
computing complement of preach...
Time needed for constructing identity on ind: 184[µs]
Time needed for computing product v_id of abstraction framework with identity on ind: 2522[µs]
Time needed for computing product of v_id with complement of abstraction framework: 657[µs]
Time needed for computing complement of preach: 4104[µs]
automaton for complement of preach has 5 states.
...of which, 2 states are at level 0.
Time needed for trimming complement of preach: 17[µs]
...done.
trying to prove abstract safety...
Time needed for constructing transducer for unsafe property: 9[µs]
Time needed for constructing transducer for (initial, unsafe) pairs: 159[µs]
Time needed for constructing transducer for complement of (initial, unsafe) pairs: 343[µs]
Time needed for building union of complements of preach and (initial, unsafe)-transducer: 54[µs]
terminate called after throwing an instance of 'std::bad_alloc'
  what():  std::bad_alloc
/usr/bin/timeout: the monitored command dumped core
./bench_for_dodo_comparison.sh: line 83: 2089639 Aborted                 systemd-run --user --scope -p MemoryMax=32G -p MemorySwapMax=7G timeout $TIMEOUT "${parentdir}/../build_release/benchmarks/solve_dodo" -i $MODE -p $PROPERTY $FILE --measure-time --no-dot-printing --universality-alg lazy-bfs

real	9m30,436s
user	8m32,140s
sys	0m56,812s
********************
/home/jakob/Documents/abstracton/benchmarks/dodo/Berkeley.json
f
exclusivenonexclusive
Running as unit: run-r7c9eef3ac980448cb8fc31709eb3afb9.scope; invocation ID: 2e96e64bf81140bfa91c04cf9e9125df
Time needed for parsing json file: 2974[µs]
alphabet size: 4
using Flow interpretation
Time needed for constructing Flow interpretation transducer: 2526[µs]
computing ind...
Time needed for constructing complement of ind: 4661[µs]
Time needed for computing ind: 855865[µs]
Time needed for minimizing ind: 79066[µs]
Time needed for computing ind (total): 939992[µs]
automaton for ind has 7 states.
...done.
computing complement of preach...
Time needed for constructing identity on ind: 229[µs]
Time needed for computing product v_id of abstraction framework with identity on ind: 5118[µs]
Time needed for computing product of v_id with complement of abstraction framework: 1074[µs]
Time needed for computing complement of preach: 7697[µs]
automaton for complement of preach has 5 states.
...of which, 2 states are at level 0.
Time needed for trimming complement of preach: 32[µs]
...done.
trying to prove abstract safety...
Time needed for constructing transducer for unsafe property: 6[µs]
Time needed for constructing transducer for (initial, unsafe) pairs: 156[µs]
Time needed for constructing transducer for complement of (initial, unsafe) pairs: 355[µs]
Time needed for building union of complements of preach and (initial, unsafe)-transducer: 60[µs]
terminate called after throwing an instance of 'std::bad_alloc'
  what():  std::bad_alloc
/usr/bin/timeout: the monitored command dumped core
./bench_for_dodo_comparison.sh: line 83: 2090328 Aborted                 systemd-run --user --scope -p MemoryMax=32G -p MemorySwapMax=7G timeout $TIMEOUT "${parentdir}/../build_release/benchmarks/solve_dodo" -i $MODE -p $PROPERTY $FILE --measure-time --no-dot-printing --universality-alg lazy-bfs

real	9m31,346s
user	8m37,898s
sys	0m51,887s
********************
3 of 61
/home/jakob/Documents/abstracton/benchmarks/dodo/Berkeley.json
t
deadlock
Running as unit: run-r0ea462b891804751a57ba995fc64b0fc.scope; invocation ID: 13609343548d433c86d50595c6a18369
Time needed for parsing json file: 2849[µs]
alphabet size: 4
using Trap interpretation
Time needed for constructing Trap interpretation transducer: 2647[µs]
computing ind...
Time needed for constructing complement of ind: 4429[µs]
Time needed for computing ind: 145096[µs]
Time needed for minimizing ind: 14689[µs]
Time needed for computing ind (total): 164503[µs]
automaton for ind has 10 states.
...done.
computing complement of preach...
Time needed for constructing identity on ind: 339[µs]
Time needed for computing product v_id of abstraction framework with identity on ind: 19566[µs]
Time needed for computing product of v_id with complement of abstraction framework: 61644[µs]
Time needed for computing complement of preach: 82882[µs]
automaton for complement of preach has 462 states.
...of which, 14 states are at level 0.
Time needed for trimming complement of preach: 979[µs]
...done.
trying to prove abstract safety...
Time needed for constructing transducer for unsafe property: 12[µs]
Time needed for constructing transducer for (initial, unsafe) pairs: 148[µs]
Time needed for constructing transducer for complement of (initial, unsafe) pairs: 39[µs]
Time needed for building union of complements of preach and (initial, unsafe)-transducer: 308[µs]
Time needed for checking universality using lazy-bfs algorithm: 16709[µs]
Time needed for checking abstract safety: 17321[µs]
...done.
Result: [1]
This means that the following properties could be separated from the initial configurations:
	[deadlock]
While the following properties could not be separated from the initial configurations:
	[]

real	0m0,294s
user	0m0,264s
sys	0m0,019s
********************
/home/jakob/Documents/abstracton/benchmarks/dodo/Berkeley.json
s
deadlock
Running as unit: run-re409bba642f4473a863bbc400eb96ed7.scope; invocation ID: f67db7857a4a4c68b649d9ba0012ac0d
Time needed for parsing json file: 1819[µs]
alphabet size: 4
using Siphon interpretation
Time needed for constructing Siphon interpretation transducer: 833[µs]
computing ind...
Time needed for constructing complement of ind: 1555[µs]
Time needed for computing ind: 21251[µs]
Time needed for minimizing ind: 6555[µs]
Time needed for computing ind (total): 29423[µs]
automaton for ind has 5 states.
...done.
computing complement of preach...
Time needed for constructing identity on ind: 184[µs]
Time needed for computing product v_id of abstraction framework with identity on ind: 2679[µs]
Time needed for computing product of v_id with complement of abstraction framework: 691[µs]
Time needed for computing complement of preach: 4266[µs]
automaton for complement of preach has 5 states.
...of which, 2 states are at level 0.
Time needed for trimming complement of preach: 18[µs]
...done.
trying to prove abstract safety...
Time needed for constructing transducer for unsafe property: 12[µs]
Time needed for constructing transducer for (initial, unsafe) pairs: 134[µs]
Time needed for constructing transducer for complement of (initial, unsafe) pairs: 36[µs]
Time needed for building union of complements of preach and (initial, unsafe)-transducer: 27[µs]
Time needed for checking universality using lazy-bfs algorithm: 69[µs]
Time needed for checking abstract safety: 323[µs]
...done.
Result: [1]
This means that the following properties could be separated from the initial configurations:
	[deadlock]
While the following properties could not be separated from the initial configurations:
	[]

real	0m0,061s
user	0m0,040s
sys	0m0,007s
********************
/home/jakob/Documents/abstracton/benchmarks/dodo/Berkeley.json
f
deadlock
Running as unit: run-ra785159b4b324e6b8abcc63c26d15987.scope; invocation ID: 3f7a782008d84bf5964a0e94eeb5b15f
Time needed for parsing json file: 1901[µs]
alphabet size: 4
using Flow interpretation
Time needed for constructing Flow interpretation transducer: 1830[µs]
computing ind...
Time needed for constructing complement of ind: 4333[µs]
Time needed for computing ind: 855456[µs]
Time needed for minimizing ind: 78862[µs]
Time needed for computing ind (total): 938768[µs]
automaton for ind has 7 states.
...done.
computing complement of preach...
Time needed for constructing identity on ind: 246[µs]
Time needed for computing product v_id of abstraction framework with identity on ind: 4735[µs]
Time needed for computing product of v_id with complement of abstraction framework: 1163[µs]
Time needed for computing complement of preach: 7471[µs]
automaton for complement of preach has 5 states.
...of which, 2 states are at level 0.
Time needed for trimming complement of preach: 30[µs]
...done.
trying to prove abstract safety...
Time needed for constructing transducer for unsafe property: 14[µs]
Time needed for constructing transducer for (initial, unsafe) pairs: 139[µs]
Time needed for constructing transducer for complement of (initial, unsafe) pairs: 36[µs]
Time needed for building union of complements of preach and (initial, unsafe)-transducer: 30[µs]
Time needed for checking universality using lazy-bfs algorithm: 94[µs]
Time needed for checking abstract safety: 359[µs]
...done.
Result: [1]
This means that the following properties could be separated from the initial configurations:
	[deadlock]
While the following properties could not be separated from the initial configurations:
	[]

real	0m0,976s
user	0m0,951s
sys	0m0,010s
********************
4 of 61
/home/jakob/Documents/abstracton/benchmarks/dodo/Burns.json
t
nomutex
Running as unit: run-r93b67e5345834f219f1ec5516627f05a.scope; invocation ID: 9957df293cc746c08d435a8fc91c66fe
Time needed for parsing json file: 2122[µs]
alphabet size: 6
using Trap interpretation
Time needed for constructing Trap interpretation transducer: 11245[µs]
computing ind...
Time needed for constructing complement of ind: 10064[µs]
Time needed for computing ind: 169032[µs]
Time needed for minimizing ind: 25633[µs]
Time needed for computing ind (total): 204820[µs]
automaton for ind has 7 states.
...done.
computing complement of preach...
Time needed for constructing identity on ind: 946[µs]
Time needed for computing product v_id of abstraction framework with identity on ind: 58813[µs]
Time needed for computing product of v_id with complement of abstraction framework: 281449[µs]
Time needed for computing complement of preach: 346040[µs]
automaton for complement of preach has 410 states.
...of which, 8 states are at level 0.
Time needed for trimming complement of preach: 1194[µs]
...done.
trying to prove abstract safety...
Time needed for constructing transducer for unsafe property: 7[µs]
Time needed for constructing transducer for (initial, unsafe) pairs: 185[µs]
Time needed for constructing transducer for complement of (initial, unsafe) pairs: 378[µs]
Time needed for building union of complements of preach and (initial, unsafe)-transducer: 430[µs]
Time needed for checking universality using lazy-bfs algorithm: 23961[µs]
Time needed for checking abstract safety: 25106[µs]
...done.
Result: [1]
This means that the following properties could be separated from the initial configurations:
	[nomutex]
While the following properties could not be separated from the initial configurations:
	[]

real	0m0,619s
user	0m0,556s
sys	0m0,050s
********************
/home/jakob/Documents/abstracton/benchmarks/dodo/Burns.json
s
nomutex
Running as unit: run-r05a0de78607a4f768ebdee447d7c9abf.scope; invocation ID: 77cf5b0ff31f4eb9bfe75c4ed6795fbd
Time needed for parsing json file: 1451[µs]
alphabet size: 6
using Siphon interpretation
Time needed for constructing Siphon interpretation transducer: 3779[µs]
computing ind...
Time needed for constructing complement of ind: 3958[µs]
Time needed for computing ind: 15671[µs]
Time needed for minimizing ind: 6882[µs]
Time needed for computing ind (total): 26576[µs]
automaton for ind has 3 states.
...done.
computing complement of preach...
Time needed for constructing identity on ind: 633[µs]
Time needed for computing product v_id of abstraction framework with identity on ind: 7497[µs]
Time needed for computing product of v_id with complement of abstraction framework: 849[µs]
Time needed for computing complement of preach: 11516[µs]
automaton for complement of preach has 0 states.
...of which, 0 states are at level 0.
Time needed for trimming complement of preach: 4[µs]
...done.
trying to prove abstract safety...
Time needed for constructing transducer for unsafe property: 9[µs]
Time needed for constructing transducer for (initial, unsafe) pairs: 170[µs]
Time needed for constructing transducer for complement of (initial, unsafe) pairs: 349[µs]
Time needed for building union of complements of preach and (initial, unsafe)-transducer: 59[µs]
terminate called after throwing an instance of 'std::bad_alloc'
  what():  std::bad_alloc
/usr/bin/timeout: the monitored command dumped core
./bench_for_dodo_comparison.sh: line 83: 2091021 Aborted                 systemd-run --user --scope -p MemoryMax=32G -p MemorySwapMax=7G timeout $TIMEOUT "${parentdir}/../build_release/benchmarks/solve_dodo" -i $MODE -p $PROPERTY $FILE --measure-time --no-dot-printing --universality-alg lazy-bfs

real	8m37,936s
user	7m44,700s
sys	0m51,811s
********************
/home/jakob/Documents/abstracton/benchmarks/dodo/Burns.json
f
nomutex
Running as unit: run-rfc197ed9e42e4bc5a483ecfc0b2998fe.scope; invocation ID: 9a15ec7b36ee4672b1ccc0b0dc90002b
Time needed for parsing json file: 2232[µs]
alphabet size: 6
using Flow interpretation
Time needed for constructing Flow interpretation transducer: 10000[µs]
computing ind...
Time needed for constructing complement of ind: 9261[µs]
Time needed for computing ind: 451942[µs]
Time needed for minimizing ind: 74104[µs]
Time needed for computing ind (total): 535695[µs]
automaton for ind has 5 states.
...done.
computing complement of preach...
Time needed for constructing identity on ind: 682[µs]
Time needed for computing product v_id of abstraction framework with identity on ind: 19609[µs]
Time needed for computing product of v_id with complement of abstraction framework: 1660[µs]
Time needed for computing complement of preach: 28166[µs]
automaton for complement of preach has 0 states.
...of which, 0 states are at level 0.
Time needed for trimming complement of preach: 10[µs]
...done.
trying to prove abstract safety...
Time needed for constructing transducer for unsafe property: 7[µs]
Time needed for constructing transducer for (initial, unsafe) pairs: 208[µs]
Time needed for constructing transducer for complement of (initial, unsafe) pairs: 333[µs]
Time needed for building union of complements of preach and (initial, unsafe)-transducer: 79[µs]
terminate called after throwing an instance of 'std::bad_alloc'
  what():  std::bad_alloc
/usr/bin/timeout: the monitored command dumped core
./bench_for_dodo_comparison.sh: line 83: 2091644 Aborted                 systemd-run --user --scope -p MemoryMax=32G -p MemorySwapMax=7G timeout $TIMEOUT "${parentdir}/../build_release/benchmarks/solve_dodo" -i $MODE -p $PROPERTY $FILE --measure-time --no-dot-printing --universality-alg lazy-bfs

real	8m37,545s
user	7m42,417s
sys	0m53,665s
********************
5 of 61
/home/jakob/Documents/abstracton/benchmarks/dodo/Burns.json
t
deadlock
Running as unit: run-r2035a87da8fb4e1598f48499997e9e1f.scope; invocation ID: 8137067dd3f94e3986c2c57c412bd2ce
Time needed for parsing json file: 2416[µs]
alphabet size: 6
using Trap interpretation
Time needed for constructing Trap interpretation transducer: 12553[µs]
computing ind...
Time needed for constructing complement of ind: 10604[µs]
Time needed for computing ind: 169418[µs]
Time needed for minimizing ind: 25702[µs]
Time needed for computing ind (total): 206020[µs]
automaton for ind has 7 states.
...done.
computing complement of preach...
Time needed for constructing identity on ind: 898[µs]
Time needed for computing product v_id of abstraction framework with identity on ind: 58872[µs]
Time needed for computing product of v_id with complement of abstraction framework: 281445[µs]
Time needed for computing complement of preach: 345969[µs]
automaton for complement of preach has 410 states.
...of which, 8 states are at level 0.
Time needed for trimming complement of preach: 1227[µs]
...done.
trying to prove abstract safety...
Time needed for constructing transducer for unsafe property: 21[µs]
Time needed for constructing transducer for (initial, unsafe) pairs: 159[µs]
Time needed for constructing transducer for complement of (initial, unsafe) pairs: 49[µs]
Time needed for building union of complements of preach and (initial, unsafe)-transducer: 390[µs]
Time needed for checking universality using lazy-bfs algorithm: 23287[µs]
Time needed for checking abstract safety: 24022[µs]
...done.
Result: [1]
This means that the following properties could be separated from the initial configurations:
	[deadlock]
While the following properties could not be separated from the initial configurations:
	[]

real	0m0,634s
user	0m0,544s
sys	0m0,066s
********************
/home/jakob/Documents/abstracton/benchmarks/dodo/Burns.json
s
deadlock
Running as unit: run-re2248e17e7c9449e8ac909c73a2f3b64.scope; invocation ID: 666ac7d739df4f54857e03abe08cbf50
Time needed for parsing json file: 1474[µs]
alphabet size: 6
using Siphon interpretation
Time needed for constructing Siphon interpretation transducer: 3718[µs]
computing ind...
Time needed for constructing complement of ind: 4000[µs]
Time needed for computing ind: 15845[µs]
Time needed for minimizing ind: 6972[µs]
Time needed for computing ind (total): 26899[µs]
automaton for ind has 3 states.
...done.
computing complement of preach...
Time needed for constructing identity on ind: 465[µs]
Time needed for computing product v_id of abstraction framework with identity on ind: 7384[µs]
Time needed for computing product of v_id with complement of abstraction framework: 847[µs]
Time needed for computing complement of preach: 11223[µs]
automaton for complement of preach has 0 states.
...of which, 0 states are at level 0.
Time needed for trimming complement of preach: 7[µs]
...done.
trying to prove abstract safety...
Time needed for constructing transducer for unsafe property: 11[µs]
Time needed for constructing transducer for (initial, unsafe) pairs: 132[µs]
Time needed for constructing transducer for complement of (initial, unsafe) pairs: 50[µs]
Time needed for building union of complements of preach and (initial, unsafe)-transducer: 47[µs]
Time needed for checking universality using lazy-bfs algorithm: 115[µs]
Time needed for checking abstract safety: 416[µs]
...done.
Result: [1]
This means that the following properties could be separated from the initial configurations:
	[deadlock]
While the following properties could not be separated from the initial configurations:
	[]

real	0m0,076s
user	0m0,047s
sys	0m0,008s
********************
/home/jakob/Documents/abstracton/benchmarks/dodo/Burns.json
f
deadlock
Running as unit: run-re6b2e90970c9450997466e7b25f09285.scope; invocation ID: 90ee1b8da60e44a0903c3e9800456390
Time needed for parsing json file: 1281[µs]
alphabet size: 6
using Flow interpretation
Time needed for constructing Flow interpretation transducer: 9126[µs]
computing ind...
Time needed for constructing complement of ind: 9059[µs]
Time needed for computing ind: 453288[µs]
Time needed for minimizing ind: 71842[µs]
Time needed for computing ind (total): 534299[µs]
automaton for ind has 5 states.
...done.
computing complement of preach...
Time needed for constructing identity on ind: 649[µs]
Time needed for computing product v_id of abstraction framework with identity on ind: 19802[µs]
Time needed for computing product of v_id with complement of abstraction framework: 1720[µs]
Time needed for computing complement of preach: 28350[µs]
automaton for complement of preach has 0 states.
...of which, 0 states are at level 0.
Time needed for trimming complement of preach: 5[µs]
...done.
trying to prove abstract safety...
Time needed for constructing transducer for unsafe property: 14[µs]
Time needed for constructing transducer for (initial, unsafe) pairs: 156[µs]
Time needed for constructing transducer for complement of (initial, unsafe) pairs: 41[µs]
Time needed for building union of complements of preach and (initial, unsafe)-transducer: 32[µs]
Time needed for checking universality using lazy-bfs algorithm: 119[µs]
Time needed for checking abstract safety: 418[µs]
...done.
Result: [1]
This means that the following properties could be separated from the initial configurations:
	[deadlock]
While the following properties could not be separated from the initial configurations:
	[]

real	0m0,594s
user	0m0,568s
sys	0m0,016s
********************
6 of 61
/home/jakob/Documents/abstracton/benchmarks/dodo/Dijkstra-Scholten.json
t
twob
Running as unit: run-r1c1d38b36c9f4602af750e46dd65e219.scope; invocation ID: 27fb3fba93f842cc87f94eb4899e34a0
Time needed for parsing json file: 1746[µs]
alphabet size: 4
using Trap interpretation
Time needed for constructing Trap interpretation transducer: 2385[µs]
computing ind...
Time needed for constructing complement of ind: 1406[µs]
Time needed for computing ind: 25211[µs]
Time needed for minimizing ind: 6918[µs]
Time needed for computing ind (total): 33591[µs]
automaton for ind has 8 states.
...done.
computing complement of preach...
Time needed for constructing identity on ind: 278[µs]
Time needed for computing product v_id of abstraction framework with identity on ind: 14080[µs]
Time needed for computing product of v_id with complement of abstraction framework: 55695[µs]
Time needed for computing complement of preach: 71192[µs]
automaton for complement of preach has 428 states.
...of which, 12 states are at level 0.
Time needed for trimming complement of preach: 842[µs]
...done.
trying to prove abstract safety...
Time needed for constructing transducer for unsafe property: 6[µs]
Time needed for constructing transducer for (initial, unsafe) pairs: 148[µs]
Time needed for constructing transducer for complement of (initial, unsafe) pairs: 344[µs]
Time needed for building union of complements of preach and (initial, unsafe)-transducer: 313[µs]
Time needed for checking universality using lazy-bfs algorithm: 42584[µs]
Time needed for checking abstract safety: 43524[µs]
...done.
Result: [1]
This means that the following properties could be separated from the initial configurations:
	[twob]
While the following properties could not be separated from the initial configurations:
	[]

real	0m0,178s
user	0m0,148s
sys	0m0,018s
********************
/home/jakob/Documents/abstracton/benchmarks/dodo/Dijkstra-Scholten.json
s
twob
Running as unit: run-rb6f52a63c5024941a0edfa9f87cb3231.scope; invocation ID: 98ae69ae496c41cab1eddfecf4245b36
Time needed for parsing json file: 1104[µs]
alphabet size: 4
using Siphon interpretation
Time needed for constructing Siphon interpretation transducer: 913[µs]
computing ind...
Time needed for constructing complement of ind: 520[µs]
Time needed for computing ind: 2859[µs]
Time needed for minimizing ind: 2214[µs]
Time needed for computing ind (total): 5649[µs]
automaton for ind has 8 states.
...done.
computing complement of preach...
Time needed for constructing identity on ind: 438[µs]
Time needed for computing product v_id of abstraction framework with identity on ind: 4362[µs]
Time needed for computing product of v_id with complement of abstraction framework: 6547[µs]
Time needed for computing complement of preach: 12067[µs]
automaton for complement of preach has 222 states.
...of which, 12 states are at level 0.
Time needed for trimming complement of preach: 582[µs]
...done.
trying to prove abstract safety...
Time needed for constructing transducer for unsafe property: 7[µs]
Time needed for constructing transducer for (initial, unsafe) pairs: 149[µs]
Time needed for constructing transducer for complement of (initial, unsafe) pairs: 282[µs]
Time needed for building union of complements of preach and (initial, unsafe)-transducer: 214[µs]

real	20m2,115s
user	19m13,856s
sys	0m47,967s
********************
/home/jakob/Documents/abstracton/benchmarks/dodo/Dijkstra-Scholten.json
f
twob
Running as unit: run-rb9dd5912f01d4812a8d22e8de9dc7604.scope; invocation ID: 58bb473c297b41c5b492d76749e95ce5
Time needed for parsing json file: 1755[µs]
alphabet size: 4
using Flow interpretation
Time needed for constructing Flow interpretation transducer: 2518[µs]
computing ind...
Time needed for constructing complement of ind: 1348[µs]
Time needed for computing ind: 68411[µs]
Time needed for minimizing ind: 18806[µs]
Time needed for computing ind (total): 88826[µs]
automaton for ind has 23 states.
...done.
computing complement of preach...
Time needed for constructing identity on ind: 749[µs]
Time needed for computing product v_id of abstraction framework with identity on ind: 25558[µs]
Time needed for computing product of v_id with complement of abstraction framework: 30188[µs]
Time needed for computing complement of preach: 58120[µs]
automaton for complement of preach has 1114 states.
...of which, 65 states are at level 0.
Time needed for trimming complement of preach: 2814[µs]
...done.
trying to prove abstract safety...
Time needed for constructing transducer for unsafe property: 6[µs]
Time needed for constructing transducer for (initial, unsafe) pairs: 152[µs]
Time needed for constructing transducer for complement of (initial, unsafe) pairs: 277[µs]
Time needed for building union of complements of preach and (initial, unsafe)-transducer: 905[µs]
Time needed for checking universality using lazy-bfs algorithm: 460118684[µs]
Time needed for checking abstract safety: 460120501[µs]
...done.
Result: [1]
This means that the following properties could be separated from the initial configurations:
	[twob]
While the following properties could not be separated from the initial configurations:
	[]

real	7m40,618s
user	7m38,373s
sys	0m2,090s
********************
7 of 61
/home/jakob/Documents/abstracton/benchmarks/dodo/Dijkstra-Scholten.json
t
twod
Running as unit: run-r5723bcb699c74fe5902372369f312813.scope; invocation ID: 266714095a1b4095aa299fc884e8e77a
Time needed for parsing json file: 1190[µs]
alphabet size: 4
using Trap interpretation
Time needed for constructing Trap interpretation transducer: 2491[µs]
computing ind...
Time needed for constructing complement of ind: 1384[µs]
Time needed for computing ind: 26794[µs]
Time needed for minimizing ind: 6848[µs]
Time needed for computing ind (total): 35101[µs]
automaton for ind has 8 states.
...done.
computing complement of preach...
Time needed for constructing identity on ind: 305[µs]
Time needed for computing product v_id of abstraction framework with identity on ind: 14344[µs]
Time needed for computing product of v_id with complement of abstraction framework: 56500[µs]
Time needed for computing complement of preach: 72416[µs]
automaton for complement of preach has 428 states.
...of which, 12 states are at level 0.
Time needed for trimming complement of preach: 883[µs]
...done.
trying to prove abstract safety...
Time needed for constructing transducer for unsafe property: 8[µs]
Time needed for constructing transducer for (initial, unsafe) pairs: 160[µs]
Time needed for constructing transducer for complement of (initial, unsafe) pairs: 306[µs]
Time needed for building union of complements of preach and (initial, unsafe)-transducer: 335[µs]
Time needed for checking universality using lazy-bfs algorithm: 41647[µs]
Time needed for checking abstract safety: 42611[µs]
...done.
Result: [1]
This means that the following properties could be separated from the initial configurations:
	[twod]
While the following properties could not be separated from the initial configurations:
	[]

real	0m0,181s
user	0m0,148s
sys	0m0,019s
********************
/home/jakob/Documents/abstracton/benchmarks/dodo/Dijkstra-Scholten.json
s
twod
Running as unit: run-rdc602aacc02f4cc286253b36ec56670e.scope; invocation ID: 0cf1285ce4be4e8789c5445969536a2c
Time needed for parsing json file: 1101[µs]
alphabet size: 4
using Siphon interpretation
Time needed for constructing Siphon interpretation transducer: 869[µs]
computing ind...
Time needed for constructing complement of ind: 493[µs]
Time needed for computing ind: 3140[µs]
Time needed for minimizing ind: 2299[µs]
Time needed for computing ind (total): 5978[µs]
automaton for ind has 8 states.
...done.
computing complement of preach...
Time needed for constructing identity on ind: 435[µs]
Time needed for computing product v_id of abstraction framework with identity on ind: 4659[µs]
Time needed for computing product of v_id with complement of abstraction framework: 6661[µs]
Time needed for computing complement of preach: 12599[µs]
automaton for complement of preach has 222 states.
...of which, 12 states are at level 0.
Time needed for trimming complement of preach: 545[µs]
...done.
trying to prove abstract safety...
Time needed for constructing transducer for unsafe property: 6[µs]
Time needed for constructing transducer for (initial, unsafe) pairs: 134[µs]
Time needed for constructing transducer for complement of (initial, unsafe) pairs: 279[µs]
Time needed for building union of complements of preach and (initial, unsafe)-transducer: 209[µs]
Time needed for checking universality using lazy-bfs algorithm: 534[µs]
Time needed for checking abstract safety: 1235[µs]
...done.
Result: [0]
This means that the following properties could be separated from the initial configurations:
	[]
While the following properties could not be separated from the initial configurations:
	[twod]

real	0m0,047s
user	0m0,023s
sys	0m0,010s
********************
/home/jakob/Documents/abstracton/benchmarks/dodo/Dijkstra-Scholten.json
f
twod
Running as unit: run-rb2f41ada92f948d1b13bcc9867a42354.scope; invocation ID: 9255f1106b164b849c75a5eb07255f62
Time needed for parsing json file: 1096[µs]
alphabet size: 4
using Flow interpretation
Time needed for constructing Flow interpretation transducer: 1966[µs]
computing ind...
Time needed for constructing complement of ind: 1355[µs]
Time needed for computing ind: 66482[µs]
Time needed for minimizing ind: 18534[µs]
Time needed for computing ind (total): 86458[µs]
automaton for ind has 23 states.
...done.
computing complement of preach...
Time needed for constructing identity on ind: 762[µs]
Time needed for computing product v_id of abstraction framework with identity on ind: 24623[µs]
Time needed for computing product of v_id with complement of abstraction framework: 30215[µs]
Time needed for computing complement of preach: 57202[µs]
automaton for complement of preach has 1114 states.
...of which, 65 states are at level 0.
Time needed for trimming complement of preach: 2646[µs]
...done.
trying to prove abstract safety...
Time needed for constructing transducer for unsafe property: 5[µs]
Time needed for constructing transducer for (initial, unsafe) pairs: 131[µs]
Time needed for constructing transducer for complement of (initial, unsafe) pairs: 291[µs]
Time needed for building union of complements of preach and (initial, unsafe)-transducer: 988[µs]
Time needed for checking universality using lazy-bfs algorithm: 458380132[µs]
Time needed for checking abstract safety: 458382037[µs]
...done.
Result: [1]
This means that the following properties could be separated from the initial configurations:
	[twod]
While the following properties could not be separated from the initial configurations:
	[]

real	7m38,864s
user	7m36,715s
sys	0m2,004s
********************
8 of 61
/home/jakob/Documents/abstracton/benchmarks/dodo/Dijkstra-Scholten.json
t
deadlock
Running as unit: run-r8b4b69f3c3e24e4f96441e49e6fbb095.scope; invocation ID: 7a5fa157a95e4a46b049d3fdff57fec6
Time needed for parsing json file: 1220[µs]
alphabet size: 4
using Trap interpretation
Time needed for constructing Trap interpretation transducer: 2528[µs]
computing ind...
Time needed for constructing complement of ind: 1485[µs]
Time needed for computing ind: 26466[µs]
Time needed for minimizing ind: 7234[µs]
Time needed for computing ind (total): 35247[µs]
automaton for ind has 8 states.
...done.
computing complement of preach...
Time needed for constructing identity on ind: 325[µs]
Time needed for computing product v_id of abstraction framework with identity on ind: 14294[µs]
Time needed for computing product of v_id with complement of abstraction framework: 57351[µs]
Time needed for computing complement of preach: 73169[µs]
automaton for complement of preach has 428 states.
...of which, 12 states are at level 0.
Time needed for trimming complement of preach: 861[µs]
...done.
trying to prove abstract safety...
Time needed for constructing transducer for unsafe property: 10[µs]
Time needed for constructing transducer for (initial, unsafe) pairs: 239[µs]
Time needed for constructing transducer for complement of (initial, unsafe) pairs: 403[µs]
Time needed for building union of complements of preach and (initial, unsafe)-transducer: 317[µs]
Time needed for checking universality using lazy-bfs algorithm: 42564[µs]
Time needed for checking abstract safety: 43674[µs]
...done.
Result: [1]
This means that the following properties could be separated from the initial configurations:
	[deadlock]
While the following properties could not be separated from the initial configurations:
	[]

real	0m0,180s
user	0m0,149s
sys	0m0,020s
********************
/home/jakob/Documents/abstracton/benchmarks/dodo/Dijkstra-Scholten.json
s
deadlock
Running as unit: run-rbd3de9478236429abb2434efa92b41e6.scope; invocation ID: df1121a891e042a59be73876f1df4eb5
Time needed for parsing json file: 1040[µs]
alphabet size: 4
using Siphon interpretation
Time needed for constructing Siphon interpretation transducer: 832[µs]
computing ind...
Time needed for constructing complement of ind: 502[µs]
Time needed for computing ind: 2925[µs]
Time needed for minimizing ind: 2202[µs]
Time needed for computing ind (total): 5691[µs]
automaton for ind has 8 states.
...done.
computing complement of preach...
Time needed for constructing identity on ind: 396[µs]
Time needed for computing product v_id of abstraction framework with identity on ind: 4341[µs]
Time needed for computing product of v_id with complement of abstraction framework: 6552[µs]
Time needed for computing complement of preach: 12038[µs]
automaton for complement of preach has 222 states.
...of which, 12 states are at level 0.
Time needed for trimming complement of preach: 563[µs]
...done.
trying to prove abstract safety...
Time needed for constructing transducer for unsafe property: 18[µs]
Time needed for constructing transducer for (initial, unsafe) pairs: 222[µs]
Time needed for constructing transducer for complement of (initial, unsafe) pairs: 387[µs]
Time needed for building union of complements of preach and (initial, unsafe)-transducer: 271[µs]

real	20m2,243s
user	19m9,902s
sys	0m50,722s
********************
/home/jakob/Documents/abstracton/benchmarks/dodo/Dijkstra-Scholten.json
f
deadlock
Running as unit: run-rfd96e9455ef94d98a57f35426e0f13a9.scope; invocation ID: af0f21fa5b3544b596b1a565e0ac5ea4
Time needed for parsing json file: 1762[µs]
alphabet size: 4
using Flow interpretation
Time needed for constructing Flow interpretation transducer: 2583[µs]
computing ind...
Time needed for constructing complement of ind: 1462[µs]
Time needed for computing ind: 67942[µs]
Time needed for minimizing ind: 18433[µs]
Time needed for computing ind (total): 88102[µs]
automaton for ind has 23 states.
...done.
computing complement of preach...
Time needed for constructing identity on ind: 790[µs]
Time needed for computing product v_id of abstraction framework with identity on ind: 25336[µs]
Time needed for computing product of v_id with complement of abstraction framework: 31650[µs]
Time needed for computing complement of preach: 59368[µs]
automaton for complement of preach has 1114 states.
...of which, 65 states are at level 0.
Time needed for trimming complement of preach: 2738[µs]
...done.
trying to prove abstract safety...
Time needed for constructing transducer for unsafe property: 9[µs]
Time needed for constructing transducer for (initial, unsafe) pairs: 212[µs]
Time needed for constructing transducer for complement of (initial, unsafe) pairs: 411[µs]
Time needed for building union of complements of preach and (initial, unsafe)-transducer: 940[µs]
Time needed for checking universality using lazy-bfs algorithm: 459709824[µs]
Time needed for checking abstract safety: 459711877[µs]
...done.
Result: [1]
This means that the following properties could be separated from the initial configurations:
	[deadlock]
While the following properties could not be separated from the initial configurations:
	[]

real	7m40,211s
user	7m37,862s
sys	0m2,208s
********************
9 of 61
/home/jakob/Documents/abstracton/benchmarks/dodo/Dijkstra-ring.json
t
nomutex
Running as unit: run-r1bc6924716eb4ce5b85e0548a6c6c5f0.scope; invocation ID: 7ad670f155184e528e7b5df8ae2d42f0
Time needed for parsing json file: 5874[µs]
alphabet size: 12
using Trap interpretation
Time needed for constructing Trap interpretation transducer: 1421350[µs]
computing ind...
Time needed for constructing complement of ind: 2396059[µs]

real	20m0,250s
user	19m57,980s
sys	0m1,979s
********************
/home/jakob/Documents/abstracton/benchmarks/dodo/Dijkstra-ring.json
s
nomutex
Running as unit: run-r2f4f6fbb8efd4eb19b832245a21518c5.scope; invocation ID: 412e2d59cc7a4027bdd5a24a5b2324fa
Time needed for parsing json file: 5940[µs]
alphabet size: 12
using Siphon interpretation
Time needed for constructing Siphon interpretation transducer: 414379[µs]
computing ind...
Time needed for constructing complement of ind: 819803[µs]
Time needed for computing ind: 116786194[µs]
Time needed for minimizing ind: 30357980[µs]
Time needed for computing ind (total): 147966531[µs]
automaton for ind has 14 states.
...done.
computing complement of preach...
Time needed for constructing identity on ind: 120886[µs]
Time needed for computing product v_id of abstraction framework with identity on ind: 8609962[µs]
Time needed for computing product of v_id with complement of abstraction framework: 777559[µs]
Time needed for computing complement of preach: 9796368[µs]
automaton for complement of preach has 4370 states.
...of which, 22 states are at level 0.
Time needed for trimming complement of preach: 25824[µs]
...done.
trying to prove abstract safety...
Time needed for constructing transducer for unsafe property: 9[µs]
Time needed for constructing transducer for (initial, unsafe) pairs: 277[µs]
Time needed for constructing transducer for complement of (initial, unsafe) pairs: 637[µs]
Time needed for building union of complements of preach and (initial, unsafe)-transducer: 8571[µs]
Time needed for checking universality using lazy-bfs algorithm: 9831[µs]
Time needed for checking abstract safety: 21682[µs]
...done.
Result: [0]
This means that the following properties could be separated from the initial configurations:
	[]
While the following properties could not be separated from the initial configurations:
	[nomutex]

real	2m38,464s
user	2m36,970s
sys	0m1,442s
********************
/home/jakob/Documents/abstracton/benchmarks/dodo/Dijkstra-ring.json
f
nomutex
Running as unit: run-rb6f260c59a374a1381f51b73031658eb.scope; invocation ID: c522d79748e44066a5824e68bb2ef9f9
Time needed for parsing json file: 6041[µs]
alphabet size: 12
using Flow interpretation
Time needed for constructing Flow interpretation transducer: 1181644[µs]
computing ind...
Time needed for constructing complement of ind: 2339756[µs]

real	20m0,230s
user	19m57,885s
sys	0m1,878s
********************
10 of 61
/home/jakob/Documents/abstracton/benchmarks/dodo/Dijkstra-ring.json
t
deadlock
Running as unit: run-rf4daff5f78764f3faafcfd8d46b14fa1.scope; invocation ID: b9251098df6d4e3e980bd94262bd0ccd
Time needed for parsing json file: 5427[µs]
alphabet size: 12
using Trap interpretation
Time needed for constructing Trap interpretation transducer: 1492894[µs]
computing ind...
Time needed for constructing complement of ind: 2564098[µs]

real	20m0,219s
user	19m57,741s
sys	0m1,862s
********************
/home/jakob/Documents/abstracton/benchmarks/dodo/Dijkstra-ring.json
s
deadlock
Running as unit: run-r95339df1ae66443fb6e215619254dd0c.scope; invocation ID: 21f6d27388044947acd1fc9703744ac7
Time needed for parsing json file: 5670[µs]
alphabet size: 12
using Siphon interpretation
Time needed for constructing Siphon interpretation transducer: 415986[µs]
computing ind...
Time needed for constructing complement of ind: 815275[µs]
Time needed for computing ind: 117252002[µs]
Time needed for minimizing ind: 29739914[µs]
Time needed for computing ind (total): 147809638[µs]
automaton for ind has 14 states.
...done.
computing complement of preach...
Time needed for constructing identity on ind: 118220[µs]
Time needed for computing product v_id of abstraction framework with identity on ind: 8436305[µs]
Time needed for computing product of v_id with complement of abstraction framework: 772617[µs]
Time needed for computing complement of preach: 9609354[µs]
automaton for complement of preach has 4370 states.
...of which, 22 states are at level 0.
Time needed for trimming complement of preach: 25039[µs]
...done.
trying to prove abstract safety...
Time needed for constructing transducer for unsafe property: 66[µs]
Time needed for constructing transducer for (initial, unsafe) pairs: 1153[µs]
Time needed for constructing transducer for complement of (initial, unsafe) pairs: 1529[µs]
Time needed for building union of complements of preach and (initial, unsafe)-transducer: 8275[µs]
Time needed for checking universality using lazy-bfs algorithm: 8892[µs]
Time needed for checking abstract safety: 22290[µs]
...done.
Result: [0]
This means that the following properties could be separated from the initial configurations:
	[]
While the following properties could not be separated from the initial configurations:
	[deadlock]

real	2m38,088s
user	2m36,633s
sys	0m1,385s
********************
/home/jakob/Documents/abstracton/benchmarks/dodo/Dijkstra-ring.json
f
deadlock
Running as unit: run-r3dc9dc458e964b34820291eb55400836.scope; invocation ID: a67cce08bccb4f889f7eb49932f29f16
Time needed for parsing json file: 5702[µs]
alphabet size: 12
using Flow interpretation
Time needed for constructing Flow interpretation transducer: 1184585[µs]
computing ind...
Time needed for constructing complement of ind: 2362825[µs]

real	20m0,220s
user	19m58,073s
sys	0m1,674s
********************
11 of 61
/home/jakob/Documents/abstracton/benchmarks/dodo/DijkstraMutEx.json
t
nomutex
Running as unit: run-r6ba38b31f5254db79a09aeb04e6fd87b.scope; invocation ID: df0c2a85873e4767b4eb261e41f57488
Time needed for parsing json file: 47366[µs]
alphabet size: 24
using Trap interpretation
./bench_for_dodo_comparison.sh: line 83: 2103400 Killed                  systemd-run --user --scope -p MemoryMax=32G -p MemorySwapMax=7G timeout $TIMEOUT "${parentdir}/../build_release/benchmarks/solve_dodo" -i $MODE -p $PROPERTY $FILE --measure-time --no-dot-printing --universality-alg lazy-bfs

real	5m2,869s
user	2m45,395s
sys	0m40,962s
********************
/home/jakob/Documents/abstracton/benchmarks/dodo/DijkstraMutEx.json
s
nomutex
Running as unit: run-r370f1116dfe14eb09dd2ec04e714c336.scope; invocation ID: 9c10389088d34eab810b1bdc8523311c
Time needed for parsing json file: 43668[µs]
alphabet size: 24
using Siphon interpretation
./bench_for_dodo_comparison.sh: line 83: 2103679 Killed                  systemd-run --user --scope -p MemoryMax=32G -p MemorySwapMax=7G timeout $TIMEOUT "${parentdir}/../build_release/benchmarks/solve_dodo" -i $MODE -p $PROPERTY $FILE --measure-time --no-dot-printing --universality-alg lazy-bfs

real	3m26,712s
user	2m42,078s
sys	0m31,792s
********************
/home/jakob/Documents/abstracton/benchmarks/dodo/DijkstraMutEx.json
f
nomutex
Running as unit: run-r55229ac3eef0453f8afdb49af9563085.scope; invocation ID: 5204e1ef324f4b7c91a4fc2f4a3941e9
Time needed for parsing json file: 43606[µs]
alphabet size: 24
using Flow interpretation
./bench_for_dodo_comparison.sh: line 83: 2103933 Killed                  systemd-run --user --scope -p MemoryMax=32G -p MemorySwapMax=7G timeout $TIMEOUT "${parentdir}/../build_release/benchmarks/solve_dodo" -i $MODE -p $PROPERTY $FILE --measure-time --no-dot-printing --universality-alg lazy-bfs

real	10m20,414s
user	2m42,755s
sys	0m46,233s
********************
12 of 61
/home/jakob/Documents/abstracton/benchmarks/dodo/DijkstraMutEx.json
t
deadlock
Running as unit: run-r94ee76aa52bc42e28c3f3d067e9ce25b.scope; invocation ID: 825c82abfda34b50a43d4e50efde5b80
Time needed for parsing json file: 60167[µs]
alphabet size: 24
using Trap interpretation
./bench_for_dodo_comparison.sh: line 83: 2104307 Killed                  systemd-run --user --scope -p MemoryMax=32G -p MemorySwapMax=7G timeout $TIMEOUT "${parentdir}/../build_release/benchmarks/solve_dodo" -i $MODE -p $PROPERTY $FILE --measure-time --no-dot-printing --universality-alg lazy-bfs

real	3m19,533s
user	2m38,345s
sys	0m31,679s
********************
/home/jakob/Documents/abstracton/benchmarks/dodo/DijkstraMutEx.json
s
deadlock
Running as unit: run-r5096865799fa44f5a018c6c0688d660c.scope; invocation ID: b818b3af67574b8e9df4aad88707b145
Time needed for parsing json file: 43282[µs]
alphabet size: 24
using Siphon interpretation
./bench_for_dodo_comparison.sh: line 83: 2104655 Killed                  systemd-run --user --scope -p MemoryMax=32G -p MemorySwapMax=7G timeout $TIMEOUT "${parentdir}/../build_release/benchmarks/solve_dodo" -i $MODE -p $PROPERTY $FILE --measure-time --no-dot-printing --universality-alg lazy-bfs

real	4m6,158s
user	2m40,258s
sys	0m37,229s
********************
/home/jakob/Documents/abstracton/benchmarks/dodo/DijkstraMutEx.json
f
deadlock
Running as unit: run-r889b1afa8a124b958713f293b1c1686f.scope; invocation ID: f39674dedc3b44b18d18885122f37014
Time needed for parsing json file: 65172[µs]
alphabet size: 24
using Flow interpretation
./bench_for_dodo_comparison.sh: line 83: 2104935 Killed                  systemd-run --user --scope -p MemoryMax=32G -p MemorySwapMax=7G timeout $TIMEOUT "${parentdir}/../build_release/benchmarks/solve_dodo" -i $MODE -p $PROPERTY $FILE --measure-time --no-dot-printing --universality-alg lazy-bfs

real	4m4,009s
user	2m45,404s
sys	0m36,327s
********************
13 of 61
/home/jakob/Documents/abstracton/benchmarks/dodo/FutureBus.json
t
pendingrightsecond
Running as unit: run-r280c1050ffac48ddbeada20dc133cdac.scope; invocation ID: ea559f86c1774608bf0da458cf96f270
Time needed for parsing json file: 15787[µs]
alphabet size: 9
using Trap interpretation
Time needed for constructing Trap interpretation transducer: 151774[µs]
computing ind...
Time needed for constructing complement of ind: 585987[µs]

real	20m0,154s
user	19m58,319s
sys	0m1,379s
********************
/home/jakob/Documents/abstracton/benchmarks/dodo/FutureBus.json
s
pendingrightsecond
Running as unit: run-r2a4a550fa8054bd3a07e7772166d49bd.scope; invocation ID: 2265d2ab2e3d473e9337b679dd850780
Time needed for parsing json file: 13874[µs]
alphabet size: 9
using Siphon interpretation
Time needed for constructing Siphon interpretation transducer: 37421[µs]
computing ind...
Time needed for constructing complement of ind: 178687[µs]

real	20m0,320s
user	19m57,292s
sys	0m2,523s
********************
/home/jakob/Documents/abstracton/benchmarks/dodo/FutureBus.json
f
pendingrightsecond
Running as unit: run-r360b91bf2c8242d4a30de04c9b913916.scope; invocation ID: 524f1f9b0b8340b1840cfd2f9ad9e628
Time needed for parsing json file: 13841[µs]
alphabet size: 9
using Flow interpretation
Time needed for constructing Flow interpretation transducer: 104960[µs]
computing ind...
Time needed for constructing complement of ind: 598519[µs]

real	20m0,166s
user	19m58,183s
sys	0m1,504s
********************
14 of 61
/home/jakob/Documents/abstracton/benchmarks/dodo/FutureBus.json
t
sharedexclusive
Running as unit: run-r27fb19cf15f24b19a621ba05ad085c8a.scope; invocation ID: d005d6af43b64a2eb4f165f12cce3cb1
Time needed for parsing json file: 14051[µs]
alphabet size: 9
using Trap interpretation
Time needed for constructing Trap interpretation transducer: 139445[µs]
computing ind...
Time needed for constructing complement of ind: 539257[µs]

real	20m0,149s
user	19m58,349s
sys	0m1,305s
********************
/home/jakob/Documents/abstracton/benchmarks/dodo/FutureBus.json
s
sharedexclusive
Running as unit: run-reb2316548ac14878a2a8de97993a2b46.scope; invocation ID: 1ccc96e4b00f4c9db5a7bbfafeb57e2b
Time needed for parsing json file: 15138[µs]
alphabet size: 9
using Siphon interpretation
Time needed for constructing Siphon interpretation transducer: 36919[µs]
computing ind...
Time needed for constructing complement of ind: 178230[µs]

real	20m0,310s
user	19m57,284s
sys	0m2,502s
********************
/home/jakob/Documents/abstracton/benchmarks/dodo/FutureBus.json
f
sharedexclusive
Running as unit: run-r4f58fbda77074441be182ffbd1e282f2.scope; invocation ID: e71f9c76c74640f8aff18b140eed7657
Time needed for parsing json file: 14685[µs]
alphabet size: 9
using Flow interpretation
Time needed for constructing Flow interpretation transducer: 108121[µs]
computing ind...
Time needed for constructing complement of ind: 597595[µs]

real	20m0,168s
user	19m58,278s
sys	0m1,395s
********************
15 of 61
/home/jakob/Documents/abstracton/benchmarks/dodo/FutureBus.json
t
secondpending
Running as unit: run-ra1c8fb8f9f9f48b7bdd2986fa42b1e8d.scope; invocation ID: 3d8f1c8d41ca4e88a39245575645af2a
Time needed for parsing json file: 14136[µs]
alphabet size: 9
using Trap interpretation
Time needed for constructing Trap interpretation transducer: 127186[µs]
computing ind...
Time needed for constructing complement of ind: 530944[µs]

real	20m0,145s
user	19m58,231s
sys	0m1,431s
********************
/home/jakob/Documents/abstracton/benchmarks/dodo/FutureBus.json
s
secondpending
Running as unit: run-r6d472fb17dbc4031b8254a2d634d4af4.scope; invocation ID: c9c179467b9a42df9cf5ecb6a1a145fc
Time needed for parsing json file: 14210[µs]
alphabet size: 9
using Siphon interpretation
Time needed for constructing Siphon interpretation transducer: 36768[µs]
computing ind...
Time needed for constructing complement of ind: 176928[µs]

real	20m0,307s
user	19m57,107s
sys	0m2,685s
********************
/home/jakob/Documents/abstracton/benchmarks/dodo/FutureBus.json
f
secondpending
Running as unit: run-rff404c9068aa43e3af42ac235fe31536.scope; invocation ID: 81c81afd4f3a4c748dca81d47ee2d47f
Time needed for parsing json file: 13780[µs]
alphabet size: 9
using Flow interpretation
Time needed for constructing Flow interpretation transducer: 104909[µs]
computing ind...
Time needed for constructing complement of ind: 620179[µs]

real	20m0,169s
user	19m58,182s
sys	0m1,496s
********************
16 of 61
/home/jakob/Documents/abstracton/benchmarks/dodo/FutureBus.json
t
exclusiveexclusive
Running as unit: run-ra266001ce7c849f98613db5fba31e466.scope; invocation ID: 3cfc2b22d89748d0922b7cb547b8c9de
Time needed for parsing json file: 13809[µs]
alphabet size: 9
using Trap interpretation
Time needed for constructing Trap interpretation transducer: 128965[µs]
computing ind...
Time needed for constructing complement of ind: 558892[µs]

real	20m0,147s
user	19m58,214s
sys	0m1,437s
********************
/home/jakob/Documents/abstracton/benchmarks/dodo/FutureBus.json
s
exclusiveexclusive
Running as unit: run-rb02e77d5fb7d4036835a5fbe3937ba96.scope; invocation ID: 25eb5cd76f8c4f298f2b2c51a625f4d7
Time needed for parsing json file: 14388[µs]
alphabet size: 9
using Siphon interpretation
Time needed for constructing Siphon interpretation transducer: 36938[µs]
computing ind...
Time needed for constructing complement of ind: 177246[µs]

real	20m0,313s
user	19m57,284s
sys	0m2,527s
********************
/home/jakob/Documents/abstracton/benchmarks/dodo/FutureBus.json
f
exclusiveexclusive
Running as unit: run-r40bece1bb9d04ce4bfbf81de88b934f0.scope; invocation ID: 1dd847f478544b84b16fba5203d9aed9
Time needed for parsing json file: 14206[µs]
alphabet size: 9
using Flow interpretation
Time needed for constructing Flow interpretation transducer: 103853[µs]
computing ind...
Time needed for constructing complement of ind: 590248[µs]

real	20m0,166s
user	19m58,216s
sys	0m1,442s
********************
17 of 61
/home/jakob/Documents/abstracton/benchmarks/dodo/FutureBus.json
t
deadlock
Running as unit: run-rf6e1bd0aa0d84f6b8cc581e78d56376c.scope; invocation ID: 79be4c651d974ccda49e3f1a2a9823fb
Time needed for parsing json file: 13992[µs]
alphabet size: 9
using Trap interpretation
Time needed for constructing Trap interpretation transducer: 129386[µs]
computing ind...
Time needed for constructing complement of ind: 532070[µs]

real	20m0,145s
user	19m57,209s
sys	0m2,456s
********************
/home/jakob/Documents/abstracton/benchmarks/dodo/FutureBus.json
s
deadlock
Running as unit: run-rb4e1be7791314305b92b244ccc897e34.scope; invocation ID: 5addc6d0bd3b4f2eb406a5dcbe4da07f
Time needed for parsing json file: 17790[µs]
alphabet size: 9
using Siphon interpretation
Time needed for constructing Siphon interpretation transducer: 43940[µs]
computing ind...
Time needed for constructing complement of ind: 209088[µs]

real	20m0,293s
user	19m57,020s
sys	0m2,771s
********************
/home/jakob/Documents/abstracton/benchmarks/dodo/FutureBus.json
f
deadlock
Running as unit: run-rdb116f460d6b4f7f9f184c72633b71f6.scope; invocation ID: d9775997439347b4bf667e6a1e18943f
Time needed for parsing json file: 14067[µs]
alphabet size: 9
using Flow interpretation
Time needed for constructing Flow interpretation transducer: 106804[µs]
computing ind...
Time needed for constructing complement of ind: 607907[µs]

real	20m0,157s
user	19m58,240s
sys	0m1,439s
********************
18 of 61
/home/jakob/Documents/abstracton/benchmarks/dodo/Herman.json
t
notoken
Running as unit: run-r26958f0d947f45e5b922622958a22ec3.scope; invocation ID: 1b232532671d43b58f5d1d95adb96e7c
Time needed for parsing json file: 1225[µs]
alphabet size: 2
using Trap interpretation
Time needed for constructing Trap interpretation transducer: 541[µs]
computing ind...
Time needed for constructing complement of ind: 612[µs]
Time needed for computing ind: 12275[µs]
Time needed for minimizing ind: 1582[µs]
Time needed for computing ind (total): 14535[µs]
automaton for ind has 6 states.
...done.
computing complement of preach...
Time needed for constructing identity on ind: 61[µs]
Time needed for computing product v_id of abstraction framework with identity on ind: 1680[µs]
Time needed for computing product of v_id with complement of abstraction framework: 3228[µs]
Time needed for computing complement of preach: 5317[µs]
automaton for complement of preach has 11 states.
...of which, 4 states are at level 0.
Time needed for trimming complement of preach: 58[µs]
...done.
trying to prove abstract safety...
Time needed for constructing transducer for unsafe property: 3[µs]
Time needed for constructing transducer for (initial, unsafe) pairs: 120[µs]
Time needed for constructing transducer for complement of (initial, unsafe) pairs: 201[µs]
Time needed for building union of complements of preach and (initial, unsafe)-transducer: 35[µs]
Time needed for checking universality using lazy-bfs algorithm: 53[µs]
Time needed for checking abstract safety: 462[µs]
...done.
Result: [1]
This means that the following properties could be separated from the initial configurations:
	[notoken]
While the following properties could not be separated from the initial configurations:
	[]

real	0m0,051s
user	0m0,021s
sys	0m0,012s
********************
/home/jakob/Documents/abstracton/benchmarks/dodo/Herman.json
s
notoken
Running as unit: run-r090542fe6ce848988419011a6c457296.scope; invocation ID: def86a92010748749caf11f520accb04
Time needed for parsing json file: 946[µs]
alphabet size: 2
using Siphon interpretation
Time needed for constructing Siphon interpretation transducer: 291[µs]
computing ind...
Time needed for constructing complement of ind: 252[µs]
Time needed for computing ind: 2685[µs]
Time needed for minimizing ind: 1058[µs]
Time needed for computing ind (total): 4046[µs]
automaton for ind has 6 states.
...done.
computing complement of preach...
Time needed for constructing identity on ind: 63[µs]
Time needed for computing product v_id of abstraction framework with identity on ind: 681[µs]
Time needed for computing product of v_id with complement of abstraction framework: 465[µs]
Time needed for computing complement of preach: 1457[µs]
automaton for complement of preach has 8 states.
...of which, 4 states are at level 0.
Time needed for trimming complement of preach: 35[µs]
...done.
trying to prove abstract safety...
Time needed for constructing transducer for unsafe property: 3[µs]
Time needed for constructing transducer for (initial, unsafe) pairs: 107[µs]
Time needed for constructing transducer for complement of (initial, unsafe) pairs: 197[µs]
Time needed for building union of complements of preach and (initial, unsafe)-transducer: 34[µs]
Time needed for checking universality using lazy-bfs algorithm: 45[µs]
Time needed for checking abstract safety: 430[µs]
...done.
Result: [0]
This means that the following properties could be separated from the initial configurations:
	[]
While the following properties could not be separated from the initial configurations:
	[notoken]

real	0m0,033s
user	0m0,013s
sys	0m0,004s
********************
/home/jakob/Documents/abstracton/benchmarks/dodo/Herman.json
f
notoken
Running as unit: run-r1b709e391f364018bb875663e5ba04a6.scope; invocation ID: 897f9641d83e44c6b22940554fd213ae
Time needed for parsing json file: 927[µs]
alphabet size: 2
using Flow interpretation
Time needed for constructing Flow interpretation transducer: 448[µs]
computing ind...
Time needed for constructing complement of ind: 561[µs]
Time needed for computing ind: 24531[µs]
Time needed for minimizing ind: 3494[µs]
Time needed for computing ind (total): 28660[µs]
automaton for ind has 7 states.
...done.
computing complement of preach...
Time needed for constructing identity on ind: 67[µs]
Time needed for computing product v_id of abstraction framework with identity on ind: 1065[µs]
Time needed for computing product of v_id with complement of abstraction framework: 546[µs]
Time needed for computing complement of preach: 2081[µs]
automaton for complement of preach has 4 states.
...of which, 2 states are at level 0.
Time needed for trimming complement of preach: 19[µs]
...done.
trying to prove abstract safety...
Time needed for constructing transducer for unsafe property: 3[µs]
Time needed for constructing transducer for (initial, unsafe) pairs: 117[µs]
Time needed for constructing transducer for complement of (initial, unsafe) pairs: 223[µs]
Time needed for building union of complements of preach and (initial, unsafe)-transducer: 33[µs]
Time needed for checking universality using lazy-bfs algorithm: 71[µs]
Time needed for checking abstract safety: 490[µs]
...done.
Result: [0]
This means that the following properties could be separated from the initial configurations:
	[]
While the following properties could not be separated from the initial configurations:
	[notoken]

real	0m0,056s
user	0m0,037s
sys	0m0,006s
********************
19 of 61
/home/jakob/Documents/abstracton/benchmarks/dodo/Illinois.json
t
dirtydirty
Running as unit: run-r47dc2b83ddf8472fae44f4938cd5a5a3.scope; invocation ID: 4b98d16113e04fa1be34427662c9f12c
Time needed for parsing json file: 11091[µs]
alphabet size: 4
using Trap interpretation
Time needed for constructing Trap interpretation transducer: 2064[µs]
computing ind...
Time needed for constructing complement of ind: 6772[µs]
Time needed for computing ind: 1174117[µs]
Time needed for minimizing ind: 60453[µs]
Time needed for computing ind (total): 1241471[µs]
automaton for ind has 12 states.
...done.
computing complement of preach...
Time needed for constructing identity on ind: 392[µs]
Time needed for computing product v_id of abstraction framework with identity on ind: 16859[µs]
Time needed for computing product of v_id with complement of abstraction framework: 75549[µs]
Time needed for computing complement of preach: 94079[µs]
automaton for complement of preach has 234 states.
...of which, 18 states are at level 0.
Time needed for trimming complement of preach: 689[µs]
...done.
trying to prove abstract safety...
Time needed for constructing transducer for unsafe property: 6[µs]
Time needed for constructing transducer for (initial, unsafe) pairs: 168[µs]
Time needed for constructing transducer for complement of (initial, unsafe) pairs: 338[µs]
Time needed for building union of complements of preach and (initial, unsafe)-transducer: 303[µs]
Time needed for checking universality using lazy-bfs algorithm: 209[µs]
Time needed for checking abstract safety: 1131[µs]
...done.
Result: [0]
This means that the following properties could be separated from the initial configurations:
	[]
While the following properties could not be separated from the initial configurations:
	[dirtydirty]

real	0m1,387s
user	0m1,335s
sys	0m0,019s
********************
/home/jakob/Documents/abstracton/benchmarks/dodo/Illinois.json
s
dirtydirty
Running as unit: run-rf9383de2c91849b5adef84e3a97f039d.scope; invocation ID: bbff0a0f6c794e64acff0b9ae5edccf4
Time needed for parsing json file: 2151[µs]
alphabet size: 4
using Siphon interpretation
Time needed for constructing Siphon interpretation transducer: 799[µs]
computing ind...
Time needed for constructing complement of ind: 2361[µs]
Time needed for computing ind: 122385[µs]
Time needed for minimizing ind: 20253[µs]
Time needed for computing ind (total): 145089[µs]
automaton for ind has 5 states.
...done.
computing complement of preach...
Time needed for constructing identity on ind: 177[µs]
Time needed for computing product v_id of abstraction framework with identity on ind: 2027[µs]
Time needed for computing product of v_id with complement of abstraction framework: 603[µs]
Time needed for computing complement of preach: 3674[µs]
automaton for complement of preach has 5 states.
...of which, 2 states are at level 0.
Time needed for trimming complement of preach: 17[µs]
...done.
trying to prove abstract safety...
Time needed for constructing transducer for unsafe property: 5[µs]
Time needed for constructing transducer for (initial, unsafe) pairs: 114[µs]
Time needed for constructing transducer for complement of (initial, unsafe) pairs: 266[µs]
Time needed for building union of complements of preach and (initial, unsafe)-transducer: 46[µs]
terminate called after throwing an instance of 'std::bad_alloc'
  what():  std::bad_alloc
/usr/bin/timeout: the monitored command dumped core
./bench_for_dodo_comparison.sh: line 83: 2127763 Aborted                 systemd-run --user --scope -p MemoryMax=32G -p MemorySwapMax=7G timeout $TIMEOUT "${parentdir}/../build_release/benchmarks/solve_dodo" -i $MODE -p $PROPERTY $FILE --measure-time --no-dot-printing --universality-alg lazy-bfs

real	9m48,116s
user	8m53,182s
sys	0m53,311s
********************
/home/jakob/Documents/abstracton/benchmarks/dodo/Illinois.json
f
dirtydirty
Running as unit: run-rc422915af0704194a87a1dc5686e0557.scope; invocation ID: a3edfa119fec47ce94176f91ad705aea
Time needed for parsing json file: 2982[µs]
alphabet size: 4
using Flow interpretation
Time needed for constructing Flow interpretation transducer: 2149[µs]
computing ind...
Time needed for constructing complement of ind: 7220[µs]
Time needed for computing ind: 8538832[µs]
Time needed for minimizing ind: 406448[µs]
Time needed for computing ind (total): 8952924[µs]
automaton for ind has 7 states.
...done.
computing complement of preach...
Time needed for constructing identity on ind: 281[µs]
Time needed for computing product v_id of abstraction framework with identity on ind: 14082[µs]
Time needed for computing product of v_id with complement of abstraction framework: 1135[µs]
Time needed for computing complement of preach: 17106[µs]
automaton for complement of preach has 5 states.
...of which, 2 states are at level 0.
Time needed for trimming complement of preach: 42[µs]
...done.
trying to prove abstract safety...
Time needed for constructing transducer for unsafe property: 5[µs]
Time needed for constructing transducer for (initial, unsafe) pairs: 126[µs]
Time needed for constructing transducer for complement of (initial, unsafe) pairs: 284[µs]
Time needed for building union of complements of preach and (initial, unsafe)-transducer: 51[µs]
terminate called after throwing an instance of 'std::bad_alloc'
  what():  std::bad_alloc
/usr/bin/timeout: the monitored command dumped core
./bench_for_dodo_comparison.sh: line 83: 2128460 Aborted                 systemd-run --user --scope -p MemoryMax=32G -p MemorySwapMax=7G timeout $TIMEOUT "${parentdir}/../build_release/benchmarks/solve_dodo" -i $MODE -p $PROPERTY $FILE --measure-time --no-dot-printing --universality-alg lazy-bfs

real	9m55,853s
user	9m3,448s
sys	0m50,835s
********************
20 of 61
/home/jakob/Documents/abstracton/benchmarks/dodo/Illinois.json
t
dirtyshared
Running as unit: run-rce33d276554842f397f83bef2a6a3910.scope; invocation ID: 35cab95a821f46dd863fbc664ac8927d
Time needed for parsing json file: 3110[µs]
alphabet size: 4
using Trap interpretation
Time needed for constructing Trap interpretation transducer: 2413[µs]
computing ind...
Time needed for constructing complement of ind: 6704[µs]
Time needed for computing ind: 1182749[µs]
Time needed for minimizing ind: 60982[µs]
Time needed for computing ind (total): 1250763[µs]
automaton for ind has 12 states.
...done.
computing complement of preach...
Time needed for constructing identity on ind: 398[µs]
Time needed for computing product v_id of abstraction framework with identity on ind: 17182[µs]
Time needed for computing product of v_id with complement of abstraction framework: 76005[µs]
Time needed for computing complement of preach: 94885[µs]
automaton for complement of preach has 234 states.
...of which, 18 states are at level 0.
Time needed for trimming complement of preach: 534[µs]
...done.
trying to prove abstract safety...
Time needed for constructing transducer for unsafe property: 7[µs]
Time needed for constructing transducer for (initial, unsafe) pairs: 184[µs]
Time needed for constructing transducer for complement of (initial, unsafe) pairs: 398[µs]
Time needed for building union of complements of preach and (initial, unsafe)-transducer: 204[µs]
terminate called after throwing an instance of 'std::bad_alloc'
  what():  std::bad_alloc
/usr/bin/timeout: the monitored command dumped core
./bench_for_dodo_comparison.sh: line 83: 2129180 Aborted                 systemd-run --user --scope -p MemoryMax=32G -p MemorySwapMax=7G timeout $TIMEOUT "${parentdir}/../build_release/benchmarks/solve_dodo" -i $MODE -p $PROPERTY $FILE --measure-time --no-dot-printing --universality-alg lazy-bfs

real	18m11,337s
user	17m16,862s
sys	0m52,689s
********************
/home/jakob/Documents/abstracton/benchmarks/dodo/Illinois.json
s
dirtyshared
Running as unit: run-re5c51885f10144cdb546bbe305f6b152.scope; invocation ID: d25c2b656a37426e875737fec2a50782
Time needed for parsing json file: 2950[µs]
alphabet size: 4
using Siphon interpretation
Time needed for constructing Siphon interpretation transducer: 1219[µs]
computing ind...
Time needed for constructing complement of ind: 2262[µs]
Time needed for computing ind: 122510[µs]
Time needed for minimizing ind: 19940[µs]
Time needed for computing ind (total): 144986[µs]
automaton for ind has 5 states.
...done.
computing complement of preach...
Time needed for constructing identity on ind: 170[µs]
Time needed for computing product v_id of abstraction framework with identity on ind: 2435[µs]
Time needed for computing product of v_id with complement of abstraction framework: 623[µs]
Time needed for computing complement of preach: 4087[µs]
automaton for complement of preach has 5 states.
...of which, 2 states are at level 0.
Time needed for trimming complement of preach: 17[µs]
...done.
trying to prove abstract safety...
Time needed for constructing transducer for unsafe property: 9[µs]
Time needed for constructing transducer for (initial, unsafe) pairs: 139[µs]
Time needed for constructing transducer for complement of (initial, unsafe) pairs: 335[µs]
Time needed for building union of complements of preach and (initial, unsafe)-transducer: 54[µs]
terminate called after throwing an instance of 'std::bad_alloc'
  what():  std::bad_alloc
/usr/bin/timeout: the monitored command dumped core
./bench_for_dodo_comparison.sh: line 83: 2130478 Aborted                 systemd-run --user --scope -p MemoryMax=32G -p MemorySwapMax=7G timeout $TIMEOUT "${parentdir}/../build_release/benchmarks/solve_dodo" -i $MODE -p $PROPERTY $FILE --measure-time --no-dot-printing --universality-alg lazy-bfs

real	9m47,795s
user	8m54,065s
sys	0m52,203s
********************
/home/jakob/Documents/abstracton/benchmarks/dodo/Illinois.json
f
dirtyshared
Running as unit: run-rcaffc5c7b00c447d87a40e6065fbf6f3.scope; invocation ID: 8ee61553c81341ce9c5e7cb284d54a96
Time needed for parsing json file: 2806[µs]
alphabet size: 4
using Flow interpretation
Time needed for constructing Flow interpretation transducer: 2158[µs]
computing ind...
Time needed for constructing complement of ind: 7286[µs]
Time needed for computing ind: 8555631[µs]
Time needed for minimizing ind: 410621[µs]
Time needed for computing ind (total): 8973923[µs]
automaton for ind has 7 states.
...done.
computing complement of preach...
Time needed for constructing identity on ind: 279[µs]
Time needed for computing product v_id of abstraction framework with identity on ind: 14195[µs]
Time needed for computing product of v_id with complement of abstraction framework: 1135[µs]
Time needed for computing complement of preach: 17155[µs]
automaton for complement of preach has 5 states.
...of which, 2 states are at level 0.
Time needed for trimming complement of preach: 35[µs]
...done.
trying to prove abstract safety...
Time needed for constructing transducer for unsafe property: 7[µs]
Time needed for constructing transducer for (initial, unsafe) pairs: 165[µs]
Time needed for constructing transducer for complement of (initial, unsafe) pairs: 398[µs]
Time needed for building union of complements of preach and (initial, unsafe)-transducer: 64[µs]
terminate called after throwing an instance of 'std::bad_alloc'
  what():  std::bad_alloc
/usr/bin/timeout: the monitored command dumped core
./bench_for_dodo_comparison.sh: line 83: 2131162 Aborted                 systemd-run --user --scope -p MemoryMax=32G -p MemorySwapMax=7G timeout $TIMEOUT "${parentdir}/../build_release/benchmarks/solve_dodo" -i $MODE -p $PROPERTY $FILE --measure-time --no-dot-printing --universality-alg lazy-bfs

real	10m24,767s
user	9m30,490s
sys	0m52,706s
********************
21 of 61
/home/jakob/Documents/abstracton/benchmarks/dodo/Illinois.json
t
deadlock
Running as unit: run-rd9accbc106004c55b919305cdb2d6e07.scope; invocation ID: ccb42cd7ca95454b8653395cdc8e2fdf
Time needed for parsing json file: 3044[µs]
alphabet size: 4
using Trap interpretation
Time needed for constructing Trap interpretation transducer: 2540[µs]
computing ind...
Time needed for constructing complement of ind: 7008[µs]
Time needed for computing ind: 1182515[µs]
Time needed for minimizing ind: 61013[µs]
Time needed for computing ind (total): 1250869[µs]
automaton for ind has 12 states.
...done.
computing complement of preach...
Time needed for constructing identity on ind: 390[µs]
Time needed for computing product v_id of abstraction framework with identity on ind: 25715[µs]
Time needed for computing product of v_id with complement of abstraction framework: 75007[µs]
Time needed for computing complement of preach: 102386[µs]
automaton for complement of preach has 234 states.
...of which, 18 states are at level 0.
Time needed for trimming complement of preach: 587[µs]
...done.
trying to prove abstract safety...
Time needed for constructing transducer for unsafe property: 16[µs]
Time needed for constructing transducer for (initial, unsafe) pairs: 162[µs]
Time needed for constructing transducer for complement of (initial, unsafe) pairs: 39[µs]
Time needed for building union of complements of preach and (initial, unsafe)-transducer: 177[µs]
Time needed for checking universality using lazy-bfs algorithm: 217486[µs]
Time needed for checking abstract safety: 217986[µs]
...done.
Result: [1]
This means that the following properties could be separated from the initial configurations:
	[deadlock]
While the following properties could not be separated from the initial configurations:
	[]

real	0m1,602s
user	0m1,562s
sys	0m0,018s
********************
/home/jakob/Documents/abstracton/benchmarks/dodo/Illinois.json
s
deadlock
Running as unit: run-ra2ed2b6b61d145acbc894fa968565c4f.scope; invocation ID: 8fe0a907787844ffb46672cc3cdbaf9b
Time needed for parsing json file: 2162[µs]
alphabet size: 4
using Siphon interpretation
Time needed for constructing Siphon interpretation transducer: 896[µs]
computing ind...
Time needed for constructing complement of ind: 3089[µs]
Time needed for computing ind: 122344[µs]
Time needed for minimizing ind: 21403[µs]
Time needed for computing ind (total): 146931[µs]
automaton for ind has 5 states.
...done.
computing complement of preach...
Time needed for constructing identity on ind: 169[µs]
Time needed for computing product v_id of abstraction framework with identity on ind: 1968[µs]
Time needed for computing product of v_id with complement of abstraction framework: 612[µs]
Time needed for computing complement of preach: 3611[µs]
automaton for complement of preach has 5 states.
...of which, 2 states are at level 0.
Time needed for trimming complement of preach: 17[µs]
...done.
trying to prove abstract safety...
Time needed for constructing transducer for unsafe property: 22[µs]
Time needed for constructing transducer for (initial, unsafe) pairs: 136[µs]
Time needed for constructing transducer for complement of (initial, unsafe) pairs: 34[µs]
Time needed for building union of complements of preach and (initial, unsafe)-transducer: 29[µs]
Time needed for checking universality using lazy-bfs algorithm: 65[µs]
Time needed for checking abstract safety: 337[µs]
...done.
Result: [1]
This means that the following properties could be separated from the initial configurations:
	[deadlock]
While the following properties could not be separated from the initial configurations:
	[]

real	0m0,177s
user	0m0,158s
sys	0m0,007s
********************
/home/jakob/Documents/abstracton/benchmarks/dodo/Illinois.json
f
deadlock
Running as unit: run-r496b7c914b9640d388b0e4144220efc0.scope; invocation ID: 09293b1c13fc4e7884b7a7c89dcb99fb
Time needed for parsing json file: 2168[µs]
alphabet size: 4
using Flow interpretation
Time needed for constructing Flow interpretation transducer: 1695[µs]
computing ind...
Time needed for constructing complement of ind: 7318[µs]
Time needed for computing ind: 8521042[µs]
Time needed for minimizing ind: 417062[µs]
Time needed for computing ind (total): 8945593[µs]
automaton for ind has 7 states.
...done.
computing complement of preach...
Time needed for constructing identity on ind: 244[µs]
Time needed for computing product v_id of abstraction framework with identity on ind: 4897[µs]
Time needed for computing product of v_id with complement of abstraction framework: 1135[µs]
Time needed for computing complement of preach: 7650[µs]
automaton for complement of preach has 5 states.
...of which, 2 states are at level 0.
Time needed for trimming complement of preach: 33[µs]
...done.
trying to prove abstract safety...
Time needed for constructing transducer for unsafe property: 15[µs]
Time needed for constructing transducer for (initial, unsafe) pairs: 141[µs]
Time needed for constructing transducer for complement of (initial, unsafe) pairs: 60[µs]
Time needed for building union of complements of preach and (initial, unsafe)-transducer: 29[µs]
Time needed for checking universality using lazy-bfs algorithm: 70[µs]
Time needed for checking abstract safety: 395[µs]
...done.
Result: [1]
This means that the following properties could be separated from the initial configurations:
	[deadlock]
While the following properties could not be separated from the initial configurations:
	[]

real	0m8,982s
user	0m8,939s
sys	0m0,029s
********************
22 of 61
/home/jakob/Documents/abstracton/benchmarks/dodo/Israeli-Jafon.json
t
notoken
Running as unit: run-r4696be46d0fb4ac8948c558a813669ea.scope; invocation ID: 08d565b5f8294dedb265ae46e6aec095
Time needed for parsing json file: 1284[µs]
alphabet size: 2
using Trap interpretation
Time needed for constructing Trap interpretation transducer: 532[µs]
computing ind...
Time needed for constructing complement of ind: 514[µs]
Time needed for computing ind: 4653[µs]
Time needed for minimizing ind: 923[µs]
Time needed for computing ind (total): 6135[µs]
automaton for ind has 6 states.
...done.
computing complement of preach...
Time needed for constructing identity on ind: 70[µs]
Time needed for computing product v_id of abstraction framework with identity on ind: 1473[µs]
Time needed for computing product of v_id with complement of abstraction framework: 3219[µs]
Time needed for computing complement of preach: 5096[µs]
automaton for complement of preach has 11 states.
...of which, 4 states are at level 0.
Time needed for trimming complement of preach: 45[µs]
...done.
trying to prove abstract safety...
Time needed for constructing transducer for unsafe property: 3[µs]
Time needed for constructing transducer for (initial, unsafe) pairs: 137[µs]
Time needed for constructing transducer for complement of (initial, unsafe) pairs: 220[µs]
Time needed for building union of complements of preach and (initial, unsafe)-transducer: 39[µs]
Time needed for checking universality using lazy-bfs algorithm: 56[µs]
Time needed for checking abstract safety: 501[µs]
...done.
Result: [1]
This means that the following properties could be separated from the initial configurations:
	[notoken]
While the following properties could not be separated from the initial configurations:
	[]

real	0m0,036s
user	0m0,015s
sys	0m0,008s
********************
/home/jakob/Documents/abstracton/benchmarks/dodo/Israeli-Jafon.json
s
notoken
Running as unit: run-rd3b366df5ca74192add8e2efbfb250f4.scope; invocation ID: d7d2188063454cfd9b889f55aac7f8e6
Time needed for parsing json file: 793[µs]
alphabet size: 2
using Siphon interpretation
Time needed for constructing Siphon interpretation transducer: 308[µs]
computing ind...
Time needed for constructing complement of ind: 211[µs]
Time needed for computing ind: 1109[µs]
Time needed for minimizing ind: 680[µs]
Time needed for computing ind (total): 2043[µs]
automaton for ind has 6 states.
...done.
computing complement of preach...
Time needed for constructing identity on ind: 64[µs]
Time needed for computing product v_id of abstraction framework with identity on ind: 782[µs]
Time needed for computing product of v_id with complement of abstraction framework: 468[µs]
Time needed for computing complement of preach: 1566[µs]
automaton for complement of preach has 8 states.
...of which, 4 states are at level 0.
Time needed for trimming complement of preach: 48[µs]
...done.
trying to prove abstract safety...
Time needed for constructing transducer for unsafe property: 4[µs]
Time needed for constructing transducer for (initial, unsafe) pairs: 140[µs]
Time needed for constructing transducer for complement of (initial, unsafe) pairs: 221[µs]
Time needed for building union of complements of preach and (initial, unsafe)-transducer: 50[µs]
Time needed for checking universality using lazy-bfs algorithm: 55[µs]
Time needed for checking abstract safety: 534[µs]
...done.
Result: [0]
This means that the following properties could be separated from the initial configurations:
	[]
While the following properties could not be separated from the initial configurations:
	[notoken]

real	0m0,030s
user	0m0,007s
sys	0m0,009s
********************
/home/jakob/Documents/abstracton/benchmarks/dodo/Israeli-Jafon.json
f
notoken
Running as unit: run-re59d498a63aa4d4abbfbd40bf124d768.scope; invocation ID: 033e7970654641ff857eac0eee232935
Time needed for parsing json file: 825[µs]
alphabet size: 2
using Flow interpretation
Time needed for constructing Flow interpretation transducer: 526[µs]
computing ind...
Time needed for constructing complement of ind: 532[µs]
Time needed for computing ind: 8059[µs]
Time needed for minimizing ind: 1979[µs]
Time needed for computing ind (total): 10619[µs]
automaton for ind has 7 states.
...done.
computing complement of preach...
Time needed for constructing identity on ind: 71[µs]
Time needed for computing product v_id of abstraction framework with identity on ind: 1142[µs]
Time needed for computing product of v_id with complement of abstraction framework: 567[µs]
Time needed for computing complement of preach: 2155[µs]
automaton for complement of preach has 4 states.
...of which, 2 states are at level 0.
Time needed for trimming complement of preach: 19[µs]
...done.
trying to prove abstract safety...
Time needed for constructing transducer for unsafe property: 2[µs]
Time needed for constructing transducer for (initial, unsafe) pairs: 108[µs]
Time needed for constructing transducer for complement of (initial, unsafe) pairs: 199[µs]
Time needed for building union of complements of preach and (initial, unsafe)-transducer: 33[µs]
Time needed for checking universality using lazy-bfs algorithm: 45[µs]
Time needed for checking abstract safety: 429[µs]
...done.
Result: [0]
This means that the following properties could be separated from the initial configurations:
	[]
While the following properties could not be separated from the initial configurations:
	[notoken]

real	0m0,040s
user	0m0,017s
sys	0m0,007s
********************
23 of 61
/home/jakob/Documents/abstracton/benchmarks/dodo/MESI.json
t
modifiedmodified
Running as unit: run-re126018c50e0426f984b674025657e0f.scope; invocation ID: 72392cd5f09b47eb87143c62931444ee
Time needed for parsing json file: 1734[µs]
alphabet size: 4
using Trap interpretation
Time needed for constructing Trap interpretation transducer: 2243[µs]
computing ind...
Time needed for constructing complement of ind: 3132[µs]
Time needed for computing ind: 50926[µs]
Time needed for minimizing ind: 7092[µs]
Time needed for computing ind (total): 61221[µs]
automaton for ind has 6 states.
...done.
computing complement of preach...
Time needed for constructing identity on ind: 225[µs]
Time needed for computing product v_id of abstraction framework with identity on ind: 9199[µs]
Time needed for computing product of v_id with complement of abstraction framework: 35768[µs]
Time needed for computing complement of preach: 46393[µs]
automaton for complement of preach has 175 states.
...of which, 7 states are at level 0.
Time needed for trimming complement of preach: 416[µs]
...done.
trying to prove abstract safety...
Time needed for constructing transducer for unsafe property: 6[µs]
Time needed for constructing transducer for (initial, unsafe) pairs: 150[µs]
Time needed for constructing transducer for complement of (initial, unsafe) pairs: 355[µs]
Time needed for building union of complements of preach and (initial, unsafe)-transducer: 182[µs]
Time needed for checking universality using lazy-bfs algorithm: 6421[µs]
Time needed for checking abstract safety: 7199[µs]
...done.
Result: [1]
This means that the following properties could be separated from the initial configurations:
	[modifiedmodified]
While the following properties could not be separated from the initial configurations:
	[]

real	0m0,150s
user	0m0,111s
sys	0m0,019s
********************
/home/jakob/Documents/abstracton/benchmarks/dodo/MESI.json
s
modifiedmodified
Running as unit: run-r24e3178f1c9746f18212fb32b6574ed1.scope; invocation ID: 388f23c43c82478c831025e831537f33
Time needed for parsing json file: 1517[µs]
alphabet size: 4
using Siphon interpretation
Time needed for constructing Siphon interpretation transducer: 810[µs]
computing ind...
Time needed for constructing complement of ind: 1113[µs]
Time needed for computing ind: 9522[µs]
Time needed for minimizing ind: 3669[µs]
Time needed for computing ind (total): 14353[µs]
automaton for ind has 3 states.
...done.
computing complement of preach...
Time needed for constructing identity on ind: 117[µs]
Time needed for computing product v_id of abstraction framework with identity on ind: 1471[µs]
Time needed for computing product of v_id with complement of abstraction framework: 378[µs]
Time needed for computing complement of preach: 2629[µs]
automaton for complement of preach has 0 states.
...of which, 0 states are at level 0.
Time needed for trimming complement of preach: 4[µs]
...done.
trying to prove abstract safety...
Time needed for constructing transducer for unsafe property: 5[µs]
Time needed for constructing transducer for (initial, unsafe) pairs: 125[µs]
Time needed for constructing transducer for complement of (initial, unsafe) pairs: 278[µs]
Time needed for building union of complements of preach and (initial, unsafe)-transducer: 47[µs]
terminate called after throwing an instance of 'std::bad_alloc'
  what():  std::bad_alloc
/usr/bin/timeout: the monitored command dumped core
./bench_for_dodo_comparison.sh: line 83: 2132003 Aborted                 systemd-run --user --scope -p MemoryMax=32G -p MemorySwapMax=7G timeout $TIMEOUT "${parentdir}/../build_release/benchmarks/solve_dodo" -i $MODE -p $PROPERTY $FILE --measure-time --no-dot-printing --universality-alg lazy-bfs

real	8m39,177s
user	7m44,079s
sys	0m53,593s
********************
/home/jakob/Documents/abstracton/benchmarks/dodo/MESI.json
f
modifiedmodified
Running as unit: run-rc83b03f5c99246698ee37342d12d9069.scope; invocation ID: 732a68cb9e284845b602ac5a99034a03
Time needed for parsing json file: 2153[µs]
alphabet size: 4
using Flow interpretation
Time needed for constructing Flow interpretation transducer: 2221[µs]
computing ind...
Time needed for constructing complement of ind: 3478[µs]
Time needed for computing ind: 196950[µs]
Time needed for minimizing ind: 24764[µs]
Time needed for computing ind (total): 225526[µs]
automaton for ind has 5 states.
...done.
computing complement of preach...
Time needed for constructing identity on ind: 334[µs]
Time needed for computing product v_id of abstraction framework with identity on ind: 4274[µs]
Time needed for computing product of v_id with complement of abstraction framework: 722[µs]
Time needed for computing complement of preach: 7328[µs]
automaton for complement of preach has 0 states.
...of which, 0 states are at level 0.
Time needed for trimming complement of preach: 4[µs]
...done.
trying to prove abstract safety...
Time needed for constructing transducer for unsafe property: 5[µs]
Time needed for constructing transducer for (initial, unsafe) pairs: 148[µs]
Time needed for constructing transducer for complement of (initial, unsafe) pairs: 287[µs]
Time needed for building union of complements of preach and (initial, unsafe)-transducer: 49[µs]
terminate called after throwing an instance of 'std::bad_alloc'
  what():  std::bad_alloc
/usr/bin/timeout: the monitored command dumped core
./bench_for_dodo_comparison.sh: line 83: 2132642 Aborted                 systemd-run --user --scope -p MemoryMax=32G -p MemorySwapMax=7G timeout $TIMEOUT "${parentdir}/../build_release/benchmarks/solve_dodo" -i $MODE -p $PROPERTY $FILE --measure-time --no-dot-printing --universality-alg lazy-bfs

real	8m44,409s
user	7m51,088s
sys	0m51,711s
********************
24 of 61
/home/jakob/Documents/abstracton/benchmarks/dodo/MESI.json
t
sharedmodified
Running as unit: run-r025d96364ed449158031365bcb3b4ee9.scope; invocation ID: 1a55be167bf14e30b4b5364a74f35ddd
Time needed for parsing json file: 2208[µs]
alphabet size: 4
using Trap interpretation
Time needed for constructing Trap interpretation transducer: 2755[µs]
computing ind...
Time needed for constructing complement of ind: 3130[µs]
Time needed for computing ind: 50700[µs]
Time needed for minimizing ind: 6769[µs]
Time needed for computing ind (total): 60906[µs]
automaton for ind has 6 states.
...done.
computing complement of preach...
Time needed for constructing identity on ind: 211[µs]
Time needed for computing product v_id of abstraction framework with identity on ind: 9741[µs]
Time needed for computing product of v_id with complement of abstraction framework: 34198[µs]
Time needed for computing complement of preach: 45311[µs]
automaton for complement of preach has 175 states.
...of which, 7 states are at level 0.
Time needed for trimming complement of preach: 388[µs]
...done.
trying to prove abstract safety...
Time needed for constructing transducer for unsafe property: 6[µs]
Time needed for constructing transducer for (initial, unsafe) pairs: 155[µs]
Time needed for constructing transducer for complement of (initial, unsafe) pairs: 348[µs]
Time needed for building union of complements of preach and (initial, unsafe)-transducer: 161[µs]
Time needed for checking universality using lazy-bfs algorithm: 6130[µs]
Time needed for checking abstract safety: 6875[µs]
...done.
Result: [1]
This means that the following properties could be separated from the initial configurations:
	[sharedmodified]
While the following properties could not be separated from the initial configurations:
	[]

real	0m0,145s
user	0m0,119s
sys	0m0,010s
********************
/home/jakob/Documents/abstracton/benchmarks/dodo/MESI.json
s
sharedmodified
Running as unit: run-r5933e49d16dd4466814ac369d9f1a230.scope; invocation ID: c555202cc25e404894dfb3f1ca48680a
Time needed for parsing json file: 1505[µs]
alphabet size: 4
using Siphon interpretation
Time needed for constructing Siphon interpretation transducer: 818[µs]
computing ind...
Time needed for constructing complement of ind: 1110[µs]
Time needed for computing ind: 9203[µs]
Time needed for minimizing ind: 3393[µs]
Time needed for computing ind (total): 13749[µs]
automaton for ind has 3 states.
...done.
computing complement of preach...
Time needed for constructing identity on ind: 138[µs]
Time needed for computing product v_id of abstraction framework with identity on ind: 1464[µs]
Time needed for computing product of v_id with complement of abstraction framework: 348[µs]
Time needed for computing complement of preach: 2587[µs]
automaton for complement of preach has 0 states.
...of which, 0 states are at level 0.
Time needed for trimming complement of preach: 4[µs]
...done.
trying to prove abstract safety...
Time needed for constructing transducer for unsafe property: 9[µs]
Time needed for constructing transducer for (initial, unsafe) pairs: 155[µs]
Time needed for constructing transducer for complement of (initial, unsafe) pairs: 353[µs]
Time needed for building union of complements of preach and (initial, unsafe)-transducer: 58[µs]
terminate called after throwing an instance of 'std::bad_alloc'
  what():  std::bad_alloc
/usr/bin/timeout: the monitored command dumped core
./bench_for_dodo_comparison.sh: line 83: 2133293 Aborted                 systemd-run --user --scope -p MemoryMax=32G -p MemorySwapMax=7G timeout $TIMEOUT "${parentdir}/../build_release/benchmarks/solve_dodo" -i $MODE -p $PROPERTY $FILE --measure-time --no-dot-printing --universality-alg lazy-bfs

real	9m22,354s
user	8m26,526s
sys	0m53,719s
********************
/home/jakob/Documents/abstracton/benchmarks/dodo/MESI.json
f
sharedmodified
Running as unit: run-r87874fb097c047cf9058062ff69c91a7.scope; invocation ID: 54de8d4a5a914c5bbbc57b173d028c04
Time needed for parsing json file: 2334[µs]
alphabet size: 4
using Flow interpretation
Time needed for constructing Flow interpretation transducer: 2211[µs]
computing ind...
Time needed for constructing complement of ind: 3609[µs]
Time needed for computing ind: 199693[µs]
Time needed for minimizing ind: 23850[µs]
Time needed for computing ind (total): 227459[µs]
automaton for ind has 5 states.
...done.
computing complement of preach...
Time needed for constructing identity on ind: 189[µs]
Time needed for computing product v_id of abstraction framework with identity on ind: 3442[µs]
Time needed for computing product of v_id with complement of abstraction framework: 720[µs]
Time needed for computing complement of preach: 5612[µs]
automaton for complement of preach has 0 states.
...of which, 0 states are at level 0.
Time needed for trimming complement of preach: 4[µs]
...done.
trying to prove abstract safety...
Time needed for constructing transducer for unsafe property: 12[µs]
Time needed for constructing transducer for (initial, unsafe) pairs: 170[µs]
Time needed for constructing transducer for complement of (initial, unsafe) pairs: 370[µs]
Time needed for building union of complements of preach and (initial, unsafe)-transducer: 53[µs]
terminate called after throwing an instance of 'std::bad_alloc'
  what():  std::bad_alloc
/usr/bin/timeout: the monitored command dumped core
./bench_for_dodo_comparison.sh: line 83: 2133972 Aborted                 systemd-run --user --scope -p MemoryMax=32G -p MemorySwapMax=7G timeout $TIMEOUT "${parentdir}/../build_release/benchmarks/solve_dodo" -i $MODE -p $PROPERTY $FILE --measure-time --no-dot-printing --universality-alg lazy-bfs

real	9m16,437s
user	8m22,465s
sys	0m52,068s
********************
25 of 61
/home/jakob/Documents/abstracton/benchmarks/dodo/MESI.json
t
deadlock
Running as unit: run-r2f672d3eb88e487fb4fbfea177919901.scope; invocation ID: 0629e2bc0c684ded947da8624731b5f1
Time needed for parsing json file: 2219[µs]
alphabet size: 4
using Trap interpretation
Time needed for constructing Trap interpretation transducer: 2511[µs]
computing ind...
Time needed for constructing complement of ind: 3130[µs]
Time needed for computing ind: 50647[µs]
Time needed for minimizing ind: 6883[µs]
Time needed for computing ind (total): 60921[µs]
automaton for ind has 6 states.
...done.
computing complement of preach...
Time needed for constructing identity on ind: 210[µs]
Time needed for computing product v_id of abstraction framework with identity on ind: 9768[µs]
Time needed for computing product of v_id with complement of abstraction framework: 34197[µs]
Time needed for computing complement of preach: 45265[µs]
automaton for complement of preach has 175 states.
...of which, 7 states are at level 0.
Time needed for trimming complement of preach: 369[µs]
...done.
trying to prove abstract safety...
Time needed for constructing transducer for unsafe property: 9[µs]
Time needed for constructing transducer for (initial, unsafe) pairs: 104[µs]
Time needed for constructing transducer for complement of (initial, unsafe) pairs: 37[µs]
Time needed for building union of complements of preach and (initial, unsafe)-transducer: 147[µs]
Time needed for checking universality using lazy-bfs algorithm: 5118[µs]
Time needed for checking abstract safety: 5491[µs]
...done.
Result: [1]
This means that the following properties could be separated from the initial configurations:
	[deadlock]
While the following properties could not be separated from the initial configurations:
	[]

real	0m0,142s
user	0m0,111s
sys	0m0,016s
********************
/home/jakob/Documents/abstracton/benchmarks/dodo/MESI.json
s
deadlock
Running as unit: run-r99a5b8aef2664bdfb8d7dbf20833edd3.scope; invocation ID: b7ae9b470d4345eb9838dbd18b4aca4e
Time needed for parsing json file: 1411[µs]
alphabet size: 4
using Siphon interpretation
Time needed for constructing Siphon interpretation transducer: 800[µs]
computing ind...
Time needed for constructing complement of ind: 1122[µs]
Time needed for computing ind: 9584[µs]
Time needed for minimizing ind: 3456[µs]
Time needed for computing ind (total): 14213[µs]
automaton for ind has 3 states.
...done.
computing complement of preach...
Time needed for constructing identity on ind: 107[µs]
Time needed for computing product v_id of abstraction framework with identity on ind: 1375[µs]
Time needed for computing product of v_id with complement of abstraction framework: 346[µs]
Time needed for computing complement of preach: 2438[µs]
automaton for complement of preach has 0 states.
...of which, 0 states are at level 0.
Time needed for trimming complement of preach: 4[µs]
...done.
trying to prove abstract safety...
Time needed for constructing transducer for unsafe property: 8[µs]
Time needed for constructing transducer for (initial, unsafe) pairs: 96[µs]
Time needed for constructing transducer for complement of (initial, unsafe) pairs: 31[µs]
Time needed for building union of complements of preach and (initial, unsafe)-transducer: 26[µs]
Time needed for checking universality using lazy-bfs algorithm: 57[µs]
Time needed for checking abstract safety: 254[µs]
...done.
Result: [1]
This means that the following properties could be separated from the initial configurations:
	[deadlock]
While the following properties could not be separated from the initial configurations:
	[]

real	0m0,044s
user	0m0,023s
sys	0m0,007s
********************
/home/jakob/Documents/abstracton/benchmarks/dodo/MESI.json
f
deadlock
Running as unit: run-rb70781fd336b4c2090b64aa217843206.scope; invocation ID: f03cfb4aed764281ae31c3eb2259925e
Time needed for parsing json file: 1406[µs]
alphabet size: 4
using Flow interpretation
Time needed for constructing Flow interpretation transducer: 1777[µs]
computing ind...
Time needed for constructing complement of ind: 3410[µs]
Time needed for computing ind: 195274[µs]
Time needed for minimizing ind: 23644[µs]
Time needed for computing ind (total): 222411[µs]
automaton for ind has 5 states.
...done.
computing complement of preach...
Time needed for constructing identity on ind: 168[µs]
Time needed for computing product v_id of abstraction framework with identity on ind: 2965[µs]
Time needed for computing product of v_id with complement of abstraction framework: 710[µs]
Time needed for computing complement of preach: 5016[µs]
automaton for complement of preach has 0 states.
...of which, 0 states are at level 0.
Time needed for trimming complement of preach: 4[µs]
...done.
trying to prove abstract safety...
Time needed for constructing transducer for unsafe property: 13[µs]
Time needed for constructing transducer for (initial, unsafe) pairs: 101[µs]
Time needed for constructing transducer for complement of (initial, unsafe) pairs: 33[µs]
Time needed for building union of complements of preach and (initial, unsafe)-transducer: 28[µs]
Time needed for checking universality using lazy-bfs algorithm: 57[µs]
Time needed for checking abstract safety: 269[µs]
...done.
Result: [1]
This means that the following properties could be separated from the initial configurations:
	[deadlock]
While the following properties could not be separated from the initial configurations:
	[]

real	0m0,257s
user	0m0,234s
sys	0m0,007s
********************
26 of 61
/home/jakob/Documents/abstracton/benchmarks/dodo/MOESI.json
t
modifiedmodified
Running as unit: run-r09edbbd7538641a0b7058dee6fd44fd1.scope; invocation ID: cc0f60d845b24533a90f9fdfd7f7ff70
Time needed for parsing json file: 7550[µs]
alphabet size: 5
using Trap interpretation
Time needed for constructing Trap interpretation transducer: 4633[µs]
computing ind...
Time needed for constructing complement of ind: 7960[µs]
Time needed for computing ind: 149271[µs]
Time needed for minimizing ind: 18720[µs]
Time needed for computing ind (total): 176058[µs]
automaton for ind has 13 states.
...done.
computing complement of preach...
Time needed for constructing identity on ind: 851[µs]
Time needed for computing product v_id of abstraction framework with identity on ind: 53394[µs]
Time needed for computing product of v_id with complement of abstraction framework: 246667[µs]
Time needed for computing complement of preach: 303697[µs]
automaton for complement of preach has 1220 states.
...of which, 20 states are at level 0.
Time needed for trimming complement of preach: 3214[µs]
...done.
trying to prove abstract safety...
Time needed for constructing transducer for unsafe property: 10[µs]
Time needed for constructing transducer for (initial, unsafe) pairs: 184[µs]
Time needed for constructing transducer for complement of (initial, unsafe) pairs: 377[µs]
Time needed for building union of complements of preach and (initial, unsafe)-transducer: 992[µs]
Time needed for checking universality using lazy-bfs algorithm: 11656085[µs]
Time needed for checking abstract safety: 11657995[µs]
...done.
Result: [1]
This means that the following properties could be separated from the initial configurations:
	[modifiedmodified]
While the following properties could not be separated from the initial configurations:
	[]

real	0m12,219s
user	0m11,948s
sys	0m0,247s
********************
/home/jakob/Documents/abstracton/benchmarks/dodo/MOESI.json
s
modifiedmodified
Running as unit: run-r2f70961ef7bf4f8cac9b3041d0aa860d.scope; invocation ID: a6c1fba651a9410b91b45299d7a1ffe2
Time needed for parsing json file: 2762[µs]
alphabet size: 5
using Siphon interpretation
Time needed for constructing Siphon interpretation transducer: 1694[µs]
computing ind...
Time needed for constructing complement of ind: 2898[µs]
Time needed for computing ind: 18653[µs]
Time needed for minimizing ind: 6239[µs]
Time needed for computing ind (total): 27868[µs]
automaton for ind has 5 states.
...done.
computing complement of preach...
Time needed for constructing identity on ind: 337[µs]
Time needed for computing product v_id of abstraction framework with identity on ind: 5885[µs]
Time needed for computing product of v_id with complement of abstraction framework: 914[µs]
Time needed for computing complement of preach: 8448[µs]
automaton for complement of preach has 6 states.
...of which, 2 states are at level 0.
Time needed for trimming complement of preach: 19[µs]
...done.
trying to prove abstract safety...
Time needed for constructing transducer for unsafe property: 9[µs]
Time needed for constructing transducer for (initial, unsafe) pairs: 133[µs]
Time needed for constructing transducer for complement of (initial, unsafe) pairs: 289[µs]
Time needed for building union of complements of preach and (initial, unsafe)-transducer: 52[µs]
terminate called after throwing an instance of 'std::bad_alloc'
  what():  std::bad_alloc
/usr/bin/timeout: the monitored command dumped core
./bench_for_dodo_comparison.sh: line 83: 2134678 Aborted                 systemd-run --user --scope -p MemoryMax=32G -p MemorySwapMax=7G timeout $TIMEOUT "${parentdir}/../build_release/benchmarks/solve_dodo" -i $MODE -p $PROPERTY $FILE --measure-time --no-dot-printing --universality-alg lazy-bfs

real	10m33,103s
user	9m42,545s
sys	0m48,986s
********************
/home/jakob/Documents/abstracton/benchmarks/dodo/MOESI.json
f
modifiedmodified
Running as unit: run-rb08473b0c90746058262b9887247a150.scope; invocation ID: 0885a0845c714b5bb12259221f780098
Time needed for parsing json file: 3540[µs]
alphabet size: 5
using Flow interpretation
Time needed for constructing Flow interpretation transducer: 4580[µs]
computing ind...
Time needed for constructing complement of ind: 8328[µs]
Time needed for computing ind: 690284[µs]
Time needed for minimizing ind: 76589[µs]
Time needed for computing ind (total): 775548[µs]
automaton for ind has 7 states.
...done.
computing complement of preach...
Time needed for constructing identity on ind: 473[µs]
Time needed for computing product v_id of abstraction framework with identity on ind: 21128[µs]
Time needed for computing product of v_id with complement of abstraction framework: 1635[µs]
Time needed for computing complement of preach: 25805[µs]
automaton for complement of preach has 6 states.
...of which, 2 states are at level 0.
Time needed for trimming complement of preach: 32[µs]
...done.
trying to prove abstract safety...
Time needed for constructing transducer for unsafe property: 6[µs]
Time needed for constructing transducer for (initial, unsafe) pairs: 178[µs]
Time needed for constructing transducer for complement of (initial, unsafe) pairs: 320[µs]
Time needed for building union of complements of preach and (initial, unsafe)-transducer: 53[µs]
terminate called after throwing an instance of 'std::bad_alloc'
  what():  std::bad_alloc
/usr/bin/timeout: the monitored command dumped core
./bench_for_dodo_comparison.sh: line 83: 2135448 Aborted                 systemd-run --user --scope -p MemoryMax=32G -p MemorySwapMax=7G timeout $TIMEOUT "${parentdir}/../build_release/benchmarks/solve_dodo" -i $MODE -p $PROPERTY $FILE --measure-time --no-dot-printing --universality-alg lazy-bfs

real	10m34,112s
user	9m43,055s
sys	0m49,472s
********************
27 of 61
/home/jakob/Documents/abstracton/benchmarks/dodo/MOESI.json
t
exclusiveexclusive
Running as unit: run-r9333332fa91e44619807041d5cd8873d.scope; invocation ID: a672fd27aa1847cfabfe1f6715163706
Time needed for parsing json file: 3286[µs]
alphabet size: 5
using Trap interpretation
Time needed for constructing Trap interpretation transducer: 5147[µs]
computing ind...
Time needed for constructing complement of ind: 7653[µs]
Time needed for computing ind: 157078[µs]
Time needed for minimizing ind: 19487[µs]
Time needed for computing ind (total): 184527[µs]
automaton for ind has 13 states.
...done.
computing complement of preach...
Time needed for constructing identity on ind: 891[µs]
Time needed for computing product v_id of abstraction framework with identity on ind: 52950[µs]
Time needed for computing product of v_id with complement of abstraction framework: 244016[µs]
Time needed for computing complement of preach: 300671[µs]
automaton for complement of preach has 1220 states.
...of which, 20 states are at level 0.
Time needed for trimming complement of preach: 3111[µs]
...done.
trying to prove abstract safety...
Time needed for constructing transducer for unsafe property: 7[µs]
Time needed for constructing transducer for (initial, unsafe) pairs: 175[µs]
Time needed for constructing transducer for complement of (initial, unsafe) pairs: 374[µs]
Time needed for building union of complements of preach and (initial, unsafe)-transducer: 968[µs]
Time needed for checking universality using lazy-bfs algorithm: 11543515[µs]
Time needed for checking abstract safety: 11545370[µs]
...done.
Result: [1]
This means that the following properties could be separated from the initial configurations:
	[exclusiveexclusive]
While the following properties could not be separated from the initial configurations:
	[]

real	0m12,111s
user	0m11,838s
sys	0m0,252s
********************
/home/jakob/Documents/abstracton/benchmarks/dodo/MOESI.json
s
exclusiveexclusive
Running as unit: run-r0ef5153174b947199bc08bc0efeb7031.scope; invocation ID: b59cf3f222b74a6aa7b7c974891dafed
Time needed for parsing json file: 2695[µs]
alphabet size: 5
using Siphon interpretation
Time needed for constructing Siphon interpretation transducer: 1734[µs]
computing ind...
Time needed for constructing complement of ind: 3066[µs]
Time needed for computing ind: 19438[µs]
Time needed for minimizing ind: 6270[µs]
Time needed for computing ind (total): 28867[µs]
automaton for ind has 5 states.
...done.
computing complement of preach...
Time needed for constructing identity on ind: 381[µs]
Time needed for computing product v_id of abstraction framework with identity on ind: 6098[µs]
Time needed for computing product of v_id with complement of abstraction framework: 896[µs]
Time needed for computing complement of preach: 8676[µs]
automaton for complement of preach has 6 states.
...of which, 2 states are at level 0.
Time needed for trimming complement of preach: 20[µs]
...done.
trying to prove abstract safety...
Time needed for constructing transducer for unsafe property: 10[µs]
Time needed for constructing transducer for (initial, unsafe) pairs: 145[µs]
Time needed for constructing transducer for complement of (initial, unsafe) pairs: 322[µs]
Time needed for building union of complements of preach and (initial, unsafe)-transducer: 56[µs]
terminate called after throwing an instance of 'std::bad_alloc'
  what():  std::bad_alloc
/usr/bin/timeout: the monitored command dumped core
./bench_for_dodo_comparison.sh: line 83: 2136599 Aborted                 systemd-run --user --scope -p MemoryMax=32G -p MemorySwapMax=7G timeout $TIMEOUT "${parentdir}/../build_release/benchmarks/solve_dodo" -i $MODE -p $PROPERTY $FILE --measure-time --no-dot-printing --universality-alg lazy-bfs

real	10m34,814s
user	9m43,832s
sys	0m49,427s
********************
/home/jakob/Documents/abstracton/benchmarks/dodo/MOESI.json
f
exclusiveexclusive
Running as unit: run-rb6623d8c7b6647b98f7987019436b72c.scope; invocation ID: fd34c39b5b8b4361b17bef40f5eaa212
Time needed for parsing json file: 3322[µs]
alphabet size: 5
using Flow interpretation
Time needed for constructing Flow interpretation transducer: 4330[µs]
computing ind...
Time needed for constructing complement of ind: 8426[µs]
Time needed for computing ind: 686884[µs]
Time needed for minimizing ind: 74379[µs]
Time needed for computing ind (total): 770020[µs]
automaton for ind has 7 states.
...done.
computing complement of preach...
Time needed for constructing identity on ind: 463[µs]
Time needed for computing product v_id of abstraction framework with identity on ind: 21650[µs]
Time needed for computing product of v_id with complement of abstraction framework: 1602[µs]
Time needed for computing complement of preach: 26277[µs]
automaton for complement of preach has 6 states.
...of which, 2 states are at level 0.
Time needed for trimming complement of preach: 37[µs]
...done.
trying to prove abstract safety...
Time needed for constructing transducer for unsafe property: 6[µs]
Time needed for constructing transducer for (initial, unsafe) pairs: 158[µs]
Time needed for constructing transducer for complement of (initial, unsafe) pairs: 341[µs]
Time needed for building union of complements of preach and (initial, unsafe)-transducer: 54[µs]
terminate called after throwing an instance of 'std::bad_alloc'
  what():  std::bad_alloc
/usr/bin/timeout: the monitored command dumped core
./bench_for_dodo_comparison.sh: line 83: 2137388 Aborted                 systemd-run --user --scope -p MemoryMax=32G -p MemorySwapMax=7G timeout $TIMEOUT "${parentdir}/../build_release/benchmarks/solve_dodo" -i $MODE -p $PROPERTY $FILE --measure-time --no-dot-printing --universality-alg lazy-bfs

real	10m34,541s
user	9m43,330s
sys	0m49,619s
********************
28 of 61
/home/jakob/Documents/abstracton/benchmarks/dodo/MOESI.json
t
sharedexclusive
Running as unit: run-r93e3e14bccd34ab980a2ff73da4f1280.scope; invocation ID: 4324b8aea2da4a30b6ab86e870af45eb
Time needed for parsing json file: 3587[µs]
alphabet size: 5
using Trap interpretation
Time needed for constructing Trap interpretation transducer: 5104[µs]
computing ind...
Time needed for constructing complement of ind: 7481[µs]
Time needed for computing ind: 150448[µs]
Time needed for minimizing ind: 19713[µs]
Time needed for computing ind (total): 177937[µs]
automaton for ind has 13 states.
...done.
computing complement of preach...
Time needed for constructing identity on ind: 831[µs]
Time needed for computing product v_id of abstraction framework with identity on ind: 60959[µs]
Time needed for computing product of v_id with complement of abstraction framework: 243277[µs]
Time needed for computing complement of preach: 307931[µs]
automaton for complement of preach has 1220 states.
...of which, 20 states are at level 0.
Time needed for trimming complement of preach: 3137[µs]
...done.
trying to prove abstract safety...
Time needed for constructing transducer for unsafe property: 8[µs]
Time needed for constructing transducer for (initial, unsafe) pairs: 222[µs]
Time needed for constructing transducer for complement of (initial, unsafe) pairs: 440[µs]
Time needed for building union of complements of preach and (initial, unsafe)-transducer: 982[µs]
Time needed for checking universality using lazy-bfs algorithm: 11426009[µs]
Time needed for checking abstract safety: 11428053[µs]
...done.
Result: [1]
This means that the following properties could be separated from the initial configurations:
	[sharedexclusive]
While the following properties could not be separated from the initial configurations:
	[]

real	0m12,006s
user	0m11,700s
sys	0m0,265s
********************
/home/jakob/Documents/abstracton/benchmarks/dodo/MOESI.json
s
sharedexclusive
Running as unit: run-rf2dfc433550f423c87759f52beb76246.scope; invocation ID: b4604e89856e4af38a7b2dfa7984b9ef
Time needed for parsing json file: 2636[µs]
alphabet size: 5
using Siphon interpretation
Time needed for constructing Siphon interpretation transducer: 1842[µs]
computing ind...
Time needed for constructing complement of ind: 2837[µs]
Time needed for computing ind: 19896[µs]
Time needed for minimizing ind: 6770[µs]
Time needed for computing ind (total): 29584[µs]
automaton for ind has 5 states.
...done.
computing complement of preach...
Time needed for constructing identity on ind: 376[µs]
Time needed for computing product v_id of abstraction framework with identity on ind: 6159[µs]
Time needed for computing product of v_id with complement of abstraction framework: 938[µs]
Time needed for computing complement of preach: 8917[µs]
automaton for complement of preach has 6 states.
...of which, 2 states are at level 0.
Time needed for trimming complement of preach: 32[µs]
...done.
trying to prove abstract safety...
Time needed for constructing transducer for unsafe property: 10[µs]
Time needed for constructing transducer for (initial, unsafe) pairs: 175[µs]
Time needed for constructing transducer for complement of (initial, unsafe) pairs: 404[µs]
Time needed for building union of complements of preach and (initial, unsafe)-transducer: 87[µs]
terminate called after throwing an instance of 'std::bad_alloc'
  what():  std::bad_alloc
/usr/bin/timeout: the monitored command dumped core
./bench_for_dodo_comparison.sh: line 83: 2138184 Aborted                 systemd-run --user --scope -p MemoryMax=32G -p MemorySwapMax=7G timeout $TIMEOUT "${parentdir}/../build_release/benchmarks/solve_dodo" -i $MODE -p $PROPERTY $FILE --measure-time --no-dot-printing --universality-alg lazy-bfs

real	10m31,954s
user	9m40,066s
sys	0m50,238s
********************
/home/jakob/Documents/abstracton/benchmarks/dodo/MOESI.json
f
sharedexclusive
Running as unit: run-re06f2442df8c40a4971973ebc99e9116.scope; invocation ID: 3cf20f9d7f2246ac982e8e57d1a5e265
Time needed for parsing json file: 3380[µs]
alphabet size: 5
using Flow interpretation
Time needed for constructing Flow interpretation transducer: 4473[µs]
computing ind...
Time needed for constructing complement of ind: 8751[µs]
Time needed for computing ind: 683542[µs]
Time needed for minimizing ind: 74761[µs]
Time needed for computing ind (total): 767398[µs]
automaton for ind has 7 states.
...done.
computing complement of preach...
Time needed for constructing identity on ind: 510[µs]
Time needed for computing product v_id of abstraction framework with identity on ind: 21777[µs]
Time needed for computing product of v_id with complement of abstraction framework: 1617[µs]
Time needed for computing complement of preach: 26464[µs]
automaton for complement of preach has 6 states.
...of which, 2 states are at level 0.
Time needed for trimming complement of preach: 51[µs]
...done.
trying to prove abstract safety...
Time needed for constructing transducer for unsafe property: 9[µs]
Time needed for constructing transducer for (initial, unsafe) pairs: 193[µs]
Time needed for constructing transducer for complement of (initial, unsafe) pairs: 411[µs]
Time needed for building union of complements of preach and (initial, unsafe)-transducer: 78[µs]
terminate called after throwing an instance of 'std::bad_alloc'
  what():  std::bad_alloc
/usr/bin/timeout: the monitored command dumped core
./bench_for_dodo_comparison.sh: line 83: 2138965 Aborted                 systemd-run --user --scope -p MemoryMax=32G -p MemorySwapMax=7G timeout $TIMEOUT "${parentdir}/../build_release/benchmarks/solve_dodo" -i $MODE -p $PROPERTY $FILE --measure-time --no-dot-printing --universality-alg lazy-bfs

real	10m36,227s
user	9m42,266s
sys	0m52,380s
********************
29 of 61
/home/jakob/Documents/abstracton/benchmarks/dodo/MOESI.json
t
ownedexclusive
Running as unit: run-re793bd79995b4aa0b09c39e4ff673055.scope; invocation ID: cd0e4fd0dcfa4bc3b499f518e9135e5d
Time needed for parsing json file: 3430[µs]
alphabet size: 5
using Trap interpretation
Time needed for constructing Trap interpretation transducer: 5170[µs]
computing ind...
Time needed for constructing complement of ind: 7577[µs]
Time needed for computing ind: 153141[µs]
Time needed for minimizing ind: 20518[µs]
Time needed for computing ind (total): 181524[µs]
automaton for ind has 13 states.
...done.
computing complement of preach...
Time needed for constructing identity on ind: 865[µs]
Time needed for computing product v_id of abstraction framework with identity on ind: 61206[µs]
Time needed for computing product of v_id with complement of abstraction framework: 248663[µs]
Time needed for computing complement of preach: 313680[µs]
automaton for complement of preach has 1220 states.
...of which, 20 states are at level 0.
Time needed for trimming complement of preach: 3014[µs]
...done.
trying to prove abstract safety...
Time needed for constructing transducer for unsafe property: 8[µs]
Time needed for constructing transducer for (initial, unsafe) pairs: 190[µs]
Time needed for constructing transducer for complement of (initial, unsafe) pairs: 429[µs]
Time needed for building union of complements of preach and (initial, unsafe)-transducer: 967[µs]
Time needed for checking universality using lazy-bfs algorithm: 11391236[µs]
Time needed for checking abstract safety: 11393147[µs]
...done.
Result: [1]
This means that the following properties could be separated from the initial configurations:
	[ownedexclusive]
While the following properties could not be separated from the initial configurations:
	[]

real	0m11,964s
user	0m11,703s
sys	0m0,233s
********************
/home/jakob/Documents/abstracton/benchmarks/dodo/MOESI.json
s
ownedexclusive
Running as unit: run-r1440b111c8d2474395ba663339fe6bec.scope; invocation ID: 9657c6403d2f40f7af3ab76a7bd7a1c9
Time needed for parsing json file: 3060[µs]
alphabet size: 5
using Siphon interpretation
Time needed for constructing Siphon interpretation transducer: 1896[µs]
computing ind...
Time needed for constructing complement of ind: 3047[µs]
Time needed for computing ind: 19094[µs]
Time needed for minimizing ind: 6347[µs]
Time needed for computing ind (total): 28577[µs]
automaton for ind has 5 states.
...done.
computing complement of preach...
Time needed for constructing identity on ind: 357[µs]
Time needed for computing product v_id of abstraction framework with identity on ind: 5950[µs]
Time needed for computing product of v_id with complement of abstraction framework: 906[µs]
Time needed for computing complement of preach: 8496[µs]
automaton for complement of preach has 6 states.
...of which, 2 states are at level 0.
Time needed for trimming complement of preach: 22[µs]
...done.
trying to prove abstract safety...
Time needed for constructing transducer for unsafe property: 7[µs]
Time needed for constructing transducer for (initial, unsafe) pairs: 161[µs]
Time needed for constructing transducer for complement of (initial, unsafe) pairs: 394[µs]
Time needed for building union of complements of preach and (initial, unsafe)-transducer: 65[µs]
terminate called after throwing an instance of 'std::bad_alloc'
  what():  std::bad_alloc
/usr/bin/timeout: the monitored command dumped core
./bench_for_dodo_comparison.sh: line 83: 2139757 Aborted                 systemd-run --user --scope -p MemoryMax=32G -p MemorySwapMax=7G timeout $TIMEOUT "${parentdir}/../build_release/benchmarks/solve_dodo" -i $MODE -p $PROPERTY $FILE --measure-time --no-dot-printing --universality-alg lazy-bfs

real	9m54,162s
user	9m3,234s
sys	0m49,295s
********************
/home/jakob/Documents/abstracton/benchmarks/dodo/MOESI.json
f
ownedexclusive
Running as unit: run-rc69d3fd3549b46b4a4bada98c1652ebc.scope; invocation ID: 83d346aa869d4185a9dda4a3ddacc521
Time needed for parsing json file: 3322[µs]
alphabet size: 5
using Flow interpretation
Time needed for constructing Flow interpretation transducer: 4419[µs]
computing ind...
Time needed for constructing complement of ind: 7962[µs]
Time needed for computing ind: 693274[µs]
Time needed for minimizing ind: 77376[µs]
Time needed for computing ind (total): 778948[µs]
automaton for ind has 7 states.
...done.
computing complement of preach...
Time needed for constructing identity on ind: 518[µs]
Time needed for computing product v_id of abstraction framework with identity on ind: 12804[µs]
Time needed for computing product of v_id with complement of abstraction framework: 1514[µs]
Time needed for computing complement of preach: 17467[µs]
automaton for complement of preach has 6 states.
...of which, 2 states are at level 0.
Time needed for trimming complement of preach: 28[µs]
...done.
trying to prove abstract safety...
Time needed for constructing transducer for unsafe property: 6[µs]
Time needed for constructing transducer for (initial, unsafe) pairs: 176[µs]
Time needed for constructing transducer for complement of (initial, unsafe) pairs: 405[µs]
Time needed for building union of complements of preach and (initial, unsafe)-transducer: 67[µs]
terminate called after throwing an instance of 'std::bad_alloc'
  what():  std::bad_alloc
/usr/bin/timeout: the monitored command dumped core
./bench_for_dodo_comparison.sh: line 83: 2140477 Aborted                 systemd-run --user --scope -p MemoryMax=32G -p MemorySwapMax=7G timeout $TIMEOUT "${parentdir}/../build_release/benchmarks/solve_dodo" -i $MODE -p $PROPERTY $FILE --measure-time --no-dot-printing --universality-alg lazy-bfs

real	9m55,511s
user	9m4,464s
sys	0m49,494s
********************
30 of 61
/home/jakob/Documents/abstracton/benchmarks/dodo/MOESI.json
t
exclusivemodified
Running as unit: run-r0f57163d7a04401b8a44a25a8f557cea.scope; invocation ID: ca98a9eee9af41dcb0c8bf6ad9f71a67
Time needed for parsing json file: 3327[µs]
alphabet size: 5
using Trap interpretation
Time needed for constructing Trap interpretation transducer: 5245[µs]
computing ind...
Time needed for constructing complement of ind: 7829[µs]
Time needed for computing ind: 153263[µs]
Time needed for minimizing ind: 19992[µs]
Time needed for computing ind (total): 181414[µs]
automaton for ind has 13 states.
...done.
computing complement of preach...
Time needed for constructing identity on ind: 889[µs]
Time needed for computing product v_id of abstraction framework with identity on ind: 62209[µs]
Time needed for computing product of v_id with complement of abstraction framework: 245083[µs]
Time needed for computing complement of preach: 311181[µs]
automaton for complement of preach has 1220 states.
...of which, 20 states are at level 0.
Time needed for trimming complement of preach: 2996[µs]
...done.
trying to prove abstract safety...
Time needed for constructing transducer for unsafe property: 16[µs]
Time needed for constructing transducer for (initial, unsafe) pairs: 186[µs]
Time needed for constructing transducer for complement of (initial, unsafe) pairs: 445[µs]
Time needed for building union of complements of preach and (initial, unsafe)-transducer: 915[µs]
Time needed for checking universality using lazy-bfs algorithm: 11404732[µs]
Time needed for checking abstract safety: 11406605[µs]
...done.
Result: [1]
This means that the following properties could be separated from the initial configurations:
	[exclusivemodified]
While the following properties could not be separated from the initial configurations:
	[]

real	0m11,991s
user	0m11,714s
sys	0m0,234s
********************
/home/jakob/Documents/abstracton/benchmarks/dodo/MOESI.json
s
exclusivemodified
Running as unit: run-rd5a7be199a7b42d5af5c989660387185.scope; invocation ID: 2e58cc9f6c80426781c66d9bf3db7c17
Time needed for parsing json file: 2669[µs]
alphabet size: 5
using Siphon interpretation
Time needed for constructing Siphon interpretation transducer: 1840[µs]
computing ind...
Time needed for constructing complement of ind: 2987[µs]
Time needed for computing ind: 19154[µs]
Time needed for minimizing ind: 6257[µs]
Time needed for computing ind (total): 28479[µs]
automaton for ind has 5 states.
...done.
computing complement of preach...
Time needed for constructing identity on ind: 345[µs]
Time needed for computing product v_id of abstraction framework with identity on ind: 6458[µs]
Time needed for computing product of v_id with complement of abstraction framework: 962[µs]
Time needed for computing complement of preach: 9045[µs]
automaton for complement of preach has 6 states.
...of which, 2 states are at level 0.
Time needed for trimming complement of preach: 21[µs]
...done.
trying to prove abstract safety...
Time needed for constructing transducer for unsafe property: 8[µs]
Time needed for constructing transducer for (initial, unsafe) pairs: 172[µs]
Time needed for constructing transducer for complement of (initial, unsafe) pairs: 432[µs]
Time needed for building union of complements of preach and (initial, unsafe)-transducer: 70[µs]
terminate called after throwing an instance of 'std::bad_alloc'
  what():  std::bad_alloc
/usr/bin/timeout: the monitored command dumped core
./bench_for_dodo_comparison.sh: line 83: 2141224 Aborted                 systemd-run --user --scope -p MemoryMax=32G -p MemorySwapMax=7G timeout $TIMEOUT "${parentdir}/../build_release/benchmarks/solve_dodo" -i $MODE -p $PROPERTY $FILE --measure-time --no-dot-printing --universality-alg lazy-bfs

real	9m14,857s
user	8m20,699s
sys	0m52,584s
********************
/home/jakob/Documents/abstracton/benchmarks/dodo/MOESI.json
f
exclusivemodified
Running as unit: run-ra6b62823c066425b933d22b4ed14b203.scope; invocation ID: e53bb5afabb14544a8a56a40f4c114aa
Time needed for parsing json file: 3540[µs]
alphabet size: 5
using Flow interpretation
Time needed for constructing Flow interpretation transducer: 4372[µs]
computing ind...
Time needed for constructing complement of ind: 8065[µs]
Time needed for computing ind: 680913[µs]
Time needed for minimizing ind: 75962[µs]
Time needed for computing ind (total): 765281[µs]
automaton for ind has 7 states.
...done.
computing complement of preach...
Time needed for constructing identity on ind: 479[µs]
Time needed for computing product v_id of abstraction framework with identity on ind: 21413[µs]
Time needed for computing product of v_id with complement of abstraction framework: 1674[µs]
Time needed for computing complement of preach: 26316[µs]
automaton for complement of preach has 6 states.
...of which, 2 states are at level 0.
Time needed for trimming complement of preach: 31[µs]
...done.
trying to prove abstract safety...
Time needed for constructing transducer for unsafe property: 8[µs]
Time needed for constructing transducer for (initial, unsafe) pairs: 166[µs]
Time needed for constructing transducer for complement of (initial, unsafe) pairs: 381[µs]
Time needed for building union of complements of preach and (initial, unsafe)-transducer: 62[µs]
terminate called after throwing an instance of 'std::bad_alloc'
  what():  std::bad_alloc
/usr/bin/timeout: the monitored command dumped core
./bench_for_dodo_comparison.sh: line 83: 2141895 Aborted                 systemd-run --user --scope -p MemoryMax=32G -p MemorySwapMax=7G timeout $TIMEOUT "${parentdir}/../build_release/benchmarks/solve_dodo" -i $MODE -p $PROPERTY $FILE --measure-time --no-dot-printing --universality-alg lazy-bfs

real	9m15,922s
user	8m19,327s
sys	0m54,398s
********************
31 of 61
/home/jakob/Documents/abstracton/benchmarks/dodo/MOESI.json
t
ownedmodified
Running as unit: run-ra6aff34c76ae45849f4e7959a8d2b14b.scope; invocation ID: 2b7d61af2d064a5a91cf77056ff1dcaa
Time needed for parsing json file: 3518[µs]
alphabet size: 5
using Trap interpretation
Time needed for constructing Trap interpretation transducer: 5242[µs]
computing ind...
Time needed for constructing complement of ind: 7910[µs]
Time needed for computing ind: 149982[µs]
Time needed for minimizing ind: 20019[µs]
Time needed for computing ind (total): 178234[µs]
automaton for ind has 13 states.
...done.
computing complement of preach...
Time needed for constructing identity on ind: 872[µs]
Time needed for computing product v_id of abstraction framework with identity on ind: 60067[µs]
Time needed for computing product of v_id with complement of abstraction framework: 245121[µs]
Time needed for computing complement of preach: 308890[µs]
automaton for complement of preach has 1220 states.
...of which, 20 states are at level 0.
Time needed for trimming complement of preach: 3155[µs]
...done.
trying to prove abstract safety...
Time needed for constructing transducer for unsafe property: 7[µs]
Time needed for constructing transducer for (initial, unsafe) pairs: 198[µs]
Time needed for constructing transducer for complement of (initial, unsafe) pairs: 437[µs]
Time needed for building union of complements of preach and (initial, unsafe)-transducer: 1001[µs]
Time needed for checking universality using lazy-bfs algorithm: 11335486[µs]
Time needed for checking abstract safety: 11337444[µs]
...done.
Result: [1]
This means that the following properties could be separated from the initial configurations:
	[ownedmodified]
While the following properties could not be separated from the initial configurations:
	[]

real	0m11,908s
user	0m11,631s
sys	0m0,246s
********************
/home/jakob/Documents/abstracton/benchmarks/dodo/MOESI.json
s
ownedmodified
Running as unit: run-r55dc11ed399d42419f9a81150e2eb053.scope; invocation ID: d76044aebd764e6d92fc6d56edcc34fa
Time needed for parsing json file: 2610[µs]
alphabet size: 5
using Siphon interpretation
Time needed for constructing Siphon interpretation transducer: 1661[µs]
computing ind...
Time needed for constructing complement of ind: 2816[µs]
Time needed for computing ind: 19197[µs]
Time needed for minimizing ind: 6472[µs]
Time needed for computing ind (total): 28554[µs]
automaton for ind has 5 states.
...done.
computing complement of preach...
Time needed for constructing identity on ind: 354[µs]
Time needed for computing product v_id of abstraction framework with identity on ind: 6909[µs]
Time needed for computing product of v_id with complement of abstraction framework: 941[µs]
Time needed for computing complement of preach: 9541[µs]
automaton for complement of preach has 6 states.
...of which, 2 states are at level 0.
Time needed for trimming complement of preach: 32[µs]
...done.
trying to prove abstract safety...
Time needed for constructing transducer for unsafe property: 10[µs]
Time needed for constructing transducer for (initial, unsafe) pairs: 178[µs]
Time needed for constructing transducer for complement of (initial, unsafe) pairs: 413[µs]
Time needed for building union of complements of preach and (initial, unsafe)-transducer: 90[µs]
Time needed for checking universality using lazy-bfs algorithm: 112[µs]
Time needed for checking abstract safety: 892[µs]
...done.
Result: [0]
This means that the following properties could be separated from the initial configurations:
	[]
While the following properties could not be separated from the initial configurations:
	[ownedmodified]

real	0m0,071s
user	0m0,044s
sys	0m0,011s
********************
/home/jakob/Documents/abstracton/benchmarks/dodo/MOESI.json
f
ownedmodified
Running as unit: run-r6c85257c13f6478caef969542fc16e36.scope; invocation ID: a3c3b5ee88b44a91a1747776362dde3f
Time needed for parsing json file: 2467[µs]
alphabet size: 5
using Flow interpretation
Time needed for constructing Flow interpretation transducer: 3966[µs]
computing ind...
Time needed for constructing complement of ind: 8030[µs]
Time needed for computing ind: 678364[µs]
Time needed for minimizing ind: 74026[µs]
Time needed for computing ind (total): 760538[µs]
automaton for ind has 7 states.
...done.
computing complement of preach...
Time needed for constructing identity on ind: 508[µs]
Time needed for computing product v_id of abstraction framework with identity on ind: 12769[µs]
Time needed for computing product of v_id with complement of abstraction framework: 1616[µs]
Time needed for computing complement of preach: 17441[µs]
automaton for complement of preach has 6 states.
...of which, 2 states are at level 0.
Time needed for trimming complement of preach: 30[µs]
...done.
trying to prove abstract safety...
Time needed for constructing transducer for unsafe property: 7[µs]
Time needed for constructing transducer for (initial, unsafe) pairs: 189[µs]
Time needed for constructing transducer for complement of (initial, unsafe) pairs: 400[µs]
Time needed for building union of complements of preach and (initial, unsafe)-transducer: 77[µs]
Time needed for checking universality using lazy-bfs algorithm: 100[µs]
Time needed for checking abstract safety: 835[µs]
...done.
Result: [0]
This means that the following properties could be separated from the initial configurations:
	[]
While the following properties could not be separated from the initial configurations:
	[ownedmodified]

real	0m0,807s
user	0m0,788s
sys	0m0,009s
********************
32 of 61
/home/jakob/Documents/abstracton/benchmarks/dodo/MOESI.json
t
sharedmodified
Running as unit: run-r29d54a0a67024cf7bff576cf1787e409.scope; invocation ID: 1075a1ed27da4c91bbb50782e978bdbe
Time needed for parsing json file: 2506[µs]
alphabet size: 5
using Trap interpretation
Time needed for constructing Trap interpretation transducer: 4996[µs]
computing ind...
Time needed for constructing complement of ind: 7734[µs]
Time needed for computing ind: 149953[µs]
Time needed for minimizing ind: 19801[µs]
Time needed for computing ind (total): 177589[µs]
automaton for ind has 13 states.
...done.
computing complement of preach...
Time needed for constructing identity on ind: 919[µs]
Time needed for computing product v_id of abstraction framework with identity on ind: 53173[µs]
Time needed for computing product of v_id with complement of abstraction framework: 246135[µs]
Time needed for computing complement of preach: 303163[µs]
automaton for complement of preach has 1220 states.
...of which, 20 states are at level 0.
Time needed for trimming complement of preach: 3143[µs]
...done.
trying to prove abstract safety...
Time needed for constructing transducer for unsafe property: 8[µs]
Time needed for constructing transducer for (initial, unsafe) pairs: 205[µs]
Time needed for constructing transducer for complement of (initial, unsafe) pairs: 436[µs]
Time needed for building union of complements of preach and (initial, unsafe)-transducer: 1014[µs]
Time needed for checking universality using lazy-bfs algorithm: 11465450[µs]
Time needed for checking abstract safety: 11467437[µs]
...done.
Result: [1]
This means that the following properties could be separated from the initial configurations:
	[sharedmodified]
While the following properties could not be separated from the initial configurations:
	[]

real	0m12,023s
user	0m11,764s
sys	0m0,244s
********************
/home/jakob/Documents/abstracton/benchmarks/dodo/MOESI.json
s
sharedmodified
Running as unit: run-rfe1b71856747456e81c782c25eabd8a1.scope; invocation ID: ee115005d130425691dfc0aeb65be37c
Time needed for parsing json file: 2671[µs]
alphabet size: 5
using Siphon interpretation
Time needed for constructing Siphon interpretation transducer: 1715[µs]
computing ind...
Time needed for constructing complement of ind: 2844[µs]
Time needed for computing ind: 18983[µs]
Time needed for minimizing ind: 6399[µs]
Time needed for computing ind (total): 28287[µs]
automaton for ind has 5 states.
...done.
computing complement of preach...
Time needed for constructing identity on ind: 394[µs]
Time needed for computing product v_id of abstraction framework with identity on ind: 5990[µs]
Time needed for computing product of v_id with complement of abstraction framework: 909[µs]
Time needed for computing complement of preach: 8608[µs]
automaton for complement of preach has 6 states.
...of which, 2 states are at level 0.
Time needed for trimming complement of preach: 21[µs]
...done.
trying to prove abstract safety...
Time needed for constructing transducer for unsafe property: 7[µs]
Time needed for constructing transducer for (initial, unsafe) pairs: 182[µs]
Time needed for constructing transducer for complement of (initial, unsafe) pairs: 426[µs]
Time needed for building union of complements of preach and (initial, unsafe)-transducer: 71[µs]
terminate called after throwing an instance of 'std::bad_alloc'
  what():  std::bad_alloc
/usr/bin/timeout: the monitored command dumped core
./bench_for_dodo_comparison.sh: line 83: 2142625 Aborted                 systemd-run --user --scope -p MemoryMax=32G -p MemorySwapMax=7G timeout $TIMEOUT "${parentdir}/../build_release/benchmarks/solve_dodo" -i $MODE -p $PROPERTY $FILE --measure-time --no-dot-printing --universality-alg lazy-bfs

real	9m13,880s
user	8m19,533s
sys	0m52,832s
********************
/home/jakob/Documents/abstracton/benchmarks/dodo/MOESI.json
f
sharedmodified
Running as unit: run-r3ed0772c606e421ca1a77245e52ad481.scope; invocation ID: fde957913480404eb0ff61d3baee49ac
Time needed for parsing json file: 3501[µs]
alphabet size: 5
using Flow interpretation
Time needed for constructing Flow interpretation transducer: 4338[µs]
computing ind...
Time needed for constructing complement of ind: 8858[µs]
Time needed for computing ind: 721337[µs]
Time needed for minimizing ind: 75615[µs]
Time needed for computing ind (total): 806179[µs]
automaton for ind has 7 states.
...done.
computing complement of preach...
Time needed for constructing identity on ind: 462[µs]
Time needed for computing product v_id of abstraction framework with identity on ind: 13266[µs]
Time needed for computing product of v_id with complement of abstraction framework: 1502[µs]
Time needed for computing complement of preach: 17946[µs]
automaton for complement of preach has 6 states.
...of which, 2 states are at level 0.
Time needed for trimming complement of preach: 27[µs]
...done.
trying to prove abstract safety...
Time needed for constructing transducer for unsafe property: 7[µs]
Time needed for constructing transducer for (initial, unsafe) pairs: 184[µs]
Time needed for constructing transducer for complement of (initial, unsafe) pairs: 377[µs]
Time needed for building union of complements of preach and (initial, unsafe)-transducer: 69[µs]
terminate called after throwing an instance of 'std::bad_alloc'
  what():  std::bad_alloc
/usr/bin/timeout: the monitored command dumped core
./bench_for_dodo_comparison.sh: line 83: 2143310 Aborted                 systemd-run --user --scope -p MemoryMax=32G -p MemorySwapMax=7G timeout $TIMEOUT "${parentdir}/../build_release/benchmarks/solve_dodo" -i $MODE -p $PROPERTY $FILE --measure-time --no-dot-printing --universality-alg lazy-bfs

real	9m16,954s
user	8m22,352s
sys	0m53,035s
********************
33 of 61
/home/jakob/Documents/abstracton/benchmarks/dodo/MOESI.json
t
deadlock
Running as unit: run-r6be8b5cef8d6446888226f4249bd240d.scope; invocation ID: 1c01ff85a13242338364a254830e973e
Time needed for parsing json file: 3285[µs]
alphabet size: 5
using Trap interpretation
Time needed for constructing Trap interpretation transducer: 5382[µs]
computing ind...
Time needed for constructing complement of ind: 7716[µs]
Time needed for computing ind: 152330[µs]
Time needed for minimizing ind: 19343[µs]
Time needed for computing ind (total): 179686[µs]
automaton for ind has 13 states.
...done.
computing complement of preach...
Time needed for constructing identity on ind: 896[µs]
Time needed for computing product v_id of abstraction framework with identity on ind: 60373[µs]
Time needed for computing product of v_id with complement of abstraction framework: 245020[µs]
Time needed for computing complement of preach: 309317[µs]
automaton for complement of preach has 1220 states.
...of which, 20 states are at level 0.
Time needed for trimming complement of preach: 3144[µs]
...done.
trying to prove abstract safety...
Time needed for constructing transducer for unsafe property: 9[µs]
Time needed for constructing transducer for (initial, unsafe) pairs: 118[µs]
Time needed for constructing transducer for complement of (initial, unsafe) pairs: 38[µs]
Time needed for building union of complements of preach and (initial, unsafe)-transducer: 920[µs]
Time needed for checking universality using lazy-bfs algorithm: 11395645[µs]
Time needed for checking abstract safety: 11397100[µs]
...done.
Result: [1]
This means that the following properties could be separated from the initial configurations:
	[deadlock]
While the following properties could not be separated from the initial configurations:
	[]

real	0m11,965s
user	0m11,686s
sys	0m0,250s
********************
/home/jakob/Documents/abstracton/benchmarks/dodo/MOESI.json
s
deadlock
Running as unit: run-rf8d2d76f32a24c82abb61ed14cfc1ec2.scope; invocation ID: 2de5c43ede5d4e5c9a1c3d13fb642467
Time needed for parsing json file: 2719[µs]
alphabet size: 5
using Siphon interpretation
Time needed for constructing Siphon interpretation transducer: 1774[µs]
computing ind...
Time needed for constructing complement of ind: 2837[µs]
Time needed for computing ind: 18880[µs]
Time needed for minimizing ind: 6365[µs]
Time needed for computing ind (total): 28126[µs]
automaton for ind has 5 states.
...done.
computing complement of preach...
Time needed for constructing identity on ind: 383[µs]
Time needed for computing product v_id of abstraction framework with identity on ind: 6110[µs]
Time needed for computing product of v_id with complement of abstraction framework: 992[µs]
Time needed for computing complement of preach: 8847[µs]
automaton for complement of preach has 6 states.
...of which, 2 states are at level 0.
Time needed for trimming complement of preach: 25[µs]
...done.
trying to prove abstract safety...
Time needed for constructing transducer for unsafe property: 9[µs]
Time needed for constructing transducer for (initial, unsafe) pairs: 110[µs]
Time needed for constructing transducer for complement of (initial, unsafe) pairs: 39[µs]
Time needed for building union of complements of preach and (initial, unsafe)-transducer: 33[µs]
Time needed for checking universality using lazy-bfs algorithm: 97[µs]
Time needed for checking abstract safety: 332[µs]
...done.
Result: [1]
This means that the following properties could be separated from the initial configurations:
	[deadlock]
While the following properties could not be separated from the initial configurations:
	[]

real	0m0,066s
user	0m0,044s
sys	0m0,010s
********************
/home/jakob/Documents/abstracton/benchmarks/dodo/MOESI.json
f
deadlock
Running as unit: run-rffc382714e844b05b2a6f79fa6c00619.scope; invocation ID: 1b14b260b8934cdba1d9db1e37356175
Time needed for parsing json file: 2398[µs]
alphabet size: 5
using Flow interpretation
Time needed for constructing Flow interpretation transducer: 3945[µs]
computing ind...
Time needed for constructing complement of ind: 8202[µs]
Time needed for computing ind: 695002[µs]
Time needed for minimizing ind: 76339[µs]
Time needed for computing ind (total): 779683[µs]
automaton for ind has 7 states.
...done.
computing complement of preach...
Time needed for constructing identity on ind: 508[µs]
Time needed for computing product v_id of abstraction framework with identity on ind: 13050[µs]
Time needed for computing product of v_id with complement of abstraction framework: 1594[µs]
Time needed for computing complement of preach: 18139[µs]
automaton for complement of preach has 6 states.
...of which, 2 states are at level 0.
Time needed for trimming complement of preach: 30[µs]
...done.
trying to prove abstract safety...
Time needed for constructing transducer for unsafe property: 7[µs]
Time needed for constructing transducer for (initial, unsafe) pairs: 138[µs]
Time needed for constructing transducer for complement of (initial, unsafe) pairs: 38[µs]
Time needed for building union of complements of preach and (initial, unsafe)-transducer: 33[µs]
Time needed for checking universality using lazy-bfs algorithm: 94[µs]
Time needed for checking abstract safety: 353[µs]
...done.
Result: [1]
This means that the following properties could be separated from the initial configurations:
	[deadlock]
While the following properties could not be separated from the initial configurations:
	[]

real	0m0,826s
user	0m0,799s
sys	0m0,016s
********************
34 of 61
/home/jakob/Documents/abstracton/benchmarks/dodo/Szymanski.json
t
nomutex
Running as unit: run-rc4b83dc79f6347e887a6dce3bbfe1ad6.scope; invocation ID: 774a689426c249168f3a458e45dcefa2
Time needed for parsing json file: 164466[µs]
alphabet size: 50
using Trap interpretation

real	20m55,147s
user	1m48,729s
sys	1m16,254s
********************
/home/jakob/Documents/abstracton/benchmarks/dodo/Szymanski.json
s
nomutex
Running as unit: run-rcb79de3e879948698a1bb2d21d512270.scope; invocation ID: d19a59fc6a6c4a55ba873737ee89fefe
Time needed for parsing json file: 180754[µs]
alphabet size: 50
using Siphon interpretation
./bench_for_dodo_comparison.sh: line 83: 2144290 Killed                  systemd-run --user --scope -p MemoryMax=32G -p MemorySwapMax=7G timeout $TIMEOUT "${parentdir}/../build_release/benchmarks/solve_dodo" -i $MODE -p $PROPERTY $FILE --measure-time --no-dot-printing --universality-alg lazy-bfs

real	3m51,762s
user	1m47,846s
sys	0m38,069s
********************
/home/jakob/Documents/abstracton/benchmarks/dodo/Szymanski.json
f
nomutex
Running as unit: run-r5bbffc98f0924e7abc372eb98870c217.scope; invocation ID: d92557f6ccf4459b9b89f72629ddb949
Time needed for parsing json file: 163764[µs]
alphabet size: 50
using Flow interpretation

real	20m50,009s
user	1m48,471s
sys	1m19,469s
********************
35 of 61
/home/jakob/Documents/abstracton/benchmarks/dodo/Szymanski.json
t
deadlock
Running as unit: run-r698be3d9558c4fcbbe138f491e2bd271.scope; invocation ID: ed0d88cd6ef14d79a4aa8a6d24e709cd
Time needed for parsing json file: 171729[µs]
alphabet size: 50
using Trap interpretation
./bench_for_dodo_comparison.sh: line 83: 2144770 Killed                  systemd-run --user --scope -p MemoryMax=32G -p MemorySwapMax=7G timeout $TIMEOUT "${parentdir}/../build_release/benchmarks/solve_dodo" -i $MODE -p $PROPERTY $FILE --measure-time --no-dot-printing --universality-alg lazy-bfs

real	3m7,865s
user	1m45,728s
sys	0m37,662s
********************
/home/jakob/Documents/abstracton/benchmarks/dodo/Szymanski.json
s
deadlock
Running as unit: run-r443ce0417481466b99d7c87fbd99154d.scope; invocation ID: 6c8a239946c146eab15e554a3bb61079
Time needed for parsing json file: 205099[µs]
alphabet size: 50
using Siphon interpretation
./bench_for_dodo_comparison.sh: line 83: 2144943 Killed                  systemd-run --user --scope -p MemoryMax=32G -p MemorySwapMax=7G timeout $TIMEOUT "${parentdir}/../build_release/benchmarks/solve_dodo" -i $MODE -p $PROPERTY $FILE --measure-time --no-dot-printing --universality-alg lazy-bfs

real	2m55,167s
user	1m44,920s
sys	0m37,993s
********************
/home/jakob/Documents/abstracton/benchmarks/dodo/Szymanski.json
f
deadlock
Running as unit: run-r647ea70c109c4a1096abcffe2da31bfd.scope; invocation ID: 6d14878e572f4c1e8e63822ecfe778d1
Time needed for parsing json file: 166037[µs]
alphabet size: 50
using Flow interpretation

real	20m59,334s
user	1m47,004s
sys	1m14,571s
********************
36 of 61
/home/jakob/Documents/abstracton/benchmarks/dodo/atomic-dining-philosophers.json
t
deadlock
Running as unit: run-r0b84c2ecf92e4387ba36f4cc8dc1f5b0.scope; invocation ID: d7e4f0ce9ed548a6b605d596fe60857a
Time needed for parsing json file: 2257[µs]
alphabet size: 4
using Trap interpretation
Time needed for constructing Trap interpretation transducer: 2916[µs]
computing ind...
Time needed for constructing complement of ind: 3413[µs]
Time needed for computing ind: 108623[µs]
Time needed for minimizing ind: 16484[µs]
Time needed for computing ind (total): 128872[µs]
automaton for ind has 26 states.
...done.
computing complement of preach...
Time needed for constructing identity on ind: 888[µs]
Time needed for computing product v_id of abstraction framework with identity on ind: 46118[µs]
Time needed for computing product of v_id with complement of abstraction framework: 197150[µs]
Time needed for computing complement of preach: 246027[µs]
automaton for complement of preach has 1043 states.
...of which, 47 states are at level 0.
Time needed for trimming complement of preach: 2128[µs]
...done.
trying to prove abstract safety...
Time needed for constructing transducer for unsafe property: 19[µs]
Time needed for constructing transducer for (initial, unsafe) pairs: 440[µs]
Time needed for constructing transducer for complement of (initial, unsafe) pairs: 838[µs]
Time needed for building union of complements of preach and (initial, unsafe)-transducer: 764[µs]
Time needed for checking universality using lazy-bfs algorithm: 502775[µs]
Time needed for checking abstract safety: 505122[µs]
...done.
Result: [1]
This means that the following properties could be separated from the initial configurations:
	[deadlock]
While the following properties could not be separated from the initial configurations:
	[]

real	0m0,930s
user	0m0,860s
sys	0m0,046s
********************
/home/jakob/Documents/abstracton/benchmarks/dodo/atomic-dining-philosophers.json
s
deadlock
Running as unit: run-r813e1b36e53347418571bcee281b7546.scope; invocation ID: 78bfc96a6c7642919a62287b7a33264f
Time needed for parsing json file: 1332[µs]
alphabet size: 4
using Siphon interpretation
Time needed for constructing Siphon interpretation transducer: 847[µs]
computing ind...
Time needed for constructing complement of ind: 828[µs]
Time needed for computing ind: 16365[µs]
Time needed for minimizing ind: 9067[µs]
Time needed for computing ind (total): 26328[µs]
automaton for ind has 26 states.
...done.
computing complement of preach...
Time needed for constructing identity on ind: 1193[µs]
Time needed for computing product v_id of abstraction framework with identity on ind: 15281[µs]
Time needed for computing product of v_id with complement of abstraction framework: 14505[µs]
Time needed for computing complement of preach: 31882[µs]
automaton for complement of preach has 527 states.
...of which, 47 states are at level 0.
Time needed for trimming complement of preach: 1304[µs]
...done.
trying to prove abstract safety...
Time needed for constructing transducer for unsafe property: 19[µs]
Time needed for constructing transducer for (initial, unsafe) pairs: 394[µs]
Time needed for constructing transducer for complement of (initial, unsafe) pairs: 756[µs]
Time needed for building union of complements of preach and (initial, unsafe)-transducer: 490[µs]
Time needed for checking universality using lazy-bfs algorithm: 663[µs]
Time needed for checking abstract safety: 2457[µs]
...done.
Result: [0]
This means that the following properties could be separated from the initial configurations:
	[]
While the following properties could not be separated from the initial configurations:
	[deadlock]

real	0m0,088s
user	0m0,066s
sys	0m0,010s
********************
/home/jakob/Documents/abstracton/benchmarks/dodo/atomic-dining-philosophers.json
f
deadlock
Running as unit: run-r0a6db6c6abd948db930c337bbe5c9ecc.scope; invocation ID: 4ea40930cb134e43815beb1214d40875
Time needed for parsing json file: 1395[µs]
alphabet size: 4
using Flow interpretation
Time needed for constructing Flow interpretation transducer: 1830[µs]
computing ind...
Time needed for constructing complement of ind: 2379[µs]
Time needed for computing ind: 276221[µs]
Time needed for minimizing ind: 51542[µs]
Time needed for computing ind (total): 330261[µs]
automaton for ind has 59 states.
...done.
computing complement of preach...
Time needed for constructing identity on ind: 2067[µs]
Time needed for computing product v_id of abstraction framework with identity on ind: 69794[µs]
Time needed for computing product of v_id with complement of abstraction framework: 54770[µs]
Time needed for computing complement of preach: 128614[µs]
automaton for complement of preach has 1955 states.
...of which, 171 states are at level 0.
Time needed for trimming complement of preach: 4993[µs]
...done.
trying to prove abstract safety...
Time needed for constructing transducer for unsafe property: 19[µs]
Time needed for constructing transducer for (initial, unsafe) pairs: 390[µs]
Time needed for constructing transducer for complement of (initial, unsafe) pairs: 773[µs]
Time needed for building union of complements of preach and (initial, unsafe)-transducer: 1621[µs]
Time needed for checking universality using lazy-bfs algorithm: 1481[µs]
Time needed for checking abstract safety: 4784[µs]
...done.
Result: [0]
This means that the following properties could be separated from the initial configurations:
	[]
While the following properties could not be separated from the initial configurations:
	[deadlock]

real	0m0,496s
user	0m0,462s
sys	0m0,023s
********************
37 of 61
/home/jakob/Documents/abstracton/benchmarks/dodo/bakery.json
t
nomutex
Running as unit: run-r5e5a1469cf8b431488983039e44a2df9.scope; invocation ID: 543d8248fede468baccf8e01ee5f4d10
Time needed for parsing json file: 772[µs]
alphabet size: 3
using Trap interpretation
Time needed for constructing Trap interpretation transducer: 1053[µs]
computing ind...
Time needed for constructing complement of ind: 398[µs]
Time needed for computing ind: 9321[µs]
Time needed for minimizing ind: 2837[µs]
Time needed for computing ind (total): 12599[µs]
automaton for ind has 7 states.
...done.
computing complement of preach...
Time needed for constructing identity on ind: 147[µs]
Time needed for computing product v_id of abstraction framework with identity on ind: 4673[µs]
Time needed for computing product of v_id with complement of abstraction framework: 15088[µs]
Time needed for computing complement of preach: 20516[µs]
automaton for complement of preach has 196 states.
...of which, 10 states are at level 0.
Time needed for trimming complement of preach: 402[µs]
...done.
trying to prove abstract safety...
Time needed for constructing transducer for unsafe property: 5[µs]
Time needed for constructing transducer for (initial, unsafe) pairs: 138[µs]
Time needed for constructing transducer for complement of (initial, unsafe) pairs: 302[µs]
Time needed for building union of complements of preach and (initial, unsafe)-transducer: 155[µs]
Time needed for checking universality using lazy-bfs algorithm: 23796[µs]
Time needed for checking abstract safety: 24470[µs]
...done.
Result: [1]
This means that the following properties could be separated from the initial configurations:
	[nomutex]
While the following properties could not be separated from the initial configurations:
	[]

real	0m0,091s
user	0m0,062s
sys	0m0,009s
********************
/home/jakob/Documents/abstracton/benchmarks/dodo/bakery.json
s
nomutex
Running as unit: run-r466486ea0d364cf18df813fc312970e7.scope; invocation ID: 061d4449c75b4146bab64dd6b9caead3
Time needed for parsing json file: 664[µs]
alphabet size: 3
using Siphon interpretation
Time needed for constructing Siphon interpretation transducer: 476[µs]
computing ind...
Time needed for constructing complement of ind: 134[µs]
Time needed for computing ind: 1327[µs]
Time needed for minimizing ind: 1115[µs]
Time needed for computing ind (total): 2614[µs]
automaton for ind has 4 states.
...done.
computing complement of preach...
Time needed for constructing identity on ind: 93[µs]
Time needed for computing product v_id of abstraction framework with identity on ind: 1057[µs]
Time needed for computing product of v_id with complement of abstraction framework: 737[µs]
Time needed for computing complement of preach: 2268[µs]
automaton for complement of preach has 15 states.
...of which, 3 states are at level 0.
Time needed for trimming complement of preach: 62[µs]
...done.
trying to prove abstract safety...
Time needed for constructing transducer for unsafe property: 6[µs]
Time needed for constructing transducer for (initial, unsafe) pairs: 129[µs]
Time needed for constructing transducer for complement of (initial, unsafe) pairs: 294[µs]
Time needed for building union of complements of preach and (initial, unsafe)-transducer: 54[µs]
terminate called after throwing an instance of 'std::bad_alloc'
  what():  std::bad_alloc
/usr/bin/timeout: the monitored command dumped core
./bench_for_dodo_comparison.sh: line 83: 2145544 Aborted                 systemd-run --user --scope -p MemoryMax=32G -p MemorySwapMax=7G timeout $TIMEOUT "${parentdir}/../build_release/benchmarks/solve_dodo" -i $MODE -p $PROPERTY $FILE --measure-time --no-dot-printing --universality-alg lazy-bfs

real	9m43,967s
user	8m51,984s
sys	0m50,374s
********************
/home/jakob/Documents/abstracton/benchmarks/dodo/bakery.json
f
nomutex
Running as unit: run-rd48361f5ad6a404f912e7a056de91d5b.scope; invocation ID: 004e2a7f7636428a826fd9c3c4ad9071
Time needed for parsing json file: 1462[µs]
alphabet size: 3
using Flow interpretation
Time needed for constructing Flow interpretation transducer: 1268[µs]
computing ind...
Time needed for constructing complement of ind: 397[µs]
Time needed for computing ind: 40753[µs]
Time needed for minimizing ind: 14790[µs]
Time needed for computing ind (total): 56182[µs]
automaton for ind has 9 states.
...done.
computing complement of preach...
Time needed for constructing identity on ind: 159[µs]
Time needed for computing product v_id of abstraction framework with identity on ind: 3425[µs]
Time needed for computing product of v_id with complement of abstraction framework: 2206[µs]
Time needed for computing complement of preach: 6469[µs]
automaton for complement of preach has 53 states.
...of which, 8 states are at level 0.
Time needed for trimming complement of preach: 140[µs]
...done.
trying to prove abstract safety...
Time needed for constructing transducer for unsafe property: 5[µs]
Time needed for constructing transducer for (initial, unsafe) pairs: 132[µs]
Time needed for constructing transducer for complement of (initial, unsafe) pairs: 289[µs]
Time needed for building union of complements of preach and (initial, unsafe)-transducer: 79[µs]
terminate called after throwing an instance of 'std::bad_alloc'
  what():  std::bad_alloc
/usr/bin/timeout: the monitored command dumped core
./bench_for_dodo_comparison.sh: line 83: 2146496 Aborted                 systemd-run --user --scope -p MemoryMax=32G -p MemorySwapMax=7G timeout $TIMEOUT "${parentdir}/../build_release/benchmarks/solve_dodo" -i $MODE -p $PROPERTY $FILE --measure-time --no-dot-printing --universality-alg lazy-bfs

real	10m10,207s
user	9m17,109s
sys	0m51,509s
********************
38 of 61
/home/jakob/Documents/abstracton/benchmarks/dodo/dining-cryptographers.json
t
internal
Running as unit: run-rabba23f47878422a8762c359849b377d.scope; invocation ID: 781267ccfd2749c49464d8c6df825b2d
Time needed for parsing json file: 4775[µs]
alphabet size: 12
using Trap interpretation
Time needed for constructing Trap interpretation transducer: 1440407[µs]
computing ind...
Time needed for constructing complement of ind: 1363941[µs]
Time needed for computing ind: 150763762[µs]
Time needed for minimizing ind: 20580548[µs]
Time needed for computing ind (total): 172720345[µs]
automaton for ind has 17 states.
...done.
computing complement of preach...
Time needed for constructing identity on ind: 145200[µs]
Time needed for computing product v_id of abstraction framework with identity on ind: 34938208[µs]
Time needed for computing product of v_id with complement of abstraction framework: 491611740[µs]
Time needed for computing complement of preach: 527481321[µs]
automaton for complement of preach has 188736 states.
...of which, 28 states are at level 0.
Time needed for trimming complement of preach: 1145801[µs]
...done.
trying to prove abstract safety...
Time needed for constructing transducer for unsafe property: 39[µs]
Time needed for constructing transducer for (initial, unsafe) pairs: 48535[µs]
Time needed for constructing transducer for complement of (initial, unsafe) pairs: 2965[µs]
Time needed for building union of complements of preach and (initial, unsafe)-transducer: 479934[µs]

real	20m2,132s
user	19m41,776s
sys	0m19,765s
********************
/home/jakob/Documents/abstracton/benchmarks/dodo/dining-cryptographers.json
s
internal
Running as unit: run-rdfa9a904273447709d7f6f4e31d8970a.scope; invocation ID: f6288cd1fa4b4cb1afc80a4442d7db3b
Time needed for parsing json file: 3591[µs]
alphabet size: 12
using Siphon interpretation
Time needed for constructing Siphon interpretation transducer: 421665[µs]
computing ind...
Time needed for constructing complement of ind: 449345[µs]
Time needed for computing ind: 7045295[µs]
Time needed for minimizing ind: 2519680[µs]
Time needed for computing ind (total): 10016119[µs]
automaton for ind has 17 states.
...done.
computing complement of preach...
Time needed for constructing identity on ind: 157835[µs]
Time needed for computing product v_id of abstraction framework with identity on ind: 11302470[µs]
Time needed for computing product of v_id with complement of abstraction framework: 14420014[µs]
Time needed for computing complement of preach: 26178017[µs]
automaton for complement of preach has 99836 states.
...of which, 28 states are at level 0.
Time needed for trimming complement of preach: 561970[µs]
...done.
trying to prove abstract safety...
Time needed for constructing transducer for unsafe property: 37[µs]
Time needed for constructing transducer for (initial, unsafe) pairs: 568[µs]
Time needed for constructing transducer for complement of (initial, unsafe) pairs: 1699[µs]
Time needed for building union of complements of preach and (initial, unsafe)-transducer: 245892[µs]
Time needed for checking universality using lazy-bfs algorithm: 904087921[µs]
Time needed for checking abstract safety: 904409844[µs]
...done.
Result: [1]
This means that the following properties could be separated from the initial configurations:
	[internal]
While the following properties could not be separated from the initial configurations:
	[]

real	15m41,932s
user	15m34,823s
sys	0m6,643s
********************
/home/jakob/Documents/abstracton/benchmarks/dodo/dining-cryptographers.json
f
internal
Running as unit: run-r9e47cb04f3f649e3a745f9af82e31ee7.scope; invocation ID: e5fcbbf52bad4741b128551be7b731ed
Time needed for parsing json file: 3820[µs]
alphabet size: 12
using Flow interpretation
Time needed for constructing Flow interpretation transducer: 1190910[µs]
computing ind...
Time needed for constructing complement of ind: 1202326[µs]
Time needed for computing ind: 357919053[µs]
Time needed for minimizing ind: 46150833[µs]
Time needed for computing ind (total): 405275993[µs]
automaton for ind has 73 states.
...done.
computing complement of preach...
Time needed for constructing identity on ind: 612059[µs]
Time needed for computing product v_id of abstraction framework with identity on ind: 115543348[µs]
Time needed for computing product of v_id with complement of abstraction framework: 138000483[µs]
Time needed for computing complement of preach: 255058587[µs]
automaton for complement of preach has 984056 states.
...of which, 260 states are at level 0.
Time needed for trimming complement of preach: 5738975[µs]
...done.
trying to prove abstract safety...
Time needed for constructing transducer for unsafe property: 18[µs]
Time needed for constructing transducer for (initial, unsafe) pairs: 634[µs]
Time needed for constructing transducer for complement of (initial, unsafe) pairs: 1766[µs]
Time needed for building union of complements of preach and (initial, unsafe)-transducer: 2138020[µs]

real	20m1,775s
user	19m46,025s
sys	0m15,218s
********************
39 of 61
/home/jakob/Documents/abstracton/benchmarks/dodo/dining-cryptographers.json
t
external
Running as unit: run-r12016d31606c4c94ae031c4bcc0bcc72.scope; invocation ID: c6d4df426b414382a5bfcb6f74c5ecac
Time needed for parsing json file: 3932[µs]
alphabet size: 12
using Trap interpretation
Time needed for constructing Trap interpretation transducer: 1428670[µs]
computing ind...
Time needed for constructing complement of ind: 1305017[µs]
Time needed for computing ind: 146762477[µs]
Time needed for minimizing ind: 19871524[µs]
Time needed for computing ind (total): 167942144[µs]
automaton for ind has 17 states.
...done.
computing complement of preach...
Time needed for constructing identity on ind: 141571[µs]
Time needed for computing product v_id of abstraction framework with identity on ind: 34469019[µs]
Time needed for computing product of v_id with complement of abstraction framework: 487968222[µs]
Time needed for computing complement of preach: 523348964[µs]
automaton for complement of preach has 188736 states.
...of which, 28 states are at level 0.
Time needed for trimming complement of preach: 1167434[µs]
...done.
trying to prove abstract safety...
Time needed for constructing transducer for unsafe property: 36952[µs]
Time needed for constructing transducer for (initial, unsafe) pairs: 728[µs]
Time needed for constructing transducer for complement of (initial, unsafe) pairs: 46207[µs]
Time needed for building union of complements of preach and (initial, unsafe)-transducer: 488835[µs]

real	20m2,149s
user	19m42,022s
sys	0m19,561s
********************
/home/jakob/Documents/abstracton/benchmarks/dodo/dining-cryptographers.json
s
external
Running as unit: run-r924214b3cf5549ff8332c920a7eab3e9.scope; invocation ID: 20bd35c22b6d4debb77ffb92635ac641
Time needed for parsing json file: 3443[µs]
alphabet size: 12
using Siphon interpretation
Time needed for constructing Siphon interpretation transducer: 425712[µs]
computing ind...
Time needed for constructing complement of ind: 470360[µs]
Time needed for computing ind: 6994644[µs]
Time needed for minimizing ind: 2475657[µs]
Time needed for computing ind (total): 9942324[µs]
automaton for ind has 17 states.
...done.
computing complement of preach...
Time needed for constructing identity on ind: 159205[µs]
Time needed for computing product v_id of abstraction framework with identity on ind: 11335481[µs]
Time needed for computing product of v_id with complement of abstraction framework: 14454497[µs]
Time needed for computing complement of preach: 26245835[µs]
automaton for complement of preach has 99836 states.
...of which, 28 states are at level 0.
Time needed for trimming complement of preach: 562282[µs]
...done.
trying to prove abstract safety...
Time needed for constructing transducer for unsafe property: 7[µs]
Time needed for constructing transducer for (initial, unsafe) pairs: 320[µs]
Time needed for constructing transducer for complement of (initial, unsafe) pairs: 733[µs]
Time needed for building union of complements of preach and (initial, unsafe)-transducer: 251103[µs]
Time needed for checking universality using lazy-bfs algorithm: 918588340[µs]
Time needed for checking abstract safety: 918914819[µs]
...done.
Result: [1]
This means that the following properties could be separated from the initial configurations:
	[external]
While the following properties could not be separated from the initial configurations:
	[]

real	15m56,444s
user	15m49,496s
sys	0m6,484s
********************
/home/jakob/Documents/abstracton/benchmarks/dodo/dining-cryptographers.json
f
external
Running as unit: run-ra0f73026c28b4354a1dfa74c67fd17e2.scope; invocation ID: 47c2424934b9430b9cde1b2c256b16a4
Time needed for parsing json file: 3651[µs]
alphabet size: 12
using Flow interpretation
Time needed for constructing Flow interpretation transducer: 1180054[µs]
computing ind...
Time needed for constructing complement of ind: 1219528[µs]
Time needed for computing ind: 357647694[µs]
Time needed for minimizing ind: 45522915[µs]
Time needed for computing ind (total): 404394039[µs]
automaton for ind has 73 states.
...done.
computing complement of preach...
Time needed for constructing identity on ind: 605460[µs]
Time needed for computing product v_id of abstraction framework with identity on ind: 114313139[µs]
Time needed for computing product of v_id with complement of abstraction framework: 137749532[µs]
Time needed for computing complement of preach: 253558872[µs]
automaton for complement of preach has 984056 states.
...of which, 260 states are at level 0.
Time needed for trimming complement of preach: 5711875[µs]
...done.
trying to prove abstract safety...
Time needed for constructing transducer for unsafe property: 7[µs]
Time needed for constructing transducer for (initial, unsafe) pairs: 354[µs]
Time needed for constructing transducer for complement of (initial, unsafe) pairs: 795[µs]
Time needed for building union of complements of preach and (initial, unsafe)-transducer: 2154877[µs]

real	20m1,754s
user	19m46,148s
sys	0m15,057s
********************
40 of 61
/home/jakob/Documents/abstracton/benchmarks/dodo/dragon.json
t
dirtydirty
Running as unit: run-r048fe0dbd0bc4ff98219151074c04f64.scope; invocation ID: bc98c85baf7742f785c82ed47f07e6db
Time needed for parsing json file: 4528[µs]
alphabet size: 5
using Trap interpretation
Time needed for constructing Trap interpretation transducer: 4618[µs]
computing ind...
Time needed for constructing complement of ind: 21922[µs]
Time needed for computing ind: 14633176[µs]
Time needed for minimizing ind: 499838[µs]
Time needed for computing ind (total): 15155149[µs]
automaton for ind has 37 states.
...done.
computing complement of preach...
Time needed for constructing identity on ind: 2834[µs]
Time needed for computing product v_id of abstraction framework with identity on ind: 156057[µs]
Time needed for computing product of v_id with complement of abstraction framework: 792869[µs]
Time needed for computing complement of preach: 956748[µs]
automaton for complement of preach has 4148 states.
...of which, 68 states are at level 0.
Time needed for trimming complement of preach: 12383[µs]
...done.
trying to prove abstract safety...
Time needed for constructing transducer for unsafe property: 9[µs]
Time needed for constructing transducer for (initial, unsafe) pairs: 195[µs]
Time needed for constructing transducer for complement of (initial, unsafe) pairs: 374[µs]
Time needed for building union of complements of preach and (initial, unsafe)-transducer: 3601[µs]
Time needed for checking universality using lazy-bfs algorithm: 92305200[µs]
Time needed for checking abstract safety: 92310494[µs]
...done.
Result: [1]
This means that the following properties could be separated from the initial configurations:
	[dirtydirty]
While the following properties could not be separated from the initial configurations:
	[]

real	1m48,621s
user	1m47,486s
sys	0m1,069s
********************
/home/jakob/Documents/abstracton/benchmarks/dodo/dragon.json
s
dirtydirty
Running as unit: run-re835ca4e8c2c4c9ca0a21fc371a31dd6.scope; invocation ID: 48f07f0648f3424985860a7aadd61e98
Time needed for parsing json file: 4225[µs]
alphabet size: 5
using Siphon interpretation
Time needed for constructing Siphon interpretation transducer: 1697[µs]
computing ind...
Time needed for constructing complement of ind: 7658[µs]
Time needed for computing ind: 966589[µs]
Time needed for minimizing ind: 107496[µs]
Time needed for computing ind (total): 1081884[µs]
automaton for ind has 5 states.
...done.
computing complement of preach...
Time needed for constructing identity on ind: 401[µs]
Time needed for computing product v_id of abstraction framework with identity on ind: 4232[µs]
Time needed for computing product of v_id with complement of abstraction framework: 1124[µs]
Time needed for computing complement of preach: 7209[µs]
automaton for complement of preach has 13 states.
...of which, 2 states are at level 0.
Time needed for trimming complement of preach: 79[µs]
...done.
trying to prove abstract safety...
Time needed for constructing transducer for unsafe property: 7[µs]
Time needed for constructing transducer for (initial, unsafe) pairs: 133[µs]
Time needed for constructing transducer for complement of (initial, unsafe) pairs: 326[µs]
Time needed for building union of complements of preach and (initial, unsafe)-transducer: 61[µs]
terminate called after throwing an instance of 'std::bad_alloc'
  what():  std::bad_alloc
/usr/bin/timeout: the monitored command dumped core
./bench_for_dodo_comparison.sh: line 83: 2155319 Aborted                 systemd-run --user --scope -p MemoryMax=32G -p MemorySwapMax=7G timeout $TIMEOUT "${parentdir}/../build_release/benchmarks/solve_dodo" -i $MODE -p $PROPERTY $FILE --measure-time --no-dot-printing --universality-alg lazy-bfs

real	9m51,877s
user	8m57,057s
sys	0m53,125s
********************
/home/jakob/Documents/abstracton/benchmarks/dodo/dragon.json
f
dirtydirty
Running as unit: run-rde9ba445532d42f8b5d56c261c344bcb.scope; invocation ID: 6787c1e2111f4a0381c367580fafce3e
Time needed for parsing json file: 4798[µs]
alphabet size: 5
using Flow interpretation
Time needed for constructing Flow interpretation transducer: 4136[µs]
computing ind...
Time needed for constructing complement of ind: 24647[µs]
Time needed for computing ind: 130847535[µs]
Time needed for minimizing ind: 3422613[µs]
Time needed for computing ind (total): 134295335[µs]
automaton for ind has 7 states.
...done.
computing complement of preach...
Time needed for constructing identity on ind: 530[µs]
Time needed for computing product v_id of abstraction framework with identity on ind: 21148[µs]
Time needed for computing product of v_id with complement of abstraction framework: 1968[µs]
Time needed for computing complement of preach: 26647[µs]
automaton for complement of preach has 13 states.
...of which, 2 states are at level 0.
Time needed for trimming complement of preach: 74[µs]
...done.
trying to prove abstract safety...
Time needed for constructing transducer for unsafe property: 8[µs]
Time needed for constructing transducer for (initial, unsafe) pairs: 174[µs]
Time needed for constructing transducer for complement of (initial, unsafe) pairs: 369[µs]
Time needed for building union of complements of preach and (initial, unsafe)-transducer: 85[µs]
terminate called after throwing an instance of 'std::bad_alloc'
  what():  std::bad_alloc
/usr/bin/timeout: the monitored command dumped core
./bench_for_dodo_comparison.sh: line 83: 2156043 Aborted                 systemd-run --user --scope -p MemoryMax=32G -p MemorySwapMax=7G timeout $TIMEOUT "${parentdir}/../build_release/benchmarks/solve_dodo" -i $MODE -p $PROPERTY $FILE --measure-time --no-dot-printing --universality-alg lazy-bfs

real	12m7,081s
user	11m10,563s
sys	0m54,543s
********************
41 of 61
/home/jakob/Documents/abstracton/benchmarks/dodo/dragon.json
t
exclusiveexclusive
Running as unit: run-r64a56b37e52448fbb23160a9c4fef8a1.scope; invocation ID: dbc40e2130324bd5806b161d2c5c4812
Time needed for parsing json file: 8556[µs]
alphabet size: 5
using Trap interpretation
Time needed for constructing Trap interpretation transducer: 9238[µs]
computing ind...
Time needed for constructing complement of ind: 24329[µs]
Time needed for computing ind: 14578079[µs]
Time needed for minimizing ind: 480011[µs]
Time needed for computing ind (total): 15082854[µs]
automaton for ind has 37 states.
...done.
computing complement of preach...
Time needed for constructing identity on ind: 2712[µs]
Time needed for computing product v_id of abstraction framework with identity on ind: 161776[µs]
Time needed for computing product of v_id with complement of abstraction framework: 808481[µs]
Time needed for computing complement of preach: 977804[µs]
automaton for complement of preach has 4148 states.
...of which, 68 states are at level 0.
Time needed for trimming complement of preach: 12295[µs]
...done.
trying to prove abstract safety...
Time needed for constructing transducer for unsafe property: 8[µs]
Time needed for constructing transducer for (initial, unsafe) pairs: 207[µs]
Time needed for constructing transducer for complement of (initial, unsafe) pairs: 390[µs]
Time needed for building union of complements of preach and (initial, unsafe)-transducer: 3665[µs]
Time needed for checking universality using lazy-bfs algorithm: 92312481[µs]
Time needed for checking abstract safety: 92317793[µs]
...done.
Result: [1]
This means that the following properties could be separated from the initial configurations:
	[exclusiveexclusive]
While the following properties could not be separated from the initial configurations:
	[]

real	1m48,589s
user	1m47,460s
sys	0m1,060s
********************
/home/jakob/Documents/abstracton/benchmarks/dodo/dragon.json
s
exclusiveexclusive
Running as unit: run-r35b87fa6f1ba4e10ad2c6c288435d88d.scope; invocation ID: 629b76f613474a5099891383b71c585d
Time needed for parsing json file: 4308[µs]
alphabet size: 5
using Siphon interpretation
Time needed for constructing Siphon interpretation transducer: 1718[µs]
computing ind...
Time needed for constructing complement of ind: 7716[µs]
Time needed for computing ind: 981186[µs]
Time needed for minimizing ind: 109326[µs]
Time needed for computing ind (total): 1098371[µs]
automaton for ind has 5 states.
...done.
computing complement of preach...
Time needed for constructing identity on ind: 335[µs]
Time needed for computing product v_id of abstraction framework with identity on ind: 4114[µs]
Time needed for computing product of v_id with complement of abstraction framework: 1110[µs]
Time needed for computing complement of preach: 6797[µs]
automaton for complement of preach has 13 states.
...of which, 2 states are at level 0.
Time needed for trimming complement of preach: 77[µs]
...done.
trying to prove abstract safety...
Time needed for constructing transducer for unsafe property: 6[µs]
Time needed for constructing transducer for (initial, unsafe) pairs: 125[µs]
Time needed for constructing transducer for complement of (initial, unsafe) pairs: 301[µs]
Time needed for building union of complements of preach and (initial, unsafe)-transducer: 56[µs]
terminate called after throwing an instance of 'std::bad_alloc'
  what():  std::bad_alloc
/usr/bin/timeout: the monitored command dumped core
./bench_for_dodo_comparison.sh: line 83: 2157063 Aborted                 systemd-run --user --scope -p MemoryMax=32G -p MemorySwapMax=7G timeout $TIMEOUT "${parentdir}/../build_release/benchmarks/solve_dodo" -i $MODE -p $PROPERTY $FILE --measure-time --no-dot-printing --universality-alg lazy-bfs

real	9m48,959s
user	8m55,826s
sys	0m51,504s
********************
/home/jakob/Documents/abstracton/benchmarks/dodo/dragon.json
f
exclusiveexclusive
Running as unit: run-re5ea0f78ff004e00ac3184249cd65d98.scope; invocation ID: 6e784c5a21f8483991bb927c67fbdf0f
Time needed for parsing json file: 4976[µs]
alphabet size: 5
using Flow interpretation
Time needed for constructing Flow interpretation transducer: 4143[µs]
computing ind...
Time needed for constructing complement of ind: 24839[µs]
Time needed for computing ind: 130278225[µs]
Time needed for minimizing ind: 3379025[µs]
Time needed for computing ind (total): 133682590[µs]
automaton for ind has 7 states.
...done.
computing complement of preach...
Time needed for constructing identity on ind: 548[µs]
Time needed for computing product v_id of abstraction framework with identity on ind: 21288[µs]
Time needed for computing product of v_id with complement of abstraction framework: 1983[µs]
Time needed for computing complement of preach: 27024[µs]
automaton for complement of preach has 13 states.
...of which, 2 states are at level 0.
Time needed for trimming complement of preach: 76[µs]
...done.
trying to prove abstract safety...
Time needed for constructing transducer for unsafe property: 10[µs]
Time needed for constructing transducer for (initial, unsafe) pairs: 173[µs]
Time needed for constructing transducer for complement of (initial, unsafe) pairs: 348[µs]
Time needed for building union of complements of preach and (initial, unsafe)-transducer: 85[µs]
terminate called after throwing an instance of 'std::bad_alloc'
  what():  std::bad_alloc
/usr/bin/timeout: the monitored command dumped core
./bench_for_dodo_comparison.sh: line 83: 2157782 Aborted                 systemd-run --user --scope -p MemoryMax=32G -p MemorySwapMax=7G timeout $TIMEOUT "${parentdir}/../build_release/benchmarks/solve_dodo" -i $MODE -p $PROPERTY $FILE --measure-time --no-dot-printing --universality-alg lazy-bfs

real	12m1,291s
user	11m5,591s
sys	0m54,103s
********************
42 of 61
/home/jakob/Documents/abstracton/benchmarks/dodo/dragon.json
t
dirtysharedexclusive
Running as unit: run-rbed89634cfdd4bff8fc569837927476d.scope; invocation ID: 02e890aadd16484da8ab2bfac2f37c36
Time needed for parsing json file: 4872[µs]
alphabet size: 5
using Trap interpretation
Time needed for constructing Trap interpretation transducer: 4976[µs]
computing ind...
Time needed for constructing complement of ind: 22252[µs]
Time needed for computing ind: 14660510[µs]
Time needed for minimizing ind: 488358[µs]
Time needed for computing ind (total): 15171551[µs]
automaton for ind has 37 states.
...done.
computing complement of preach...
Time needed for constructing identity on ind: 2526[µs]
Time needed for computing product v_id of abstraction framework with identity on ind: 160584[µs]
Time needed for computing product of v_id with complement of abstraction framework: 799038[µs]
Time needed for computing complement of preach: 967051[µs]
automaton for complement of preach has 4148 states.
...of which, 68 states are at level 0.
Time needed for trimming complement of preach: 12208[µs]
...done.
trying to prove abstract safety...
Time needed for constructing transducer for unsafe property: 11[µs]
Time needed for constructing transducer for (initial, unsafe) pairs: 227[µs]
Time needed for constructing transducer for complement of (initial, unsafe) pairs: 510[µs]
Time needed for building union of complements of preach and (initial, unsafe)-transducer: 3304[µs]
Time needed for checking universality using lazy-bfs algorithm: 92266898[µs]
Time needed for checking abstract safety: 92272001[µs]
...done.
Result: [1]
This means that the following properties could be separated from the initial configurations:
	[dirtysharedexclusive]
While the following properties could not be separated from the initial configurations:
	[]

real	1m48,623s
user	1m47,502s
sys	0m1,046s
********************
/home/jakob/Documents/abstracton/benchmarks/dodo/dragon.json
s
dirtysharedexclusive
Running as unit: run-rf5ce78ea6ab448219685c2c370e5bc96.scope; invocation ID: e196f15a909a433e91e052ada073d22f
Time needed for parsing json file: 4201[µs]
alphabet size: 5
using Siphon interpretation
Time needed for constructing Siphon interpretation transducer: 1666[µs]
computing ind...
Time needed for constructing complement of ind: 7763[µs]
Time needed for computing ind: 970176[µs]
Time needed for minimizing ind: 109478[µs]
Time needed for computing ind (total): 1087566[µs]
automaton for ind has 5 states.
...done.
computing complement of preach...
Time needed for constructing identity on ind: 336[µs]
Time needed for computing product v_id of abstraction framework with identity on ind: 4329[µs]
Time needed for computing product of v_id with complement of abstraction framework: 1161[µs]
Time needed for computing complement of preach: 7061[µs]
automaton for complement of preach has 13 states.
...of which, 2 states are at level 0.
Time needed for trimming complement of preach: 82[µs]
...done.
trying to prove abstract safety...
Time needed for constructing transducer for unsafe property: 9[µs]
Time needed for constructing transducer for (initial, unsafe) pairs: 156[µs]
Time needed for constructing transducer for complement of (initial, unsafe) pairs: 436[µs]
Time needed for building union of complements of preach and (initial, unsafe)-transducer: 74[µs]
Time needed for checking universality using lazy-bfs algorithm: 188[µs]
Time needed for checking abstract safety: 925[µs]
...done.
Result: [0]
This means that the following properties could be separated from the initial configurations:
	[]
While the following properties could not be separated from the initial configurations:
	[dirtysharedexclusive]

real	0m1,128s
user	0m1,104s
sys	0m0,009s
********************
/home/jakob/Documents/abstracton/benchmarks/dodo/dragon.json
f
dirtysharedexclusive
Running as unit: run-r915ed94f7b51411c878ad43954dcf866.scope; invocation ID: be86ad3a97cd4d2b8d4b136a303650e9
Time needed for parsing json file: 3959[µs]
alphabet size: 5
using Flow interpretation
Time needed for constructing Flow interpretation transducer: 3796[µs]
computing ind...
Time needed for constructing complement of ind: 25096[µs]
Time needed for computing ind: 130999904[µs]
Time needed for minimizing ind: 3380366[µs]
Time needed for computing ind (total): 134405661[µs]
automaton for ind has 7 states.
...done.
computing complement of preach...
Time needed for constructing identity on ind: 523[µs]
Time needed for computing product v_id of abstraction framework with identity on ind: 11805[µs]
Time needed for computing product of v_id with complement of abstraction framework: 1928[µs]
Time needed for computing complement of preach: 17426[µs]
automaton for complement of preach has 13 states.
...of which, 2 states are at level 0.
Time needed for trimming complement of preach: 70[µs]
...done.
trying to prove abstract safety...
Time needed for constructing transducer for unsafe property: 8[µs]
Time needed for constructing transducer for (initial, unsafe) pairs: 160[µs]
Time needed for constructing transducer for complement of (initial, unsafe) pairs: 421[µs]
Time needed for building union of complements of preach and (initial, unsafe)-transducer: 76[µs]
Time needed for checking universality using lazy-bfs algorithm: 197[µs]
Time needed for checking abstract safety: 923[µs]
...done.
Result: [0]
This means that the following properties could be separated from the initial configurations:
	[]
While the following properties could not be separated from the initial configurations:
	[dirtysharedexclusive]

real	2m14,482s
user	2m14,152s
sys	0m0,260s
********************
43 of 61
/home/jakob/Documents/abstracton/benchmarks/dodo/dragon.json
t
exclusiveshared
Running as unit: run-r870d536c73954a52b01e097d68a11cca.scope; invocation ID: 299a7e757bee4d56a6ebfe6807ad6865
Time needed for parsing json file: 4124[µs]
alphabet size: 5
using Trap interpretation
Time needed for constructing Trap interpretation transducer: 4581[µs]
computing ind...
Time needed for constructing complement of ind: 22314[µs]
Time needed for computing ind: 14565848[µs]
Time needed for minimizing ind: 501098[µs]
Time needed for computing ind (total): 15089469[µs]
automaton for ind has 37 states.
...done.
computing complement of preach...
Time needed for constructing identity on ind: 2588[µs]
Time needed for computing product v_id of abstraction framework with identity on ind: 153818[µs]
Time needed for computing product of v_id with complement of abstraction framework: 792505[µs]
Time needed for computing complement of preach: 953521[µs]
automaton for complement of preach has 4148 states.
...of which, 68 states are at level 0.
Time needed for trimming complement of preach: 11930[µs]
...done.
trying to prove abstract safety...
Time needed for constructing transducer for unsafe property: 10[µs]
Time needed for constructing transducer for (initial, unsafe) pairs: 209[µs]
Time needed for constructing transducer for complement of (initial, unsafe) pairs: 458[µs]
Time needed for building union of complements of preach and (initial, unsafe)-transducer: 3445[µs]
Time needed for checking universality using lazy-bfs algorithm: 92471038[µs]
Time needed for checking abstract safety: 92476271[µs]
...done.
Result: [1]
This means that the following properties could be separated from the initial configurations:
	[exclusiveshared]
While the following properties could not be separated from the initial configurations:
	[]

real	1m48,715s
user	1m47,593s
sys	0m1,059s
********************
/home/jakob/Documents/abstracton/benchmarks/dodo/dragon.json
s
exclusiveshared
Running as unit: run-rb1e2a9c243c649faad7e4f6ed2a5c0fc.scope; invocation ID: ff34718b6b9141f6bba1f61acf582862
Time needed for parsing json file: 4270[µs]
alphabet size: 5
using Siphon interpretation
Time needed for constructing Siphon interpretation transducer: 1713[µs]
computing ind...
Time needed for constructing complement of ind: 7848[µs]
Time needed for computing ind: 968649[µs]
Time needed for minimizing ind: 110742[µs]
Time needed for computing ind (total): 1087408[µs]
automaton for ind has 5 states.
...done.
computing complement of preach...
Time needed for constructing identity on ind: 346[µs]
Time needed for computing product v_id of abstraction framework with identity on ind: 4302[µs]
Time needed for computing product of v_id with complement of abstraction framework: 1254[µs]
Time needed for computing complement of preach: 7228[µs]
automaton for complement of preach has 13 states.
...of which, 2 states are at level 0.
Time needed for trimming complement of preach: 117[µs]
...done.
trying to prove abstract safety...
Time needed for constructing transducer for unsafe property: 12[µs]
Time needed for constructing transducer for (initial, unsafe) pairs: 181[µs]
Time needed for constructing transducer for complement of (initial, unsafe) pairs: 413[µs]
Time needed for building union of complements of preach and (initial, unsafe)-transducer: 88[µs]
terminate called after throwing an instance of 'std::bad_alloc'
  what():  std::bad_alloc
/usr/bin/timeout: the monitored command dumped core
./bench_for_dodo_comparison.sh: line 83: 2159344 Aborted                 systemd-run --user --scope -p MemoryMax=32G -p MemorySwapMax=7G timeout $TIMEOUT "${parentdir}/../build_release/benchmarks/solve_dodo" -i $MODE -p $PROPERTY $FILE --measure-time --no-dot-printing --universality-alg lazy-bfs

real	9m47,989s
user	8m55,038s
sys	0m51,385s
********************
/home/jakob/Documents/abstracton/benchmarks/dodo/dragon.json
f
exclusiveshared
Running as unit: run-r1e222ac303ff4a06a3973b0ac26a1039.scope; invocation ID: 44be075790e3474cb55fe47e3ee21ff3
Time needed for parsing json file: 4817[µs]
alphabet size: 5
using Flow interpretation
Time needed for constructing Flow interpretation transducer: 4169[µs]
computing ind...
Time needed for constructing complement of ind: 24945[µs]
Time needed for computing ind: 130254793[µs]
Time needed for minimizing ind: 3370942[µs]
Time needed for computing ind (total): 133651146[µs]
automaton for ind has 7 states.
...done.
computing complement of preach...
Time needed for constructing identity on ind: 524[µs]
Time needed for computing product v_id of abstraction framework with identity on ind: 21635[µs]
Time needed for computing product of v_id with complement of abstraction framework: 1960[µs]
Time needed for computing complement of preach: 27280[µs]
automaton for complement of preach has 13 states.
...of which, 2 states are at level 0.
Time needed for trimming complement of preach: 87[µs]
...done.
trying to prove abstract safety...
Time needed for constructing transducer for unsafe property: 12[µs]
Time needed for constructing transducer for (initial, unsafe) pairs: 188[µs]
Time needed for constructing transducer for complement of (initial, unsafe) pairs: 469[µs]
Time needed for building union of complements of preach and (initial, unsafe)-transducer: 105[µs]
terminate called after throwing an instance of 'std::bad_alloc'
  what():  std::bad_alloc
/usr/bin/timeout: the monitored command dumped core
./bench_for_dodo_comparison.sh: line 83: 2160075 Aborted                 systemd-run --user --scope -p MemoryMax=32G -p MemorySwapMax=7G timeout $TIMEOUT "${parentdir}/../build_release/benchmarks/solve_dodo" -i $MODE -p $PROPERTY $FILE --measure-time --no-dot-printing --universality-alg lazy-bfs

real	12m1,543s
user	11m7,135s
sys	0m52,774s
********************
44 of 61
/home/jakob/Documents/abstracton/benchmarks/dodo/dragon.json
t
exclusivedirty
Running as unit: run-r655be84bd0994d2e9fbf66242060cff3.scope; invocation ID: 682a911470864e9791cfd6dcfd63487d
Time needed for parsing json file: 5043[µs]
alphabet size: 5
using Trap interpretation
Time needed for constructing Trap interpretation transducer: 5031[µs]
computing ind...
Time needed for constructing complement of ind: 21811[µs]
Time needed for computing ind: 14598250[µs]
Time needed for minimizing ind: 483864[µs]
Time needed for computing ind (total): 15104310[µs]
automaton for ind has 37 states.
...done.
computing complement of preach...
Time needed for constructing identity on ind: 2525[µs]
Time needed for computing product v_id of abstraction framework with identity on ind: 159411[µs]
Time needed for computing product of v_id with complement of abstraction framework: 784098[µs]
Time needed for computing complement of preach: 950858[µs]
automaton for complement of preach has 4148 states.
...of which, 68 states are at level 0.
Time needed for trimming complement of preach: 12051[µs]
...done.
trying to prove abstract safety...
Time needed for constructing transducer for unsafe property: 10[µs]
Time needed for constructing transducer for (initial, unsafe) pairs: 212[µs]
Time needed for constructing transducer for complement of (initial, unsafe) pairs: 473[µs]
Time needed for building union of complements of preach and (initial, unsafe)-transducer: 3352[µs]
Time needed for checking universality using lazy-bfs algorithm: 92257181[µs]
Time needed for checking abstract safety: 92262312[µs]
...done.
Result: [1]
This means that the following properties could be separated from the initial configurations:
	[exclusivedirty]
While the following properties could not be separated from the initial configurations:
	[]

real	1m48,521s
user	1m47,435s
sys	0m1,016s
********************
/home/jakob/Documents/abstracton/benchmarks/dodo/dragon.json
s
exclusivedirty
Running as unit: run-r7eb329ebb4054095a5a59377fb780bdc.scope; invocation ID: de6755945f1e48bbbd5f54ec18f556a4
Time needed for parsing json file: 4188[µs]
alphabet size: 5
using Siphon interpretation
Time needed for constructing Siphon interpretation transducer: 1793[µs]
computing ind...
Time needed for constructing complement of ind: 7957[µs]
Time needed for computing ind: 959080[µs]
Time needed for minimizing ind: 106802[µs]
Time needed for computing ind (total): 1073982[µs]
automaton for ind has 5 states.
...done.
computing complement of preach...
Time needed for constructing identity on ind: 354[µs]
Time needed for computing product v_id of abstraction framework with identity on ind: 4104[µs]
Time needed for computing product of v_id with complement of abstraction framework: 1194[µs]
Time needed for computing complement of preach: 7123[µs]
automaton for complement of preach has 13 states.
...of which, 2 states are at level 0.
Time needed for trimming complement of preach: 82[µs]
...done.
trying to prove abstract safety...
Time needed for constructing transducer for unsafe property: 8[µs]
Time needed for constructing transducer for (initial, unsafe) pairs: 157[µs]
Time needed for constructing transducer for complement of (initial, unsafe) pairs: 404[µs]
Time needed for building union of complements of preach and (initial, unsafe)-transducer: 69[µs]
terminate called after throwing an instance of 'std::bad_alloc'
  what():  std::bad_alloc
/usr/bin/timeout: the monitored command dumped core
./bench_for_dodo_comparison.sh: line 83: 2161082 Aborted                 systemd-run --user --scope -p MemoryMax=32G -p MemorySwapMax=7G timeout $TIMEOUT "${parentdir}/../build_release/benchmarks/solve_dodo" -i $MODE -p $PROPERTY $FILE --measure-time --no-dot-printing --universality-alg lazy-bfs

real	10m37,472s
user	9m40,975s
sys	0m54,181s
********************
/home/jakob/Documents/abstracton/benchmarks/dodo/dragon.json
f
exclusivedirty
Running as unit: run-rf583c77784ee44e3a7fedc0beaf2a654.scope; invocation ID: 0b16bf5213d44bfb8e6345f20d8846f1
Time needed for parsing json file: 5107[µs]
alphabet size: 5
using Flow interpretation
Time needed for constructing Flow interpretation transducer: 4439[µs]
computing ind...
Time needed for constructing complement of ind: 24726[µs]
Time needed for computing ind: 130849016[µs]
Time needed for minimizing ind: 3399269[µs]
Time needed for computing ind (total): 134273468[µs]
automaton for ind has 7 states.
...done.
computing complement of preach...
Time needed for constructing identity on ind: 490[µs]
Time needed for computing product v_id of abstraction framework with identity on ind: 20883[µs]
Time needed for computing product of v_id with complement of abstraction framework: 1876[µs]
Time needed for computing complement of preach: 26267[µs]
automaton for complement of preach has 13 states.
...of which, 2 states are at level 0.
Time needed for trimming complement of preach: 61[µs]
...done.
trying to prove abstract safety...
Time needed for constructing transducer for unsafe property: 9[µs]
Time needed for constructing transducer for (initial, unsafe) pairs: 156[µs]
Time needed for constructing transducer for complement of (initial, unsafe) pairs: 417[µs]
Time needed for building union of complements of preach and (initial, unsafe)-transducer: 72[µs]
terminate called after throwing an instance of 'std::bad_alloc'
  what():  std::bad_alloc
/usr/bin/timeout: the monitored command dumped core
./bench_for_dodo_comparison.sh: line 83: 2182905 Aborted                 systemd-run --user --scope -p MemoryMax=32G -p MemorySwapMax=7G timeout $TIMEOUT "${parentdir}/../build_release/benchmarks/solve_dodo" -i $MODE -p $PROPERTY $FILE --measure-time --no-dot-printing --universality-alg lazy-bfs

real	12m5,830s
user	11m8,615s
sys	0m55,495s
********************
45 of 61
/home/jakob/Documents/abstracton/benchmarks/dodo/dragon.json
t
shareddirty
Running as unit: run-r916bb907764345adadecc859522544a0.scope; invocation ID: c471d66329424c6fb6c8e36789e1b898
Time needed for parsing json file: 5137[µs]
alphabet size: 5
using Trap interpretation
Time needed for constructing Trap interpretation transducer: 4993[µs]
computing ind...
Time needed for constructing complement of ind: 22431[µs]
Time needed for computing ind: 14650901[µs]
Time needed for minimizing ind: 477815[µs]
Time needed for computing ind (total): 15151535[µs]
automaton for ind has 37 states.
...done.
computing complement of preach...
Time needed for constructing identity on ind: 2674[µs]
Time needed for computing product v_id of abstraction framework with identity on ind: 160571[µs]
Time needed for computing product of v_id with complement of abstraction framework: 790206[µs]
Time needed for computing complement of preach: 958141[µs]
automaton for complement of preach has 4148 states.
...of which, 68 states are at level 0.
Time needed for trimming complement of preach: 12338[µs]
...done.
trying to prove abstract safety...
Time needed for constructing transducer for unsafe property: 8[µs]
Time needed for constructing transducer for (initial, unsafe) pairs: 220[µs]
Time needed for constructing transducer for complement of (initial, unsafe) pairs: 457[µs]
Time needed for building union of complements of preach and (initial, unsafe)-transducer: 3527[µs]
Time needed for checking universality using lazy-bfs algorithm: 92509170[µs]
Time needed for checking abstract safety: 92514478[µs]
...done.
Result: [1]
This means that the following properties could be separated from the initial configurations:
	[shareddirty]
While the following properties could not be separated from the initial configurations:
	[]

real	1m48,832s
user	1m47,743s
sys	0m1,012s
********************
/home/jakob/Documents/abstracton/benchmarks/dodo/dragon.json
s
shareddirty
Running as unit: run-rd70e0f1806fe49acad529f57bd2a68e3.scope; invocation ID: e72396c400a4465a8d4174cf88488de8
Time needed for parsing json file: 4138[µs]
alphabet size: 5
using Siphon interpretation
Time needed for constructing Siphon interpretation transducer: 1684[µs]
computing ind...
Time needed for constructing complement of ind: 7915[µs]
Time needed for computing ind: 960407[µs]
Time needed for minimizing ind: 108023[µs]
Time needed for computing ind (total): 1076492[µs]
automaton for ind has 5 states.
...done.
computing complement of preach...
Time needed for constructing identity on ind: 352[µs]
Time needed for computing product v_id of abstraction framework with identity on ind: 4139[µs]
Time needed for computing product of v_id with complement of abstraction framework: 1222[µs]
Time needed for computing complement of preach: 7044[µs]
automaton for complement of preach has 13 states.
...of which, 2 states are at level 0.
Time needed for trimming complement of preach: 82[µs]
...done.
trying to prove abstract safety...
Time needed for constructing transducer for unsafe property: 8[µs]
Time needed for constructing transducer for (initial, unsafe) pairs: 158[µs]
Time needed for constructing transducer for complement of (initial, unsafe) pairs: 417[µs]
Time needed for building union of complements of preach and (initial, unsafe)-transducer: 68[µs]
terminate called after throwing an instance of 'std::bad_alloc'
  what():  std::bad_alloc
/usr/bin/timeout: the monitored command dumped core
./bench_for_dodo_comparison.sh: line 83: 2183906 Aborted                 systemd-run --user --scope -p MemoryMax=32G -p MemorySwapMax=7G timeout $TIMEOUT "${parentdir}/../build_release/benchmarks/solve_dodo" -i $MODE -p $PROPERTY $FILE --measure-time --no-dot-printing --universality-alg lazy-bfs

real	9m58,755s
user	8m56,016s
sys	0m57,344s
********************
/home/jakob/Documents/abstracton/benchmarks/dodo/dragon.json
f
shareddirty
Running as unit: run-rea2357cb18034b0089a420deb69b9c5c.scope; invocation ID: 6ebc35556d414cb098816f3deffe1777
Time needed for parsing json file: 4799[µs]
alphabet size: 5
using Flow interpretation
Time needed for constructing Flow interpretation transducer: 4334[µs]
computing ind...
Time needed for constructing complement of ind: 25522[µs]
Time needed for computing ind: 130449552[µs]
Time needed for minimizing ind: 3364266[µs]
Time needed for computing ind (total): 133839797[µs]
automaton for ind has 7 states.
...done.
computing complement of preach...
Time needed for constructing identity on ind: 519[µs]
Time needed for computing product v_id of abstraction framework with identity on ind: 20982[µs]
Time needed for computing product of v_id with complement of abstraction framework: 1861[µs]
Time needed for computing complement of preach: 26462[µs]
automaton for complement of preach has 13 states.
...of which, 2 states are at level 0.
Time needed for trimming complement of preach: 60[µs]
...done.
trying to prove abstract safety...
Time needed for constructing transducer for unsafe property: 9[µs]
Time needed for constructing transducer for (initial, unsafe) pairs: 159[µs]
Time needed for constructing transducer for complement of (initial, unsafe) pairs: 424[µs]
Time needed for building union of complements of preach and (initial, unsafe)-transducer: 76[µs]
terminate called after throwing an instance of 'std::bad_alloc'
  what():  std::bad_alloc
/usr/bin/timeout: the monitored command dumped core
./bench_for_dodo_comparison.sh: line 83: 2184612 Aborted                 systemd-run --user --scope -p MemoryMax=32G -p MemorySwapMax=7G timeout $TIMEOUT "${parentdir}/../build_release/benchmarks/solve_dodo" -i $MODE -p $PROPERTY $FILE --measure-time --no-dot-printing --universality-alg lazy-bfs

real	12m4,406s
user	11m7,882s
sys	0m54,581s
********************
46 of 61
/home/jakob/Documents/abstracton/benchmarks/dodo/dragon.json
t
dirtyshareddirty
Running as unit: run-rb3d0333fffef497c9dabc37139e1f50b.scope; invocation ID: 1592184c9e0e4dac9cc7f1ddca6bd40b
Time needed for parsing json file: 5111[µs]
alphabet size: 5
using Trap interpretation
Time needed for constructing Trap interpretation transducer: 5201[µs]
computing ind...
Time needed for constructing complement of ind: 22250[µs]
Time needed for computing ind: 14578184[µs]
Time needed for minimizing ind: 496952[µs]
Time needed for computing ind (total): 15097799[µs]
automaton for ind has 37 states.
...done.
computing complement of preach...
Time needed for constructing identity on ind: 2636[µs]
Time needed for computing product v_id of abstraction framework with identity on ind: 153818[µs]
Time needed for computing product of v_id with complement of abstraction framework: 808990[µs]
Time needed for computing complement of preach: 970236[µs]
automaton for complement of preach has 4148 states.
...of which, 68 states are at level 0.
Time needed for trimming complement of preach: 12415[µs]
...done.
trying to prove abstract safety...
Time needed for constructing transducer for unsafe property: 9[µs]
Time needed for constructing transducer for (initial, unsafe) pairs: 212[µs]
Time needed for constructing transducer for complement of (initial, unsafe) pairs: 505[µs]
Time needed for building union of complements of preach and (initial, unsafe)-transducer: 3587[µs]
Time needed for checking universality using lazy-bfs algorithm: 1624[µs]
Time needed for checking abstract safety: 6913[µs]
...done.
Result: [0]
This means that the following properties could be separated from the initial configurations:
	[]
While the following properties could not be separated from the initial configurations:
	[dirtyshareddirty]

real	0m16,142s
user	0m15,971s
sys	0m0,152s
********************
/home/jakob/Documents/abstracton/benchmarks/dodo/dragon.json
s
dirtyshareddirty
Running as unit: run-r7d0208478ad74ab3936970b74fd38a01.scope; invocation ID: c45ada833689461d88265933ca8c2c1f
Time needed for parsing json file: 4198[µs]
alphabet size: 5
using Siphon interpretation
Time needed for constructing Siphon interpretation transducer: 1689[µs]
computing ind...
Time needed for constructing complement of ind: 7493[µs]
Time needed for computing ind: 1116438[µs]
Time needed for minimizing ind: 115632[µs]
Time needed for computing ind (total): 1239713[µs]
automaton for ind has 5 states.
...done.
computing complement of preach...
Time needed for constructing identity on ind: 351[µs]
Time needed for computing product v_id of abstraction framework with identity on ind: 4283[µs]
Time needed for computing product of v_id with complement of abstraction framework: 1316[µs]
Time needed for computing complement of preach: 7303[µs]
automaton for complement of preach has 13 states.
...of which, 2 states are at level 0.
Time needed for trimming complement of preach: 84[µs]
...done.
trying to prove abstract safety...
Time needed for constructing transducer for unsafe property: 8[µs]
Time needed for constructing transducer for (initial, unsafe) pairs: 163[µs]
Time needed for constructing transducer for complement of (initial, unsafe) pairs: 398[µs]
Time needed for building union of complements of preach and (initial, unsafe)-transducer: 89[µs]
Time needed for checking universality using lazy-bfs algorithm: 195[µs]
Time needed for checking abstract safety: 908[µs]
...done.
Result: [0]
This means that the following properties could be separated from the initial configurations:
	[]
While the following properties could not be separated from the initial configurations:
	[dirtyshareddirty]

real	0m1,282s
user	0m1,253s
sys	0m0,014s
********************
/home/jakob/Documents/abstracton/benchmarks/dodo/dragon.json
f
dirtyshareddirty
Running as unit: run-r18a2b3396fe240628421fdcfa8a94a44.scope; invocation ID: f1ff45e5a1d846e1a407dc90887a46e6
Time needed for parsing json file: 4268[µs]
alphabet size: 5
using Flow interpretation
Time needed for constructing Flow interpretation transducer: 4653[µs]
computing ind...
Time needed for constructing complement of ind: 25587[µs]
Time needed for computing ind: 130500724[µs]
Time needed for minimizing ind: 3444652[µs]
Time needed for computing ind (total): 133971238[µs]
automaton for ind has 7 states.
...done.
computing complement of preach...
Time needed for constructing identity on ind: 565[µs]
Time needed for computing product v_id of abstraction framework with identity on ind: 11838[µs]
Time needed for computing product of v_id with complement of abstraction framework: 1958[µs]
Time needed for computing complement of preach: 17465[µs]
automaton for complement of preach has 13 states.
...of which, 2 states are at level 0.
Time needed for trimming complement of preach: 60[µs]
...done.
trying to prove abstract safety...
Time needed for constructing transducer for unsafe property: 8[µs]
Time needed for constructing transducer for (initial, unsafe) pairs: 161[µs]
Time needed for constructing transducer for complement of (initial, unsafe) pairs: 425[µs]
Time needed for building union of complements of preach and (initial, unsafe)-transducer: 75[µs]
Time needed for checking universality using lazy-bfs algorithm: 220[µs]
Time needed for checking abstract safety: 953[µs]
...done.
Result: [0]
This means that the following properties could be separated from the initial configurations:
	[]
While the following properties could not be separated from the initial configurations:
	[dirtyshareddirty]

real	2m14,045s
user	2m13,780s
sys	0m0,194s
********************
47 of 61
/home/jakob/Documents/abstracton/benchmarks/dodo/dragon.json
t
deadlock
Running as unit: run-r520625c4410b42478ecfde1038a10304.scope; invocation ID: 08315a43e7e0412896fc553565544493
Time needed for parsing json file: 4189[µs]
alphabet size: 5
using Trap interpretation
Time needed for constructing Trap interpretation transducer: 4945[µs]
computing ind...
Time needed for constructing complement of ind: 22802[µs]
Time needed for computing ind: 14629690[µs]
Time needed for minimizing ind: 483810[µs]
Time needed for computing ind (total): 15136502[µs]
automaton for ind has 37 states.
...done.
computing complement of preach...
Time needed for constructing identity on ind: 2591[µs]
Time needed for computing product v_id of abstraction framework with identity on ind: 151693[µs]
Time needed for computing product of v_id with complement of abstraction framework: 799349[µs]
Time needed for computing complement of preach: 958353[µs]
automaton for complement of preach has 4148 states.
...of which, 68 states are at level 0.
Time needed for trimming complement of preach: 12558[µs]
...done.
trying to prove abstract safety...
Time needed for constructing transducer for unsafe property: 31[µs]
Time needed for constructing transducer for (initial, unsafe) pairs: 291[µs]
Time needed for constructing transducer for complement of (initial, unsafe) pairs: 50[µs]
Time needed for building union of complements of preach and (initial, unsafe)-transducer: 3497[µs]
Time needed for checking universality using lazy-bfs algorithm: 92560010[µs]
Time needed for checking abstract safety: 92564979[µs]
...done.
Result: [1]
This means that the following properties could be separated from the initial configurations:
	[deadlock]
While the following properties could not be separated from the initial configurations:
	[]

real	1m48,856s
user	1m47,762s
sys	0m1,031s
********************
/home/jakob/Documents/abstracton/benchmarks/dodo/dragon.json
s
deadlock
Running as unit: run-r4ab906fde83a4632a3527dffb3f8689c.scope; invocation ID: 2850a36bbb2b493ea5d7270740793665
Time needed for parsing json file: 4294[µs]
alphabet size: 5
using Siphon interpretation
Time needed for constructing Siphon interpretation transducer: 1684[µs]
computing ind...
Time needed for constructing complement of ind: 7661[µs]
Time needed for computing ind: 986503[µs]
Time needed for minimizing ind: 109171[µs]
Time needed for computing ind (total): 1103486[µs]
automaton for ind has 5 states.
...done.
computing complement of preach...
Time needed for constructing identity on ind: 350[µs]
Time needed for computing product v_id of abstraction framework with identity on ind: 5147[µs]
Time needed for computing product of v_id with complement of abstraction framework: 1200[µs]
Time needed for computing complement of preach: 8067[µs]
automaton for complement of preach has 13 states.
...of which, 2 states are at level 0.
Time needed for trimming complement of preach: 81[µs]
...done.
trying to prove abstract safety...
Time needed for constructing transducer for unsafe property: 21[µs]
Time needed for constructing transducer for (initial, unsafe) pairs: 199[µs]
Time needed for constructing transducer for complement of (initial, unsafe) pairs: 44[µs]
Time needed for building union of complements of preach and (initial, unsafe)-transducer: 39[µs]
Time needed for checking universality using lazy-bfs algorithm: 301[µs]
Time needed for checking abstract safety: 668[µs]
...done.
Result: [1]
This means that the following properties could be separated from the initial configurations:
	[deadlock]
While the following properties could not be separated from the initial configurations:
	[]

real	0m1,141s
user	0m1,117s
sys	0m0,013s
********************
/home/jakob/Documents/abstracton/benchmarks/dodo/dragon.json
f
deadlock
Running as unit: run-r3e4055943f5e4479ac1e3754d8b5ead5.scope; invocation ID: 4adb00bfc6b448c890c42c019efa1ba3
Time needed for parsing json file: 3918[µs]
alphabet size: 5
using Flow interpretation
Time needed for constructing Flow interpretation transducer: 3810[µs]
computing ind...
Time needed for constructing complement of ind: 24743[µs]
Time needed for computing ind: 130670125[µs]
Time needed for minimizing ind: 3393653[µs]
Time needed for computing ind (total): 134088787[µs]
automaton for ind has 7 states.
...done.
computing complement of preach...
Time needed for constructing identity on ind: 579[µs]
Time needed for computing product v_id of abstraction framework with identity on ind: 12464[µs]
Time needed for computing product of v_id with complement of abstraction framework: 2022[µs]
Time needed for computing complement of preach: 18164[µs]
automaton for complement of preach has 13 states.
...of which, 2 states are at level 0.
Time needed for trimming complement of preach: 61[µs]
...done.
trying to prove abstract safety...
Time needed for constructing transducer for unsafe property: 23[µs]
Time needed for constructing transducer for (initial, unsafe) pairs: 210[µs]
Time needed for constructing transducer for complement of (initial, unsafe) pairs: 46[µs]
Time needed for building union of complements of preach and (initial, unsafe)-transducer: 40[µs]
Time needed for checking universality using lazy-bfs algorithm: 333[µs]
Time needed for checking abstract safety: 735[µs]
...done.
Result: [1]
This means that the following properties could be separated from the initial configurations:
	[deadlock]
While the following properties could not be separated from the initial configurations:
	[]

real	2m14,158s
user	2m13,896s
sys	0m0,197s
********************
48 of 61
/home/jakob/Documents/abstracton/benchmarks/dodo/firefly.json
t
dirtydirty
Running as unit: run-ra716c074a1084d79b8246149d134e0fa.scope; invocation ID: 89ede37c76f34c43bb976923aef4ea37
Time needed for parsing json file: 3357[µs]
alphabet size: 4
using Trap interpretation
Time needed for constructing Trap interpretation transducer: 2173[µs]
computing ind...
Time needed for constructing complement of ind: 6527[µs]
Time needed for computing ind: 1000874[µs]
Time needed for minimizing ind: 51059[µs]
Time needed for computing ind (total): 1058613[µs]
automaton for ind has 6 states.
...done.
computing complement of preach...
Time needed for constructing identity on ind: 223[µs]
Time needed for computing product v_id of abstraction framework with identity on ind: 6460[µs]
Time needed for computing product of v_id with complement of abstraction framework: 28717[µs]
Time needed for computing complement of preach: 36545[µs]
automaton for complement of preach has 57 states.
...of which, 5 states are at level 0.
Time needed for trimming complement of preach: 170[µs]
...done.
trying to prove abstract safety...
Time needed for constructing transducer for unsafe property: 6[µs]
Time needed for constructing transducer for (initial, unsafe) pairs: 144[µs]
Time needed for constructing transducer for complement of (initial, unsafe) pairs: 300[µs]
Time needed for building union of complements of preach and (initial, unsafe)-transducer: 84[µs]
Time needed for checking universality using lazy-bfs algorithm: 125[µs]
Time needed for checking abstract safety: 715[µs]
...done.
Result: [0]
This means that the following properties could be separated from the initial configurations:
	[]
While the following properties could not be separated from the initial configurations:
	[dirtydirty]

real	0m1,127s
user	0m1,102s
sys	0m0,011s
********************
/home/jakob/Documents/abstracton/benchmarks/dodo/firefly.json
s
dirtydirty
Running as unit: run-rdb1ea50078c94fdcb16bc3e0f1c08e0c.scope; invocation ID: ee06192ecac44e4bb740d914b6c27a4d
Time needed for parsing json file: 2610[µs]
alphabet size: 4
using Siphon interpretation
Time needed for constructing Siphon interpretation transducer: 928[µs]
computing ind...
Time needed for constructing complement of ind: 2284[µs]
Time needed for computing ind: 151222[µs]
Time needed for minimizing ind: 26135[µs]
Time needed for computing ind (total): 179743[µs]
automaton for ind has 5 states.
...done.
computing complement of preach...
Time needed for constructing identity on ind: 169[µs]
Time needed for computing product v_id of abstraction framework with identity on ind: 1884[µs]
Time needed for computing product of v_id with complement of abstraction framework: 600[µs]
Time needed for computing complement of preach: 3314[µs]
automaton for complement of preach has 5 states.
...of which, 2 states are at level 0.
Time needed for trimming complement of preach: 17[µs]
...done.
trying to prove abstract safety...
Time needed for constructing transducer for unsafe property: 9[µs]
Time needed for constructing transducer for (initial, unsafe) pairs: 138[µs]
Time needed for constructing transducer for complement of (initial, unsafe) pairs: 262[µs]
Time needed for building union of complements of preach and (initial, unsafe)-transducer: 64[µs]
terminate called after throwing an instance of 'std::bad_alloc'
  what():  std::bad_alloc
/usr/bin/timeout: the monitored command dumped core
./bench_for_dodo_comparison.sh: line 83: 2185968 Aborted                 systemd-run --user --scope -p MemoryMax=32G -p MemorySwapMax=7G timeout $TIMEOUT "${parentdir}/../build_release/benchmarks/solve_dodo" -i $MODE -p $PROPERTY $FILE --measure-time --no-dot-printing --universality-alg lazy-bfs

real	9m46,791s
user	8m50,801s
sys	0m54,115s
********************
/home/jakob/Documents/abstracton/benchmarks/dodo/firefly.json
f
dirtydirty
Running as unit: run-r79bd1867baa9471aab5b8639243eecc5.scope; invocation ID: 47de9787afae45dbae05105a05386594
Time needed for parsing json file: 3309[µs]
alphabet size: 4
using Flow interpretation
Time needed for constructing Flow interpretation transducer: 2252[µs]
computing ind...
Time needed for constructing complement of ind: 6981[µs]
Time needed for computing ind: 3367323[µs]
Time needed for minimizing ind: 169320[µs]
Time needed for computing ind (total): 3544020[µs]
automaton for ind has 7 states.
...done.
computing complement of preach...
Time needed for constructing identity on ind: 246[µs]
Time needed for computing product v_id of abstraction framework with identity on ind: 14832[µs]
Time needed for computing product of v_id with complement of abstraction framework: 1295[µs]
Time needed for computing complement of preach: 17776[µs]
automaton for complement of preach has 5 states.
...of which, 2 states are at level 0.
Time needed for trimming complement of preach: 39[µs]
...done.
trying to prove abstract safety...
Time needed for constructing transducer for unsafe property: 6[µs]
Time needed for constructing transducer for (initial, unsafe) pairs: 159[µs]
Time needed for constructing transducer for complement of (initial, unsafe) pairs: 319[µs]
Time needed for building union of complements of preach and (initial, unsafe)-transducer: 56[µs]
terminate called after throwing an instance of 'std::bad_alloc'
  what():  std::bad_alloc
/usr/bin/timeout: the monitored command dumped core
./bench_for_dodo_comparison.sh: line 83: 2186666 Aborted                 systemd-run --user --scope -p MemoryMax=32G -p MemorySwapMax=7G timeout $TIMEOUT "${parentdir}/../build_release/benchmarks/solve_dodo" -i $MODE -p $PROPERTY $FILE --measure-time --no-dot-printing --universality-alg lazy-bfs

real	9m56,790s
user	9m2,690s
sys	0m52,493s
********************
49 of 61
/home/jakob/Documents/abstracton/benchmarks/dodo/firefly.json
t
exclusiveexclusive
Running as unit: run-r196f034154474981964570db806e2b1c.scope; invocation ID: 4e4485113d074cc6affbdb47e71835f6
Time needed for parsing json file: 3671[µs]
alphabet size: 4
using Trap interpretation
Time needed for constructing Trap interpretation transducer: 2621[µs]
computing ind...
Time needed for constructing complement of ind: 6233[µs]
Time needed for computing ind: 1012402[µs]
Time needed for minimizing ind: 52437[µs]
Time needed for computing ind (total): 1071400[µs]
automaton for ind has 6 states.
...done.
computing complement of preach...
Time needed for constructing identity on ind: 213[µs]
Time needed for computing product v_id of abstraction framework with identity on ind: 16405[µs]
Time needed for computing product of v_id with complement of abstraction framework: 29440[µs]
Time needed for computing complement of preach: 47189[µs]
automaton for complement of preach has 57 states.
...of which, 5 states are at level 0.
Time needed for trimming complement of preach: 178[µs]
...done.
trying to prove abstract safety...
Time needed for constructing transducer for unsafe property: 7[µs]
Time needed for constructing transducer for (initial, unsafe) pairs: 169[µs]
Time needed for constructing transducer for complement of (initial, unsafe) pairs: 303[µs]
Time needed for building union of complements of preach and (initial, unsafe)-transducer: 86[µs]
terminate called after throwing an instance of 'std::bad_alloc'
  what():  std::bad_alloc
/usr/bin/timeout: the monitored command dumped core
./bench_for_dodo_comparison.sh: line 83: 2187424 Aborted                 systemd-run --user --scope -p MemoryMax=32G -p MemorySwapMax=7G timeout $TIMEOUT "${parentdir}/../build_release/benchmarks/solve_dodo" -i $MODE -p $PROPERTY $FILE --measure-time --no-dot-printing --universality-alg lazy-bfs

real	16m11,371s
user	15m14,241s
sys	0m55,279s
********************
/home/jakob/Documents/abstracton/benchmarks/dodo/firefly.json
s
exclusiveexclusive
Running as unit: run-re88022e43d654c4d85886b16889c7352.scope; invocation ID: 8d892fe23b764fd9b3871c18a50d8227
Time needed for parsing json file: 3401[µs]
alphabet size: 4
using Siphon interpretation
Time needed for constructing Siphon interpretation transducer: 1242[µs]
computing ind...
Time needed for constructing complement of ind: 2096[µs]
Time needed for computing ind: 147160[µs]
Time needed for minimizing ind: 25786[µs]
Time needed for computing ind (total): 175307[µs]
automaton for ind has 5 states.
...done.
computing complement of preach...
Time needed for constructing identity on ind: 172[µs]
Time needed for computing product v_id of abstraction framework with identity on ind: 10817[µs]
Time needed for computing product of v_id with complement of abstraction framework: 613[µs]
Time needed for computing complement of preach: 12270[µs]
automaton for complement of preach has 5 states.
...of which, 2 states are at level 0.
Time needed for trimming complement of preach: 18[µs]
...done.
trying to prove abstract safety...
Time needed for constructing transducer for unsafe property: 10[µs]
Time needed for constructing transducer for (initial, unsafe) pairs: 142[µs]
Time needed for constructing transducer for complement of (initial, unsafe) pairs: 286[µs]
Time needed for building union of complements of preach and (initial, unsafe)-transducer: 50[µs]
terminate called after throwing an instance of 'std::bad_alloc'
  what():  std::bad_alloc
/usr/bin/timeout: the monitored command dumped core
./bench_for_dodo_comparison.sh: line 83: 2188572 Aborted                 systemd-run --user --scope -p MemoryMax=32G -p MemorySwapMax=7G timeout $TIMEOUT "${parentdir}/../build_release/benchmarks/solve_dodo" -i $MODE -p $PROPERTY $FILE --measure-time --no-dot-printing --universality-alg lazy-bfs

real	9m49,576s
user	8m54,689s
sys	0m53,327s
********************
/home/jakob/Documents/abstracton/benchmarks/dodo/firefly.json
f
exclusiveexclusive
Running as unit: run-r7f787b638580422780f1c3c36a4850ca.scope; invocation ID: 10b4c7ef92404b5990165ace468b8441
Time needed for parsing json file: 3390[µs]
alphabet size: 4
using Flow interpretation
Time needed for constructing Flow interpretation transducer: 2175[µs]
computing ind...
Time needed for constructing complement of ind: 6545[µs]
Time needed for computing ind: 3365595[µs]
Time needed for minimizing ind: 170992[µs]
Time needed for computing ind (total): 3543486[µs]
automaton for ind has 7 states.
...done.
computing complement of preach...
Time needed for constructing identity on ind: 263[µs]
Time needed for computing product v_id of abstraction framework with identity on ind: 13831[µs]
Time needed for computing product of v_id with complement of abstraction framework: 1124[µs]
Time needed for computing complement of preach: 16607[µs]
automaton for complement of preach has 5 states.
...of which, 2 states are at level 0.
Time needed for trimming complement of preach: 34[µs]
...done.
trying to prove abstract safety...
Time needed for constructing transducer for unsafe property: 6[µs]
Time needed for constructing transducer for (initial, unsafe) pairs: 150[µs]
Time needed for constructing transducer for complement of (initial, unsafe) pairs: 313[µs]
Time needed for building union of complements of preach and (initial, unsafe)-transducer: 52[µs]
terminate called after throwing an instance of 'std::bad_alloc'
  what():  std::bad_alloc
/usr/bin/timeout: the monitored command dumped core
./bench_for_dodo_comparison.sh: line 83: 2189283 Aborted                 systemd-run --user --scope -p MemoryMax=32G -p MemorySwapMax=7G timeout $TIMEOUT "${parentdir}/../build_release/benchmarks/solve_dodo" -i $MODE -p $PROPERTY $FILE --measure-time --no-dot-printing --universality-alg lazy-bfs

real	9m54,101s
user	8m57,426s
sys	0m55,072s
********************
50 of 61
/home/jakob/Documents/abstracton/benchmarks/dodo/firefly.json
t
dirtyshared
Running as unit: run-r9ed84681f8cf41b9a216dc7974f83a2f.scope; invocation ID: 71dfbdfc0ae348ccb52862a93fa7d186
Time needed for parsing json file: 3762[µs]
alphabet size: 4
using Trap interpretation
Time needed for constructing Trap interpretation transducer: 2488[µs]
computing ind...
Time needed for constructing complement of ind: 6237[µs]
Time needed for computing ind: 989098[µs]
Time needed for minimizing ind: 52230[µs]
Time needed for computing ind (total): 1047883[µs]
automaton for ind has 6 states.
...done.
computing complement of preach...
Time needed for constructing identity on ind: 213[µs]
Time needed for computing product v_id of abstraction framework with identity on ind: 7049[µs]
Time needed for computing product of v_id with complement of abstraction framework: 28323[µs]
Time needed for computing complement of preach: 36707[µs]
automaton for complement of preach has 57 states.
...of which, 5 states are at level 0.
Time needed for trimming complement of preach: 131[µs]
...done.
trying to prove abstract safety...
Time needed for constructing transducer for unsafe property: 8[µs]
Time needed for constructing transducer for (initial, unsafe) pairs: 156[µs]
Time needed for constructing transducer for complement of (initial, unsafe) pairs: 349[µs]
Time needed for building union of complements of preach and (initial, unsafe)-transducer: 90[µs]
terminate called after throwing an instance of 'std::bad_alloc'
  what():  std::bad_alloc
/usr/bin/timeout: the monitored command dumped core
./bench_for_dodo_comparison.sh: line 83: 2190011 Aborted                 systemd-run --user --scope -p MemoryMax=32G -p MemorySwapMax=7G timeout $TIMEOUT "${parentdir}/../build_release/benchmarks/solve_dodo" -i $MODE -p $PROPERTY $FILE --measure-time --no-dot-printing --universality-alg lazy-bfs

real	12m40,219s
user	11m41,030s
sys	0m55,858s
********************
/home/jakob/Documents/abstracton/benchmarks/dodo/firefly.json
s
dirtyshared
Running as unit: run-r997f0e88790b40cb8e6c52a75ba9efad.scope; invocation ID: 7e8b07cc6d214c119bb220ea8b9169e1
Time needed for parsing json file: 3445[µs]
alphabet size: 4
using Siphon interpretation
Time needed for constructing Siphon interpretation transducer: 1270[µs]
computing ind...
Time needed for constructing complement of ind: 2141[µs]
Time needed for computing ind: 149467[µs]
Time needed for minimizing ind: 26227[µs]
Time needed for computing ind (total): 178097[µs]
automaton for ind has 5 states.
...done.
computing complement of preach...
Time needed for constructing identity on ind: 176[µs]
Time needed for computing product v_id of abstraction framework with identity on ind: 11075[µs]
Time needed for computing product of v_id with complement of abstraction framework: 721[µs]
Time needed for computing complement of preach: 12641[µs]
automaton for complement of preach has 5 states.
...of which, 2 states are at level 0.
Time needed for trimming complement of preach: 18[µs]
...done.
trying to prove abstract safety...
Time needed for constructing transducer for unsafe property: 6[µs]
Time needed for constructing transducer for (initial, unsafe) pairs: 166[µs]
Time needed for constructing transducer for complement of (initial, unsafe) pairs: 360[µs]
Time needed for building union of complements of preach and (initial, unsafe)-transducer: 75[µs]
terminate called after throwing an instance of 'std::bad_alloc'
  what():  std::bad_alloc
/usr/bin/timeout: the monitored command dumped core
./bench_for_dodo_comparison.sh: line 83: 2190923 Aborted                 systemd-run --user --scope -p MemoryMax=32G -p MemorySwapMax=7G timeout $TIMEOUT "${parentdir}/../build_release/benchmarks/solve_dodo" -i $MODE -p $PROPERTY $FILE --measure-time --no-dot-printing --universality-alg lazy-bfs

real	9m49,556s
user	8m54,542s
sys	0m53,434s
********************
/home/jakob/Documents/abstracton/benchmarks/dodo/firefly.json
f
dirtyshared
Running as unit: run-rfe1a7fbc147240ecbf52fdddd3ccfe20.scope; invocation ID: e17349b1df39483eaa92ecbab1f9f4fd
Time needed for parsing json file: 3787[µs]
alphabet size: 4
using Flow interpretation
Time needed for constructing Flow interpretation transducer: 2250[µs]
computing ind...
Time needed for constructing complement of ind: 6365[µs]
Time needed for computing ind: 3370477[µs]
Time needed for minimizing ind: 169290[µs]
Time needed for computing ind (total): 3546604[µs]
automaton for ind has 7 states.
...done.
computing complement of preach...
Time needed for constructing identity on ind: 262[µs]
Time needed for computing product v_id of abstraction framework with identity on ind: 13642[µs]
Time needed for computing product of v_id with complement of abstraction framework: 1094[µs]
Time needed for computing complement of preach: 16382[µs]
automaton for complement of preach has 5 states.
...of which, 2 states are at level 0.
Time needed for trimming complement of preach: 31[µs]
...done.
trying to prove abstract safety...
Time needed for constructing transducer for unsafe property: 6[µs]
Time needed for constructing transducer for (initial, unsafe) pairs: 138[µs]
Time needed for constructing transducer for complement of (initial, unsafe) pairs: 339[µs]
Time needed for building union of complements of preach and (initial, unsafe)-transducer: 57[µs]
terminate called after throwing an instance of 'std::bad_alloc'
  what():  std::bad_alloc
/usr/bin/timeout: the monitored command dumped core
./bench_for_dodo_comparison.sh: line 83: 2191644 Aborted                 systemd-run --user --scope -p MemoryMax=32G -p MemorySwapMax=7G timeout $TIMEOUT "${parentdir}/../build_release/benchmarks/solve_dodo" -i $MODE -p $PROPERTY $FILE --measure-time --no-dot-printing --universality-alg lazy-bfs

real	9m53,395s
user	8m55,942s
sys	0m55,565s
********************
51 of 61
/home/jakob/Documents/abstracton/benchmarks/dodo/firefly.json
t
dirtyexclusive
Running as unit: run-ra60aa1a9d52a41889e65e4c990c0e5a4.scope; invocation ID: 28459d4c5fce47769ce07f0bbcb8e271
Time needed for parsing json file: 3453[µs]
alphabet size: 4
using Trap interpretation
Time needed for constructing Trap interpretation transducer: 2521[µs]
computing ind...
Time needed for constructing complement of ind: 6349[µs]
Time needed for computing ind: 1006216[µs]
Time needed for minimizing ind: 52432[µs]
Time needed for computing ind (total): 1065320[µs]
automaton for ind has 6 states.
...done.
computing complement of preach...
Time needed for constructing identity on ind: 219[µs]
Time needed for computing product v_id of abstraction framework with identity on ind: 15414[µs]
Time needed for computing product of v_id with complement of abstraction framework: 28666[µs]
Time needed for computing complement of preach: 45439[µs]
automaton for complement of preach has 57 states.
...of which, 5 states are at level 0.
Time needed for trimming complement of preach: 142[µs]
...done.
trying to prove abstract safety...
Time needed for constructing transducer for unsafe property: 8[µs]
Time needed for constructing transducer for (initial, unsafe) pairs: 169[µs]
Time needed for constructing transducer for complement of (initial, unsafe) pairs: 393[µs]
Time needed for building union of complements of preach and (initial, unsafe)-transducer: 94[µs]
terminate called after throwing an instance of 'std::bad_alloc'
  what():  std::bad_alloc
/usr/bin/timeout: the monitored command dumped core
./bench_for_dodo_comparison.sh: line 83: 2192381 Aborted                 systemd-run --user --scope -p MemoryMax=32G -p MemorySwapMax=7G timeout $TIMEOUT "${parentdir}/../build_release/benchmarks/solve_dodo" -i $MODE -p $PROPERTY $FILE --measure-time --no-dot-printing --universality-alg lazy-bfs

real	17m42,137s
user	16m45,690s
sys	0m54,653s
********************
/home/jakob/Documents/abstracton/benchmarks/dodo/firefly.json
s
dirtyexclusive
Running as unit: run-r57cfc29f22cd462e9c0b82f3a5087826.scope; invocation ID: c8f8a0798969477aa7f056d43d88e1cc
Time needed for parsing json file: 3440[µs]
alphabet size: 4
using Siphon interpretation
Time needed for constructing Siphon interpretation transducer: 1214[µs]
computing ind...
Time needed for constructing complement of ind: 2198[µs]
Time needed for computing ind: 147174[µs]
Time needed for minimizing ind: 26447[µs]
Time needed for computing ind (total): 176108[µs]
automaton for ind has 5 states.
...done.
computing complement of preach...
Time needed for constructing identity on ind: 207[µs]
Time needed for computing product v_id of abstraction framework with identity on ind: 7655[µs]
Time needed for computing product of v_id with complement of abstraction framework: 624[µs]
Time needed for computing complement of preach: 9159[µs]
automaton for complement of preach has 5 states.
...of which, 2 states are at level 0.
Time needed for trimming complement of preach: 18[µs]
...done.
trying to prove abstract safety...
Time needed for constructing transducer for unsafe property: 7[µs]
Time needed for constructing transducer for (initial, unsafe) pairs: 166[µs]
Time needed for constructing transducer for complement of (initial, unsafe) pairs: 368[µs]
Time needed for building union of complements of preach and (initial, unsafe)-transducer: 58[µs]
terminate called after throwing an instance of 'std::bad_alloc'
  what():  std::bad_alloc
/usr/bin/timeout: the monitored command dumped core
./bench_for_dodo_comparison.sh: line 83: 2193946 Aborted                 systemd-run --user --scope -p MemoryMax=32G -p MemorySwapMax=7G timeout $TIMEOUT "${parentdir}/../build_release/benchmarks/solve_dodo" -i $MODE -p $PROPERTY $FILE --measure-time --no-dot-printing --universality-alg lazy-bfs

real	9m42,824s
user	8m42,955s
sys	0m56,408s
********************
/home/jakob/Documents/abstracton/benchmarks/dodo/firefly.json
f
dirtyexclusive
Running as unit: run-ra2b3051d81964a9486e3667a91ef78b2.scope; invocation ID: dddb2951fded4118ae5afb88578f9583
Time needed for parsing json file: 3309[µs]
alphabet size: 4
using Flow interpretation
Time needed for constructing Flow interpretation transducer: 1877[µs]
computing ind...
Time needed for constructing complement of ind: 6841[µs]
Time needed for computing ind: 3446935[µs]
Time needed for minimizing ind: 164654[µs]
Time needed for computing ind (total): 3618581[µs]
automaton for ind has 7 states.
...done.
computing complement of preach...
Time needed for constructing identity on ind: 270[µs]
Time needed for computing product v_id of abstraction framework with identity on ind: 4674[µs]
Time needed for computing product of v_id with complement of abstraction framework: 1198[µs]
Time needed for computing complement of preach: 7458[µs]
automaton for complement of preach has 5 states.
...of which, 2 states are at level 0.
Time needed for trimming complement of preach: 33[µs]
...done.
trying to prove abstract safety...
Time needed for constructing transducer for unsafe property: 6[µs]
Time needed for constructing transducer for (initial, unsafe) pairs: 149[µs]
Time needed for constructing transducer for complement of (initial, unsafe) pairs: 365[µs]
Time needed for building union of complements of preach and (initial, unsafe)-transducer: 63[µs]

real	20m2,746s
user	19m7,195s
sys	0m54,602s
********************
52 of 61
/home/jakob/Documents/abstracton/benchmarks/dodo/firefly.json
t
deadlock
Running as unit: run-r39b6a7c4bc9c4834875c3144a203b3f0.scope; invocation ID: 3a6fe47859aa435ebfc3a7dca483ab13
Time needed for parsing json file: 3430[µs]
alphabet size: 4
using Trap interpretation
Time needed for constructing Trap interpretation transducer: 2802[µs]
computing ind...
Time needed for constructing complement of ind: 6842[µs]
Time needed for computing ind: 1010113[µs]
Time needed for minimizing ind: 53306[µs]
Time needed for computing ind (total): 1070636[µs]
automaton for ind has 6 states.
...done.
computing complement of preach...
Time needed for constructing identity on ind: 224[µs]
Time needed for computing product v_id of abstraction framework with identity on ind: 16177[µs]
Time needed for computing product of v_id with complement of abstraction framework: 37397[µs]
Time needed for computing complement of preach: 54976[µs]
automaton for complement of preach has 57 states.
...of which, 5 states are at level 0.
Time needed for trimming complement of preach: 171[µs]
...done.
trying to prove abstract safety...
Time needed for constructing transducer for unsafe property: 20[µs]
Time needed for constructing transducer for (initial, unsafe) pairs: 274[µs]
Time needed for constructing transducer for complement of (initial, unsafe) pairs: 45[µs]
Time needed for building union of complements of preach and (initial, unsafe)-transducer: 90[µs]
Time needed for checking universality using lazy-bfs algorithm: 298[µs]
Time needed for checking abstract safety: 799[µs]
...done.
Result: [1]
This means that the following properties could be separated from the initial configurations:
	[deadlock]
While the following properties could not be separated from the initial configurations:
	[]

real	0m1,167s
user	0m1,116s
sys	0m0,021s
********************
/home/jakob/Documents/abstracton/benchmarks/dodo/firefly.json
s
deadlock
Running as unit: run-rc3410e8748b946fe848924d1b58933bf.scope; invocation ID: 8928ee0c880a43cfa472e47fc0903ff7
Time needed for parsing json file: 3073[µs]
alphabet size: 4
using Siphon interpretation
Time needed for constructing Siphon interpretation transducer: 961[µs]
computing ind...
Time needed for constructing complement of ind: 2647[µs]
Time needed for computing ind: 188106[µs]
Time needed for minimizing ind: 31075[µs]
Time needed for computing ind (total): 221978[µs]
automaton for ind has 5 states.
...done.
computing complement of preach...
Time needed for constructing identity on ind: 179[µs]
Time needed for computing product v_id of abstraction framework with identity on ind: 2086[µs]
Time needed for computing product of v_id with complement of abstraction framework: 692[µs]
Time needed for computing complement of preach: 3662[µs]
automaton for complement of preach has 5 states.
...of which, 2 states are at level 0.
Time needed for trimming complement of preach: 19[µs]
...done.
trying to prove abstract safety...
Time needed for constructing transducer for unsafe property: 15[µs]
Time needed for constructing transducer for (initial, unsafe) pairs: 197[µs]
Time needed for constructing transducer for complement of (initial, unsafe) pairs: 50[µs]
Time needed for building union of complements of preach and (initial, unsafe)-transducer: 28[µs]
Time needed for checking universality using lazy-bfs algorithm: 93[µs]
Time needed for checking abstract safety: 463[µs]
...done.
Result: [1]
This means that the following properties could be separated from the initial configurations:
	[deadlock]
While the following properties could not be separated from the initial configurations:
	[]

real	0m0,257s
user	0m0,236s
sys	0m0,007s
********************
/home/jakob/Documents/abstracton/benchmarks/dodo/firefly.json
f
deadlock
Running as unit: run-r79f422a6974d42a0b322876bf2b89644.scope; invocation ID: 5206f097bf784d0eb0fb1882e811bd2b
Time needed for parsing json file: 2717[µs]
alphabet size: 4
using Flow interpretation
Time needed for constructing Flow interpretation transducer: 1855[µs]
computing ind...
Time needed for constructing complement of ind: 7305[µs]
Time needed for computing ind: 3553653[µs]
Time needed for minimizing ind: 193670[µs]
Time needed for computing ind (total): 3754891[µs]
automaton for ind has 7 states.
...done.
computing complement of preach...
Time needed for constructing identity on ind: 258[µs]
Time needed for computing product v_id of abstraction framework with identity on ind: 5000[µs]
Time needed for computing product of v_id with complement of abstraction framework: 1213[µs]
Time needed for computing complement of preach: 7933[µs]
automaton for complement of preach has 5 states.
...of which, 2 states are at level 0.
Time needed for trimming complement of preach: 32[µs]
...done.
trying to prove abstract safety...
Time needed for constructing transducer for unsafe property: 19[µs]
Time needed for constructing transducer for (initial, unsafe) pairs: 185[µs]
Time needed for constructing transducer for complement of (initial, unsafe) pairs: 39[µs]
Time needed for building union of complements of preach and (initial, unsafe)-transducer: 29[µs]
Time needed for checking universality using lazy-bfs algorithm: 68[µs]
Time needed for checking abstract safety: 395[µs]
...done.
Result: [1]
This means that the following properties could be separated from the initial configurations:
	[deadlock]
While the following properties could not be separated from the initial configurations:
	[]

real	0m3,793s
user	0m3,755s
sys	0m0,025s
********************
53 of 61
/home/jakob/Documents/abstracton/benchmarks/dodo/left-dining-philosophers.json
t
deadlock
Running as unit: run-r09e05476b9c14028ae9494d14f65aee6.scope; invocation ID: 38409794fa9f48f88a4722b2a345fe36
Time needed for parsing json file: 2838[µs]
alphabet size: 6
using Trap interpretation
Time needed for constructing Trap interpretation transducer: 12629[µs]
computing ind...
Time needed for constructing complement of ind: 16699[µs]
Time needed for computing ind: 1435894[µs]
Time needed for minimizing ind: 203274[µs]
Time needed for computing ind (total): 1656049[µs]
automaton for ind has 41 states.
...done.
computing complement of preach...
Time needed for constructing identity on ind: 6750[µs]
Time needed for computing product v_id of abstraction framework with identity on ind: 475994[µs]
Time needed for computing product of v_id with complement of abstraction framework: 2479384[µs]
Time needed for computing complement of preach: 2973074[µs]
automaton for complement of preach has 6441 states.
...of which, 76 states are at level 0.
Time needed for trimming complement of preach: 19881[µs]
...done.
trying to prove abstract safety...
Time needed for constructing transducer for unsafe property: 38[µs]
Time needed for constructing transducer for (initial, unsafe) pairs: 701[µs]
Time needed for constructing transducer for complement of (initial, unsafe) pairs: 1288[µs]
Time needed for building union of complements of preach and (initial, unsafe)-transducer: 6500[µs]
Time needed for checking universality using lazy-bfs algorithm: 383799[µs]
Time needed for checking abstract safety: 396961[µs]
...done.
Result: [0]
This means that the following properties could be separated from the initial configurations:
	[]
While the following properties could not be separated from the initial configurations:
	[deadlock]

real	0m5,155s
user	0m4,709s
sys	0m0,431s
********************
/home/jakob/Documents/abstracton/benchmarks/dodo/left-dining-philosophers.json
s
deadlock
Running as unit: run-r2f27401095974433b112229599ac3c47.scope; invocation ID: bc3bedce64764c078da4aaf808248cb7
Time needed for parsing json file: 2413[µs]
alphabet size: 6
using Siphon interpretation
Time needed for constructing Siphon interpretation transducer: 3935[µs]
computing ind...
Time needed for constructing complement of ind: 5825[µs]
Time needed for computing ind: 181779[µs]
Time needed for minimizing ind: 73260[µs]
Time needed for computing ind (total): 260975[µs]
automaton for ind has 42 states.
...done.
computing complement of preach...
Time needed for constructing identity on ind: 6827[µs]
Time needed for computing product v_id of abstraction framework with identity on ind: 138646[µs]
Time needed for computing product of v_id with complement of abstraction framework: 104030[µs]
Time needed for computing complement of preach: 253834[µs]
automaton for complement of preach has 2916 states.
...of which, 78 states are at level 0.
Time needed for trimming complement of preach: 10349[µs]
...done.
trying to prove abstract safety...
Time needed for constructing transducer for unsafe property: 35[µs]
Time needed for constructing transducer for (initial, unsafe) pairs: 592[µs]
Time needed for constructing transducer for complement of (initial, unsafe) pairs: 1119[µs]
Time needed for building union of complements of preach and (initial, unsafe)-transducer: 3016[µs]
Time needed for checking universality using lazy-bfs algorithm: 4638[µs]
Time needed for checking abstract safety: 10232[µs]
...done.
Result: [0]
This means that the following properties could be separated from the initial configurations:
	[]
While the following properties could not be separated from the initial configurations:
	[deadlock]

real	0m0,577s
user	0m0,512s
sys	0m0,048s
********************
/home/jakob/Documents/abstracton/benchmarks/dodo/left-dining-philosophers.json
f
deadlock
Running as unit: run-r3e151ddf370b4ad09c3cf7d8248ff06f.scope; invocation ID: 892546045cf14ae3a2c42096521c57e0
Time needed for parsing json file: 3081[µs]
alphabet size: 6
using Flow interpretation
Time needed for constructing Flow interpretation transducer: 10040[µs]
computing ind...
Time needed for constructing complement of ind: 15967[µs]
Time needed for computing ind: 5689776[µs]
Time needed for minimizing ind: 805832[µs]
Time needed for computing ind (total): 6511785[µs]
automaton for ind has 74 states.
...done.
computing complement of preach...
Time needed for constructing identity on ind: 10473[µs]
Time needed for computing product v_id of abstraction framework with identity on ind: 488899[µs]
Time needed for computing product of v_id with complement of abstraction framework: 249496[µs]
Time needed for computing complement of preach: 757587[µs]
automaton for complement of preach has 6612 states.
...of which, 194 states are at level 0.
Time needed for trimming complement of preach: 24846[µs]
...done.
trying to prove abstract safety...
Time needed for constructing transducer for unsafe property: 53[µs]
Time needed for constructing transducer for (initial, unsafe) pairs: 700[µs]
Time needed for constructing transducer for complement of (initial, unsafe) pairs: 1275[µs]
Time needed for building union of complements of preach and (initial, unsafe)-transducer: 8463[µs]
Time needed for checking universality using lazy-bfs algorithm: 10475[µs]
Time needed for checking abstract safety: 22978[µs]
...done.
Result: [0]
This means that the following properties could be separated from the initial configurations:
	[]
While the following properties could not be separated from the initial configurations:
	[deadlock]

real	0m7,373s
user	0m7,224s
sys	0m0,132s
********************
54 of 61
/home/jakob/Documents/abstracton/benchmarks/dodo/lehmann-rabin.json
t
deadlock
Running as unit: run-r954ea30064c649d18249a1791e8e88c5.scope; invocation ID: 6941be3353ee4a80b51e4898f334ddd5
Time needed for parsing json file: 6518[µs]
alphabet size: 6
using Trap interpretation
Time needed for constructing Trap interpretation transducer: 12409[µs]
computing ind...
Time needed for constructing complement of ind: 14218[µs]
Time needed for computing ind: 708139[µs]
Time needed for minimizing ind: 89565[µs]
Time needed for computing ind (total): 812128[µs]
automaton for ind has 13 states.
...done.
computing complement of preach...
Time needed for constructing identity on ind: 2166[µs]
Time needed for computing product v_id of abstraction framework with identity on ind: 196146[µs]
Time needed for computing product of v_id with complement of abstraction framework: 763811[µs]
Time needed for computing complement of preach: 969442[µs]
automaton for complement of preach has 1556 states.
...of which, 20 states are at level 0.
Time needed for trimming complement of preach: 5077[µs]
...done.
trying to prove abstract safety...
Time needed for constructing transducer for unsafe property: 57[µs]
Time needed for constructing transducer for (initial, unsafe) pairs: 640[µs]
Time needed for constructing transducer for complement of (initial, unsafe) pairs: 1140[µs]
Time needed for building union of complements of preach and (initial, unsafe)-transducer: 1716[µs]
Time needed for checking universality using lazy-bfs algorithm: 150366[µs]
Time needed for checking abstract safety: 154455[µs]
...done.
Result: [1]
This means that the following properties could be separated from the initial configurations:
	[deadlock]
While the following properties could not be separated from the initial configurations:
	[]

real	0m2,000s
user	0m1,852s
sys	0m0,129s
********************
/home/jakob/Documents/abstracton/benchmarks/dodo/lehmann-rabin.json
s
deadlock
Running as unit: run-r6f012f4238ed4695a03d5cd2b7a491bd.scope; invocation ID: 93958019fd0945d8a54f3490e9bbd404
Time needed for parsing json file: 2110[µs]
alphabet size: 6
using Siphon interpretation
Time needed for constructing Siphon interpretation transducer: 4093[µs]
computing ind...
Time needed for constructing complement of ind: 4300[µs]
Time needed for computing ind: 134805[µs]
Time needed for minimizing ind: 38082[µs]
Time needed for computing ind (total): 177300[µs]
automaton for ind has 13 states.
...done.
computing complement of preach...
Time needed for constructing identity on ind: 1647[µs]
Time needed for computing product v_id of abstraction framework with identity on ind: 38742[µs]
Time needed for computing product of v_id with complement of abstraction framework: 27278[µs]
Time needed for computing complement of preach: 70773[µs]
automaton for complement of preach has 784 states.
...of which, 20 states are at level 0.
Time needed for trimming complement of preach: 2734[µs]
...done.
trying to prove abstract safety...
Time needed for constructing transducer for unsafe property: 38[µs]
Time needed for constructing transducer for (initial, unsafe) pairs: 561[µs]
Time needed for constructing transducer for complement of (initial, unsafe) pairs: 985[µs]
Time needed for building union of complements of preach and (initial, unsafe)-transducer: 786[µs]
Time needed for checking universality using lazy-bfs algorithm: 3191[µs]
Time needed for checking abstract safety: 5812[µs]
...done.
Result: [0]
This means that the following properties could be separated from the initial configurations:
	[]
While the following properties could not be separated from the initial configurations:
	[deadlock]

real	0m0,295s
user	0m0,259s
sys	0m0,018s
********************
/home/jakob/Documents/abstracton/benchmarks/dodo/lehmann-rabin.json
f
deadlock
Running as unit: run-rd6aee34dbf4a4c20bb3caf59cd9a01b5.scope; invocation ID: d72d6611818742839290879a48464231
Time needed for parsing json file: 2036[µs]
alphabet size: 6
using Flow interpretation
Time needed for constructing Flow interpretation transducer: 9654[µs]
computing ind...
Time needed for constructing complement of ind: 12893[µs]
Time needed for computing ind: 2692357[µs]
Time needed for minimizing ind: 267758[µs]
Time needed for computing ind (total): 2973184[µs]
automaton for ind has 27 states.
...done.
computing complement of preach...
Time needed for constructing identity on ind: 3619[µs]
Time needed for computing product v_id of abstraction framework with identity on ind: 209866[µs]
Time needed for computing product of v_id with complement of abstraction framework: 70066[µs]
Time needed for computing complement of preach: 290071[µs]
automaton for complement of preach has 1661 states.
...of which, 73 states are at level 0.
Time needed for trimming complement of preach: 6975[µs]
...done.
trying to prove abstract safety...
Time needed for constructing transducer for unsafe property: 49[µs]
Time needed for constructing transducer for (initial, unsafe) pairs: 751[µs]
Time needed for constructing transducer for complement of (initial, unsafe) pairs: 1340[µs]
Time needed for building union of complements of preach and (initial, unsafe)-transducer: 2309[µs]
Time needed for checking universality using lazy-bfs algorithm: 6589[µs]
Time needed for checking abstract safety: 11483[µs]
...done.
Result: [0]
This means that the following properties could be separated from the initial configurations:
	[]
While the following properties could not be separated from the initial configurations:
	[deadlock]

real	0m3,322s
user	0m3,249s
sys	0m0,062s
********************
55 of 61
/home/jakob/Documents/abstracton/benchmarks/dodo/synapse.json
t
dirtydirty
Running as unit: run-r4404991e65ae45b091591db43162edd1.scope; invocation ID: 5864d4f47219460b98c4886762da7f1b
Time needed for parsing json file: 9778[µs]
alphabet size: 3
using Trap interpretation
Time needed for constructing Trap interpretation transducer: 1019[µs]
computing ind...
Time needed for constructing complement of ind: 1012[µs]
Time needed for computing ind: 2666[µs]
Time needed for minimizing ind: 859[µs]
Time needed for computing ind (total): 4588[µs]
automaton for ind has 5 states.
...done.
computing complement of preach...
Time needed for constructing identity on ind: 131[µs]
Time needed for computing product v_id of abstraction framework with identity on ind: 3650[µs]
Time needed for computing product of v_id with complement of abstraction framework: 9825[µs]
Time needed for computing complement of preach: 14220[µs]
automaton for complement of preach has 65 states.
...of which, 5 states are at level 0.
Time needed for trimming complement of preach: 170[µs]
...done.
trying to prove abstract safety...
Time needed for constructing transducer for unsafe property: 6[µs]
Time needed for constructing transducer for (initial, unsafe) pairs: 136[µs]
Time needed for constructing transducer for complement of (initial, unsafe) pairs: 291[µs]
Time needed for building union of complements of preach and (initial, unsafe)-transducer: 90[µs]
Time needed for checking universality using lazy-bfs algorithm: 969[µs]
Time needed for checking abstract safety: 1553[µs]
...done.
Result: [1]
This means that the following properties could be separated from the initial configurations:
	[dirtydirty]
While the following properties could not be separated from the initial configurations:
	[]

real	0m0,054s
user	0m0,025s
sys	0m0,010s
********************
/home/jakob/Documents/abstracton/benchmarks/dodo/synapse.json
s
dirtydirty
Running as unit: run-rdc367b807636446e91a7b1ec8bb0168b.scope; invocation ID: cfd81fc9843f4c64b0d950886bd61a1d
Time needed for parsing json file: 1108[µs]
alphabet size: 3
using Siphon interpretation
Time needed for constructing Siphon interpretation transducer: 546[µs]
computing ind...
Time needed for constructing complement of ind: 381[µs]
Time needed for computing ind: 676[µs]
Time needed for minimizing ind: 508[µs]
Time needed for computing ind (total): 1616[µs]
automaton for ind has 3 states.
...done.
computing complement of preach...
Time needed for constructing identity on ind: 74[µs]
Time needed for computing product v_id of abstraction framework with identity on ind: 826[µs]
Time needed for computing product of v_id with complement of abstraction framework: 365[µs]
Time needed for computing complement of preach: 1697[µs]
automaton for complement of preach has 0 states.
...of which, 0 states are at level 0.
Time needed for trimming complement of preach: 7[µs]
...done.
trying to prove abstract safety...
Time needed for constructing transducer for unsafe property: 11[µs]
Time needed for constructing transducer for (initial, unsafe) pairs: 216[µs]
Time needed for constructing transducer for complement of (initial, unsafe) pairs: 305[µs]
Time needed for building union of complements of preach and (initial, unsafe)-transducer: 66[µs]
terminate called after throwing an instance of 'std::bad_alloc'
  what():  std::bad_alloc
/usr/bin/timeout: the monitored command dumped core
./bench_for_dodo_comparison.sh: line 83: 2197054 Aborted                 systemd-run --user --scope -p MemoryMax=32G -p MemorySwapMax=7G timeout $TIMEOUT "${parentdir}/../build_release/benchmarks/solve_dodo" -i $MODE -p $PROPERTY $FILE --measure-time --no-dot-printing --universality-alg lazy-bfs

real	8m45,685s
user	7m47,099s
sys	0m56,855s
********************
/home/jakob/Documents/abstracton/benchmarks/dodo/synapse.json
f
dirtydirty
Running as unit: run-r7059a842c900485fb38a632b2f7fbfd9.scope; invocation ID: 36dfe781f53e4bab957d1addb95c465d
Time needed for parsing json file: 1702[µs]
alphabet size: 3
using Flow interpretation
Time needed for constructing Flow interpretation transducer: 1338[µs]
computing ind...
Time needed for constructing complement of ind: 1025[µs]
Time needed for computing ind: 4301[µs]
Time needed for minimizing ind: 1272[µs]
Time needed for computing ind (total): 6821[µs]
automaton for ind has 5 states.
...done.
computing complement of preach...
Time needed for constructing identity on ind: 95[µs]
Time needed for computing product v_id of abstraction framework with identity on ind: 2065[µs]
Time needed for computing product of v_id with complement of abstraction framework: 492[µs]
Time needed for computing complement of preach: 3265[µs]
automaton for complement of preach has 0 states.
...of which, 0 states are at level 0.
Time needed for trimming complement of preach: 4[µs]
...done.
trying to prove abstract safety...
Time needed for constructing transducer for unsafe property: 5[µs]
Time needed for constructing transducer for (initial, unsafe) pairs: 119[µs]
Time needed for constructing transducer for complement of (initial, unsafe) pairs: 252[µs]
Time needed for building union of complements of preach and (initial, unsafe)-transducer: 42[µs]
terminate called after throwing an instance of 'std::bad_alloc'
  what():  std::bad_alloc
/usr/bin/timeout: the monitored command dumped core
./bench_for_dodo_comparison.sh: line 83: 2197910 Aborted                 systemd-run --user --scope -p MemoryMax=32G -p MemorySwapMax=7G timeout $TIMEOUT "${parentdir}/../build_release/benchmarks/solve_dodo" -i $MODE -p $PROPERTY $FILE --measure-time --no-dot-printing --universality-alg lazy-bfs

real	8m40,678s
user	7m40,954s
sys	0m57,205s
********************
56 of 61
/home/jakob/Documents/abstracton/benchmarks/dodo/synapse.json
t
dirtyvalid
Running as unit: run-rb4583695eede47768f7177a5c413421e.scope; invocation ID: 808db35c2f224856a02af555f2fc2e3f
Time needed for parsing json file: 1908[µs]
alphabet size: 3
using Trap interpretation
Time needed for constructing Trap interpretation transducer: 1637[µs]
computing ind...
Time needed for constructing complement of ind: 1087[µs]
Time needed for computing ind: 2880[µs]
Time needed for minimizing ind: 865[µs]
Time needed for computing ind (total): 5107[µs]
automaton for ind has 5 states.
...done.
computing complement of preach...
Time needed for constructing identity on ind: 102[µs]
Time needed for computing product v_id of abstraction framework with identity on ind: 3787[µs]
Time needed for computing product of v_id with complement of abstraction framework: 10095[µs]
Time needed for computing complement of preach: 14593[µs]
automaton for complement of preach has 65 states.
...of which, 5 states are at level 0.
Time needed for trimming complement of preach: 198[µs]
...done.
trying to prove abstract safety...
Time needed for constructing transducer for unsafe property: 10[µs]
Time needed for constructing transducer for (initial, unsafe) pairs: 190[µs]
Time needed for constructing transducer for complement of (initial, unsafe) pairs: 355[µs]
Time needed for building union of complements of preach and (initial, unsafe)-transducer: 114[µs]
Time needed for checking universality using lazy-bfs algorithm: 1019[µs]
Time needed for checking abstract safety: 1806[µs]
...done.
Result: [1]
This means that the following properties could be separated from the initial configurations:
	[dirtyvalid]
While the following properties could not be separated from the initial configurations:
	[]

real	0m0,058s
user	0m0,027s
sys	0m0,010s
********************
/home/jakob/Documents/abstracton/benchmarks/dodo/synapse.json
s
dirtyvalid
Running as unit: run-re0bea69c903746d5bc580de774080a28.scope; invocation ID: 3bb78b30e05d4408957bea300645854d
Time needed for parsing json file: 1101[µs]
alphabet size: 3
using Siphon interpretation
Time needed for constructing Siphon interpretation transducer: 551[µs]
computing ind...
Time needed for constructing complement of ind: 378[µs]
Time needed for computing ind: 723[µs]
Time needed for minimizing ind: 520[µs]
Time needed for computing ind (total): 1666[µs]
automaton for ind has 3 states.
...done.
computing complement of preach...
Time needed for constructing identity on ind: 73[µs]
Time needed for computing product v_id of abstraction framework with identity on ind: 845[µs]
Time needed for computing product of v_id with complement of abstraction framework: 418[µs]
Time needed for computing complement of preach: 1757[µs]
automaton for complement of preach has 0 states.
...of which, 0 states are at level 0.
Time needed for trimming complement of preach: 5[µs]
...done.
trying to prove abstract safety...
Time needed for constructing transducer for unsafe property: 8[µs]
Time needed for constructing transducer for (initial, unsafe) pairs: 169[µs]
Time needed for constructing transducer for complement of (initial, unsafe) pairs: 382[µs]
Time needed for building union of complements of preach and (initial, unsafe)-transducer: 56[µs]
terminate called after throwing an instance of 'std::bad_alloc'
  what():  std::bad_alloc
/usr/bin/timeout: the monitored command dumped core
./bench_for_dodo_comparison.sh: line 83: 2198627 Aborted                 systemd-run --user --scope -p MemoryMax=32G -p MemorySwapMax=7G timeout $TIMEOUT "${parentdir}/../build_release/benchmarks/solve_dodo" -i $MODE -p $PROPERTY $FILE --measure-time --no-dot-printing --universality-alg lazy-bfs

real	9m31,167s
user	8m35,508s
sys	0m54,116s
********************
/home/jakob/Documents/abstracton/benchmarks/dodo/synapse.json
f
dirtyvalid
Running as unit: run-re42f0b953c6c430fb905c4746eac38cf.scope; invocation ID: caca488dd25f4100a51b86ce9bb2781d
Time needed for parsing json file: 1795[µs]
alphabet size: 3
using Flow interpretation
Time needed for constructing Flow interpretation transducer: 1343[µs]
computing ind...
Time needed for constructing complement of ind: 1042[µs]
Time needed for computing ind: 4676[µs]
Time needed for minimizing ind: 1402[µs]
Time needed for computing ind (total): 7349[µs]
automaton for ind has 5 states.
...done.
computing complement of preach...
Time needed for constructing identity on ind: 103[µs]
Time needed for computing product v_id of abstraction framework with identity on ind: 2149[µs]
Time needed for computing product of v_id with complement of abstraction framework: 503[µs]
Time needed for computing complement of preach: 3495[µs]
automaton for complement of preach has 0 states.
...of which, 0 states are at level 0.
Time needed for trimming complement of preach: 4[µs]
...done.
trying to prove abstract safety...
Time needed for constructing transducer for unsafe property: 6[µs]
Time needed for constructing transducer for (initial, unsafe) pairs: 154[µs]
Time needed for constructing transducer for complement of (initial, unsafe) pairs: 340[µs]
Time needed for building union of complements of preach and (initial, unsafe)-transducer: 53[µs]
terminate called after throwing an instance of 'std::bad_alloc'
  what():  std::bad_alloc
/usr/bin/timeout: the monitored command dumped core
./bench_for_dodo_comparison.sh: line 83: 2199380 Aborted                 systemd-run --user --scope -p MemoryMax=32G -p MemorySwapMax=7G timeout $TIMEOUT "${parentdir}/../build_release/benchmarks/solve_dodo" -i $MODE -p $PROPERTY $FILE --measure-time --no-dot-printing --universality-alg lazy-bfs

real	9m21,626s
user	8m24,524s
sys	0m55,604s
********************
57 of 61
/home/jakob/Documents/abstracton/benchmarks/dodo/synapse.json
t
deadlock
Running as unit: run-rb24a50566a1d4c0fa74b4387ade7eaeb.scope; invocation ID: 9c70cd5a5b7842c08f87b51a2f5992b1
Time needed for parsing json file: 1817[µs]
alphabet size: 3
using Trap interpretation
Time needed for constructing Trap interpretation transducer: 1414[µs]
computing ind...
Time needed for constructing complement of ind: 990[µs]
Time needed for computing ind: 2561[µs]
Time needed for minimizing ind: 838[µs]
Time needed for computing ind (total): 4612[µs]
automaton for ind has 5 states.
...done.
computing complement of preach...
Time needed for constructing identity on ind: 104[µs]
Time needed for computing product v_id of abstraction framework with identity on ind: 3497[µs]
Time needed for computing product of v_id with complement of abstraction framework: 9603[µs]
Time needed for computing complement of preach: 13777[µs]
automaton for complement of preach has 65 states.
...of which, 5 states are at level 0.
Time needed for trimming complement of preach: 157[µs]
...done.
trying to prove abstract safety...
Time needed for constructing transducer for unsafe property: 6[µs]
Time needed for constructing transducer for (initial, unsafe) pairs: 78[µs]
Time needed for constructing transducer for complement of (initial, unsafe) pairs: 29[µs]
Time needed for building union of complements of preach and (initial, unsafe)-transducer: 72[µs]
Time needed for checking universality using lazy-bfs algorithm: 752[µs]
Time needed for checking abstract safety: 1007[µs]
...done.
Result: [1]
This means that the following properties could be separated from the initial configurations:
	[deadlock]
While the following properties could not be separated from the initial configurations:
	[]

real	0m0,045s
user	0m0,023s
sys	0m0,010s
********************
/home/jakob/Documents/abstracton/benchmarks/dodo/synapse.json
s
deadlock
Running as unit: run-r628a2ed8b3b0420a958fc9c8a0e8fc0a.scope; invocation ID: 57e28d2954084056b0747636dd771d59
Time needed for parsing json file: 1020[µs]
alphabet size: 3
using Siphon interpretation
Time needed for constructing Siphon interpretation transducer: 484[µs]
computing ind...
Time needed for constructing complement of ind: 351[µs]
Time needed for computing ind: 667[µs]
Time needed for minimizing ind: 486[µs]
Time needed for computing ind (total): 1536[µs]
automaton for ind has 3 states.
...done.
computing complement of preach...
Time needed for constructing identity on ind: 74[µs]
Time needed for computing product v_id of abstraction framework with identity on ind: 798[µs]
Time needed for computing product of v_id with complement of abstraction framework: 287[µs]
Time needed for computing complement of preach: 1555[µs]
automaton for complement of preach has 0 states.
...of which, 0 states are at level 0.
Time needed for trimming complement of preach: 4[µs]
...done.
trying to prove abstract safety...
Time needed for constructing transducer for unsafe property: 7[µs]
Time needed for constructing transducer for (initial, unsafe) pairs: 80[µs]
Time needed for constructing transducer for complement of (initial, unsafe) pairs: 31[µs]
Time needed for building union of complements of preach and (initial, unsafe)-transducer: 26[µs]
Time needed for checking universality using lazy-bfs algorithm: 42[µs]
Time needed for checking abstract safety: 222[µs]
...done.
Result: [1]
This means that the following properties could be separated from the initial configurations:
	[deadlock]
While the following properties could not be separated from the initial configurations:
	[]

real	0m0,028s
user	0m0,008s
sys	0m0,008s
********************
/home/jakob/Documents/abstracton/benchmarks/dodo/synapse.json
f
deadlock
Running as unit: run-r066ea02a58244808ace75467ec54583a.scope; invocation ID: 11362f3e90424d388efe41310f02d7df
Time needed for parsing json file: 1085[µs]
alphabet size: 3
using Flow interpretation
Time needed for constructing Flow interpretation transducer: 883[µs]
computing ind...
Time needed for constructing complement of ind: 1036[µs]
Time needed for computing ind: 4752[µs]
Time needed for minimizing ind: 1392[µs]
Time needed for computing ind (total): 7226[µs]
automaton for ind has 5 states.
...done.
computing complement of preach...
Time needed for constructing identity on ind: 102[µs]
Time needed for computing product v_id of abstraction framework with identity on ind: 1880[µs]
Time needed for computing product of v_id with complement of abstraction framework: 775[µs]
Time needed for computing complement of preach: 3407[µs]
automaton for complement of preach has 0 states.
...of which, 0 states are at level 0.
Time needed for trimming complement of preach: 4[µs]
...done.
trying to prove abstract safety...
Time needed for constructing transducer for unsafe property: 6[µs]
Time needed for constructing transducer for (initial, unsafe) pairs: 91[µs]
Time needed for constructing transducer for complement of (initial, unsafe) pairs: 31[µs]
Time needed for building union of complements of preach and (initial, unsafe)-transducer: 27[µs]
Time needed for checking universality using lazy-bfs algorithm: 41[µs]
Time needed for checking abstract safety: 233[µs]
...done.
Result: [1]
This means that the following properties could be separated from the initial configurations:
	[deadlock]
While the following properties could not be separated from the initial configurations:
	[]

real	0m0,035s
user	0m0,016s
sys	0m0,008s
********************
58 of 61
/home/jakob/Documents/abstracton/benchmarks/dodo/token-passing-no-invariant.json
t
notoken
Running as unit: run-r4e9be90040e143248ddcaec7e4f78d7b.scope; invocation ID: 4fbadbe21d374550b7778912229081e0
Time needed for parsing json file: 1333[µs]
alphabet size: 2
using Trap interpretation
Time needed for constructing Trap interpretation transducer: 569[µs]
computing ind...
Time needed for constructing complement of ind: 164[µs]
Time needed for computing ind: 1934[µs]
Time needed for minimizing ind: 921[µs]
Time needed for computing ind (total): 3063[µs]
automaton for ind has 5 states.
...done.
computing complement of preach...
Time needed for constructing identity on ind: 59[µs]
Time needed for computing product v_id of abstraction framework with identity on ind: 1509[µs]
Time needed for computing product of v_id with complement of abstraction framework: 3787[µs]
Time needed for computing complement of preach: 5693[µs]
automaton for complement of preach has 30 states.
...of which, 6 states are at level 0.
Time needed for trimming complement of preach: 85[µs]
...done.
trying to prove abstract safety...
Time needed for constructing transducer for unsafe property: 4[µs]
Time needed for constructing transducer for (initial, unsafe) pairs: 119[µs]
Time needed for constructing transducer for complement of (initial, unsafe) pairs: 187[µs]
Time needed for building union of complements of preach and (initial, unsafe)-transducer: 51[µs]
Time needed for checking universality using lazy-bfs algorithm: 204[µs]
Time needed for checking abstract safety: 612[µs]
...done.
Result: [1]
This means that the following properties could be separated from the initial configurations:
	[notoken]
While the following properties could not be separated from the initial configurations:
	[]

real	0m0,034s
user	0m0,013s
sys	0m0,009s
********************
/home/jakob/Documents/abstracton/benchmarks/dodo/token-passing-no-invariant.json
s
notoken
Running as unit: run-rc5fb63b471c5427ea586580c7b92c1a6.scope; invocation ID: 1d9a70f45bc5494ca1581d775336db06
Time needed for parsing json file: 692[µs]
alphabet size: 2
using Siphon interpretation
Time needed for constructing Siphon interpretation transducer: 308[µs]
computing ind...
Time needed for constructing complement of ind: 61[µs]
Time needed for computing ind: 376[µs]
Time needed for minimizing ind: 413[µs]
Time needed for computing ind (total): 882[µs]
automaton for ind has 5 states.
...done.
computing complement of preach...
Time needed for constructing identity on ind: 58[µs]
Time needed for computing product v_id of abstraction framework with identity on ind: 643[µs]
Time needed for computing product of v_id with complement of abstraction framework: 714[µs]
Time needed for computing complement of preach: 1651[µs]
automaton for complement of preach has 22 states.
...of which, 6 states are at level 0.
Time needed for trimming complement of preach: 73[µs]
...done.
trying to prove abstract safety...
Time needed for constructing transducer for unsafe property: 5[µs]
Time needed for constructing transducer for (initial, unsafe) pairs: 115[µs]
Time needed for constructing transducer for complement of (initial, unsafe) pairs: 186[µs]
Time needed for building union of complements of preach and (initial, unsafe)-transducer: 47[µs]
Time needed for checking universality using lazy-bfs algorithm: 69[µs]
Time needed for checking abstract safety: 469[µs]
...done.
Result: [0]
This means that the following properties could be separated from the initial configurations:
	[]
While the following properties could not be separated from the initial configurations:
	[notoken]

real	0m0,029s
user	0m0,006s
sys	0m0,008s
********************
/home/jakob/Documents/abstracton/benchmarks/dodo/token-passing-no-invariant.json
f
notoken
Running as unit: run-r7c0352776627463781a2cf3c168fce91.scope; invocation ID: 3f94bbbe92974d64893d37f5be5d325c
Time needed for parsing json file: 693[µs]
alphabet size: 2
using Flow interpretation
Time needed for constructing Flow interpretation transducer: 538[µs]
computing ind...
Time needed for constructing complement of ind: 154[µs]
Time needed for computing ind: 4430[µs]
Time needed for minimizing ind: 2308[µs]
Time needed for computing ind (total): 6931[µs]
automaton for ind has 13 states.
...done.
computing complement of preach...
Time needed for constructing identity on ind: 124[µs]
Time needed for computing product v_id of abstraction framework with identity on ind: 2630[µs]
Time needed for computing product of v_id with complement of abstraction framework: 2850[µs]
Time needed for computing complement of preach: 5989[µs]
automaton for complement of preach has 114 states.
...of which, 28 states are at level 0.
Time needed for trimming complement of preach: 239[µs]
...done.
trying to prove abstract safety...
Time needed for constructing transducer for unsafe property: 4[µs]
Time needed for constructing transducer for (initial, unsafe) pairs: 129[µs]
Time needed for constructing transducer for complement of (initial, unsafe) pairs: 173[µs]
Time needed for building union of complements of preach and (initial, unsafe)-transducer: 93[µs]
Time needed for checking universality using lazy-bfs algorithm: 5973[µs]
Time needed for checking abstract safety: 6429[µs]
...done.
Result: [1]
This means that the following properties could be separated from the initial configurations:
	[notoken]
While the following properties could not be separated from the initial configurations:
	[]

real	0m0,043s
user	0m0,024s
sys	0m0,008s
********************
59 of 61
/home/jakob/Documents/abstracton/benchmarks/dodo/token-passing-no-invariant.json
t
manytoken
Running as unit: run-rbe8dc0a94f3946fbb37248f0613e5b0a.scope; invocation ID: cc903f6ccbe94a429829fc7936e898e1
Time needed for parsing json file: 700[µs]
alphabet size: 2
using Trap interpretation
Time needed for constructing Trap interpretation transducer: 529[µs]
computing ind...
Time needed for constructing complement of ind: 164[µs]
Time needed for computing ind: 1742[µs]
Time needed for minimizing ind: 919[µs]
Time needed for computing ind (total): 2868[µs]
automaton for ind has 5 states.
...done.
computing complement of preach...
Time needed for constructing identity on ind: 61[µs]
Time needed for computing product v_id of abstraction framework with identity on ind: 1588[µs]
Time needed for computing product of v_id with complement of abstraction framework: 3724[µs]
Time needed for computing complement of preach: 5736[µs]
automaton for complement of preach has 30 states.
...of which, 6 states are at level 0.
Time needed for trimming complement of preach: 79[µs]
...done.
trying to prove abstract safety...
Time needed for constructing transducer for unsafe property: 4[µs]
Time needed for constructing transducer for (initial, unsafe) pairs: 122[µs]
Time needed for constructing transducer for complement of (initial, unsafe) pairs: 251[µs]
Time needed for building union of complements of preach and (initial, unsafe)-transducer: 58[µs]
Time needed for checking universality using lazy-bfs algorithm: 195[µs]
Time needed for checking abstract safety: 694[µs]
...done.
Result: [0]
This means that the following properties could be separated from the initial configurations:
	[]
While the following properties could not be separated from the initial configurations:
	[manytoken]

real	0m0,034s
user	0m0,013s
sys	0m0,007s
********************
/home/jakob/Documents/abstracton/benchmarks/dodo/token-passing-no-invariant.json
s
manytoken
Running as unit: run-re9ab7244d0ed4870a44ed9f86930eeca.scope; invocation ID: bd30e2ca7d79467cba6739618e11a564
Time needed for parsing json file: 718[µs]
alphabet size: 2
using Siphon interpretation
Time needed for constructing Siphon interpretation transducer: 324[µs]
computing ind...
Time needed for constructing complement of ind: 67[µs]
Time needed for computing ind: 402[µs]
Time needed for minimizing ind: 454[µs]
Time needed for computing ind (total): 970[µs]
automaton for ind has 5 states.
...done.
computing complement of preach...
Time needed for constructing identity on ind: 62[µs]
Time needed for computing product v_id of abstraction framework with identity on ind: 694[µs]
Time needed for computing product of v_id with complement of abstraction framework: 694[µs]
Time needed for computing complement of preach: 1699[µs]
automaton for complement of preach has 22 states.
...of which, 6 states are at level 0.
Time needed for trimming complement of preach: 70[µs]
...done.
trying to prove abstract safety...
Time needed for constructing transducer for unsafe property: 6[µs]
Time needed for constructing transducer for (initial, unsafe) pairs: 128[µs]
Time needed for constructing transducer for complement of (initial, unsafe) pairs: 245[µs]
Time needed for building union of complements of preach and (initial, unsafe)-transducer: 54[µs]
Time needed for checking universality using lazy-bfs algorithm: 79[µs]
Time needed for checking abstract safety: 560[µs]
...done.
Result: [0]
This means that the following properties could be separated from the initial configurations:
	[]
While the following properties could not be separated from the initial configurations:
	[manytoken]

real	0m0,028s
user	0m0,009s
sys	0m0,006s
********************
/home/jakob/Documents/abstracton/benchmarks/dodo/token-passing-no-invariant.json
f
manytoken
Running as unit: run-rbcd343ab8ab24e8fa7e407216f49865a.scope; invocation ID: 1787c32e0a9a4103b16caa3f8b6b904a
Time needed for parsing json file: 682[µs]
alphabet size: 2
using Flow interpretation
Time needed for constructing Flow interpretation transducer: 479[µs]
computing ind...
Time needed for constructing complement of ind: 163[µs]
Time needed for computing ind: 4673[µs]
Time needed for minimizing ind: 2358[µs]
Time needed for computing ind (total): 7238[µs]
automaton for ind has 13 states.
...done.
computing complement of preach...
Time needed for constructing identity on ind: 141[µs]
Time needed for computing product v_id of abstraction framework with identity on ind: 2566[µs]
Time needed for computing product of v_id with complement of abstraction framework: 2893[µs]
Time needed for computing complement of preach: 6007[µs]
automaton for complement of preach has 114 states.
...of which, 28 states are at level 0.
Time needed for trimming complement of preach: 248[µs]
...done.
trying to prove abstract safety...
Time needed for constructing transducer for unsafe property: 5[µs]
Time needed for constructing transducer for (initial, unsafe) pairs: 117[µs]
Time needed for constructing transducer for complement of (initial, unsafe) pairs: 243[µs]
Time needed for building union of complements of preach and (initial, unsafe)-transducer: 101[µs]
Time needed for checking universality using lazy-bfs algorithm: 5985[µs]
Time needed for checking abstract safety: 6506[µs]
...done.
Result: [1]
This means that the following properties could be separated from the initial configurations:
	[manytoken]
While the following properties could not be separated from the initial configurations:
	[]

real	0m0,042s
user	0m0,025s
sys	0m0,007s
********************
60 of 61
/home/jakob/Documents/abstracton/benchmarks/dodo/token-passing.json
t
notoken
Running as unit: run-rf491bf018def4f7da850caf6267fef93.scope; invocation ID: 08bcd75c7ca34647b0e587fc1c589ea7
Time needed for parsing json file: 835[µs]
alphabet size: 2
using Trap interpretation
Time needed for constructing Trap interpretation transducer: 576[µs]
computing ind...
Time needed for constructing complement of ind: 127[µs]
Time needed for computing ind: 1399[µs]
Time needed for minimizing ind: 878[µs]
Time needed for computing ind (total): 2450[µs]
automaton for ind has 6 states.
...done.
computing complement of preach...
Time needed for constructing identity on ind: 76[µs]
Time needed for computing product v_id of abstraction framework with identity on ind: 1844[µs]
Time needed for computing product of v_id with complement of abstraction framework: 4401[µs]
Time needed for computing complement of preach: 6706[µs]
automaton for complement of preach has 70 states.
...of which, 10 states are at level 0.
Time needed for trimming complement of preach: 157[µs]
...done.
trying to prove abstract safety...
Time needed for constructing transducer for unsafe property: 4[µs]
Time needed for constructing transducer for (initial, unsafe) pairs: 113[µs]
Time needed for constructing transducer for complement of (initial, unsafe) pairs: 206[µs]
Time needed for building union of complements of preach and (initial, unsafe)-transducer: 89[µs]
Time needed for checking universality using lazy-bfs algorithm: 3244[µs]
Time needed for checking abstract safety: 3719[µs]
...done.
Result: [1]
This means that the following properties could be separated from the initial configurations:
	[notoken]
While the following properties could not be separated from the initial configurations:
	[]

real	0m0,045s
user	0m0,020s
sys	0m0,005s
********************
/home/jakob/Documents/abstracton/benchmarks/dodo/token-passing.json
s
notoken
Running as unit: run-r5e6c498fa48b4fd79ae0bcf7dc696587.scope; invocation ID: b90af47b15764dccb592edc5a773bb19
Time needed for parsing json file: 705[µs]
alphabet size: 2
using Siphon interpretation
Time needed for constructing Siphon interpretation transducer: 359[µs]
computing ind...
Time needed for constructing complement of ind: 55[µs]
Time needed for computing ind: 305[µs]
Time needed for minimizing ind: 399[µs]
Time needed for computing ind (total): 791[µs]
automaton for ind has 6 states.
...done.
computing complement of preach...
Time needed for constructing identity on ind: 74[µs]
Time needed for computing product v_id of abstraction framework with identity on ind: 946[µs]
Time needed for computing product of v_id with complement of abstraction framework: 1780[µs]
Time needed for computing complement of preach: 3064[µs]
automaton for complement of preach has 60 states.
...of which, 12 states are at level 0.
Time needed for trimming complement of preach: 167[µs]
...done.
trying to prove abstract safety...
Time needed for constructing transducer for unsafe property: 5[µs]
Time needed for constructing transducer for (initial, unsafe) pairs: 142[µs]
Time needed for constructing transducer for complement of (initial, unsafe) pairs: 204[µs]
Time needed for building union of complements of preach and (initial, unsafe)-transducer: 73[µs]
Time needed for checking universality using lazy-bfs algorithm: 76[µs]
Time needed for checking abstract safety: 553[µs]
...done.
Result: [0]
This means that the following properties could be separated from the initial configurations:
	[]
While the following properties could not be separated from the initial configurations:
	[notoken]

real	0m0,037s
user	0m0,010s
sys	0m0,007s
********************
/home/jakob/Documents/abstracton/benchmarks/dodo/token-passing.json
f
notoken
Running as unit: run-rf4cbe31e2936479fade6b83193cbe032.scope; invocation ID: 8607dcf7639b4e9791c51b638837ad0e
Time needed for parsing json file: 686[µs]
alphabet size: 2
using Flow interpretation
Time needed for constructing Flow interpretation transducer: 560[µs]
computing ind...
Time needed for constructing complement of ind: 138[µs]
Time needed for computing ind: 2479[µs]
Time needed for minimizing ind: 2046[µs]
Time needed for computing ind (total): 4714[µs]
automaton for ind has 16 states.
...done.
computing complement of preach...
Time needed for constructing identity on ind: 173[µs]
Time needed for computing product v_id of abstraction framework with identity on ind: 4202[µs]
Time needed for computing product of v_id with complement of abstraction framework: 14883[µs]
Time needed for computing complement of preach: 19756[µs]
automaton for complement of preach has 542 states.
...of which, 78 states are at level 0.
Time needed for trimming complement of preach: 1186[µs]
...done.
trying to prove abstract safety...
Time needed for constructing transducer for unsafe property: 4[µs]
Time needed for constructing transducer for (initial, unsafe) pairs: 131[µs]
Time needed for constructing transducer for complement of (initial, unsafe) pairs: 182[µs]
Time needed for building union of complements of preach and (initial, unsafe)-transducer: 296[µs]
Time needed for checking universality using lazy-bfs algorithm: 3070304[µs]
Time needed for checking abstract safety: 3071068[µs]
...done.
Result: [1]
This means that the following properties could be separated from the initial configurations:
	[notoken]
While the following properties could not be separated from the initial configurations:
	[]

real	0m3,137s
user	0m3,076s
sys	0m0,042s
********************
61 of 61
/home/jakob/Documents/abstracton/benchmarks/dodo/token-passing.json
t
manytoken
Running as unit: run-rd125cb544d194a8a8486e568c74763be.scope; invocation ID: e5eade3b576a4577ace2584eb8a74927
Time needed for parsing json file: 672[µs]
alphabet size: 2
using Trap interpretation
Time needed for constructing Trap interpretation transducer: 609[µs]
computing ind...
Time needed for constructing complement of ind: 149[µs]
Time needed for computing ind: 1376[µs]
Time needed for minimizing ind: 863[µs]
Time needed for computing ind (total): 2437[µs]
automaton for ind has 6 states.
...done.
computing complement of preach...
Time needed for constructing identity on ind: 73[µs]
Time needed for computing product v_id of abstraction framework with identity on ind: 1831[µs]
Time needed for computing product of v_id with complement of abstraction framework: 4515[µs]
Time needed for computing complement of preach: 6851[µs]
automaton for complement of preach has 70 states.
...of which, 10 states are at level 0.
Time needed for trimming complement of preach: 195[µs]
...done.
trying to prove abstract safety...
Time needed for constructing transducer for unsafe property: 8[µs]
Time needed for constructing transducer for (initial, unsafe) pairs: 173[µs]
Time needed for constructing transducer for complement of (initial, unsafe) pairs: 295[µs]
Time needed for building union of complements of preach and (initial, unsafe)-transducer: 109[µs]
Time needed for checking universality using lazy-bfs algorithm: 3295[µs]
Time needed for checking abstract safety: 3969[µs]
...done.
Result: [1]
This means that the following properties could be separated from the initial configurations:
	[manytoken]
While the following properties could not be separated from the initial configurations:
	[]

real	0m0,037s
user	0m0,019s
sys	0m0,007s
********************
/home/jakob/Documents/abstracton/benchmarks/dodo/token-passing.json
s
manytoken
Running as unit: run-r4818831d249e4106b46007820d8c3e39.scope; invocation ID: 673d69bac8fc4ea59bfcf853199eef2b
Time needed for parsing json file: 618[µs]
alphabet size: 2
using Siphon interpretation
Time needed for constructing Siphon interpretation transducer: 372[µs]
computing ind...
Time needed for constructing complement of ind: 50[µs]
Time needed for computing ind: 275[µs]
Time needed for minimizing ind: 372[µs]
Time needed for computing ind (total): 735[µs]
automaton for ind has 6 states.
...done.
computing complement of preach...
Time needed for constructing identity on ind: 76[µs]
Time needed for computing product v_id of abstraction framework with identity on ind: 886[µs]
Time needed for computing product of v_id with complement of abstraction framework: 1801[µs]
Time needed for computing complement of preach: 3018[µs]
automaton for complement of preach has 60 states.
...of which, 12 states are at level 0.
Time needed for trimming complement of preach: 247[µs]
...done.
trying to prove abstract safety...
Time needed for constructing transducer for unsafe property: 8[µs]
Time needed for constructing transducer for (initial, unsafe) pairs: 142[µs]
Time needed for constructing transducer for complement of (initial, unsafe) pairs: 253[µs]
Time needed for building union of complements of preach and (initial, unsafe)-transducer: 82[µs]
Time needed for checking universality using lazy-bfs algorithm: 88[µs]
Time needed for checking abstract safety: 628[µs]
...done.
Result: [0]
This means that the following properties could be separated from the initial configurations:
	[]
While the following properties could not be separated from the initial configurations:
	[manytoken]

real	0m0,030s
user	0m0,009s
sys	0m0,008s
********************
/home/jakob/Documents/abstracton/benchmarks/dodo/token-passing.json
f
manytoken
Running as unit: run-r5e154746a666468584b7c5365cd5483b.scope; invocation ID: d470b2e81deb46e7ae9b546a47ed0a8f
Time needed for parsing json file: 664[µs]
alphabet size: 2
using Flow interpretation
Time needed for constructing Flow interpretation transducer: 550[µs]
computing ind...
Time needed for constructing complement of ind: 139[µs]
Time needed for computing ind: 2504[µs]
Time needed for minimizing ind: 1996[µs]
Time needed for computing ind (total): 4686[µs]
automaton for ind has 16 states.
...done.
computing complement of preach...
Time needed for constructing identity on ind: 166[µs]
Time needed for computing product v_id of abstraction framework with identity on ind: 4086[µs]
Time needed for computing product of v_id with complement of abstraction framework: 14916[µs]
Time needed for computing complement of preach: 19620[µs]
automaton for complement of preach has 542 states.
...of which, 78 states are at level 0.
Time needed for trimming complement of preach: 1193[µs]
...done.
trying to prove abstract safety...
Time needed for constructing transducer for unsafe property: 6[µs]
Time needed for constructing transducer for (initial, unsafe) pairs: 139[µs]
Time needed for constructing transducer for complement of (initial, unsafe) pairs: 274[µs]
Time needed for building union of complements of preach and (initial, unsafe)-transducer: 377[µs]
Time needed for checking universality using lazy-bfs algorithm: 3084987[µs]
Time needed for checking abstract safety: 3085941[µs]
...done.
Result: [1]
This means that the following properties could be separated from the initial configurations:
	[manytoken]
While the following properties could not be separated from the initial configurations:
	[]

real	0m3,145s
user	0m3,074s
sys	0m0,057s
********************
