commit: d24950c
0 of 61
/home/jakob/Documents/abstracton/benchmarks/dodo/Berkeley.json
t
exclusiveexclusive
systemd-run --user --scope -p MemoryMax=32G -p MemorySwapMax=7G timeout 1200 /home/jakob/Documents/abstracton/benchmarks/../build_release/benchmarks/solve_dodo -i t -p exclusiveexclusive /home/jakob/Documents/abstracton/benchmarks/dodo/Berkeley.json --measure-time --no-dot-printing --universality-alg antichains-inclusion --ind-alg project
Running as unit: run-p2052214-i2061211.scope; invocation ID: cc2b59176b8c4394aeedeba8fca10c75
Time needed for parsing json file: 2248[µs]
alphabet size: 4
using Trap interpretation
Time needed for constructing Trap interpretation transducer: 615[µs]
computing ind...
Time needed for computing composition v_delta of abstraction framework and transition relation: 6112[µs]
Time needed for reducing V o ->: 3354[µs]
Time needed for computing complement v_complement of abstraction framework: 167[µs]
Time needed for minimizing complement(V): 153[µs]
Time needed for computing intersection 'preprojection' of v_delta and v_complement: 261[µs]
Time needed for computing complement of ind (i.e. projecting preprojection onto first tape): 1467[µs]
Time needed for minimizing projection: 13137[µs]
Time needed for computing ind: 67[µs]
Time needed for minimizing ind: 92[µs]
Time needed for computing ind (total): 25047[µs]
automaton for ind has 10 states.
...done.
computing complement of preach...
Time needed for constructing identity on ind: 51[µs]
Time needed for computing product v_id of abstraction framework with identity on ind: 1936[µs]
Time needed for computing product of v_id with complement of abstraction framework: 12430[µs]
Time needed for computing complement of preach: 14849[µs]
automaton for complement of preach has 462 states.
...of which, 14 states are at level 0.
Time needed for trimming complement of preach: 97[µs]
...done.
trying to prove abstract safety...
Time needed for constructing transducer for unsafe property: 1[µs]
Time needed for constructing transducer for (initial, unsafe) pairs: 22[µs]
Time needed for constructing transducer for complement of (initial, unsafe) pairs: 32[µs]
Time needed for building union of complements of preach and (initial, unsafe)-transducer: 148[µs]
Time needed for checking universality using antichains-inclusion algorithm: 259[µs]
Time needed for checking abstract safety: 523[µs]
...done.
Result: [0]
This means that the following properties could be separated from the initial configurations:
	[]
While the following properties could not be separated from the initial configurations:
	[exclusiveexclusive]

real	0m0,084s
user	0m0,040s
sys	0m0,027s
********************
/home/jakob/Documents/abstracton/benchmarks/dodo/Berkeley.json
s
exclusiveexclusive
systemd-run --user --scope -p MemoryMax=32G -p MemorySwapMax=7G timeout 1200 /home/jakob/Documents/abstracton/benchmarks/../build_release/benchmarks/solve_dodo -i s -p exclusiveexclusive /home/jakob/Documents/abstracton/benchmarks/dodo/Berkeley.json --measure-time --no-dot-printing --universality-alg antichains-inclusion --ind-alg project
Running as unit: run-p2052216-i2061212.scope; invocation ID: a2beecbcef174af1ad6cda00584e6ddb
Time needed for parsing json file: 1439[µs]
alphabet size: 4
using Siphon interpretation
Time needed for constructing Siphon interpretation transducer: 179[µs]
computing ind...
Time needed for computing composition v_delta of abstraction framework and transition relation: 2606[µs]
Time needed for reducing V o ->: 2810[µs]
Time needed for computing complement v_complement of abstraction framework: 124[µs]
Time needed for minimizing complement(V): 143[µs]
Time needed for computing intersection 'preprojection' of v_delta and v_complement: 190[µs]
Time needed for computing complement of ind (i.e. projecting preprojection onto first tape): 1112[µs]
Time needed for minimizing projection: 16649[µs]
Time needed for computing ind: 32[µs]
Time needed for minimizing ind: 33[µs]
Time needed for computing ind (total): 23855[µs]
automaton for ind has 5 states.
...done.
computing complement of preach...
Time needed for constructing identity on ind: 21[µs]
Time needed for computing product v_id of abstraction framework with identity on ind: 222[µs]
Time needed for computing product of v_id with complement of abstraction framework: 79[µs]
Time needed for computing complement of preach: 412[µs]
automaton for complement of preach has 5 states.
...of which, 2 states are at level 0.
Time needed for trimming complement of preach: 1[µs]
...done.
trying to prove abstract safety...
Time needed for constructing transducer for unsafe property: 3[µs]
Time needed for constructing transducer for (initial, unsafe) pairs: 14[µs]
Time needed for constructing transducer for complement of (initial, unsafe) pairs: 23[µs]
Time needed for building union of complements of preach and (initial, unsafe)-transducer: 10[µs]
Time needed for checking universality using antichains-inclusion algorithm: 29[µs]
Time needed for checking abstract safety: 100[µs]
...done.
Result: [0]
This means that the following properties could be separated from the initial configurations:
	[]
While the following properties could not be separated from the initial configurations:
	[exclusiveexclusive]

real	0m0,060s
user	0m0,030s
sys	0m0,013s
********************
/home/jakob/Documents/abstracton/benchmarks/dodo/Berkeley.json
f
exclusiveexclusive
systemd-run --user --scope -p MemoryMax=32G -p MemorySwapMax=7G timeout 1200 /home/jakob/Documents/abstracton/benchmarks/../build_release/benchmarks/solve_dodo -i f -p exclusiveexclusive /home/jakob/Documents/abstracton/benchmarks/dodo/Berkeley.json --measure-time --no-dot-printing --universality-alg antichains-inclusion --ind-alg project
Running as unit: run-p2052218-i2061213.scope; invocation ID: 8c79d94641c94b7ba017ae7dd69abc64
Time needed for parsing json file: 2205[µs]
alphabet size: 4
using Flow interpretation
Time needed for constructing Flow interpretation transducer: 557[µs]
computing ind...
Time needed for computing composition v_delta of abstraction framework and transition relation: 6516[µs]
Time needed for reducing V o ->: 6299[µs]
Time needed for computing complement v_complement of abstraction framework: 199[µs]
Time needed for minimizing complement(V): 216[µs]
Time needed for computing intersection 'preprojection' of v_delta and v_complement: 463[µs]
Time needed for computing complement of ind (i.e. projecting preprojection onto first tape): 2793[µs]
Time needed for minimizing projection: 375258[µs]
Time needed for computing ind: 64[µs]
Time needed for minimizing ind: 44[µs]
Time needed for computing ind (total): 392116[µs]
automaton for ind has 7 states.
...done.
computing complement of preach...
Time needed for constructing identity on ind: 42[µs]
Time needed for computing product v_id of abstraction framework with identity on ind: 471[µs]
Time needed for computing product of v_id with complement of abstraction framework: 119[µs]
Time needed for computing complement of preach: 775[µs]
automaton for complement of preach has 5 states.
...of which, 2 states are at level 0.
Time needed for trimming complement of preach: 1[µs]
...done.
trying to prove abstract safety...
Time needed for constructing transducer for unsafe property: 1[µs]
Time needed for constructing transducer for (initial, unsafe) pairs: 13[µs]
Time needed for constructing transducer for complement of (initial, unsafe) pairs: 22[µs]
Time needed for building union of complements of preach and (initial, unsafe)-transducer: 9[µs]
Time needed for checking universality using antichains-inclusion algorithm: 26[µs]
Time needed for checking abstract safety: 93[µs]
...done.
Result: [0]
This means that the following properties could be separated from the initial configurations:
	[]
While the following properties could not be separated from the initial configurations:
	[exclusiveexclusive]

real	0m0,437s
user	0m0,383s
sys	0m0,035s
********************
1 of 61
/home/jakob/Documents/abstracton/benchmarks/dodo/Berkeley.json
t
exclusiveunowned
systemd-run --user --scope -p MemoryMax=32G -p MemorySwapMax=7G timeout 1200 /home/jakob/Documents/abstracton/benchmarks/../build_release/benchmarks/solve_dodo -i t -p exclusiveunowned /home/jakob/Documents/abstracton/benchmarks/dodo/Berkeley.json --measure-time --no-dot-printing --universality-alg antichains-inclusion --ind-alg project
Running as unit: run-p2052227-i2061215.scope; invocation ID: 3cf23950240e4c7f92d3609580d8b22e
Time needed for parsing json file: 2177[µs]
alphabet size: 4
using Trap interpretation
Time needed for constructing Trap interpretation transducer: 586[µs]
computing ind...
Time needed for computing composition v_delta of abstraction framework and transition relation: 5346[µs]
Time needed for reducing V o ->: 2953[µs]
Time needed for computing complement v_complement of abstraction framework: 140[µs]
Time needed for minimizing complement(V): 100[µs]
Time needed for computing intersection 'preprojection' of v_delta and v_complement: 189[µs]
Time needed for computing complement of ind (i.e. projecting preprojection onto first tape): 893[µs]
Time needed for minimizing projection: 12447[µs]
Time needed for computing ind: 74[µs]
Time needed for minimizing ind: 79[µs]
Time needed for computing ind (total): 22390[µs]
automaton for ind has 10 states.
...done.
computing complement of preach...
Time needed for constructing identity on ind: 52[µs]
Time needed for computing product v_id of abstraction framework with identity on ind: 1685[µs]
Time needed for computing product of v_id with complement of abstraction framework: 10959[µs]
Time needed for computing complement of preach: 13044[µs]
automaton for complement of preach has 462 states.
...of which, 14 states are at level 0.
Time needed for trimming complement of preach: 75[µs]
...done.
trying to prove abstract safety...
Time needed for constructing transducer for unsafe property: 1[µs]
Time needed for constructing transducer for (initial, unsafe) pairs: 19[µs]
Time needed for constructing transducer for complement of (initial, unsafe) pairs: 33[µs]
Time needed for building union of complements of preach and (initial, unsafe)-transducer: 131[µs]
Time needed for checking universality using antichains-inclusion algorithm: 252[µs]
Time needed for checking abstract safety: 491[µs]
...done.
Result: [1]
This means that the following properties could be separated from the initial configurations:
	[exclusiveunowned]
While the following properties could not be separated from the initial configurations:
	[]

real	0m0,075s
user	0m0,035s
sys	0m0,024s
********************
/home/jakob/Documents/abstracton/benchmarks/dodo/Berkeley.json
s
exclusiveunowned
systemd-run --user --scope -p MemoryMax=32G -p MemorySwapMax=7G timeout 1200 /home/jakob/Documents/abstracton/benchmarks/../build_release/benchmarks/solve_dodo -i s -p exclusiveunowned /home/jakob/Documents/abstracton/benchmarks/dodo/Berkeley.json --measure-time --no-dot-printing --universality-alg antichains-inclusion --ind-alg project
Running as unit: run-p2052230-i2061216.scope; invocation ID: 82b75e5ec133493c82d2fe5a308dbcac
Time needed for parsing json file: 2171[µs]
alphabet size: 4
using Siphon interpretation
Time needed for constructing Siphon interpretation transducer: 277[µs]
computing ind...
Time needed for computing composition v_delta of abstraction framework and transition relation: 3319[µs]
Time needed for reducing V o ->: 3517[µs]
Time needed for computing complement v_complement of abstraction framework: 154[µs]
Time needed for minimizing complement(V): 193[µs]
Time needed for computing intersection 'preprojection' of v_delta and v_complement: 235[µs]
Time needed for computing complement of ind (i.e. projecting preprojection onto first tape): 1387[µs]
Time needed for minimizing projection: 17234[µs]
Time needed for computing ind: 36[µs]
Time needed for minimizing ind: 40[µs]
Time needed for computing ind (total): 26294[µs]
automaton for ind has 5 states.
...done.
computing complement of preach...
Time needed for constructing identity on ind: 26[µs]
Time needed for computing product v_id of abstraction framework with identity on ind: 265[µs]
Time needed for computing product of v_id with complement of abstraction framework: 87[µs]
Time needed for computing complement of preach: 489[µs]
automaton for complement of preach has 5 states.
...of which, 2 states are at level 0.
Time needed for trimming complement of preach: 1[µs]
...done.
trying to prove abstract safety...
Time needed for constructing transducer for unsafe property: 2[µs]
Time needed for constructing transducer for (initial, unsafe) pairs: 21[µs]
Time needed for constructing transducer for complement of (initial, unsafe) pairs: 36[µs]
Time needed for building union of complements of preach and (initial, unsafe)-transducer: 14[µs]
Time needed for checking universality using antichains-inclusion algorithm: 33[µs]
Time needed for checking abstract safety: 133[µs]
...done.
Result: [0]
This means that the following properties could be separated from the initial configurations:
	[]
While the following properties could not be separated from the initial configurations:
	[exclusiveunowned]

real	0m0,065s
user	0m0,030s
sys	0m0,016s
********************
/home/jakob/Documents/abstracton/benchmarks/dodo/Berkeley.json
f
exclusiveunowned
systemd-run --user --scope -p MemoryMax=32G -p MemorySwapMax=7G timeout 1200 /home/jakob/Documents/abstracton/benchmarks/../build_release/benchmarks/solve_dodo -i f -p exclusiveunowned /home/jakob/Documents/abstracton/benchmarks/dodo/Berkeley.json --measure-time --no-dot-printing --universality-alg antichains-inclusion --ind-alg project
Running as unit: run-p2052232-i2061217.scope; invocation ID: c7875ca200154301966d10dec26896fb
Time needed for parsing json file: 2200[µs]
alphabet size: 4
using Flow interpretation
Time needed for constructing Flow interpretation transducer: 511[µs]
computing ind...
Time needed for computing composition v_delta of abstraction framework and transition relation: 8419[µs]
Time needed for reducing V o ->: 6719[µs]
Time needed for computing complement v_complement of abstraction framework: 187[µs]
Time needed for minimizing complement(V): 194[µs]
Time needed for computing intersection 'preprojection' of v_delta and v_complement: 430[µs]
Time needed for computing complement of ind (i.e. projecting preprojection onto first tape): 3134[µs]
Time needed for minimizing projection: 385490[µs]
Time needed for computing ind: 62[µs]
Time needed for minimizing ind: 42[µs]
Time needed for computing ind (total): 404961[µs]
automaton for ind has 7 states.
...done.
computing complement of preach...
Time needed for constructing identity on ind: 37[µs]
Time needed for computing product v_id of abstraction framework with identity on ind: 769[µs]
Time needed for computing product of v_id with complement of abstraction framework: 131[µs]
Time needed for computing complement of preach: 1098[µs]
automaton for complement of preach has 5 states.
...of which, 2 states are at level 0.
Time needed for trimming complement of preach: 1[µs]
...done.
trying to prove abstract safety...
Time needed for constructing transducer for unsafe property: 2[µs]
Time needed for constructing transducer for (initial, unsafe) pairs: 17[µs]
Time needed for constructing transducer for complement of (initial, unsafe) pairs: 30[µs]
Time needed for building union of complements of preach and (initial, unsafe)-transducer: 11[µs]
Time needed for checking universality using antichains-inclusion algorithm: 24[µs]
Time needed for checking abstract safety: 116[µs]
...done.
Result: [0]
This means that the following properties could be separated from the initial configurations:
	[]
While the following properties could not be separated from the initial configurations:
	[exclusiveunowned]

real	0m0,440s
user	0m0,383s
sys	0m0,038s
********************
2 of 61
/home/jakob/Documents/abstracton/benchmarks/dodo/Berkeley.json
t
exclusivenonexclusive
systemd-run --user --scope -p MemoryMax=32G -p MemorySwapMax=7G timeout 1200 /home/jakob/Documents/abstracton/benchmarks/../build_release/benchmarks/solve_dodo -i t -p exclusivenonexclusive /home/jakob/Documents/abstracton/benchmarks/dodo/Berkeley.json --measure-time --no-dot-printing --universality-alg antichains-inclusion --ind-alg project
Running as unit: run-p2052240-i2061220.scope; invocation ID: c47762cbba304f36b4660e5a179450d9
Time needed for parsing json file: 2172[µs]
alphabet size: 4
using Trap interpretation
Time needed for constructing Trap interpretation transducer: 585[µs]
computing ind...
Time needed for computing composition v_delta of abstraction framework and transition relation: 6071[µs]
Time needed for reducing V o ->: 5078[µs]
Time needed for computing complement v_complement of abstraction framework: 228[µs]
Time needed for minimizing complement(V): 96[µs]
Time needed for computing intersection 'preprojection' of v_delta and v_complement: 150[µs]
Time needed for computing complement of ind (i.e. projecting preprojection onto first tape): 841[µs]
Time needed for minimizing projection: 14113[µs]
Time needed for computing ind: 65[µs]
Time needed for minimizing ind: 76[µs]
Time needed for computing ind (total): 26934[µs]
automaton for ind has 10 states.
...done.
computing complement of preach...
Time needed for constructing identity on ind: 51[µs]
Time needed for computing product v_id of abstraction framework with identity on ind: 1615[µs]
Time needed for computing product of v_id with complement of abstraction framework: 12314[µs]
Time needed for computing complement of preach: 14457[µs]
automaton for complement of preach has 462 states.
...of which, 14 states are at level 0.
Time needed for trimming complement of preach: 92[µs]
...done.
trying to prove abstract safety...
Time needed for constructing transducer for unsafe property: 1[µs]
Time needed for constructing transducer for (initial, unsafe) pairs: 23[µs]
Time needed for constructing transducer for complement of (initial, unsafe) pairs: 34[µs]
Time needed for building union of complements of preach and (initial, unsafe)-transducer: 138[µs]
Time needed for checking universality using antichains-inclusion algorithm: 476[µs]
Time needed for checking abstract safety: 773[µs]
...done.
Result: [1]
This means that the following properties could be separated from the initial configurations:
	[exclusivenonexclusive]
While the following properties could not be separated from the initial configurations:
	[]

real	0m0,079s
user	0m0,046s
sys	0m0,016s
********************
/home/jakob/Documents/abstracton/benchmarks/dodo/Berkeley.json
s
exclusivenonexclusive
systemd-run --user --scope -p MemoryMax=32G -p MemorySwapMax=7G timeout 1200 /home/jakob/Documents/abstracton/benchmarks/../build_release/benchmarks/solve_dodo -i s -p exclusivenonexclusive /home/jakob/Documents/abstracton/benchmarks/dodo/Berkeley.json --measure-time --no-dot-printing --universality-alg antichains-inclusion --ind-alg project
Running as unit: run-p2052246-i2061221.scope; invocation ID: e0802c188ebb4eac90fece9472d19008
Time needed for parsing json file: 2486[µs]
alphabet size: 4
using Siphon interpretation
Time needed for constructing Siphon interpretation transducer: 276[µs]
computing ind...
Time needed for computing composition v_delta of abstraction framework and transition relation: 3128[µs]
Time needed for reducing V o ->: 2851[µs]
Time needed for computing complement v_complement of abstraction framework: 104[µs]
Time needed for minimizing complement(V): 119[µs]
Time needed for computing intersection 'preprojection' of v_delta and v_complement: 158[µs]
Time needed for computing complement of ind (i.e. projecting preprojection onto first tape): 915[µs]
Time needed for minimizing projection: 16782[µs]
Time needed for computing ind: 37[µs]
Time needed for minimizing ind: 42[µs]
Time needed for computing ind (total): 24305[µs]
automaton for ind has 5 states.
...done.
computing complement of preach...
Time needed for constructing identity on ind: 37[µs]
Time needed for computing product v_id of abstraction framework with identity on ind: 282[µs]
Time needed for computing product of v_id with complement of abstraction framework: 98[µs]
Time needed for computing complement of preach: 518[µs]
automaton for complement of preach has 5 states.
...of which, 2 states are at level 0.
Time needed for trimming complement of preach: 1[µs]
...done.
trying to prove abstract safety...
Time needed for constructing transducer for unsafe property: 2[µs]
Time needed for constructing transducer for (initial, unsafe) pairs: 15[µs]
Time needed for constructing transducer for complement of (initial, unsafe) pairs: 26[µs]
Time needed for building union of complements of preach and (initial, unsafe)-transducer: 10[µs]
Time needed for checking universality using antichains-inclusion algorithm: 27[µs]
Time needed for checking abstract safety: 100[µs]
...done.
Result: [0]
This means that the following properties could be separated from the initial configurations:
	[]
While the following properties could not be separated from the initial configurations:
	[exclusivenonexclusive]

real	0m0,058s
user	0m0,028s
sys	0m0,014s
********************
/home/jakob/Documents/abstracton/benchmarks/dodo/Berkeley.json
f
exclusivenonexclusive
systemd-run --user --scope -p MemoryMax=32G -p MemorySwapMax=7G timeout 1200 /home/jakob/Documents/abstracton/benchmarks/../build_release/benchmarks/solve_dodo -i f -p exclusivenonexclusive /home/jakob/Documents/abstracton/benchmarks/dodo/Berkeley.json --measure-time --no-dot-printing --universality-alg antichains-inclusion --ind-alg project
Running as unit: run-p2052248-i2061222.scope; invocation ID: e98c283616404f4db3523ab14ade67d9
Time needed for parsing json file: 2321[µs]
alphabet size: 4
using Flow interpretation
Time needed for constructing Flow interpretation transducer: 505[µs]
computing ind...
Time needed for computing composition v_delta of abstraction framework and transition relation: 7392[µs]
Time needed for reducing V o ->: 6709[µs]
Time needed for computing complement v_complement of abstraction framework: 148[µs]
Time needed for minimizing complement(V): 154[µs]
Time needed for computing intersection 'preprojection' of v_delta and v_complement: 340[µs]
Time needed for computing complement of ind (i.e. projecting preprojection onto first tape): 3351[µs]
Time needed for minimizing projection: 408994[µs]
Time needed for computing ind: 62[µs]
Time needed for minimizing ind: 49[µs]
Time needed for computing ind (total): 427480[µs]
automaton for ind has 7 states.
...done.
computing complement of preach...
Time needed for constructing identity on ind: 27[µs]
Time needed for computing product v_id of abstraction framework with identity on ind: 470[µs]
Time needed for computing product of v_id with complement of abstraction framework: 118[µs]
Time needed for computing complement of preach: 754[µs]
automaton for complement of preach has 5 states.
...of which, 2 states are at level 0.
Time needed for trimming complement of preach: 1[µs]
...done.
trying to prove abstract safety...
Time needed for constructing transducer for unsafe property: 2[µs]
Time needed for constructing transducer for (initial, unsafe) pairs: 15[µs]
Time needed for constructing transducer for complement of (initial, unsafe) pairs: 42[µs]
Time needed for building union of complements of preach and (initial, unsafe)-transducer: 10[µs]
Time needed for checking universality using antichains-inclusion algorithm: 33[µs]
Time needed for checking abstract safety: 128[µs]
...done.
Result: [0]
This means that the following properties could be separated from the initial configurations:
	[]
While the following properties could not be separated from the initial configurations:
	[exclusivenonexclusive]

real	0m0,467s
user	0m0,394s
sys	0m0,037s
********************
3 of 61
/home/jakob/Documents/abstracton/benchmarks/dodo/Berkeley.json
t
deadlock
systemd-run --user --scope -p MemoryMax=32G -p MemorySwapMax=7G timeout 1200 /home/jakob/Documents/abstracton/benchmarks/../build_release/benchmarks/solve_dodo -i t -p deadlock /home/jakob/Documents/abstracton/benchmarks/dodo/Berkeley.json --measure-time --no-dot-printing --universality-alg antichains-inclusion --ind-alg project
Running as unit: run-p2052257-i2061225.scope; invocation ID: c0300a20443e458482833112a80fc863
Time needed for parsing json file: 2213[µs]
alphabet size: 4
using Trap interpretation
Time needed for constructing Trap interpretation transducer: 603[µs]
computing ind...
Time needed for computing composition v_delta of abstraction framework and transition relation: 5165[µs]
Time needed for reducing V o ->: 3674[µs]
Time needed for computing complement v_complement of abstraction framework: 171[µs]
Time needed for minimizing complement(V): 119[µs]
Time needed for computing intersection 'preprojection' of v_delta and v_complement: 191[µs]
Time needed for computing complement of ind (i.e. projecting preprojection onto first tape): 1095[µs]
Time needed for minimizing projection: 13039[µs]
Time needed for computing ind: 53[µs]
Time needed for minimizing ind: 63[µs]
Time needed for computing ind (total): 23753[µs]
automaton for ind has 10 states.
...done.
computing complement of preach...
Time needed for constructing identity on ind: 41[µs]
Time needed for computing product v_id of abstraction framework with identity on ind: 1384[µs]
Time needed for computing product of v_id with complement of abstraction framework: 11181[µs]
Time needed for computing complement of preach: 12921[µs]
automaton for complement of preach has 462 states.
...of which, 14 states are at level 0.
Time needed for trimming complement of preach: 106[µs]
...done.
trying to prove abstract safety...
Time needed for constructing transducer for unsafe property: 3[µs]
Time needed for constructing transducer for (initial, unsafe) pairs: 22[µs]
Time needed for constructing transducer for complement of (initial, unsafe) pairs: 4[µs]
Time needed for building union of complements of preach and (initial, unsafe)-transducer: 132[µs]
Time needed for checking universality using antichains-inclusion algorithm: 262[µs]
Time needed for checking abstract safety: 505[µs]
...done.
Result: [1]
This means that the following properties could be separated from the initial configurations:
	[deadlock]
While the following properties could not be separated from the initial configurations:
	[]

real	0m0,076s
user	0m0,038s
sys	0m0,022s
********************
/home/jakob/Documents/abstracton/benchmarks/dodo/Berkeley.json
s
deadlock
systemd-run --user --scope -p MemoryMax=32G -p MemorySwapMax=7G timeout 1200 /home/jakob/Documents/abstracton/benchmarks/../build_release/benchmarks/solve_dodo -i s -p deadlock /home/jakob/Documents/abstracton/benchmarks/dodo/Berkeley.json --measure-time --no-dot-printing --universality-alg antichains-inclusion --ind-alg project
Running as unit: run-p2052259-i2061226.scope; invocation ID: df8b411bddc64a8293982df4c41c5fe3
Time needed for parsing json file: 2131[µs]
alphabet size: 4
using Siphon interpretation
Time needed for constructing Siphon interpretation transducer: 280[µs]
computing ind...
Time needed for computing composition v_delta of abstraction framework and transition relation: 4200[µs]
Time needed for reducing V o ->: 3535[µs]
Time needed for computing complement v_complement of abstraction framework: 157[µs]
Time needed for minimizing complement(V): 180[µs]
Time needed for computing intersection 'preprojection' of v_delta and v_complement: 254[µs]
Time needed for computing complement of ind (i.e. projecting preprojection onto first tape): 1165[µs]
Time needed for minimizing projection: 16758[µs]
Time needed for computing ind: 38[µs]
Time needed for minimizing ind: 40[µs]
Time needed for computing ind (total): 26507[µs]
automaton for ind has 5 states.
...done.
computing complement of preach...
Time needed for constructing identity on ind: 26[µs]
Time needed for computing product v_id of abstraction framework with identity on ind: 263[µs]
Time needed for computing product of v_id with complement of abstraction framework: 86[µs]
Time needed for computing complement of preach: 474[µs]
automaton for complement of preach has 5 states.
...of which, 2 states are at level 0.
Time needed for trimming complement of preach: 2[µs]
...done.
trying to prove abstract safety...
Time needed for constructing transducer for unsafe property: 5[µs]
Time needed for constructing transducer for (initial, unsafe) pairs: 24[µs]
Time needed for constructing transducer for complement of (initial, unsafe) pairs: 3[µs]
Time needed for building union of complements of preach and (initial, unsafe)-transducer: 8[µs]
Time needed for checking universality using antichains-inclusion algorithm: 20[µs]
Time needed for checking abstract safety: 85[µs]
...done.
Result: [1]
This means that the following properties could be separated from the initial configurations:
	[deadlock]
While the following properties could not be separated from the initial configurations:
	[]

real	0m0,073s
user	0m0,030s
sys	0m0,019s
********************
/home/jakob/Documents/abstracton/benchmarks/dodo/Berkeley.json
f
deadlock
systemd-run --user --scope -p MemoryMax=32G -p MemorySwapMax=7G timeout 1200 /home/jakob/Documents/abstracton/benchmarks/../build_release/benchmarks/solve_dodo -i f -p deadlock /home/jakob/Documents/abstracton/benchmarks/dodo/Berkeley.json --measure-time --no-dot-printing --universality-alg antichains-inclusion --ind-alg project
Running as unit: run-p2052261-i2061227.scope; invocation ID: e10072033c7e42fc9004eef280d48384
Time needed for parsing json file: 2587[µs]
alphabet size: 4
using Flow interpretation
Time needed for constructing Flow interpretation transducer: 526[µs]
computing ind...
Time needed for computing composition v_delta of abstraction framework and transition relation: 7204[µs]
Time needed for reducing V o ->: 6733[µs]
Time needed for computing complement v_complement of abstraction framework: 167[µs]
Time needed for minimizing complement(V): 155[µs]
Time needed for computing intersection 'preprojection' of v_delta and v_complement: 343[µs]
Time needed for computing complement of ind (i.e. projecting preprojection onto first tape): 2487[µs]
Time needed for minimizing projection: 376243[µs]
Time needed for computing ind: 62[µs]
Time needed for minimizing ind: 43[µs]
Time needed for computing ind (total): 393697[µs]
automaton for ind has 7 states.
...done.
computing complement of preach...
Time needed for constructing identity on ind: 27[µs]
Time needed for computing product v_id of abstraction framework with identity on ind: 509[µs]
Time needed for computing product of v_id with complement of abstraction framework: 126[µs]
Time needed for computing complement of preach: 806[µs]
automaton for complement of preach has 5 states.
...of which, 2 states are at level 0.
Time needed for trimming complement of preach: 1[µs]
...done.
trying to prove abstract safety...
Time needed for constructing transducer for unsafe property: 3[µs]
Time needed for constructing transducer for (initial, unsafe) pairs: 20[µs]
Time needed for constructing transducer for complement of (initial, unsafe) pairs: 3[µs]
Time needed for building union of complements of preach and (initial, unsafe)-transducer: 6[µs]
Time needed for checking universality using antichains-inclusion algorithm: 10[µs]
Time needed for checking abstract safety: 64[µs]
...done.
Result: [1]
This means that the following properties could be separated from the initial configurations:
	[deadlock]
While the following properties could not be separated from the initial configurations:
	[]

real	0m0,435s
user	0m0,386s
sys	0m0,033s
********************
4 of 61
/home/jakob/Documents/abstracton/benchmarks/dodo/Burns.json
t
nomutex
systemd-run --user --scope -p MemoryMax=32G -p MemorySwapMax=7G timeout 1200 /home/jakob/Documents/abstracton/benchmarks/../build_release/benchmarks/solve_dodo -i t -p nomutex /home/jakob/Documents/abstracton/benchmarks/dodo/Burns.json --measure-time --no-dot-printing --universality-alg antichains-inclusion --ind-alg project
Running as unit: run-p2052269-i2042831.scope; invocation ID: 12a3595fea8e43f597b75f93a7d02fa3
Time needed for parsing json file: 1615[µs]
alphabet size: 6
using Trap interpretation
Time needed for constructing Trap interpretation transducer: 3951[µs]
computing ind...
Time needed for computing composition v_delta of abstraction framework and transition relation: 14157[µs]
Time needed for reducing V o ->: 8901[µs]
Time needed for computing complement v_complement of abstraction framework: 357[µs]
Time needed for minimizing complement(V): 269[µs]
Time needed for computing intersection 'preprojection' of v_delta and v_complement: 267[µs]
Time needed for computing complement of ind (i.e. projecting preprojection onto first tape): 5702[µs]
Time needed for minimizing projection: 22275[µs]
Time needed for computing ind: 102[µs]
Time needed for minimizing ind: 127[µs]
Time needed for computing ind (total): 52489[µs]
automaton for ind has 7 states.
...done.
computing complement of preach...
Time needed for constructing identity on ind: 99[µs]
Time needed for computing product v_id of abstraction framework with identity on ind: 6642[µs]
Time needed for computing product of v_id with complement of abstraction framework: 48763[µs]
Time needed for computing complement of preach: 56519[µs]
automaton for complement of preach has 410 states.
...of which, 8 states are at level 0.
Time needed for trimming complement of preach: 123[µs]
...done.
trying to prove abstract safety...
Time needed for constructing transducer for unsafe property: 1[µs]
Time needed for constructing transducer for (initial, unsafe) pairs: 21[µs]
Time needed for constructing transducer for complement of (initial, unsafe) pairs: 32[µs]
Time needed for building union of complements of preach and (initial, unsafe)-transducer: 201[µs]
Time needed for checking universality using antichains-inclusion algorithm: 290[µs]
Time needed for checking abstract safety: 627[µs]
...done.
Result: [1]
This means that the following properties could be separated from the initial configurations:
	[nomutex]
While the following properties could not be separated from the initial configurations:
	[]

real	0m0,153s
user	0m0,097s
sys	0m0,041s
********************
/home/jakob/Documents/abstracton/benchmarks/dodo/Burns.json
s
nomutex
systemd-run --user --scope -p MemoryMax=32G -p MemorySwapMax=7G timeout 1200 /home/jakob/Documents/abstracton/benchmarks/../build_release/benchmarks/solve_dodo -i s -p nomutex /home/jakob/Documents/abstracton/benchmarks/dodo/Burns.json --measure-time --no-dot-printing --universality-alg antichains-inclusion --ind-alg project
Running as unit: run-p2052271-i2042832.scope; invocation ID: a15e9a84621f45928600861654308527
Time needed for parsing json file: 1595[µs]
alphabet size: 6
using Siphon interpretation
Time needed for constructing Siphon interpretation transducer: 1295[µs]
computing ind...
Time needed for computing composition v_delta of abstraction framework and transition relation: 8697[µs]
Time needed for reducing V o ->: 10480[µs]
Time needed for computing complement v_complement of abstraction framework: 278[µs]
Time needed for minimizing complement(V): 345[µs]
Time needed for computing intersection 'preprojection' of v_delta and v_complement: 286[µs]
Time needed for computing complement of ind (i.e. projecting preprojection onto first tape): 6161[µs]
Time needed for minimizing projection: 10026[µs]
Time needed for computing ind: 51[µs]
Time needed for minimizing ind: 62[µs]
Time needed for computing ind (total): 36645[µs]
automaton for ind has 3 states.
...done.
computing complement of preach...
Time needed for constructing identity on ind: 46[µs]
Time needed for computing product v_id of abstraction framework with identity on ind: 584[µs]
Time needed for computing product of v_id with complement of abstraction framework: 111[µs]
Time needed for computing complement of preach: 1015[µs]
automaton for complement of preach has 0 states.
...of which, 0 states are at level 0.
Time needed for trimming complement of preach: 0[µs]
...done.
trying to prove abstract safety...
Time needed for constructing transducer for unsafe property: 1[µs]
Time needed for constructing transducer for (initial, unsafe) pairs: 16[µs]
Time needed for constructing transducer for complement of (initial, unsafe) pairs: 28[µs]
Time needed for building union of complements of preach and (initial, unsafe)-transducer: 6[µs]
Time needed for checking universality using antichains-inclusion algorithm: 24[µs]
Time needed for checking abstract safety: 108[µs]
...done.
Result: [0]
This means that the following properties could be separated from the initial configurations:
	[]
While the following properties could not be separated from the initial configurations:
	[nomutex]

real	0m0,077s
user	0m0,038s
sys	0m0,023s
********************
/home/jakob/Documents/abstracton/benchmarks/dodo/Burns.json
f
nomutex
systemd-run --user --scope -p MemoryMax=32G -p MemorySwapMax=7G timeout 1200 /home/jakob/Documents/abstracton/benchmarks/../build_release/benchmarks/solve_dodo -i f -p nomutex /home/jakob/Documents/abstracton/benchmarks/dodo/Burns.json --measure-time --no-dot-printing --universality-alg antichains-inclusion --ind-alg project
Running as unit: run-p2052273-i2042833.scope; invocation ID: 04d516cce3ab46c0bd0ec256363ecf17
Time needed for parsing json file: 1680[µs]
alphabet size: 6
using Flow interpretation
Time needed for constructing Flow interpretation transducer: 4461[µs]
computing ind...
Time needed for computing composition v_delta of abstraction framework and transition relation: 15745[µs]
Time needed for reducing V o ->: 23026[µs]
Time needed for computing complement v_complement of abstraction framework: 412[µs]
Time needed for minimizing complement(V): 442[µs]
Time needed for computing intersection 'preprojection' of v_delta and v_complement: 542[µs]
Time needed for computing complement of ind (i.e. projecting preprojection onto first tape): 15948[µs]
Time needed for minimizing projection: 176298[µs]
Time needed for computing ind: 102[µs]
Time needed for minimizing ind: 97[µs]
Time needed for computing ind (total): 233109[µs]
automaton for ind has 5 states.
...done.
computing complement of preach...
Time needed for constructing identity on ind: 71[µs]
Time needed for computing product v_id of abstraction framework with identity on ind: 2028[µs]
Time needed for computing product of v_id with complement of abstraction framework: 200[µs]
Time needed for computing complement of preach: 2814[µs]
automaton for complement of preach has 0 states.
...of which, 0 states are at level 0.
Time needed for trimming complement of preach: 0[µs]
...done.
trying to prove abstract safety...
Time needed for constructing transducer for unsafe property: 1[µs]
Time needed for constructing transducer for (initial, unsafe) pairs: 17[µs]
Time needed for constructing transducer for complement of (initial, unsafe) pairs: 28[µs]
Time needed for building union of complements of preach and (initial, unsafe)-transducer: 6[µs]
Time needed for checking universality using antichains-inclusion algorithm: 25[µs]
Time needed for checking abstract safety: 99[µs]
...done.
Result: [0]
This means that the following properties could be separated from the initial configurations:
	[]
While the following properties could not be separated from the initial configurations:
	[nomutex]

real	0m0,274s
user	0m0,214s
sys	0m0,043s
********************
5 of 61
/home/jakob/Documents/abstracton/benchmarks/dodo/Burns.json
t
deadlock
systemd-run --user --scope -p MemoryMax=32G -p MemorySwapMax=7G timeout 1200 /home/jakob/Documents/abstracton/benchmarks/../build_release/benchmarks/solve_dodo -i t -p deadlock /home/jakob/Documents/abstracton/benchmarks/dodo/Burns.json --measure-time --no-dot-printing --universality-alg antichains-inclusion --ind-alg project
Running as unit: run-p2052281-i2061232.scope; invocation ID: 3154a8f58ae549eea518ab3e2c9086ec
Time needed for parsing json file: 1618[µs]
alphabet size: 6
using Trap interpretation
Time needed for constructing Trap interpretation transducer: 3965[µs]
computing ind...
Time needed for computing composition v_delta of abstraction framework and transition relation: 14657[µs]
Time needed for reducing V o ->: 10302[µs]
Time needed for computing complement v_complement of abstraction framework: 322[µs]
Time needed for minimizing complement(V): 250[µs]
Time needed for computing intersection 'preprojection' of v_delta and v_complement: 258[µs]
Time needed for computing complement of ind (i.e. projecting preprojection onto first tape): 5653[µs]
Time needed for minimizing projection: 29891[µs]
Time needed for computing ind: 291[µs]
Time needed for minimizing ind: 411[µs]
Time needed for computing ind (total): 62634[µs]
automaton for ind has 7 states.
...done.
computing complement of preach...
Time needed for constructing identity on ind: 332[µs]
Time needed for computing product v_id of abstraction framework with identity on ind: 13364[µs]
Time needed for computing product of v_id with complement of abstraction framework: 58129[µs]
Time needed for computing complement of preach: 73480[µs]
automaton for complement of preach has 410 states.
...of which, 8 states are at level 0.
Time needed for trimming complement of preach: 130[µs]
...done.
trying to prove abstract safety...
Time needed for constructing transducer for unsafe property: 2[µs]
Time needed for constructing transducer for (initial, unsafe) pairs: 19[µs]
Time needed for constructing transducer for complement of (initial, unsafe) pairs: 5[µs]
Time needed for building union of complements of preach and (initial, unsafe)-transducer: 197[µs]
Time needed for checking universality using antichains-inclusion algorithm: 268[µs]
Time needed for checking abstract safety: 565[µs]
...done.
Result: [1]
This means that the following properties could be separated from the initial configurations:
	[deadlock]
While the following properties could not be separated from the initial configurations:
	[]

real	0m0,184s
user	0m0,116s
sys	0m0,047s
********************
/home/jakob/Documents/abstracton/benchmarks/dodo/Burns.json
s
deadlock
systemd-run --user --scope -p MemoryMax=32G -p MemorySwapMax=7G timeout 1200 /home/jakob/Documents/abstracton/benchmarks/../build_release/benchmarks/solve_dodo -i s -p deadlock /home/jakob/Documents/abstracton/benchmarks/dodo/Burns.json --measure-time --no-dot-printing --universality-alg antichains-inclusion --ind-alg project
Running as unit: run-p2052283-i2061233.scope; invocation ID: 4ba95042107b4f6d8d53d7af5f62eb0a
Time needed for parsing json file: 1645[µs]
alphabet size: 6
using Siphon interpretation
Time needed for constructing Siphon interpretation transducer: 1297[µs]
computing ind...
Time needed for computing composition v_delta of abstraction framework and transition relation: 8716[µs]
Time needed for reducing V o ->: 10972[µs]
Time needed for computing complement v_complement of abstraction framework: 316[µs]
Time needed for minimizing complement(V): 381[µs]
Time needed for computing intersection 'preprojection' of v_delta and v_complement: 319[µs]
Time needed for computing complement of ind (i.e. projecting preprojection onto first tape): 5901[µs]
Time needed for minimizing projection: 10477[µs]
Time needed for computing ind: 47[µs]
Time needed for minimizing ind: 59[µs]
Time needed for computing ind (total): 37449[µs]
automaton for ind has 3 states.
...done.
computing complement of preach...
Time needed for constructing identity on ind: 43[µs]
Time needed for computing product v_id of abstraction framework with identity on ind: 554[µs]
Time needed for computing product of v_id with complement of abstraction framework: 97[µs]
Time needed for computing complement of preach: 953[µs]
automaton for complement of preach has 0 states.
...of which, 0 states are at level 0.
Time needed for trimming complement of preach: 0[µs]
...done.
trying to prove abstract safety...
Time needed for constructing transducer for unsafe property: 2[µs]
Time needed for constructing transducer for (initial, unsafe) pairs: 15[µs]
Time needed for constructing transducer for complement of (initial, unsafe) pairs: 3[µs]
Time needed for building union of complements of preach and (initial, unsafe)-transducer: 3[µs]
Time needed for checking universality using antichains-inclusion algorithm: 15[µs]
Time needed for checking abstract safety: 58[µs]
...done.
Result: [1]
This means that the following properties could be separated from the initial configurations:
	[deadlock]
While the following properties could not be separated from the initial configurations:
	[]

real	0m0,074s
user	0m0,046s
sys	0m0,013s
********************
/home/jakob/Documents/abstracton/benchmarks/dodo/Burns.json
f
deadlock
systemd-run --user --scope -p MemoryMax=32G -p MemorySwapMax=7G timeout 1200 /home/jakob/Documents/abstracton/benchmarks/../build_release/benchmarks/solve_dodo -i f -p deadlock /home/jakob/Documents/abstracton/benchmarks/dodo/Burns.json --measure-time --no-dot-printing --universality-alg antichains-inclusion --ind-alg project
Running as unit: run-p2052285-i2061234.scope; invocation ID: 6add8de143084d58990103f936dc7b1c
Time needed for parsing json file: 1739[µs]
alphabet size: 6
using Flow interpretation
Time needed for constructing Flow interpretation transducer: 5113[µs]
computing ind...
Time needed for computing composition v_delta of abstraction framework and transition relation: 20043[µs]
Time needed for reducing V o ->: 30236[µs]
Time needed for computing complement v_complement of abstraction framework: 643[µs]
Time needed for minimizing complement(V): 451[µs]
Time needed for computing intersection 'preprojection' of v_delta and v_complement: 540[µs]
Time needed for computing complement of ind (i.e. projecting preprojection onto first tape): 15640[µs]
Time needed for minimizing projection: 201651[µs]
Time needed for computing ind: 105[µs]
Time needed for minimizing ind: 96[µs]
Time needed for computing ind (total): 269907[µs]
automaton for ind has 5 states.
...done.
computing complement of preach...
Time needed for constructing identity on ind: 82[µs]
Time needed for computing product v_id of abstraction framework with identity on ind: 1951[µs]
Time needed for computing product of v_id with complement of abstraction framework: 196[µs]
Time needed for computing complement of preach: 2760[µs]
automaton for complement of preach has 0 states.
...of which, 0 states are at level 0.
Time needed for trimming complement of preach: 0[µs]
...done.
trying to prove abstract safety...
Time needed for constructing transducer for unsafe property: 3[µs]
Time needed for constructing transducer for (initial, unsafe) pairs: 15[µs]
Time needed for constructing transducer for complement of (initial, unsafe) pairs: 4[µs]
Time needed for building union of complements of preach and (initial, unsafe)-transducer: 3[µs]
Time needed for checking universality using antichains-inclusion algorithm: 9[µs]
Time needed for checking abstract safety: 54[µs]
...done.
Result: [1]
This means that the following properties could be separated from the initial configurations:
	[deadlock]
While the following properties could not be separated from the initial configurations:
	[]

real	0m0,316s
user	0m0,252s
sys	0m0,037s
********************
6 of 61
/home/jakob/Documents/abstracton/benchmarks/dodo/Dijkstra-Scholten.json
t
twob
systemd-run --user --scope -p MemoryMax=32G -p MemorySwapMax=7G timeout 1200 /home/jakob/Documents/abstracton/benchmarks/../build_release/benchmarks/solve_dodo -i t -p twob /home/jakob/Documents/abstracton/benchmarks/dodo/Dijkstra-Scholten.json --measure-time --no-dot-printing --universality-alg antichains-inclusion --ind-alg project
Running as unit: run-p2052297-i2061237.scope; invocation ID: 362e1bbc3cc6442aaa1936d1a1f8f257
Time needed for parsing json file: 1310[µs]
alphabet size: 4
using Trap interpretation
Time needed for constructing Trap interpretation transducer: 763[µs]
computing ind...
Time needed for computing composition v_delta of abstraction framework and transition relation: 2460[µs]
Time needed for reducing V o ->: 1983[µs]
Time needed for computing complement v_complement of abstraction framework: 205[µs]
Time needed for minimizing complement(V): 106[µs]
Time needed for computing intersection 'preprojection' of v_delta and v_complement: 84[µs]
Time needed for computing complement of ind (i.e. projecting preprojection onto first tape): 421[µs]
Time needed for minimizing projection: 828[µs]
Time needed for computing ind: 62[µs]
Time needed for minimizing ind: 90[µs]
Time needed for computing ind (total): 6396[µs]
automaton for ind has 8 states.
...done.
computing complement of preach...
Time needed for constructing identity on ind: 61[µs]
Time needed for computing product v_id of abstraction framework with identity on ind: 3360[µs]
Time needed for computing product of v_id with complement of abstraction framework: 13758[µs]
Time needed for computing complement of preach: 17566[µs]
automaton for complement of preach has 428 states.
...of which, 12 states are at level 0.
Time needed for trimming complement of preach: 83[µs]
...done.
trying to prove abstract safety...
Time needed for constructing transducer for unsafe property: 1[µs]
Time needed for constructing transducer for (initial, unsafe) pairs: 23[µs]
Time needed for constructing transducer for complement of (initial, unsafe) pairs: 36[µs]
Time needed for building union of complements of preach and (initial, unsafe)-transducer: 160[µs]
Time needed for checking universality using antichains-inclusion algorithm: 334[µs]
Time needed for checking abstract safety: 621[µs]
...done.
Result: [1]
This means that the following properties could be separated from the initial configurations:
	[twob]
While the following properties could not be separated from the initial configurations:
	[]

real	0m0,068s
user	0m0,025s
sys	0m0,022s
********************
/home/jakob/Documents/abstracton/benchmarks/dodo/Dijkstra-Scholten.json
s
twob
systemd-run --user --scope -p MemoryMax=32G -p MemorySwapMax=7G timeout 1200 /home/jakob/Documents/abstracton/benchmarks/../build_release/benchmarks/solve_dodo -i s -p twob /home/jakob/Documents/abstracton/benchmarks/dodo/Dijkstra-Scholten.json --measure-time --no-dot-printing --universality-alg antichains-inclusion --ind-alg project
Running as unit: run-p2052299-i2042836.scope; invocation ID: 392ad707e2bc4bbcb9eba7f2cfad7d45
Time needed for parsing json file: 1357[µs]
alphabet size: 4
using Siphon interpretation
Time needed for constructing Siphon interpretation transducer: 287[µs]
computing ind...
Time needed for computing composition v_delta of abstraction framework and transition relation: 1549[µs]
Time needed for reducing V o ->: 2102[µs]
Time needed for computing complement v_complement of abstraction framework: 211[µs]
Time needed for minimizing complement(V): 200[µs]
Time needed for computing intersection 'preprojection' of v_delta and v_complement: 112[µs]
Time needed for computing complement of ind (i.e. projecting preprojection onto first tape): 556[µs]
Time needed for minimizing projection: 1327[µs]
Time needed for computing ind: 93[µs]
Time needed for minimizing ind: 136[µs]
Time needed for computing ind (total): 6484[µs]
automaton for ind has 8 states.
...done.
computing complement of preach...
Time needed for constructing identity on ind: 95[µs]
Time needed for computing product v_id of abstraction framework with identity on ind: 2015[µs]
Time needed for computing product of v_id with complement of abstraction framework: 2127[µs]
Time needed for computing complement of preach: 4502[µs]
automaton for complement of preach has 222 states.
...of which, 12 states are at level 0.
Time needed for trimming complement of preach: 70[µs]
...done.
trying to prove abstract safety...
Time needed for constructing transducer for unsafe property: 2[µs]
Time needed for constructing transducer for (initial, unsafe) pairs: 30[µs]
Time needed for constructing transducer for complement of (initial, unsafe) pairs: 47[µs]
Time needed for building union of complements of preach and (initial, unsafe)-transducer: 162[µs]
Time needed for checking universality using antichains-inclusion algorithm: 285[µs]
Time needed for checking abstract safety: 601[µs]
...done.
Result: [0]
This means that the following properties could be separated from the initial configurations:
	[]
While the following properties could not be separated from the initial configurations:
	[twob]

real	0m0,050s
user	0m0,019s
sys	0m0,011s
********************
/home/jakob/Documents/abstracton/benchmarks/dodo/Dijkstra-Scholten.json
f
twob
systemd-run --user --scope -p MemoryMax=32G -p MemorySwapMax=7G timeout 1200 /home/jakob/Documents/abstracton/benchmarks/../build_release/benchmarks/solve_dodo -i f -p twob /home/jakob/Documents/abstracton/benchmarks/dodo/Dijkstra-Scholten.json --measure-time --no-dot-printing --universality-alg antichains-inclusion --ind-alg project
Running as unit: run-p2052301-i2042837.scope; invocation ID: c9983a34efab417eb3a6301b6f2ae34c
Time needed for parsing json file: 1343[µs]
alphabet size: 4
using Flow interpretation
Time needed for constructing Flow interpretation transducer: 643[µs]
computing ind...
Time needed for computing composition v_delta of abstraction framework and transition relation: 3186[µs]
Time needed for reducing V o ->: 4406[µs]
Time needed for computing complement v_complement of abstraction framework: 408[µs]
Time needed for minimizing complement(V): 606[µs]
Time needed for computing intersection 'preprojection' of v_delta and v_complement: 568[µs]
Time needed for computing complement of ind (i.e. projecting preprojection onto first tape): 1936[µs]
Time needed for minimizing projection: 16119[µs]
Time needed for computing ind: 125[µs]
Time needed for minimizing ind: 156[µs]
Time needed for computing ind (total): 27747[µs]
automaton for ind has 23 states.
...done.
computing complement of preach...
Time needed for constructing identity on ind: 110[µs]
Time needed for computing product v_id of abstraction framework with identity on ind: 4381[µs]
Time needed for computing product of v_id with complement of abstraction framework: 3834[µs]
Time needed for computing complement of preach: 8690[µs]
automaton for complement of preach has 1114 states.
...of which, 65 states are at level 0.
Time needed for trimming complement of preach: 199[µs]
...done.
trying to prove abstract safety...
Time needed for constructing transducer for unsafe property: 1[µs]
Time needed for constructing transducer for (initial, unsafe) pairs: 20[µs]
Time needed for constructing transducer for complement of (initial, unsafe) pairs: 31[µs]
Time needed for building union of complements of preach and (initial, unsafe)-transducer: 431[µs]
Time needed for checking universality using antichains-inclusion algorithm: 759[µs]
Time needed for checking abstract safety: 1391[µs]
...done.
Result: [1]
This means that the following properties could be separated from the initial configurations:
	[twob]
While the following properties could not be separated from the initial configurations:
	[]

real	0m0,076s
user	0m0,043s
sys	0m0,017s
********************
7 of 61
/home/jakob/Documents/abstracton/benchmarks/dodo/Dijkstra-Scholten.json
t
twod
systemd-run --user --scope -p MemoryMax=32G -p MemorySwapMax=7G timeout 1200 /home/jakob/Documents/abstracton/benchmarks/../build_release/benchmarks/solve_dodo -i t -p twod /home/jakob/Documents/abstracton/benchmarks/dodo/Dijkstra-Scholten.json --measure-time --no-dot-printing --universality-alg antichains-inclusion --ind-alg project
Running as unit: run-p2052310-i2061241.scope; invocation ID: 1a6374de729742c8bf7bab3ef3e2cf6e
Time needed for parsing json file: 1343[µs]
alphabet size: 4
using Trap interpretation
Time needed for constructing Trap interpretation transducer: 752[µs]
computing ind...
Time needed for computing composition v_delta of abstraction framework and transition relation: 2495[µs]
Time needed for reducing V o ->: 1980[µs]
Time needed for computing complement v_complement of abstraction framework: 204[µs]
Time needed for minimizing complement(V): 190[µs]
Time needed for computing intersection 'preprojection' of v_delta and v_complement: 129[µs]
Time needed for computing complement of ind (i.e. projecting preprojection onto first tape): 633[µs]
Time needed for minimizing projection: 1073[µs]
Time needed for computing ind: 69[µs]
Time needed for minimizing ind: 90[µs]
Time needed for computing ind (total): 7007[µs]
automaton for ind has 8 states.
...done.
computing complement of preach...
Time needed for constructing identity on ind: 72[µs]
Time needed for computing product v_id of abstraction framework with identity on ind: 3570[µs]
Time needed for computing product of v_id with complement of abstraction framework: 15056[µs]
Time needed for computing complement of preach: 19119[µs]
automaton for complement of preach has 428 states.
...of which, 12 states are at level 0.
Time needed for trimming complement of preach: 96[µs]
...done.
trying to prove abstract safety...
Time needed for constructing transducer for unsafe property: 2[µs]
Time needed for constructing transducer for (initial, unsafe) pairs: 25[µs]
Time needed for constructing transducer for complement of (initial, unsafe) pairs: 38[µs]
Time needed for building union of complements of preach and (initial, unsafe)-transducer: 147[µs]
Time needed for checking universality using antichains-inclusion algorithm: 268[µs]
Time needed for checking abstract safety: 561[µs]
...done.
Result: [1]
This means that the following properties could be separated from the initial configurations:
	[twod]
While the following properties could not be separated from the initial configurations:
	[]

real	0m0,074s
user	0m0,025s
sys	0m0,022s
********************
/home/jakob/Documents/abstracton/benchmarks/dodo/Dijkstra-Scholten.json
s
twod
systemd-run --user --scope -p MemoryMax=32G -p MemorySwapMax=7G timeout 1200 /home/jakob/Documents/abstracton/benchmarks/../build_release/benchmarks/solve_dodo -i s -p twod /home/jakob/Documents/abstracton/benchmarks/dodo/Dijkstra-Scholten.json --measure-time --no-dot-printing --universality-alg antichains-inclusion --ind-alg project
Running as unit: run-p2052313-i2061242.scope; invocation ID: 6ed113c8798e46688e4141c213114dbe
Time needed for parsing json file: 1343[µs]
alphabet size: 4
using Siphon interpretation
Time needed for constructing Siphon interpretation transducer: 309[µs]
computing ind...
Time needed for computing composition v_delta of abstraction framework and transition relation: 1516[µs]
Time needed for reducing V o ->: 1539[µs]
Time needed for computing complement v_complement of abstraction framework: 153[µs]
Time needed for minimizing complement(V): 199[µs]
Time needed for computing intersection 'preprojection' of v_delta and v_complement: 111[µs]
Time needed for computing complement of ind (i.e. projecting preprojection onto first tape): 555[µs]
Time needed for minimizing projection: 1280[µs]
Time needed for computing ind: 92[µs]
Time needed for minimizing ind: 135[µs]
Time needed for computing ind (total): 5778[µs]
automaton for ind has 8 states.
...done.
computing complement of preach...
Time needed for constructing identity on ind: 96[µs]
Time needed for computing product v_id of abstraction framework with identity on ind: 1548[µs]
Time needed for computing product of v_id with complement of abstraction framework: 1524[µs]
Time needed for computing complement of preach: 3439[µs]
automaton for complement of preach has 222 states.
...of which, 12 states are at level 0.
Time needed for trimming complement of preach: 61[µs]
...done.
trying to prove abstract safety...
Time needed for constructing transducer for unsafe property: 2[µs]
Time needed for constructing transducer for (initial, unsafe) pairs: 31[µs]
Time needed for constructing transducer for complement of (initial, unsafe) pairs: 50[µs]
Time needed for building union of complements of preach and (initial, unsafe)-transducer: 172[µs]
Time needed for checking universality using antichains-inclusion algorithm: 313[µs]
Time needed for checking abstract safety: 652[µs]
...done.
Result: [0]
This means that the following properties could be separated from the initial configurations:
	[]
While the following properties could not be separated from the initial configurations:
	[twod]

real	0m0,052s
user	0m0,016s
sys	0m0,017s
********************
/home/jakob/Documents/abstracton/benchmarks/dodo/Dijkstra-Scholten.json
f
twod
systemd-run --user --scope -p MemoryMax=32G -p MemorySwapMax=7G timeout 1200 /home/jakob/Documents/abstracton/benchmarks/../build_release/benchmarks/solve_dodo -i f -p twod /home/jakob/Documents/abstracton/benchmarks/dodo/Dijkstra-Scholten.json --measure-time --no-dot-printing --universality-alg antichains-inclusion --ind-alg project
Running as unit: run-p2052315-i2061243.scope; invocation ID: ceebf68467644c19a6e67d8d256b203a
Time needed for parsing json file: 1432[µs]
alphabet size: 4
using Flow interpretation
Time needed for constructing Flow interpretation transducer: 635[µs]
computing ind...
Time needed for computing composition v_delta of abstraction framework and transition relation: 3259[µs]
Time needed for reducing V o ->: 3489[µs]
Time needed for computing complement v_complement of abstraction framework: 288[µs]
Time needed for minimizing complement(V): 324[µs]
Time needed for computing intersection 'preprojection' of v_delta and v_complement: 287[µs]
Time needed for computing complement of ind (i.e. projecting preprojection onto first tape): 1709[µs]
Time needed for minimizing projection: 15921[µs]
Time needed for computing ind: 131[µs]
Time needed for minimizing ind: 163[µs]
Time needed for computing ind (total): 25798[µs]
automaton for ind has 23 states.
...done.
computing complement of preach...
Time needed for constructing identity on ind: 114[µs]
Time needed for computing product v_id of abstraction framework with identity on ind: 4499[µs]
Time needed for computing product of v_id with complement of abstraction framework: 4252[µs]
Time needed for computing complement of preach: 9261[µs]
automaton for complement of preach has 1114 states.
...of which, 65 states are at level 0.
Time needed for trimming complement of preach: 221[µs]
...done.
trying to prove abstract safety...
Time needed for constructing transducer for unsafe property: 1[µs]
Time needed for constructing transducer for (initial, unsafe) pairs: 22[µs]
Time needed for constructing transducer for complement of (initial, unsafe) pairs: 33[µs]
Time needed for building union of complements of preach and (initial, unsafe)-transducer: 465[µs]
Time needed for checking universality using antichains-inclusion algorithm: 778[µs]
Time needed for checking abstract safety: 1451[µs]
...done.
Result: [1]
This means that the following properties could be separated from the initial configurations:
	[twod]
While the following properties could not be separated from the initial configurations:
	[]

real	0m0,084s
user	0m0,038s
sys	0m0,022s
********************
8 of 61
/home/jakob/Documents/abstracton/benchmarks/dodo/Dijkstra-Scholten.json
t
deadlock
systemd-run --user --scope -p MemoryMax=32G -p MemorySwapMax=7G timeout 1200 /home/jakob/Documents/abstracton/benchmarks/../build_release/benchmarks/solve_dodo -i t -p deadlock /home/jakob/Documents/abstracton/benchmarks/dodo/Dijkstra-Scholten.json --measure-time --no-dot-printing --universality-alg antichains-inclusion --ind-alg project
Running as unit: run-p2052323-i2061246.scope; invocation ID: 60f41ad79953403fa4aefe46879a9545
Time needed for parsing json file: 1357[µs]
alphabet size: 4
using Trap interpretation
Time needed for constructing Trap interpretation transducer: 825[µs]
computing ind...
Time needed for computing composition v_delta of abstraction framework and transition relation: 2494[µs]
Time needed for reducing V o ->: 2565[µs]
Time needed for computing complement v_complement of abstraction framework: 209[µs]
Time needed for minimizing complement(V): 149[µs]
Time needed for computing intersection 'preprojection' of v_delta and v_complement: 179[µs]
Time needed for computing complement of ind (i.e. projecting preprojection onto first tape): 850[µs]
Time needed for minimizing projection: 1097[µs]
Time needed for computing ind: 61[µs]
Time needed for minimizing ind: 87[µs]
Time needed for computing ind (total): 7877[µs]
automaton for ind has 8 states.
...done.
computing complement of preach...
Time needed for constructing identity on ind: 59[µs]
Time needed for computing product v_id of abstraction framework with identity on ind: 3532[µs]
Time needed for computing product of v_id with complement of abstraction framework: 16150[µs]
Time needed for computing complement of preach: 20171[µs]
automaton for complement of preach has 428 states.
...of which, 12 states are at level 0.
Time needed for trimming complement of preach: 92[µs]
...done.
trying to prove abstract safety...
Time needed for constructing transducer for unsafe property: 2[µs]
Time needed for constructing transducer for (initial, unsafe) pairs: 27[µs]
Time needed for constructing transducer for complement of (initial, unsafe) pairs: 39[µs]
Time needed for building union of complements of preach and (initial, unsafe)-transducer: 134[µs]
Time needed for checking universality using antichains-inclusion algorithm: 284[µs]
Time needed for checking abstract safety: 555[µs]
...done.
Result: [1]
This means that the following properties could be separated from the initial configurations:
	[deadlock]
While the following properties could not be separated from the initial configurations:
	[]

real	0m0,070s
user	0m0,021s
sys	0m0,031s
********************
/home/jakob/Documents/abstracton/benchmarks/dodo/Dijkstra-Scholten.json
s
deadlock
systemd-run --user --scope -p MemoryMax=32G -p MemorySwapMax=7G timeout 1200 /home/jakob/Documents/abstracton/benchmarks/../build_release/benchmarks/solve_dodo -i s -p deadlock /home/jakob/Documents/abstracton/benchmarks/dodo/Dijkstra-Scholten.json --measure-time --no-dot-printing --universality-alg antichains-inclusion --ind-alg project
Running as unit: run-p2052325-i2061247.scope; invocation ID: ecc1863ae57646bc9202d347afeada1a
Time needed for parsing json file: 1441[µs]
alphabet size: 4
using Siphon interpretation
Time needed for constructing Siphon interpretation transducer: 284[µs]
computing ind...
Time needed for computing composition v_delta of abstraction framework and transition relation: 1536[µs]
Time needed for reducing V o ->: 1487[µs]
Time needed for computing complement v_complement of abstraction framework: 153[µs]
Time needed for minimizing complement(V): 182[µs]
Time needed for computing intersection 'preprojection' of v_delta and v_complement: 112[µs]
Time needed for computing complement of ind (i.e. projecting preprojection onto first tape): 539[µs]
Time needed for minimizing projection: 1390[µs]
Time needed for computing ind: 94[µs]
Time needed for minimizing ind: 137[µs]
Time needed for computing ind (total): 5832[µs]
automaton for ind has 8 states.
...done.
computing complement of preach...
Time needed for constructing identity on ind: 97[µs]
Time needed for computing product v_id of abstraction framework with identity on ind: 1990[µs]
Time needed for computing product of v_id with complement of abstraction framework: 1804[µs]
Time needed for computing complement of preach: 4155[µs]
automaton for complement of preach has 222 states.
...of which, 12 states are at level 0.
Time needed for trimming complement of preach: 58[µs]
...done.
trying to prove abstract safety...
Time needed for constructing transducer for unsafe property: 6[µs]
Time needed for constructing transducer for (initial, unsafe) pairs: 45[µs]
Time needed for constructing transducer for complement of (initial, unsafe) pairs: 65[µs]
Time needed for building union of complements of preach and (initial, unsafe)-transducer: 164[µs]
Time needed for checking universality using antichains-inclusion algorithm: 323[µs]
Time needed for checking abstract safety: 690[µs]
...done.
Result: [0]
This means that the following properties could be separated from the initial configurations:
	[]
While the following properties could not be separated from the initial configurations:
	[deadlock]

real	0m0,049s
user	0m0,017s
sys	0m0,018s
********************
/home/jakob/Documents/abstracton/benchmarks/dodo/Dijkstra-Scholten.json
f
deadlock
systemd-run --user --scope -p MemoryMax=32G -p MemorySwapMax=7G timeout 1200 /home/jakob/Documents/abstracton/benchmarks/../build_release/benchmarks/solve_dodo -i f -p deadlock /home/jakob/Documents/abstracton/benchmarks/dodo/Dijkstra-Scholten.json --measure-time --no-dot-printing --universality-alg antichains-inclusion --ind-alg project
Running as unit: run-p2052327-i2061248.scope; invocation ID: ea4d238f5a12409d9ea8d8cf7832eadd
Time needed for parsing json file: 1414[µs]
alphabet size: 4
using Flow interpretation
Time needed for constructing Flow interpretation transducer: 630[µs]
computing ind...
Time needed for computing composition v_delta of abstraction framework and transition relation: 3309[µs]
Time needed for reducing V o ->: 2840[µs]
Time needed for computing complement v_complement of abstraction framework: 235[µs]
Time needed for minimizing complement(V): 242[µs]
Time needed for computing intersection 'preprojection' of v_delta and v_complement: 229[µs]
Time needed for computing complement of ind (i.e. projecting preprojection onto first tape): 1389[µs]
Time needed for minimizing projection: 16664[µs]
Time needed for computing ind: 117[µs]
Time needed for minimizing ind: 153[µs]
Time needed for computing ind (total): 25396[µs]
automaton for ind has 23 states.
...done.
computing complement of preach...
Time needed for constructing identity on ind: 97[µs]
Time needed for computing product v_id of abstraction framework with identity on ind: 4136[µs]
Time needed for computing product of v_id with complement of abstraction framework: 4508[µs]
Time needed for computing complement of preach: 9090[µs]
automaton for complement of preach has 1114 states.
...of which, 65 states are at level 0.
Time needed for trimming complement of preach: 223[µs]
...done.
trying to prove abstract safety...
Time needed for constructing transducer for unsafe property: 4[µs]
Time needed for constructing transducer for (initial, unsafe) pairs: 37[µs]
Time needed for constructing transducer for complement of (initial, unsafe) pairs: 38[µs]
Time needed for building union of complements of preach and (initial, unsafe)-transducer: 460[µs]
Time needed for checking universality using antichains-inclusion algorithm: 779[µs]
Time needed for checking abstract safety: 1480[µs]
...done.
Result: [1]
This means that the following properties could be separated from the initial configurations:
	[deadlock]
While the following properties could not be separated from the initial configurations:
	[]

real	0m0,082s
user	0m0,035s
sys	0m0,024s
********************
9 of 61
/home/jakob/Documents/abstracton/benchmarks/dodo/Dijkstra-ring.json
t
nomutex
systemd-run --user --scope -p MemoryMax=32G -p MemorySwapMax=7G timeout 1200 /home/jakob/Documents/abstracton/benchmarks/../build_release/benchmarks/solve_dodo -i t -p nomutex /home/jakob/Documents/abstracton/benchmarks/dodo/Dijkstra-ring.json --measure-time --no-dot-printing --universality-alg antichains-inclusion --ind-alg project
Running as unit: run-p2052336-i2061251.scope; invocation ID: bc3af23ed04747a08ab206c642707a3e
Time needed for parsing json file: 8882[µs]
alphabet size: 12
using Trap interpretation
Time needed for constructing Trap interpretation transducer: 238503[µs]
computing ind...
Time needed for computing composition v_delta of abstraction framework and transition relation: 1532821[µs]
Time needed for reducing V o ->: 48223527[µs]
Time needed for computing complement v_complement of abstraction framework: 40400[µs]
Time needed for minimizing complement(V): 33204[µs]
Time needed for computing intersection 'preprojection' of v_delta and v_complement: 52132[µs]
Time needed for computing complement of ind (i.e. projecting preprojection onto first tape): 44334406[µs]

real	3m22,882s
user	2m57,955s
sys	0m15,257s
********************
/home/jakob/Documents/abstracton/benchmarks/dodo/Dijkstra-ring.json
s
nomutex
systemd-run --user --scope -p MemoryMax=32G -p MemorySwapMax=7G timeout 1200 /home/jakob/Documents/abstracton/benchmarks/../build_release/benchmarks/solve_dodo -i s -p nomutex /home/jakob/Documents/abstracton/benchmarks/dodo/Dijkstra-ring.json --measure-time --no-dot-printing --universality-alg antichains-inclusion --ind-alg project
Running as unit: run-p2053127-i2042887.scope; invocation ID: 8c33d62f762f4c449d955e5badcead27
Time needed for parsing json file: 5083[µs]
alphabet size: 12
using Siphon interpretation
Time needed for constructing Siphon interpretation transducer: 86947[µs]
computing ind...
Time needed for computing composition v_delta of abstraction framework and transition relation: 1056443[µs]
Time needed for reducing V o ->: 108999295[µs]
Time needed for computing complement v_complement of abstraction framework: 27046[µs]
Time needed for minimizing complement(V): 40798[µs]
Time needed for computing intersection 'preprojection' of v_delta and v_complement: 45854[µs]
Time needed for computing complement of ind (i.e. projecting preprojection onto first tape): 83473579[µs]

real	5m28,536s
user	5m4,797s
sys	0m17,985s
********************
/home/jakob/Documents/abstracton/benchmarks/dodo/Dijkstra-ring.json
f
nomutex
systemd-run --user --scope -p MemoryMax=32G -p MemorySwapMax=7G timeout 1200 /home/jakob/Documents/abstracton/benchmarks/../build_release/benchmarks/solve_dodo -i f -p nomutex /home/jakob/Documents/abstracton/benchmarks/dodo/Dijkstra-ring.json --measure-time --no-dot-printing --universality-alg antichains-inclusion --ind-alg project
Running as unit: run-p2054757-i2057515.scope; invocation ID: 46e1398082a54a5885b5adfbd2568244
Time needed for parsing json file: 7055[µs]
alphabet size: 12
using Flow interpretation
Time needed for constructing Flow interpretation transducer: 313489[µs]
computing ind...
Time needed for computing composition v_delta of abstraction framework and transition relation: 2329228[µs]

real	1m19,757s
user	1m3,653s
sys	0m14,946s
********************
10 of 61
/home/jakob/Documents/abstracton/benchmarks/dodo/Dijkstra-ring.json
t
deadlock
systemd-run --user --scope -p MemoryMax=32G -p MemorySwapMax=7G timeout 1200 /home/jakob/Documents/abstracton/benchmarks/../build_release/benchmarks/solve_dodo -i t -p deadlock /home/jakob/Documents/abstracton/benchmarks/dodo/Dijkstra-ring.json --measure-time --no-dot-printing --universality-alg antichains-inclusion --ind-alg project
Running as unit: run-p2055188-i2054706.scope; invocation ID: 5bf83f2df2c64c38bba5ee838a4b4270
Time needed for parsing json file: 6774[µs]
alphabet size: 12
using Trap interpretation
Time needed for constructing Trap interpretation transducer: 229723[µs]
computing ind...
Time needed for computing composition v_delta of abstraction framework and transition relation: 1589498[µs]
Time needed for reducing V o ->: 50487453[µs]
Time needed for computing complement v_complement of abstraction framework: 41908[µs]
Time needed for minimizing complement(V): 33167[µs]
Time needed for computing intersection 'preprojection' of v_delta and v_complement: 45268[µs]
Time needed for computing complement of ind (i.e. projecting preprojection onto first tape): 44341951[µs]

real	3m37,348s
user	3m10,729s
sys	0m17,542s
********************
/home/jakob/Documents/abstracton/benchmarks/dodo/Dijkstra-ring.json
s
deadlock
systemd-run --user --scope -p MemoryMax=32G -p MemorySwapMax=7G timeout 1200 /home/jakob/Documents/abstracton/benchmarks/../build_release/benchmarks/solve_dodo -i s -p deadlock /home/jakob/Documents/abstracton/benchmarks/dodo/Dijkstra-ring.json --measure-time --no-dot-printing --universality-alg antichains-inclusion --ind-alg project
Running as unit: run-p2056267-i2054784.scope; invocation ID: fe944cde07234677bef8c65969c07484
Time needed for parsing json file: 4613[µs]
alphabet size: 12
using Siphon interpretation
Time needed for constructing Siphon interpretation transducer: 80407[µs]
computing ind...
Time needed for computing composition v_delta of abstraction framework and transition relation: 909311[µs]
Time needed for reducing V o ->: 109925746[µs]
Time needed for computing complement v_complement of abstraction framework: 28360[µs]
Time needed for minimizing complement(V): 41586[µs]
Time needed for computing intersection 'preprojection' of v_delta and v_complement: 47045[µs]
Time needed for computing complement of ind (i.e. projecting preprojection onto first tape): 83350039[µs]

real	6m24,782s
user	5m37,671s
sys	0m19,719s
********************
/home/jakob/Documents/abstracton/benchmarks/dodo/Dijkstra-ring.json
f
deadlock
systemd-run --user --scope -p MemoryMax=32G -p MemorySwapMax=7G timeout 1200 /home/jakob/Documents/abstracton/benchmarks/../build_release/benchmarks/solve_dodo -i f -p deadlock /home/jakob/Documents/abstracton/benchmarks/dodo/Dijkstra-ring.json --measure-time --no-dot-printing --universality-alg antichains-inclusion --ind-alg project
Running as unit: run-p2058101-i2055016.scope; invocation ID: 2822a18f9a82422cbe906c226632d620
Time needed for parsing json file: 4496[µs]
alphabet size: 12
using Flow interpretation
Time needed for constructing Flow interpretation transducer: 201316[µs]
computing ind...
Time needed for computing composition v_delta of abstraction framework and transition relation: 2244074[µs]

real	1m16,244s
user	1m2,535s
sys	0m13,537s
********************
11 of 61
/home/jakob/Documents/abstracton/benchmarks/dodo/DijkstraMutEx.json
t
nomutex
systemd-run --user --scope -p MemoryMax=32G -p MemorySwapMax=7G timeout 1200 /home/jakob/Documents/abstracton/benchmarks/../build_release/benchmarks/solve_dodo -i t -p nomutex /home/jakob/Documents/abstracton/benchmarks/dodo/DijkstraMutEx.json --measure-time --no-dot-printing --universality-alg antichains-inclusion --ind-alg project
Running as unit: run-p2058500-i2061939.scope; invocation ID: ff032798e65a441080d1941369044fcf
Time needed for parsing json file: 21479[µs]
alphabet size: 24
using Trap interpretation

real	0m48,446s
user	0m29,613s
sys	0m14,637s
********************
/home/jakob/Documents/abstracton/benchmarks/dodo/DijkstraMutEx.json
s
nomutex
systemd-run --user --scope -p MemoryMax=32G -p MemorySwapMax=7G timeout 1200 /home/jakob/Documents/abstracton/benchmarks/../build_release/benchmarks/solve_dodo -i s -p nomutex /home/jakob/Documents/abstracton/benchmarks/dodo/DijkstraMutEx.json --measure-time --no-dot-printing --universality-alg antichains-inclusion --ind-alg project
Running as unit: run-p2058706-i2043447.scope; invocation ID: 27ff0bcb63d94c6a9ee19b82392acdf6
Time needed for parsing json file: 23373[µs]
alphabet size: 24
using Siphon interpretation

real	0m47,487s
user	0m31,937s
sys	0m15,149s
********************
/home/jakob/Documents/abstracton/benchmarks/dodo/DijkstraMutEx.json
f
nomutex
systemd-run --user --scope -p MemoryMax=32G -p MemorySwapMax=7G timeout 1200 /home/jakob/Documents/abstracton/benchmarks/../build_release/benchmarks/solve_dodo -i f -p nomutex /home/jakob/Documents/abstracton/benchmarks/dodo/DijkstraMutEx.json --measure-time --no-dot-printing --universality-alg antichains-inclusion --ind-alg project
Running as unit: run-p2058970-i2061988.scope; invocation ID: c19793edac27444d957a437be90b0835
Time needed for parsing json file: 27084[µs]
alphabet size: 24
using Flow interpretation

real	0m46,055s
user	0m31,684s
sys	0m14,230s
********************
12 of 61
/home/jakob/Documents/abstracton/benchmarks/dodo/DijkstraMutEx.json
t
deadlock
systemd-run --user --scope -p MemoryMax=32G -p MemorySwapMax=7G timeout 1200 /home/jakob/Documents/abstracton/benchmarks/../build_release/benchmarks/solve_dodo -i t -p deadlock /home/jakob/Documents/abstracton/benchmarks/dodo/DijkstraMutEx.json --measure-time --no-dot-printing --universality-alg antichains-inclusion --ind-alg project
Running as unit: run-p2059190-i2069252.scope; invocation ID: bdfa809a2d8a46c98faaa9fb94fb47bc
Time needed for parsing json file: 36898[µs]
alphabet size: 24
using Trap interpretation

real	0m45,574s
user	0m31,344s
sys	0m14,111s
********************
/home/jakob/Documents/abstracton/benchmarks/dodo/DijkstraMutEx.json
s
deadlock
systemd-run --user --scope -p MemoryMax=32G -p MemorySwapMax=7G timeout 1200 /home/jakob/Documents/abstracton/benchmarks/../build_release/benchmarks/solve_dodo -i s -p deadlock /home/jakob/Documents/abstracton/benchmarks/dodo/DijkstraMutEx.json --measure-time --no-dot-printing --universality-alg antichains-inclusion --ind-alg project
Running as unit: run-p2059442-i2069316.scope; invocation ID: 7e04cf9f16cf40968e6c7ed22d1ed2f0
Time needed for parsing json file: 35947[µs]
alphabet size: 24
using Siphon interpretation

real	0m49,231s
user	0m29,910s
sys	0m14,184s
********************
/home/jakob/Documents/abstracton/benchmarks/dodo/DijkstraMutEx.json
f
deadlock
systemd-run --user --scope -p MemoryMax=32G -p MemorySwapMax=7G timeout 1200 /home/jakob/Documents/abstracton/benchmarks/../build_release/benchmarks/solve_dodo -i f -p deadlock /home/jakob/Documents/abstracton/benchmarks/dodo/DijkstraMutEx.json --measure-time --no-dot-printing --universality-alg antichains-inclusion --ind-alg project
Running as unit: run-p2059659-i2066446.scope; invocation ID: 79d6183ae96140bf972e54b902df9c11
Time needed for parsing json file: 32150[µs]
alphabet size: 24
using Flow interpretation

real	0m46,619s
user	0m31,905s
sys	0m14,561s
********************
13 of 61
/home/jakob/Documents/abstracton/benchmarks/dodo/FutureBus.json
t
pendingrightsecond
systemd-run --user --scope -p MemoryMax=32G -p MemorySwapMax=7G timeout 1200 /home/jakob/Documents/abstracton/benchmarks/../build_release/benchmarks/solve_dodo -i t -p pendingrightsecond /home/jakob/Documents/abstracton/benchmarks/dodo/FutureBus.json --measure-time --no-dot-printing --universality-alg antichains-inclusion --ind-alg project
Running as unit: run-p2059921-i2069407.scope; invocation ID: 513bda730a8840508ef774291e00c480
Time needed for parsing json file: 6034[µs]
alphabet size: 9
using Trap interpretation
Time needed for constructing Trap interpretation transducer: 16706[µs]
computing ind...
Time needed for computing composition v_delta of abstraction framework and transition relation: 310362[µs]
Time needed for reducing V o ->: 3147682[µs]
Time needed for computing complement v_complement of abstraction framework: 2569[µs]
Time needed for minimizing complement(V): 2048[µs]
Time needed for computing intersection 'preprojection' of v_delta and v_complement: 10651[µs]
Time needed for computing complement of ind (i.e. projecting preprojection onto first tape): 1260484[µs]

real	4m14,555s
user	3m58,276s
sys	0m15,665s
********************
/home/jakob/Documents/abstracton/benchmarks/dodo/FutureBus.json
s
pendingrightsecond
systemd-run --user --scope -p MemoryMax=32G -p MemorySwapMax=7G timeout 1200 /home/jakob/Documents/abstracton/benchmarks/../build_release/benchmarks/solve_dodo -i s -p pendingrightsecond /home/jakob/Documents/abstracton/benchmarks/dodo/FutureBus.json --measure-time --no-dot-printing --universality-alg antichains-inclusion --ind-alg project
Running as unit: run-p2061477-i2051490.scope; invocation ID: 5d6ae33a07a84ecbba6901efa36856cf
Time needed for parsing json file: 7927[µs]
alphabet size: 9
using Siphon interpretation
Time needed for constructing Siphon interpretation transducer: 8241[µs]
computing ind...
Time needed for computing composition v_delta of abstraction framework and transition relation: 172974[µs]
Time needed for reducing V o ->: 3112468[µs]
Time needed for computing complement v_complement of abstraction framework: 1975[µs]
Time needed for minimizing complement(V): 2607[µs]
Time needed for computing intersection 'preprojection' of v_delta and v_complement: 10424[µs]
Time needed for computing complement of ind (i.e. projecting preprojection onto first tape): 1132400[µs]

real	7m24,536s
user	7m5,679s
sys	0m15,455s
********************
/home/jakob/Documents/abstracton/benchmarks/dodo/FutureBus.json
f
pendingrightsecond
systemd-run --user --scope -p MemoryMax=32G -p MemorySwapMax=7G timeout 1200 /home/jakob/Documents/abstracton/benchmarks/../build_release/benchmarks/solve_dodo -i f -p pendingrightsecond /home/jakob/Documents/abstracton/benchmarks/dodo/FutureBus.json --measure-time --no-dot-printing --universality-alg antichains-inclusion --ind-alg project
Running as unit: run-p2062717-i2062418.scope; invocation ID: 1fb1feac42f24aa798f18e3a5fb6e38c
Time needed for parsing json file: 14428[µs]
alphabet size: 9
using Flow interpretation
Time needed for constructing Flow interpretation transducer: 19365[µs]
computing ind...
Time needed for computing composition v_delta of abstraction framework and transition relation: 481118[µs]
Time needed for reducing V o ->: 14960102[µs]
Time needed for computing complement v_complement of abstraction framework: 4260[µs]
Time needed for minimizing complement(V): 5099[µs]
Time needed for computing intersection 'preprojection' of v_delta and v_complement: 35812[µs]
Time needed for computing complement of ind (i.e. projecting preprojection onto first tape): 4927446[µs]

real	9m38,743s
user	9m20,876s
sys	0m14,546s
********************
14 of 61
/home/jakob/Documents/abstracton/benchmarks/dodo/FutureBus.json
t
sharedexclusive
systemd-run --user --scope -p MemoryMax=32G -p MemorySwapMax=7G timeout 1200 /home/jakob/Documents/abstracton/benchmarks/../build_release/benchmarks/solve_dodo -i t -p sharedexclusive /home/jakob/Documents/abstracton/benchmarks/dodo/FutureBus.json --measure-time --no-dot-printing --universality-alg antichains-inclusion --ind-alg project
Running as unit: run-p2064307-i2058465.scope; invocation ID: 6814fbc6591c4ccd9faf20961a48310e
Time needed for parsing json file: 15863[µs]
alphabet size: 9
using Trap interpretation
Time needed for constructing Trap interpretation transducer: 23374[µs]
computing ind...
Time needed for computing composition v_delta of abstraction framework and transition relation: 308643[µs]
Time needed for reducing V o ->: 3037188[µs]
Time needed for computing complement v_complement of abstraction framework: 2679[µs]
Time needed for minimizing complement(V): 2070[µs]
Time needed for computing intersection 'preprojection' of v_delta and v_complement: 10479[µs]
Time needed for computing complement of ind (i.e. projecting preprojection onto first tape): 1250782[µs]

real	3m51,548s
user	3m30,551s
sys	0m15,196s
********************
/home/jakob/Documents/abstracton/benchmarks/dodo/FutureBus.json
s
sharedexclusive
systemd-run --user --scope -p MemoryMax=32G -p MemorySwapMax=7G timeout 1200 /home/jakob/Documents/abstracton/benchmarks/../build_release/benchmarks/solve_dodo -i s -p sharedexclusive /home/jakob/Documents/abstracton/benchmarks/dodo/FutureBus.json --measure-time --no-dot-printing --universality-alg antichains-inclusion --ind-alg project
Running as unit: run-p2064935-i2062574.scope; invocation ID: 8718a4428ba5447bb1fa07aa283a488c
Time needed for parsing json file: 20075[µs]
alphabet size: 9
using Siphon interpretation
Time needed for constructing Siphon interpretation transducer: 9667[µs]
computing ind...
Time needed for computing composition v_delta of abstraction framework and transition relation: 169748[µs]
Time needed for reducing V o ->: 3162600[µs]
Time needed for computing complement v_complement of abstraction framework: 1983[µs]
Time needed for minimizing complement(V): 2707[µs]
Time needed for computing intersection 'preprojection' of v_delta and v_complement: 10512[µs]
Time needed for computing complement of ind (i.e. projecting preprojection onto first tape): 1172702[µs]

real	7m38,186s
user	7m22,727s
sys	0m14,894s
********************
/home/jakob/Documents/abstracton/benchmarks/dodo/FutureBus.json
f
sharedexclusive
systemd-run --user --scope -p MemoryMax=32G -p MemorySwapMax=7G timeout 1200 /home/jakob/Documents/abstracton/benchmarks/../build_release/benchmarks/solve_dodo -i f -p sharedexclusive /home/jakob/Documents/abstracton/benchmarks/dodo/FutureBus.json --measure-time --no-dot-printing --universality-alg antichains-inclusion --ind-alg project
Running as unit: run-p2068019-i2058924.scope; invocation ID: b49b8753b12b4da1b7de8a1c77a58031
Time needed for parsing json file: 9598[µs]
alphabet size: 9
using Flow interpretation
Time needed for constructing Flow interpretation transducer: 19253[µs]
computing ind...
Time needed for computing composition v_delta of abstraction framework and transition relation: 432510[µs]
Time needed for reducing V o ->: 15121795[µs]
Time needed for computing complement v_complement of abstraction framework: 4374[µs]
Time needed for minimizing complement(V): 5142[µs]
Time needed for computing intersection 'preprojection' of v_delta and v_complement: 36382[µs]
Time needed for computing complement of ind (i.e. projecting preprojection onto first tape): 5070597[µs]

real	10m35,641s
user	10m19,666s
sys	0m15,822s
********************
15 of 61
/home/jakob/Documents/abstracton/benchmarks/dodo/FutureBus.json
t
secondpending
systemd-run --user --scope -p MemoryMax=32G -p MemorySwapMax=7G timeout 1200 /home/jakob/Documents/abstracton/benchmarks/../build_release/benchmarks/solve_dodo -i t -p secondpending /home/jakob/Documents/abstracton/benchmarks/dodo/FutureBus.json --measure-time --no-dot-printing --universality-alg antichains-inclusion --ind-alg project
Running as unit: run-p2070169-i2067986.scope; invocation ID: 640d6c890f304134809329e671569f17
Time needed for parsing json file: 19893[µs]
alphabet size: 9
using Trap interpretation
Time needed for constructing Trap interpretation transducer: 24082[µs]
computing ind...
Time needed for computing composition v_delta of abstraction framework and transition relation: 303776[µs]
Time needed for reducing V o ->: 3004348[µs]
Time needed for computing complement v_complement of abstraction framework: 2664[µs]
Time needed for minimizing complement(V): 2085[µs]
Time needed for computing intersection 'preprojection' of v_delta and v_complement: 10503[µs]
Time needed for computing complement of ind (i.e. projecting preprojection onto first tape): 1248984[µs]

real	3m53,387s
user	3m39,645s
sys	0m13,672s
********************
/home/jakob/Documents/abstracton/benchmarks/dodo/FutureBus.json
s
secondpending
systemd-run --user --scope -p MemoryMax=32G -p MemorySwapMax=7G timeout 1200 /home/jakob/Documents/abstracton/benchmarks/../build_release/benchmarks/solve_dodo -i s -p secondpending /home/jakob/Documents/abstracton/benchmarks/dodo/FutureBus.json --measure-time --no-dot-printing --universality-alg antichains-inclusion --ind-alg project
Running as unit: run-p2071019-i2059722.scope; invocation ID: 6061ecdcaf4649be9f5a30bd0d114fd2
Time needed for parsing json file: 14648[µs]
alphabet size: 9
using Siphon interpretation
Time needed for constructing Siphon interpretation transducer: 12209[µs]
computing ind...
Time needed for computing composition v_delta of abstraction framework and transition relation: 167536[µs]
Time needed for reducing V o ->: 3189593[µs]
Time needed for computing complement v_complement of abstraction framework: 1893[µs]
Time needed for minimizing complement(V): 2604[µs]
Time needed for computing intersection 'preprojection' of v_delta and v_complement: 10198[µs]
Time needed for computing complement of ind (i.e. projecting preprojection onto first tape): 1124429[µs]
./bench_for_dodo_comparison.sh: line 85: 2071019 Killed                     "${SOLVE[@]}"

real	7m5,236s
user	0m0,003s
sys	0m0,014s
********************
/home/jakob/Documents/abstracton/benchmarks/dodo/FutureBus.json
f
secondpending
systemd-run --user --scope -p MemoryMax=32G -p MemorySwapMax=7G timeout 1200 /home/jakob/Documents/abstracton/benchmarks/../build_release/benchmarks/solve_dodo -i f -p secondpending /home/jakob/Documents/abstracton/benchmarks/dodo/FutureBus.json --measure-time --no-dot-printing --universality-alg antichains-inclusion --ind-alg project
Running as unit: run-p2072189-i2068061.scope; invocation ID: a4170f9ef4834a32a225eec89b6c96d0
Time needed for parsing json file: 7324[µs]
alphabet size: 9
using Flow interpretation
Time needed for constructing Flow interpretation transducer: 16249[µs]
computing ind...
Time needed for computing composition v_delta of abstraction framework and transition relation: 444514[µs]
Time needed for reducing V o ->: 14440235[µs]
Time needed for computing complement v_complement of abstraction framework: 4084[µs]
Time needed for minimizing complement(V): 4823[µs]
Time needed for computing intersection 'preprojection' of v_delta and v_complement: 34724[µs]
Time needed for computing complement of ind (i.e. projecting preprojection onto first tape): 4816838[µs]

real	10m12,696s
user	9m57,907s
sys	0m14,644s
********************
16 of 61
/home/jakob/Documents/abstracton/benchmarks/dodo/FutureBus.json
t
exclusiveexclusive
systemd-run --user --scope -p MemoryMax=32G -p MemorySwapMax=7G timeout 1200 /home/jakob/Documents/abstracton/benchmarks/../build_release/benchmarks/solve_dodo -i t -p exclusiveexclusive /home/jakob/Documents/abstracton/benchmarks/dodo/FutureBus.json --measure-time --no-dot-printing --universality-alg antichains-inclusion --ind-alg project
Running as unit: run-p2073953-i2068196.scope; invocation ID: 9bae9accf8c54189979ec159ccd5cb9b
Time needed for parsing json file: 16752[µs]
alphabet size: 9
using Trap interpretation
Time needed for constructing Trap interpretation transducer: 22272[µs]
computing ind...
Time needed for computing composition v_delta of abstraction framework and transition relation: 300479[µs]
Time needed for reducing V o ->: 2966668[µs]
Time needed for computing complement v_complement of abstraction framework: 2542[µs]
Time needed for minimizing complement(V): 1964[µs]
Time needed for computing intersection 'preprojection' of v_delta and v_complement: 10210[µs]
Time needed for computing complement of ind (i.e. projecting preprojection onto first tape): 1206290[µs]

real	3m50,796s
user	3m36,489s
sys	0m14,229s
********************
/home/jakob/Documents/abstracton/benchmarks/dodo/FutureBus.json
s
exclusiveexclusive
systemd-run --user --scope -p MemoryMax=32G -p MemorySwapMax=7G timeout 1200 /home/jakob/Documents/abstracton/benchmarks/../build_release/benchmarks/solve_dodo -i s -p exclusiveexclusive /home/jakob/Documents/abstracton/benchmarks/dodo/FutureBus.json --measure-time --no-dot-printing --universality-alg antichains-inclusion --ind-alg project
Running as unit: run-p2074570-i2068223.scope; invocation ID: 1827e016a718437e98b0f80d992fe58a
Time needed for parsing json file: 13424[µs]
alphabet size: 9
using Siphon interpretation
Time needed for constructing Siphon interpretation transducer: 8064[µs]
computing ind...
Time needed for computing composition v_delta of abstraction framework and transition relation: 159020[µs]
Time needed for reducing V o ->: 3192830[µs]
Time needed for computing complement v_complement of abstraction framework: 2025[µs]
Time needed for minimizing complement(V): 2781[µs]
Time needed for computing intersection 'preprojection' of v_delta and v_complement: 10235[µs]
Time needed for computing complement of ind (i.e. projecting preprojection onto first tape): 1174045[µs]

real	7m32,957s
user	7m18,097s
sys	0m14,646s
********************
/home/jakob/Documents/abstracton/benchmarks/dodo/FutureBus.json
f
exclusiveexclusive
systemd-run --user --scope -p MemoryMax=32G -p MemorySwapMax=7G timeout 1200 /home/jakob/Documents/abstracton/benchmarks/../build_release/benchmarks/solve_dodo -i f -p exclusiveexclusive /home/jakob/Documents/abstracton/benchmarks/dodo/FutureBus.json --measure-time --no-dot-printing --universality-alg antichains-inclusion --ind-alg project
Running as unit: run-p2076591-i2068384.scope; invocation ID: d09ca6883e874e51a527998d460225fc
Time needed for parsing json file: 10511[µs]
alphabet size: 9
using Flow interpretation
Time needed for constructing Flow interpretation transducer: 21725[µs]
computing ind...
Time needed for computing composition v_delta of abstraction framework and transition relation: 425824[µs]
Time needed for reducing V o ->: 14804765[µs]
Time needed for computing complement v_complement of abstraction framework: 4493[µs]
Time needed for minimizing complement(V): 5145[µs]
Time needed for computing intersection 'preprojection' of v_delta and v_complement: 36194[µs]
Time needed for computing complement of ind (i.e. projecting preprojection onto first tape): 4960211[µs]

real	10m31,088s
user	10m15,722s
sys	0m15,007s
********************
17 of 61
/home/jakob/Documents/abstracton/benchmarks/dodo/FutureBus.json
t
deadlock
systemd-run --user --scope -p MemoryMax=32G -p MemorySwapMax=7G timeout 1200 /home/jakob/Documents/abstracton/benchmarks/../build_release/benchmarks/solve_dodo -i t -p deadlock /home/jakob/Documents/abstracton/benchmarks/dodo/FutureBus.json --measure-time --no-dot-printing --universality-alg antichains-inclusion --ind-alg project
Running as unit: run-p2078724-i2097209.scope; invocation ID: 701ab5b40a5b4b6eb77b9abfe1c2467f
Time needed for parsing json file: 14903[µs]
alphabet size: 9
using Trap interpretation
Time needed for constructing Trap interpretation transducer: 27262[µs]
computing ind...
Time needed for computing composition v_delta of abstraction framework and transition relation: 299397[µs]
Time needed for reducing V o ->: 3007075[µs]
Time needed for computing complement v_complement of abstraction framework: 2562[µs]
Time needed for minimizing complement(V): 1957[µs]
Time needed for computing intersection 'preprojection' of v_delta and v_complement: 10097[µs]
Time needed for computing complement of ind (i.e. projecting preprojection onto first tape): 1231010[µs]

real	3m55,894s
user	3m41,384s
sys	0m14,379s
********************
/home/jakob/Documents/abstracton/benchmarks/dodo/FutureBus.json
s
deadlock
systemd-run --user --scope -p MemoryMax=32G -p MemorySwapMax=7G timeout 1200 /home/jakob/Documents/abstracton/benchmarks/../build_release/benchmarks/solve_dodo -i s -p deadlock /home/jakob/Documents/abstracton/benchmarks/dodo/FutureBus.json --measure-time --no-dot-printing --universality-alg antichains-inclusion --ind-alg project
Running as unit: run-p2079438-i2097361.scope; invocation ID: 4121bc7f10c343e2a981d103f0e027cd
Time needed for parsing json file: 16938[µs]
alphabet size: 9
using Siphon interpretation
Time needed for constructing Siphon interpretation transducer: 9175[µs]
computing ind...
Time needed for computing composition v_delta of abstraction framework and transition relation: 167453[µs]
Time needed for reducing V o ->: 3220630[µs]
Time needed for computing complement v_complement of abstraction framework: 2693[µs]
Time needed for minimizing complement(V): 2732[µs]
Time needed for computing intersection 'preprojection' of v_delta and v_complement: 10751[µs]
Time needed for computing complement of ind (i.e. projecting preprojection onto first tape): 1260639[µs]

real	7m25,607s
user	7m10,549s
sys	0m14,774s
********************
/home/jakob/Documents/abstracton/benchmarks/dodo/FutureBus.json
f
deadlock
systemd-run --user --scope -p MemoryMax=32G -p MemorySwapMax=7G timeout 1200 /home/jakob/Documents/abstracton/benchmarks/../build_release/benchmarks/solve_dodo -i f -p deadlock /home/jakob/Documents/abstracton/benchmarks/dodo/FutureBus.json --measure-time --no-dot-printing --universality-alg antichains-inclusion --ind-alg project
Running as unit: run-p2080821-i2097563.scope; invocation ID: 40da71c69746432d9607698f6b1ed7ee
Time needed for parsing json file: 14103[µs]
alphabet size: 9
using Flow interpretation
Time needed for constructing Flow interpretation transducer: 19985[µs]
computing ind...
Time needed for computing composition v_delta of abstraction framework and transition relation: 434252[µs]
Time needed for reducing V o ->: 14531761[µs]
Time needed for computing complement v_complement of abstraction framework: 4155[µs]
Time needed for minimizing complement(V): 4905[µs]
Time needed for computing intersection 'preprojection' of v_delta and v_complement: 35860[µs]
Time needed for computing complement of ind (i.e. projecting preprojection onto first tape): 4888046[µs]

real	10m25,222s
user	10m10,190s
sys	0m14,700s
********************
18 of 61
/home/jakob/Documents/abstracton/benchmarks/dodo/Herman.json
t
notoken
systemd-run --user --scope -p MemoryMax=32G -p MemorySwapMax=7G timeout 1200 /home/jakob/Documents/abstracton/benchmarks/../build_release/benchmarks/solve_dodo -i t -p notoken /home/jakob/Documents/abstracton/benchmarks/dodo/Herman.json --measure-time --no-dot-printing --universality-alg antichains-inclusion --ind-alg project
Running as unit: run-p2084712-i2094938.scope; invocation ID: d94c6b4a224a4c3d899ffaa416012b5b
Time needed for parsing json file: 820[µs]
alphabet size: 2
using Trap interpretation
Time needed for constructing Trap interpretation transducer: 1260[µs]
computing ind...
Time needed for computing composition v_delta of abstraction framework and transition relation: 1925[µs]
Time needed for reducing V o ->: 1192[µs]
Time needed for computing complement v_complement of abstraction framework: 57[µs]
Time needed for minimizing complement(V): 38[µs]
Time needed for computing intersection 'preprojection' of v_delta and v_complement: 52[µs]
Time needed for computing complement of ind (i.e. projecting preprojection onto first tape): 130[µs]
Time needed for minimizing projection: 259[µs]
Time needed for computing ind: 28[µs]
Time needed for minimizing ind: 40[µs]
Time needed for computing ind (total): 4222[µs]
automaton for ind has 6 states.
...done.
computing complement of preach...
Time needed for constructing identity on ind: 19[µs]
Time needed for computing product v_id of abstraction framework with identity on ind: 315[µs]
Time needed for computing product of v_id with complement of abstraction framework: 1114[µs]
Time needed for computing complement of preach: 1556[µs]
automaton for complement of preach has 11 states.
...of which, 4 states are at level 0.
Time needed for trimming complement of preach: 8[µs]
...done.
trying to prove abstract safety...
Time needed for constructing transducer for unsafe property: 1[µs]
Time needed for constructing transducer for (initial, unsafe) pairs: 31[µs]
Time needed for constructing transducer for complement of (initial, unsafe) pairs: 39[µs]
Time needed for building union of complements of preach and (initial, unsafe)-transducer: 19[µs]
Time needed for checking universality using antichains-inclusion algorithm: 68[µs]
Time needed for checking abstract safety: 197[µs]
...done.
Result: [1]
This means that the following properties could be separated from the initial configurations:
	[notoken]
While the following properties could not be separated from the initial configurations:
	[]

real	0m0,051s
user	0m0,012s
sys	0m0,012s
********************
/home/jakob/Documents/abstracton/benchmarks/dodo/Herman.json
s
notoken
systemd-run --user --scope -p MemoryMax=32G -p MemorySwapMax=7G timeout 1200 /home/jakob/Documents/abstracton/benchmarks/../build_release/benchmarks/solve_dodo -i s -p notoken /home/jakob/Documents/abstracton/benchmarks/dodo/Herman.json --measure-time --no-dot-printing --universality-alg antichains-inclusion --ind-alg project
Running as unit: run-p2084720-i2098008.scope; invocation ID: d297929ebc9542aeb05d13406561779d
Time needed for parsing json file: 1150[µs]
alphabet size: 2
using Siphon interpretation
Time needed for constructing Siphon interpretation transducer: 155[µs]
computing ind...
Time needed for computing composition v_delta of abstraction framework and transition relation: 712[µs]
Time needed for reducing V o ->: 747[µs]
Time needed for computing complement v_complement of abstraction framework: 52[µs]
Time needed for minimizing complement(V): 50[µs]
Time needed for computing intersection 'preprojection' of v_delta and v_complement: 61[µs]
Time needed for computing complement of ind (i.e. projecting preprojection onto first tape): 161[µs]
Time needed for minimizing projection: 336[µs]
Time needed for computing ind: 29[µs]
Time needed for minimizing ind: 42[µs]
Time needed for computing ind (total): 2329[µs]
automaton for ind has 6 states.
...done.
computing complement of preach...
Time needed for constructing identity on ind: 19[µs]
Time needed for computing product v_id of abstraction framework with identity on ind: 183[µs]
Time needed for computing product of v_id with complement of abstraction framework: 159[µs]
Time needed for computing complement of preach: 460[µs]
automaton for complement of preach has 8 states.
...of which, 4 states are at level 0.
Time needed for trimming complement of preach: 8[µs]
...done.
trying to prove abstract safety...
Time needed for constructing transducer for unsafe property: 1[µs]
Time needed for constructing transducer for (initial, unsafe) pairs: 37[µs]
Time needed for constructing transducer for complement of (initial, unsafe) pairs: 45[µs]
Time needed for building union of complements of preach and (initial, unsafe)-transducer: 16[µs]
Time needed for checking universality using antichains-inclusion algorithm: 61[µs]
Time needed for checking abstract safety: 228[µs]
...done.
Result: [0]
This means that the following properties could be separated from the initial configurations:
	[]
While the following properties could not be separated from the initial configurations:
	[notoken]

real	0m0,039s
user	0m0,006s
sys	0m0,012s
********************
/home/jakob/Documents/abstracton/benchmarks/dodo/Herman.json
f
notoken
systemd-run --user --scope -p MemoryMax=32G -p MemorySwapMax=7G timeout 1200 /home/jakob/Documents/abstracton/benchmarks/../build_release/benchmarks/solve_dodo -i f -p notoken /home/jakob/Documents/abstracton/benchmarks/dodo/Herman.json --measure-time --no-dot-printing --universality-alg antichains-inclusion --ind-alg project
Running as unit: run-p2084724-i2094940.scope; invocation ID: 0c0631a6c9174653937e6ac9b92b7c63
Time needed for parsing json file: 1119[µs]
alphabet size: 2
using Flow interpretation
Time needed for constructing Flow interpretation transducer: 193[µs]
computing ind...
Time needed for computing composition v_delta of abstraction framework and transition relation: 1399[µs]
Time needed for reducing V o ->: 2061[µs]
Time needed for computing complement v_complement of abstraction framework: 78[µs]
Time needed for minimizing complement(V): 73[µs]
Time needed for computing intersection 'preprojection' of v_delta and v_complement: 146[µs]
Time needed for computing complement of ind (i.e. projecting preprojection onto first tape): 404[µs]
Time needed for minimizing projection: 1966[µs]
Time needed for computing ind: 38[µs]
Time needed for minimizing ind: 49[µs]
Time needed for computing ind (total): 6383[µs]
automaton for ind has 7 states.
...done.
computing complement of preach...
Time needed for constructing identity on ind: 20[µs]
Time needed for computing product v_id of abstraction framework with identity on ind: 304[µs]
Time needed for computing product of v_id with complement of abstraction framework: 173[µs]
Time needed for computing complement of preach: 621[µs]
automaton for complement of preach has 4 states.
...of which, 2 states are at level 0.
Time needed for trimming complement of preach: 3[µs]
...done.
trying to prove abstract safety...
Time needed for constructing transducer for unsafe property: 2[µs]
Time needed for constructing transducer for (initial, unsafe) pairs: 52[µs]
Time needed for constructing transducer for complement of (initial, unsafe) pairs: 45[µs]
Time needed for building union of complements of preach and (initial, unsafe)-transducer: 14[µs]
Time needed for checking universality using antichains-inclusion algorithm: 52[µs]
Time needed for checking abstract safety: 238[µs]
...done.
Result: [0]
This means that the following properties could be separated from the initial configurations:
	[]
While the following properties could not be separated from the initial configurations:
	[notoken]

real	0m0,046s
user	0m0,016s
sys	0m0,012s
********************
19 of 61
/home/jakob/Documents/abstracton/benchmarks/dodo/Illinois.json
t
dirtydirty
systemd-run --user --scope -p MemoryMax=32G -p MemorySwapMax=7G timeout 1200 /home/jakob/Documents/abstracton/benchmarks/../build_release/benchmarks/solve_dodo -i t -p dirtydirty /home/jakob/Documents/abstracton/benchmarks/dodo/Illinois.json --measure-time --no-dot-printing --universality-alg antichains-inclusion --ind-alg project
Running as unit: run-p2084732-i2098011.scope; invocation ID: 347b1b5f1a384d72a011484224701831
Time needed for parsing json file: 2543[µs]
alphabet size: 4
using Trap interpretation
Time needed for constructing Trap interpretation transducer: 602[µs]
computing ind...
Time needed for computing composition v_delta of abstraction framework and transition relation: 7768[µs]
Time needed for reducing V o ->: 6555[µs]
Time needed for computing complement v_complement of abstraction framework: 98[µs]
Time needed for minimizing complement(V): 91[µs]
Time needed for computing intersection 'preprojection' of v_delta and v_complement: 169[µs]
Time needed for computing complement of ind (i.e. projecting preprojection onto first tape): 952[µs]
Time needed for minimizing projection: 80219[µs]
Time needed for computing ind: 81[µs]
Time needed for minimizing ind: 72[µs]
Time needed for computing ind (total): 96247[µs]
automaton for ind has 12 states.
...done.
computing complement of preach...
Time needed for constructing identity on ind: 47[µs]
Time needed for computing product v_id of abstraction framework with identity on ind: 1329[µs]
Time needed for computing product of v_id with complement of abstraction framework: 7375[µs]
Time needed for computing complement of preach: 9084[µs]
automaton for complement of preach has 234 states.
...of which, 18 states are at level 0.
Time needed for trimming complement of preach: 49[µs]
...done.
trying to prove abstract safety...
Time needed for constructing transducer for unsafe property: 1[µs]
Time needed for constructing transducer for (initial, unsafe) pairs: 18[µs]
Time needed for constructing transducer for complement of (initial, unsafe) pairs: 30[µs]
Time needed for building union of complements of preach and (initial, unsafe)-transducer: 82[µs]
Time needed for checking universality using antichains-inclusion algorithm: 153[µs]
Time needed for checking abstract safety: 327[µs]
...done.
Result: [0]
This means that the following properties could be separated from the initial configurations:
	[]
While the following properties could not be separated from the initial configurations:
	[dirtydirty]

real	0m0,154s
user	0m0,110s
sys	0m0,019s
********************
/home/jakob/Documents/abstracton/benchmarks/dodo/Illinois.json
s
dirtydirty
systemd-run --user --scope -p MemoryMax=32G -p MemorySwapMax=7G timeout 1200 /home/jakob/Documents/abstracton/benchmarks/../build_release/benchmarks/solve_dodo -i s -p dirtydirty /home/jakob/Documents/abstracton/benchmarks/dodo/Illinois.json --measure-time --no-dot-printing --universality-alg antichains-inclusion --ind-alg project
Running as unit: run-p2084738-i2098012.scope; invocation ID: 530cc0604e2e487ab05c8798a12a8f5f
Time needed for parsing json file: 1637[µs]
alphabet size: 4
using Siphon interpretation
Time needed for constructing Siphon interpretation transducer: 188[µs]
computing ind...
Time needed for computing composition v_delta of abstraction framework and transition relation: 3451[µs]
Time needed for reducing V o ->: 4720[µs]
Time needed for computing complement v_complement of abstraction framework: 96[µs]
Time needed for minimizing complement(V): 119[µs]
Time needed for computing intersection 'preprojection' of v_delta and v_complement: 246[µs]
Time needed for computing complement of ind (i.e. projecting preprojection onto first tape): 1457[µs]
Time needed for minimizing projection: 122310[µs]
Time needed for computing ind: 42[µs]
Time needed for minimizing ind: 33[µs]
Time needed for computing ind (total): 132693[µs]
automaton for ind has 5 states.
...done.
computing complement of preach...
Time needed for constructing identity on ind: 20[µs]
Time needed for computing product v_id of abstraction framework with identity on ind: 203[µs]
Time needed for computing product of v_id with complement of abstraction framework: 65[µs]
Time needed for computing complement of preach: 369[µs]
automaton for complement of preach has 5 states.
...of which, 2 states are at level 0.
Time needed for trimming complement of preach: 1[µs]
...done.
trying to prove abstract safety...
Time needed for constructing transducer for unsafe property: 1[µs]
Time needed for constructing transducer for (initial, unsafe) pairs: 13[µs]
Time needed for constructing transducer for complement of (initial, unsafe) pairs: 21[µs]
Time needed for building union of complements of preach and (initial, unsafe)-transducer: 9[µs]
Time needed for checking universality using antichains-inclusion algorithm: 27[µs]
Time needed for checking abstract safety: 94[µs]
...done.
Result: [0]
This means that the following properties could be separated from the initial configurations:
	[]
While the following properties could not be separated from the initial configurations:
	[dirtydirty]

real	0m0,169s
user	0m0,130s
sys	0m0,022s
********************
/home/jakob/Documents/abstracton/benchmarks/dodo/Illinois.json
f
dirtydirty
systemd-run --user --scope -p MemoryMax=32G -p MemorySwapMax=7G timeout 1200 /home/jakob/Documents/abstracton/benchmarks/../build_release/benchmarks/solve_dodo -i f -p dirtydirty /home/jakob/Documents/abstracton/benchmarks/dodo/Illinois.json --measure-time --no-dot-printing --universality-alg antichains-inclusion --ind-alg project
Running as unit: run-p2084740-i2094947.scope; invocation ID: 81fd45e1473345dba5bd3768ad9a108d
Time needed for parsing json file: 2541[µs]
alphabet size: 4
using Flow interpretation
Time needed for constructing Flow interpretation transducer: 543[µs]
computing ind...
Time needed for computing composition v_delta of abstraction framework and transition relation: 11577[µs]
Time needed for reducing V o ->: 13606[µs]
Time needed for computing complement v_complement of abstraction framework: 123[µs]
Time needed for minimizing complement(V): 120[µs]
Time needed for computing intersection 'preprojection' of v_delta and v_complement: 474[µs]
Time needed for computing complement of ind (i.e. projecting preprojection onto first tape): 3499[µs]
Time needed for minimizing projection: 14034375[µs]
Time needed for computing ind: 119[µs]
Time needed for minimizing ind: 50[µs]
Time needed for computing ind (total): 14064366[µs]
automaton for ind has 7 states.
...done.
computing complement of preach...
Time needed for constructing identity on ind: 29[µs]
Time needed for computing product v_id of abstraction framework with identity on ind: 521[µs]
Time needed for computing product of v_id with complement of abstraction framework: 123[µs]
Time needed for computing complement of preach: 833[µs]
automaton for complement of preach has 5 states.
...of which, 2 states are at level 0.
Time needed for trimming complement of preach: 1[µs]
...done.
trying to prove abstract safety...
Time needed for constructing transducer for unsafe property: 1[µs]
Time needed for constructing transducer for (initial, unsafe) pairs: 18[µs]
Time needed for constructing transducer for complement of (initial, unsafe) pairs: 23[µs]
Time needed for building union of complements of preach and (initial, unsafe)-transducer: 9[µs]
Time needed for checking universality using antichains-inclusion algorithm: 28[µs]
Time needed for checking abstract safety: 101[µs]
...done.
Result: [0]
This means that the following properties could be separated from the initial configurations:
	[]
While the following properties could not be separated from the initial configurations:
	[dirtydirty]

real	0m14,165s
user	0m13,668s
sys	0m0,479s
********************
20 of 61
/home/jakob/Documents/abstracton/benchmarks/dodo/Illinois.json
t
dirtyshared
systemd-run --user --scope -p MemoryMax=32G -p MemorySwapMax=7G timeout 1200 /home/jakob/Documents/abstracton/benchmarks/../build_release/benchmarks/solve_dodo -i t -p dirtyshared /home/jakob/Documents/abstracton/benchmarks/dodo/Illinois.json --measure-time --no-dot-printing --universality-alg antichains-inclusion --ind-alg project
Running as unit: run-p2084777-i2094968.scope; invocation ID: 29292e1f345e438b9d4445771360ba22
Time needed for parsing json file: 2546[µs]
alphabet size: 4
using Trap interpretation
Time needed for constructing Trap interpretation transducer: 626[µs]
computing ind...
Time needed for computing composition v_delta of abstraction framework and transition relation: 8939[µs]
Time needed for reducing V o ->: 6828[µs]
Time needed for computing complement v_complement of abstraction framework: 131[µs]
Time needed for minimizing complement(V): 90[µs]
Time needed for computing intersection 'preprojection' of v_delta and v_complement: 233[µs]
Time needed for computing complement of ind (i.e. projecting preprojection onto first tape): 1292[µs]
Time needed for minimizing projection: 77786[µs]
Time needed for computing ind: 71[µs]
Time needed for minimizing ind: 70[µs]
Time needed for computing ind (total): 95707[µs]
automaton for ind has 12 states.
...done.
computing complement of preach...
Time needed for constructing identity on ind: 46[µs]
Time needed for computing product v_id of abstraction framework with identity on ind: 1270[µs]
Time needed for computing product of v_id with complement of abstraction framework: 7075[µs]
Time needed for computing complement of preach: 8720[µs]
automaton for complement of preach has 234 states.
...of which, 18 states are at level 0.
Time needed for trimming complement of preach: 46[µs]
...done.
trying to prove abstract safety...
Time needed for constructing transducer for unsafe property: 1[µs]
Time needed for constructing transducer for (initial, unsafe) pairs: 18[µs]
Time needed for constructing transducer for complement of (initial, unsafe) pairs: 32[µs]
Time needed for building union of complements of preach and (initial, unsafe)-transducer: 86[µs]
Time needed for checking universality using antichains-inclusion algorithm: 149[µs]
Time needed for checking abstract safety: 330[µs]
...done.
Result: [0]
This means that the following properties could be separated from the initial configurations:
	[]
While the following properties could not be separated from the initial configurations:
	[dirtyshared]

real	0m0,146s
user	0m0,105s
sys	0m0,023s
********************
/home/jakob/Documents/abstracton/benchmarks/dodo/Illinois.json
s
dirtyshared
systemd-run --user --scope -p MemoryMax=32G -p MemorySwapMax=7G timeout 1200 /home/jakob/Documents/abstracton/benchmarks/../build_release/benchmarks/solve_dodo -i s -p dirtyshared /home/jakob/Documents/abstracton/benchmarks/dodo/Illinois.json --measure-time --no-dot-printing --universality-alg antichains-inclusion --ind-alg project
Running as unit: run-p2084780-i2094969.scope; invocation ID: b7a6995cf092452fa075fd1a1fcdbc8e
Time needed for parsing json file: 2519[µs]
alphabet size: 4
using Siphon interpretation
Time needed for constructing Siphon interpretation transducer: 281[µs]
computing ind...
Time needed for computing composition v_delta of abstraction framework and transition relation: 5205[µs]
Time needed for reducing V o ->: 6545[µs]
Time needed for computing complement v_complement of abstraction framework: 101[µs]
Time needed for minimizing complement(V): 112[µs]
Time needed for computing intersection 'preprojection' of v_delta and v_complement: 267[µs]
Time needed for computing complement of ind (i.e. projecting preprojection onto first tape): 1560[µs]
Time needed for minimizing projection: 122484[µs]
Time needed for computing ind: 41[µs]
Time needed for minimizing ind: 32[µs]
Time needed for computing ind (total): 136619[µs]
automaton for ind has 5 states.
...done.
computing complement of preach...
Time needed for constructing identity on ind: 20[µs]
Time needed for computing product v_id of abstraction framework with identity on ind: 205[µs]
Time needed for computing product of v_id with complement of abstraction framework: 65[µs]
Time needed for computing complement of preach: 373[µs]
automaton for complement of preach has 5 states.
...of which, 2 states are at level 0.
Time needed for trimming complement of preach: 1[µs]
...done.
trying to prove abstract safety...
Time needed for constructing transducer for unsafe property: 2[µs]
Time needed for constructing transducer for (initial, unsafe) pairs: 15[µs]
Time needed for constructing transducer for complement of (initial, unsafe) pairs: 26[µs]
Time needed for building union of complements of preach and (initial, unsafe)-transducer: 11[µs]
Time needed for checking universality using antichains-inclusion algorithm: 29[µs]
Time needed for checking abstract safety: 107[µs]
...done.
Result: [0]
This means that the following properties could be separated from the initial configurations:
	[]
While the following properties could not be separated from the initial configurations:
	[dirtyshared]

real	0m0,173s
user	0m0,134s
sys	0m0,023s
********************
/home/jakob/Documents/abstracton/benchmarks/dodo/Illinois.json
f
dirtyshared
systemd-run --user --scope -p MemoryMax=32G -p MemorySwapMax=7G timeout 1200 /home/jakob/Documents/abstracton/benchmarks/../build_release/benchmarks/solve_dodo -i f -p dirtyshared /home/jakob/Documents/abstracton/benchmarks/dodo/Illinois.json --measure-time --no-dot-printing --universality-alg antichains-inclusion --ind-alg project
Running as unit: run-p2084782-i2098019.scope; invocation ID: 76c3d51062b6449eae59a16c3ba0a516
Time needed for parsing json file: 2535[µs]
alphabet size: 4
using Flow interpretation
Time needed for constructing Flow interpretation transducer: 536[µs]
computing ind...
Time needed for computing composition v_delta of abstraction framework and transition relation: 10495[µs]
Time needed for reducing V o ->: 12900[µs]
Time needed for computing complement v_complement of abstraction framework: 136[µs]
Time needed for minimizing complement(V): 145[µs]
Time needed for computing intersection 'preprojection' of v_delta and v_complement: 515[µs]
Time needed for computing complement of ind (i.e. projecting preprojection onto first tape): 3107[µs]
Time needed for minimizing projection: 14413307[µs]
Time needed for computing ind: 152[µs]
Time needed for minimizing ind: 65[µs]
Time needed for computing ind (total): 14441355[µs]
automaton for ind has 7 states.
...done.
computing complement of preach...
Time needed for constructing identity on ind: 48[µs]
Time needed for computing product v_id of abstraction framework with identity on ind: 874[µs]
Time needed for computing product of v_id with complement of abstraction framework: 203[µs]
Time needed for computing complement of preach: 1405[µs]
automaton for complement of preach has 5 states.
...of which, 2 states are at level 0.
Time needed for trimming complement of preach: 2[µs]
...done.
trying to prove abstract safety...
Time needed for constructing transducer for unsafe property: 9[µs]
Time needed for constructing transducer for (initial, unsafe) pairs: 22[µs]
Time needed for constructing transducer for complement of (initial, unsafe) pairs: 39[µs]
Time needed for building union of complements of preach and (initial, unsafe)-transducer: 15[µs]
Time needed for checking universality using antichains-inclusion algorithm: 41[µs]
Time needed for checking abstract safety: 157[µs]
...done.
Result: [0]
This means that the following properties could be separated from the initial configurations:
	[]
While the following properties could not be separated from the initial configurations:
	[dirtyshared]

real	0m14,557s
user	0m13,981s
sys	0m0,532s
********************
21 of 61
/home/jakob/Documents/abstracton/benchmarks/dodo/Illinois.json
t
deadlock
systemd-run --user --scope -p MemoryMax=32G -p MemorySwapMax=7G timeout 1200 /home/jakob/Documents/abstracton/benchmarks/../build_release/benchmarks/solve_dodo -i t -p deadlock /home/jakob/Documents/abstracton/benchmarks/dodo/Illinois.json --measure-time --no-dot-printing --universality-alg antichains-inclusion --ind-alg project
Running as unit: run-p2084845-i2098024.scope; invocation ID: 4558b2be889f43998d7ce339b8863c86
Time needed for parsing json file: 2585[µs]
alphabet size: 4
using Trap interpretation
Time needed for constructing Trap interpretation transducer: 610[µs]
computing ind...
Time needed for computing composition v_delta of abstraction framework and transition relation: 9495[µs]
Time needed for reducing V o ->: 6457[µs]
Time needed for computing complement v_complement of abstraction framework: 137[µs]
Time needed for minimizing complement(V): 96[µs]
Time needed for computing intersection 'preprojection' of v_delta and v_complement: 237[µs]
Time needed for computing complement of ind (i.e. projecting preprojection onto first tape): 1356[µs]
Time needed for minimizing projection: 78661[µs]
Time needed for computing ind: 71[µs]
Time needed for minimizing ind: 69[µs]
Time needed for computing ind (total): 96833[µs]
automaton for ind has 12 states.
...done.
computing complement of preach...
Time needed for constructing identity on ind: 55[µs]
Time needed for computing product v_id of abstraction framework with identity on ind: 1263[µs]
Time needed for computing product of v_id with complement of abstraction framework: 6920[µs]
Time needed for computing complement of preach: 8563[µs]
automaton for complement of preach has 234 states.
...of which, 18 states are at level 0.
Time needed for trimming complement of preach: 47[µs]
...done.
trying to prove abstract safety...
Time needed for constructing transducer for unsafe property: 4[µs]
Time needed for constructing transducer for (initial, unsafe) pairs: 23[µs]
Time needed for constructing transducer for complement of (initial, unsafe) pairs: 5[µs]
Time needed for building union of complements of preach and (initial, unsafe)-transducer: 70[µs]
Time needed for checking universality using antichains-inclusion algorithm: 121[µs]
Time needed for checking abstract safety: 267[µs]
...done.
Result: [1]
This means that the following properties could be separated from the initial configurations:
	[deadlock]
While the following properties could not be separated from the initial configurations:
	[]

real	0m0,135s
user	0m0,102s
sys	0m0,023s
********************
/home/jakob/Documents/abstracton/benchmarks/dodo/Illinois.json
s
deadlock
systemd-run --user --scope -p MemoryMax=32G -p MemorySwapMax=7G timeout 1200 /home/jakob/Documents/abstracton/benchmarks/../build_release/benchmarks/solve_dodo -i s -p deadlock /home/jakob/Documents/abstracton/benchmarks/dodo/Illinois.json --measure-time --no-dot-printing --universality-alg antichains-inclusion --ind-alg project
Running as unit: run-p2084847-i2098025.scope; invocation ID: fa0b2ecde1634d0f90198604165d7e2e
Time needed for parsing json file: 2521[µs]
alphabet size: 4
using Siphon interpretation
Time needed for constructing Siphon interpretation transducer: 280[µs]
computing ind...
Time needed for computing composition v_delta of abstraction framework and transition relation: 5144[µs]
Time needed for reducing V o ->: 6006[µs]
Time needed for computing complement v_complement of abstraction framework: 106[µs]
Time needed for minimizing complement(V): 117[µs]
Time needed for computing intersection 'preprojection' of v_delta and v_complement: 274[µs]
Time needed for computing complement of ind (i.e. projecting preprojection onto first tape): 1619[µs]
Time needed for minimizing projection: 123047[µs]
Time needed for computing ind: 41[µs]
Time needed for minimizing ind: 33[µs]
Time needed for computing ind (total): 136620[µs]
automaton for ind has 5 states.
...done.
computing complement of preach...
Time needed for constructing identity on ind: 20[µs]
Time needed for computing product v_id of abstraction framework with identity on ind: 203[µs]
Time needed for computing product of v_id with complement of abstraction framework: 65[µs]
Time needed for computing complement of preach: 367[µs]
automaton for complement of preach has 5 states.
...of which, 2 states are at level 0.
Time needed for trimming complement of preach: 1[µs]
...done.
trying to prove abstract safety...
Time needed for constructing transducer for unsafe property: 4[µs]
Time needed for constructing transducer for (initial, unsafe) pairs: 21[µs]
Time needed for constructing transducer for complement of (initial, unsafe) pairs: 2[µs]
Time needed for building union of complements of preach and (initial, unsafe)-transducer: 6[µs]
Time needed for checking universality using antichains-inclusion algorithm: 18[µs]
Time needed for checking abstract safety: 74[µs]
...done.
Result: [1]
This means that the following properties could be separated from the initial configurations:
	[deadlock]
While the following properties could not be separated from the initial configurations:
	[]

real	0m0,174s
user	0m0,137s
sys	0m0,023s
********************
/home/jakob/Documents/abstracton/benchmarks/dodo/Illinois.json
f
deadlock
systemd-run --user --scope -p MemoryMax=32G -p MemorySwapMax=7G timeout 1200 /home/jakob/Documents/abstracton/benchmarks/../build_release/benchmarks/solve_dodo -i f -p deadlock /home/jakob/Documents/abstracton/benchmarks/dodo/Illinois.json --measure-time --no-dot-printing --universality-alg antichains-inclusion --ind-alg project
Running as unit: run-p2084849-i2098026.scope; invocation ID: 9d7aa899e1454e89979905802fecbfe3
Time needed for parsing json file: 2519[µs]
alphabet size: 4
using Flow interpretation
Time needed for constructing Flow interpretation transducer: 536[µs]
computing ind...
Time needed for computing composition v_delta of abstraction framework and transition relation: 11273[µs]
Time needed for reducing V o ->: 13016[µs]
Time needed for computing complement v_complement of abstraction framework: 128[µs]
Time needed for minimizing complement(V): 134[µs]
Time needed for computing intersection 'preprojection' of v_delta and v_complement: 481[µs]
Time needed for computing complement of ind (i.e. projecting preprojection onto first tape): 3612[µs]
Time needed for minimizing projection: 14400053[µs]
Time needed for computing ind: 126[µs]
Time needed for minimizing ind: 49[µs]
Time needed for computing ind (total): 14429250[µs]
automaton for ind has 7 states.
...done.
computing complement of preach...
Time needed for constructing identity on ind: 30[µs]
Time needed for computing product v_id of abstraction framework with identity on ind: 518[µs]
Time needed for computing product of v_id with complement of abstraction framework: 121[µs]
Time needed for computing complement of preach: 825[µs]
automaton for complement of preach has 5 states.
...of which, 2 states are at level 0.
Time needed for trimming complement of preach: 1[µs]
...done.
trying to prove abstract safety...
Time needed for constructing transducer for unsafe property: 4[µs]
Time needed for constructing transducer for (initial, unsafe) pairs: 22[µs]
Time needed for constructing transducer for complement of (initial, unsafe) pairs: 3[µs]
Time needed for building union of complements of preach and (initial, unsafe)-transducer: 6[µs]
Time needed for checking universality using antichains-inclusion algorithm: 18[µs]
Time needed for checking abstract safety: 79[µs]
...done.
Result: [1]
This means that the following properties could be separated from the initial configurations:
	[deadlock]
While the following properties could not be separated from the initial configurations:
	[]

real	0m14,538s
user	0m13,974s
sys	0m0,540s
********************
22 of 61
/home/jakob/Documents/abstracton/benchmarks/dodo/Israeli-Jafon.json
t
notoken
systemd-run --user --scope -p MemoryMax=32G -p MemorySwapMax=7G timeout 1200 /home/jakob/Documents/abstracton/benchmarks/../build_release/benchmarks/solve_dodo -i t -p notoken /home/jakob/Documents/abstracton/benchmarks/dodo/Israeli-Jafon.json --measure-time --no-dot-printing --universality-alg antichains-inclusion --ind-alg project
Running as unit: run-p2084938-i2098030.scope; invocation ID: f3bcdf22153e487c932fb21974b239f6
Time needed for parsing json file: 976[µs]
alphabet size: 2
using Trap interpretation
Time needed for constructing Trap interpretation transducer: 200[µs]
computing ind...
Time needed for computing composition v_delta of abstraction framework and transition relation: 1054[µs]
Time needed for reducing V o ->: 943[µs]
Time needed for computing complement v_complement of abstraction framework: 70[µs]
Time needed for minimizing complement(V): 41[µs]
Time needed for computing intersection 'preprojection' of v_delta and v_complement: 48[µs]
Time needed for computing complement of ind (i.e. projecting preprojection onto first tape): 107[µs]
Time needed for minimizing projection: 166[µs]
Time needed for computing ind: 28[µs]
Time needed for minimizing ind: 40[µs]
Time needed for computing ind (total): 2615[µs]
automaton for ind has 6 states.
...done.
computing complement of preach...
Time needed for constructing identity on ind: 20[µs]
Time needed for computing product v_id of abstraction framework with identity on ind: 340[µs]
Time needed for computing product of v_id with complement of abstraction framework: 1370[µs]
Time needed for computing complement of preach: 1851[µs]
automaton for complement of preach has 11 states.
...of which, 4 states are at level 0.
Time needed for trimming complement of preach: 11[µs]
...done.
trying to prove abstract safety...
Time needed for constructing transducer for unsafe property: 1[µs]
Time needed for constructing transducer for (initial, unsafe) pairs: 38[µs]
Time needed for constructing transducer for complement of (initial, unsafe) pairs: 47[µs]
Time needed for building union of complements of preach and (initial, unsafe)-transducer: 18[µs]
Time needed for checking universality using antichains-inclusion algorithm: 82[µs]
Time needed for checking abstract safety: 232[µs]
...done.
Result: [1]
This means that the following properties could be separated from the initial configurations:
	[notoken]
While the following properties could not be separated from the initial configurations:
	[]

real	0m0,036s
user	0m0,012s
sys	0m0,013s
********************
/home/jakob/Documents/abstracton/benchmarks/dodo/Israeli-Jafon.json
s
notoken
systemd-run --user --scope -p MemoryMax=32G -p MemorySwapMax=7G timeout 1200 /home/jakob/Documents/abstracton/benchmarks/../build_release/benchmarks/solve_dodo -i s -p notoken /home/jakob/Documents/abstracton/benchmarks/dodo/Israeli-Jafon.json --measure-time --no-dot-printing --universality-alg antichains-inclusion --ind-alg project
Running as unit: run-p2084940-i2098031.scope; invocation ID: f33aeb94f8d24c86bfc3cda02b0ce32f
Time needed for parsing json file: 972[µs]
alphabet size: 2
using Siphon interpretation
Time needed for constructing Siphon interpretation transducer: 147[µs]
computing ind...
Time needed for computing composition v_delta of abstraction framework and transition relation: 647[µs]
Time needed for reducing V o ->: 568[µs]
Time needed for computing complement v_complement of abstraction framework: 50[µs]
Time needed for minimizing complement(V): 50[µs]
Time needed for computing intersection 'preprojection' of v_delta and v_complement: 45[µs]
Time needed for computing complement of ind (i.e. projecting preprojection onto first tape): 109[µs]
Time needed for minimizing projection: 208[µs]
Time needed for computing ind: 29[µs]
Time needed for minimizing ind: 39[µs]
Time needed for computing ind (total): 1840[µs]
automaton for ind has 6 states.
...done.
computing complement of preach...
Time needed for constructing identity on ind: 31[µs]
Time needed for computing product v_id of abstraction framework with identity on ind: 191[µs]
Time needed for computing product of v_id with complement of abstraction framework: 136[µs]
Time needed for computing complement of preach: 445[µs]
automaton for complement of preach has 8 states.
...of which, 4 states are at level 0.
Time needed for trimming complement of preach: 4[µs]
...done.
trying to prove abstract safety...
Time needed for constructing transducer for unsafe property: 1[µs]
Time needed for constructing transducer for (initial, unsafe) pairs: 36[µs]
Time needed for constructing transducer for complement of (initial, unsafe) pairs: 42[µs]
Time needed for building union of complements of preach and (initial, unsafe)-transducer: 16[µs]
Time needed for checking universality using antichains-inclusion algorithm: 157[µs]
Time needed for checking abstract safety: 297[µs]
...done.
Result: [0]
This means that the following properties could be separated from the initial configurations:
	[]
While the following properties could not be separated from the initial configurations:
	[notoken]

real	0m0,036s
user	0m0,013s
sys	0m0,009s
********************
/home/jakob/Documents/abstracton/benchmarks/dodo/Israeli-Jafon.json
f
notoken
systemd-run --user --scope -p MemoryMax=32G -p MemorySwapMax=7G timeout 1200 /home/jakob/Documents/abstracton/benchmarks/../build_release/benchmarks/solve_dodo -i f -p notoken /home/jakob/Documents/abstracton/benchmarks/dodo/Israeli-Jafon.json --measure-time --no-dot-printing --universality-alg antichains-inclusion --ind-alg project
Running as unit: run-p2084942-i2098032.scope; invocation ID: c067b6062c544b2589ef7659dc958897
Time needed for parsing json file: 983[µs]
alphabet size: 2
using Flow interpretation
Time needed for constructing Flow interpretation transducer: 186[µs]
computing ind...
Time needed for computing composition v_delta of abstraction framework and transition relation: 1218[µs]
Time needed for reducing V o ->: 1283[µs]
Time needed for computing complement v_complement of abstraction framework: 77[µs]
Time needed for minimizing complement(V): 82[µs]
Time needed for computing intersection 'preprojection' of v_delta and v_complement: 110[µs]
Time needed for computing complement of ind (i.e. projecting preprojection onto first tape): 285[µs]
Time needed for minimizing projection: 1030[µs]
Time needed for computing ind: 35[µs]
Time needed for minimizing ind: 50[µs]
Time needed for computing ind (total): 4305[µs]
automaton for ind has 7 states.
...done.
computing complement of preach...
Time needed for constructing identity on ind: 23[µs]
Time needed for computing product v_id of abstraction framework with identity on ind: 309[µs]
Time needed for computing product of v_id with complement of abstraction framework: 173[µs]
Time needed for computing complement of preach: 624[µs]
automaton for complement of preach has 4 states.
...of which, 2 states are at level 0.
Time needed for trimming complement of preach: 3[µs]
...done.
trying to prove abstract safety...
Time needed for constructing transducer for unsafe property: 1[µs]
Time needed for constructing transducer for (initial, unsafe) pairs: 39[µs]
Time needed for constructing transducer for complement of (initial, unsafe) pairs: 43[µs]
Time needed for building union of complements of preach and (initial, unsafe)-transducer: 13[µs]
Time needed for checking universality using antichains-inclusion algorithm: 54[µs]
Time needed for checking abstract safety: 193[µs]
...done.
Result: [0]
This means that the following properties could be separated from the initial configurations:
	[]
While the following properties could not be separated from the initial configurations:
	[notoken]

real	0m0,043s
user	0m0,011s
sys	0m0,014s
********************
23 of 61
/home/jakob/Documents/abstracton/benchmarks/dodo/MESI.json
t
modifiedmodified
systemd-run --user --scope -p MemoryMax=32G -p MemorySwapMax=7G timeout 1200 /home/jakob/Documents/abstracton/benchmarks/../build_release/benchmarks/solve_dodo -i t -p modifiedmodified /home/jakob/Documents/abstracton/benchmarks/dodo/MESI.json --measure-time --no-dot-printing --universality-alg antichains-inclusion --ind-alg project
Running as unit: run-p2084950-i2098035.scope; invocation ID: d38af1696cd14f1383c700d07ed446a6
Time needed for parsing json file: 1742[µs]
alphabet size: 4
using Trap interpretation
Time needed for constructing Trap interpretation transducer: 676[µs]
computing ind...
Time needed for computing composition v_delta of abstraction framework and transition relation: 4834[µs]
Time needed for reducing V o ->: 2963[µs]
Time needed for computing complement v_complement of abstraction framework: 212[µs]
Time needed for minimizing complement(V): 153[µs]
Time needed for computing intersection 'preprojection' of v_delta and v_complement: 173[µs]
Time needed for computing complement of ind (i.e. projecting preprojection onto first tape): 641[µs]
Time needed for minimizing projection: 2561[µs]
Time needed for computing ind: 63[µs]
Time needed for minimizing ind: 69[µs]
Time needed for computing ind (total): 11845[µs]
automaton for ind has 6 states.
...done.
computing complement of preach...
Time needed for constructing identity on ind: 45[µs]
Time needed for computing product v_id of abstraction framework with identity on ind: 1785[µs]
Time needed for computing product of v_id with complement of abstraction framework: 9414[µs]
Time needed for computing complement of preach: 11543[µs]
automaton for complement of preach has 175 states.
...of which, 7 states are at level 0.
Time needed for trimming complement of preach: 49[µs]
...done.
trying to prove abstract safety...
Time needed for constructing transducer for unsafe property: 2[µs]
Time needed for constructing transducer for (initial, unsafe) pairs: 23[µs]
Time needed for constructing transducer for complement of (initial, unsafe) pairs: 36[µs]
Time needed for building union of complements of preach and (initial, unsafe)-transducer: 83[µs]
Time needed for checking universality using antichains-inclusion algorithm: 183[µs]
Time needed for checking abstract safety: 387[µs]
...done.
Result: [1]
This means that the following properties could be separated from the initial configurations:
	[modifiedmodified]
While the following properties could not be separated from the initial configurations:
	[]

real	0m0,065s
user	0m0,026s
sys	0m0,021s
********************
/home/jakob/Documents/abstracton/benchmarks/dodo/MESI.json
s
modifiedmodified
systemd-run --user --scope -p MemoryMax=32G -p MemorySwapMax=7G timeout 1200 /home/jakob/Documents/abstracton/benchmarks/../build_release/benchmarks/solve_dodo -i s -p modifiedmodified /home/jakob/Documents/abstracton/benchmarks/dodo/MESI.json --measure-time --no-dot-printing --universality-alg antichains-inclusion --ind-alg project
Running as unit: run-p2084952-i2094985.scope; invocation ID: 472e016ab8364f64beb84958cad5dca9
Time needed for parsing json file: 1807[µs]
alphabet size: 4
using Siphon interpretation
Time needed for constructing Siphon interpretation transducer: 291[µs]
computing ind...
Time needed for computing composition v_delta of abstraction framework and transition relation: 2817[µs]
Time needed for reducing V o ->: 2995[µs]
Time needed for computing complement v_complement of abstraction framework: 156[µs]
Time needed for minimizing complement(V): 179[µs]
Time needed for computing intersection 'preprojection' of v_delta and v_complement: 183[µs]
Time needed for computing complement of ind (i.e. projecting preprojection onto first tape): 1058[µs]
Time needed for minimizing projection: 9763[µs]
Time needed for computing ind: 30[µs]
Time needed for minimizing ind: 31[µs]
Time needed for computing ind (total): 17374[µs]
automaton for ind has 3 states.
...done.
computing complement of preach...
Time needed for constructing identity on ind: 17[µs]
Time needed for computing product v_id of abstraction framework with identity on ind: 186[µs]
Time needed for computing product of v_id with complement of abstraction framework: 51[µs]
Time needed for computing complement of preach: 355[µs]
automaton for complement of preach has 0 states.
...of which, 0 states are at level 0.
Time needed for trimming complement of preach: 0[µs]
...done.
trying to prove abstract safety...
Time needed for constructing transducer for unsafe property: 4[µs]
Time needed for constructing transducer for (initial, unsafe) pairs: 19[µs]
Time needed for constructing transducer for complement of (initial, unsafe) pairs: 30[µs]
Time needed for building union of complements of preach and (initial, unsafe)-transducer: 6[µs]
Time needed for checking universality using antichains-inclusion algorithm: 29[µs]
Time needed for checking abstract safety: 112[µs]
...done.
Result: [0]
This means that the following properties could be separated from the initial configurations:
	[]
While the following properties could not be separated from the initial configurations:
	[modifiedmodified]

real	0m0,054s
user	0m0,022s
sys	0m0,017s
********************
/home/jakob/Documents/abstracton/benchmarks/dodo/MESI.json
f
modifiedmodified
systemd-run --user --scope -p MemoryMax=32G -p MemorySwapMax=7G timeout 1200 /home/jakob/Documents/abstracton/benchmarks/../build_release/benchmarks/solve_dodo -i f -p modifiedmodified /home/jakob/Documents/abstracton/benchmarks/dodo/MESI.json --measure-time --no-dot-printing --universality-alg antichains-inclusion --ind-alg project
Running as unit: run-p2084956-i2098039.scope; invocation ID: 0fe1120b34e4463d87ffaf4aae4dfd4a
Time needed for parsing json file: 1719[µs]
alphabet size: 4
using Flow interpretation
Time needed for constructing Flow interpretation transducer: 593[µs]
computing ind...
Time needed for computing composition v_delta of abstraction framework and transition relation: 6147[µs]
Time needed for reducing V o ->: 6057[µs]
Time needed for computing complement v_complement of abstraction framework: 186[µs]
Time needed for minimizing complement(V): 170[µs]
Time needed for computing intersection 'preprojection' of v_delta and v_complement: 265[µs]
Time needed for computing complement of ind (i.e. projecting preprojection onto first tape): 1972[µs]
Time needed for minimizing projection: 105119[µs]
Time needed for computing ind: 66[µs]
Time needed for minimizing ind: 64[µs]
Time needed for computing ind (total): 120391[µs]
automaton for ind has 5 states.
...done.
computing complement of preach...
Time needed for constructing identity on ind: 39[µs]
Time needed for computing product v_id of abstraction framework with identity on ind: 602[µs]
Time needed for computing product of v_id with complement of abstraction framework: 161[µs]
Time needed for computing complement of preach: 1055[µs]
automaton for complement of preach has 0 states.
...of which, 0 states are at level 0.
Time needed for trimming complement of preach: 0[µs]
...done.
trying to prove abstract safety...
Time needed for constructing transducer for unsafe property: 3[µs]
Time needed for constructing transducer for (initial, unsafe) pairs: 26[µs]
Time needed for constructing transducer for complement of (initial, unsafe) pairs: 46[µs]
Time needed for building union of complements of preach and (initial, unsafe)-transducer: 9[µs]
Time needed for checking universality using antichains-inclusion algorithm: 44[µs]
Time needed for checking abstract safety: 163[µs]
...done.
Result: [0]
This means that the following properties could be separated from the initial configurations:
	[]
While the following properties could not be separated from the initial configurations:
	[modifiedmodified]

real	0m0,159s
user	0m0,117s
sys	0m0,028s
********************
24 of 61
/home/jakob/Documents/abstracton/benchmarks/dodo/MESI.json
t
sharedmodified
systemd-run --user --scope -p MemoryMax=32G -p MemorySwapMax=7G timeout 1200 /home/jakob/Documents/abstracton/benchmarks/../build_release/benchmarks/solve_dodo -i t -p sharedmodified /home/jakob/Documents/abstracton/benchmarks/dodo/MESI.json --measure-time --no-dot-printing --universality-alg antichains-inclusion --ind-alg project
Running as unit: run-p2084964-i2098042.scope; invocation ID: e45a00085f294f0dbf82df9ff925e286
Time needed for parsing json file: 1704[µs]
alphabet size: 4
using Trap interpretation
Time needed for constructing Trap interpretation transducer: 689[µs]
computing ind...
Time needed for computing composition v_delta of abstraction framework and transition relation: 4831[µs]
Time needed for reducing V o ->: 2986[µs]
Time needed for computing complement v_complement of abstraction framework: 222[µs]
Time needed for minimizing complement(V): 173[µs]
Time needed for computing intersection 'preprojection' of v_delta and v_complement: 172[µs]
Time needed for computing complement of ind (i.e. projecting preprojection onto first tape): 810[µs]
Time needed for minimizing projection: 2926[µs]
Time needed for computing ind: 56[µs]
Time needed for minimizing ind: 74[µs]
Time needed for computing ind (total): 12423[µs]
automaton for ind has 6 states.
...done.
computing complement of preach...
Time needed for constructing identity on ind: 49[µs]
Time needed for computing product v_id of abstraction framework with identity on ind: 1827[µs]
Time needed for computing product of v_id with complement of abstraction framework: 9123[µs]
Time needed for computing complement of preach: 11309[µs]
automaton for complement of preach has 175 states.
...of which, 7 states are at level 0.
Time needed for trimming complement of preach: 47[µs]
...done.
trying to prove abstract safety...
Time needed for constructing transducer for unsafe property: 2[µs]
Time needed for constructing transducer for (initial, unsafe) pairs: 24[µs]
Time needed for constructing transducer for complement of (initial, unsafe) pairs: 43[µs]
Time needed for building union of complements of preach and (initial, unsafe)-transducer: 83[µs]
Time needed for checking universality using antichains-inclusion algorithm: 184[µs]
Time needed for checking abstract safety: 396[µs]
...done.
Result: [1]
This means that the following properties could be separated from the initial configurations:
	[sharedmodified]
While the following properties could not be separated from the initial configurations:
	[]

real	0m0,068s
user	0m0,031s
sys	0m0,014s
********************
/home/jakob/Documents/abstracton/benchmarks/dodo/MESI.json
s
sharedmodified
systemd-run --user --scope -p MemoryMax=32G -p MemorySwapMax=7G timeout 1200 /home/jakob/Documents/abstracton/benchmarks/../build_release/benchmarks/solve_dodo -i s -p sharedmodified /home/jakob/Documents/abstracton/benchmarks/dodo/MESI.json --measure-time --no-dot-printing --universality-alg antichains-inclusion --ind-alg project
Running as unit: run-p2084966-i2098043.scope; invocation ID: 5a888e2b52c04535ac324cd193d78ed9
Time needed for parsing json file: 1713[µs]
alphabet size: 4
using Siphon interpretation
Time needed for constructing Siphon interpretation transducer: 285[µs]
computing ind...
Time needed for computing composition v_delta of abstraction framework and transition relation: 3211[µs]
Time needed for reducing V o ->: 3103[µs]
Time needed for computing complement v_complement of abstraction framework: 170[µs]
Time needed for minimizing complement(V): 179[µs]
Time needed for computing intersection 'preprojection' of v_delta and v_complement: 183[µs]
Time needed for computing complement of ind (i.e. projecting preprojection onto first tape): 1080[µs]
Time needed for minimizing projection: 11397[µs]
Time needed for computing ind: 37[µs]
Time needed for minimizing ind: 41[µs]
Time needed for computing ind (total): 19610[µs]
automaton for ind has 3 states.
...done.
computing complement of preach...
Time needed for constructing identity on ind: 24[µs]
Time needed for computing product v_id of abstraction framework with identity on ind: 242[µs]
Time needed for computing product of v_id with complement of abstraction framework: 72[µs]
Time needed for computing complement of preach: 475[µs]
automaton for complement of preach has 0 states.
...of which, 0 states are at level 0.
Time needed for trimming complement of preach: 0[µs]
...done.
trying to prove abstract safety...
Time needed for constructing transducer for unsafe property: 4[µs]
Time needed for constructing transducer for (initial, unsafe) pairs: 33[µs]
Time needed for constructing transducer for complement of (initial, unsafe) pairs: 55[µs]
Time needed for building union of complements of preach and (initial, unsafe)-transducer: 10[µs]
Time needed for checking universality using antichains-inclusion algorithm: 40[µs]
Time needed for checking abstract safety: 177[µs]
...done.
Result: [0]
This means that the following properties could be separated from the initial configurations:
	[]
While the following properties could not be separated from the initial configurations:
	[sharedmodified]

real	0m0,053s
user	0m0,025s
sys	0m0,019s
********************
/home/jakob/Documents/abstracton/benchmarks/dodo/MESI.json
f
sharedmodified
systemd-run --user --scope -p MemoryMax=32G -p MemorySwapMax=7G timeout 1200 /home/jakob/Documents/abstracton/benchmarks/../build_release/benchmarks/solve_dodo -i f -p sharedmodified /home/jakob/Documents/abstracton/benchmarks/dodo/MESI.json --measure-time --no-dot-printing --universality-alg antichains-inclusion --ind-alg project
Running as unit: run-p2084970-i2094990.scope; invocation ID: 8349f75194fc433399c2d1425b5ebbb0
Time needed for parsing json file: 1734[µs]
alphabet size: 4
using Flow interpretation
Time needed for constructing Flow interpretation transducer: 585[µs]
computing ind...
Time needed for computing composition v_delta of abstraction framework and transition relation: 6559[µs]
Time needed for reducing V o ->: 4722[µs]
Time needed for computing complement v_complement of abstraction framework: 193[µs]
Time needed for minimizing complement(V): 211[µs]
Time needed for computing intersection 'preprojection' of v_delta and v_complement: 305[µs]
Time needed for computing complement of ind (i.e. projecting preprojection onto first tape): 2266[µs]
Time needed for minimizing projection: 89889[µs]
Time needed for computing ind: 41[µs]
Time needed for minimizing ind: 33[µs]
Time needed for computing ind (total): 104476[µs]
automaton for ind has 5 states.
...done.
computing complement of preach...
Time needed for constructing identity on ind: 19[µs]
Time needed for computing product v_id of abstraction framework with identity on ind: 315[µs]
Time needed for computing product of v_id with complement of abstraction framework: 74[µs]
Time needed for computing complement of preach: 540[µs]
automaton for complement of preach has 0 states.
...of which, 0 states are at level 0.
Time needed for trimming complement of preach: 0[µs]
...done.
trying to prove abstract safety...
Time needed for constructing transducer for unsafe property: 1[µs]
Time needed for constructing transducer for (initial, unsafe) pairs: 15[µs]
Time needed for constructing transducer for complement of (initial, unsafe) pairs: 28[µs]
Time needed for building union of complements of preach and (initial, unsafe)-transducer: 5[µs]
Time needed for checking universality using antichains-inclusion algorithm: 25[µs]
Time needed for checking abstract safety: 95[µs]
...done.
Result: [0]
This means that the following properties could be separated from the initial configurations:
	[]
While the following properties could not be separated from the initial configurations:
	[sharedmodified]

real	0m0,147s
user	0m0,107s
sys	0m0,022s
********************
25 of 61
/home/jakob/Documents/abstracton/benchmarks/dodo/MESI.json
t
deadlock
systemd-run --user --scope -p MemoryMax=32G -p MemorySwapMax=7G timeout 1200 /home/jakob/Documents/abstracton/benchmarks/../build_release/benchmarks/solve_dodo -i t -p deadlock /home/jakob/Documents/abstracton/benchmarks/dodo/MESI.json --measure-time --no-dot-printing --universality-alg antichains-inclusion --ind-alg project
Running as unit: run-p2084978-i2094993.scope; invocation ID: f80403b7420743a998814f53ac8d9c9e
Time needed for parsing json file: 1708[µs]
alphabet size: 4
using Trap interpretation
Time needed for constructing Trap interpretation transducer: 667[µs]
computing ind...
Time needed for computing composition v_delta of abstraction framework and transition relation: 5103[µs]
Time needed for reducing V o ->: 2315[µs]
Time needed for computing complement v_complement of abstraction framework: 141[µs]
Time needed for minimizing complement(V): 100[µs]
Time needed for computing intersection 'preprojection' of v_delta and v_complement: 117[µs]
Time needed for computing complement of ind (i.e. projecting preprojection onto first tape): 640[µs]
Time needed for minimizing projection: 2790[µs]
Time needed for computing ind: 55[µs]
Time needed for minimizing ind: 72[µs]
Time needed for computing ind (total): 11513[µs]
automaton for ind has 6 states.
...done.
computing complement of preach...
Time needed for constructing identity on ind: 48[µs]
Time needed for computing product v_id of abstraction framework with identity on ind: 1822[µs]
Time needed for computing product of v_id with complement of abstraction framework: 9229[µs]
Time needed for computing complement of preach: 11416[µs]
automaton for complement of preach has 175 states.
...of which, 7 states are at level 0.
Time needed for trimming complement of preach: 52[µs]
...done.
trying to prove abstract safety...
Time needed for constructing transducer for unsafe property: 3[µs]
Time needed for constructing transducer for (initial, unsafe) pairs: 20[µs]
Time needed for constructing transducer for complement of (initial, unsafe) pairs: 5[µs]
Time needed for building union of complements of preach and (initial, unsafe)-transducer: 79[µs]
Time needed for checking universality using antichains-inclusion algorithm: 138[µs]
Time needed for checking abstract safety: 287[µs]
...done.
Result: [1]
This means that the following properties could be separated from the initial configurations:
	[deadlock]
While the following properties could not be separated from the initial configurations:
	[]

real	0m0,061s
user	0m0,026s
sys	0m0,017s
********************
/home/jakob/Documents/abstracton/benchmarks/dodo/MESI.json
s
deadlock
systemd-run --user --scope -p MemoryMax=32G -p MemorySwapMax=7G timeout 1200 /home/jakob/Documents/abstracton/benchmarks/../build_release/benchmarks/solve_dodo -i s -p deadlock /home/jakob/Documents/abstracton/benchmarks/dodo/MESI.json --measure-time --no-dot-printing --universality-alg antichains-inclusion --ind-alg project
Running as unit: run-p2084980-i2094994.scope; invocation ID: 6d97430c7942414baee1f72735cba4c1
Time needed for parsing json file: 1719[µs]
alphabet size: 4
using Siphon interpretation
Time needed for constructing Siphon interpretation transducer: 294[µs]
computing ind...
Time needed for computing composition v_delta of abstraction framework and transition relation: 2938[µs]
Time needed for reducing V o ->: 2711[µs]
Time needed for computing complement v_complement of abstraction framework: 273[µs]
Time needed for minimizing complement(V): 312[µs]
Time needed for computing intersection 'preprojection' of v_delta and v_complement: 185[µs]
Time needed for computing complement of ind (i.e. projecting preprojection onto first tape): 1108[µs]
Time needed for minimizing projection: 9844[µs]
Time needed for computing ind: 43[µs]
Time needed for minimizing ind: 29[µs]
Time needed for computing ind (total): 17618[µs]
automaton for ind has 3 states.
...done.
computing complement of preach...
Time needed for constructing identity on ind: 17[µs]
Time needed for computing product v_id of abstraction framework with identity on ind: 171[µs]
Time needed for computing product of v_id with complement of abstraction framework: 50[µs]
Time needed for computing complement of preach: 334[µs]
automaton for complement of preach has 0 states.
...of which, 0 states are at level 0.
Time needed for trimming complement of preach: 0[µs]
...done.
trying to prove abstract safety...
Time needed for constructing transducer for unsafe property: 3[µs]
Time needed for constructing transducer for (initial, unsafe) pairs: 19[µs]
Time needed for constructing transducer for complement of (initial, unsafe) pairs: 4[µs]
Time needed for building union of complements of preach and (initial, unsafe)-transducer: 4[µs]
Time needed for checking universality using antichains-inclusion algorithm: 20[µs]
Time needed for checking abstract safety: 73[µs]
...done.
Result: [1]
This means that the following properties could be separated from the initial configurations:
	[deadlock]
While the following properties could not be separated from the initial configurations:
	[]

real	0m0,062s
user	0m0,023s
sys	0m0,015s
********************
/home/jakob/Documents/abstracton/benchmarks/dodo/MESI.json
f
deadlock
systemd-run --user --scope -p MemoryMax=32G -p MemorySwapMax=7G timeout 1200 /home/jakob/Documents/abstracton/benchmarks/../build_release/benchmarks/solve_dodo -i f -p deadlock /home/jakob/Documents/abstracton/benchmarks/dodo/MESI.json --measure-time --no-dot-printing --universality-alg antichains-inclusion --ind-alg project
Running as unit: run-p2084982-i2094995.scope; invocation ID: 4de81abec1e44428acfb50e8f7c5cb02
Time needed for parsing json file: 2132[µs]
alphabet size: 4
using Flow interpretation
Time needed for constructing Flow interpretation transducer: 575[µs]
computing ind...
Time needed for computing composition v_delta of abstraction framework and transition relation: 6055[µs]
Time needed for reducing V o ->: 4154[µs]
Time needed for computing complement v_complement of abstraction framework: 200[µs]
Time needed for minimizing complement(V): 204[µs]
Time needed for computing intersection 'preprojection' of v_delta and v_complement: 321[µs]
Time needed for computing complement of ind (i.e. projecting preprojection onto first tape): 2386[µs]
Time needed for minimizing projection: 92689[µs]
Time needed for computing ind: 41[µs]
Time needed for minimizing ind: 43[µs]
Time needed for computing ind (total): 106361[µs]
automaton for ind has 5 states.
...done.
computing complement of preach...
Time needed for constructing identity on ind: 19[µs]
Time needed for computing product v_id of abstraction framework with identity on ind: 311[µs]
Time needed for computing product of v_id with complement of abstraction framework: 74[µs]
Time needed for computing complement of preach: 528[µs]
automaton for complement of preach has 0 states.
...of which, 0 states are at level 0.
Time needed for trimming complement of preach: 0[µs]
...done.
trying to prove abstract safety...
Time needed for constructing transducer for unsafe property: 2[µs]
Time needed for constructing transducer for (initial, unsafe) pairs: 14[µs]
Time needed for constructing transducer for complement of (initial, unsafe) pairs: 2[µs]
Time needed for building union of complements of preach and (initial, unsafe)-transducer: 3[µs]
Time needed for checking universality using antichains-inclusion algorithm: 16[µs]
Time needed for checking abstract safety: 55[µs]
...done.
Result: [1]
This means that the following properties could be separated from the initial configurations:
	[deadlock]
While the following properties could not be separated from the initial configurations:
	[]

real	0m0,142s
user	0m0,104s
sys	0m0,020s
********************
26 of 61
/home/jakob/Documents/abstracton/benchmarks/dodo/MOESI.json
t
modifiedmodified
systemd-run --user --scope -p MemoryMax=32G -p MemorySwapMax=7G timeout 1200 /home/jakob/Documents/abstracton/benchmarks/../build_release/benchmarks/solve_dodo -i t -p modifiedmodified /home/jakob/Documents/abstracton/benchmarks/dodo/MOESI.json --measure-time --no-dot-printing --universality-alg antichains-inclusion --ind-alg project
Running as unit: run-p2084990-i2094998.scope; invocation ID: 39c7e92390f5425692162ae64aa592de
Time needed for parsing json file: 3491[µs]
alphabet size: 5
using Trap interpretation
Time needed for constructing Trap interpretation transducer: 1559[µs]
computing ind...
Time needed for computing composition v_delta of abstraction framework and transition relation: 9838[µs]
Time needed for reducing V o ->: 4509[µs]
Time needed for computing complement v_complement of abstraction framework: 262[µs]
Time needed for minimizing complement(V): 210[µs]
Time needed for computing intersection 'preprojection' of v_delta and v_complement: 231[µs]
Time needed for computing complement of ind (i.e. projecting preprojection onto first tape): 2034[µs]
Time needed for minimizing projection: 21438[µs]
Time needed for computing ind: 101[µs]
Time needed for minimizing ind: 130[µs]
Time needed for computing ind (total): 38981[µs]
automaton for ind has 13 states.
...done.
computing complement of preach...
Time needed for constructing identity on ind: 91[µs]
Time needed for computing product v_id of abstraction framework with identity on ind: 7163[µs]
Time needed for computing product of v_id with complement of abstraction framework: 45111[µs]
Time needed for computing complement of preach: 53215[µs]
automaton for complement of preach has 1220 states.
...of which, 20 states are at level 0.
Time needed for trimming complement of preach: 315[µs]
...done.
trying to prove abstract safety...
Time needed for constructing transducer for unsafe property: 1[µs]
Time needed for constructing transducer for (initial, unsafe) pairs: 23[µs]
Time needed for constructing transducer for complement of (initial, unsafe) pairs: 33[µs]
Time needed for building union of complements of preach and (initial, unsafe)-transducer: 455[µs]
Time needed for checking universality using antichains-inclusion algorithm: 718[µs]
Time needed for checking abstract safety: 1369[µs]
...done.
Result: [1]
This means that the following properties could be separated from the initial configurations:
	[modifiedmodified]
While the following properties could not be separated from the initial configurations:
	[]

real	0m0,136s
user	0m0,078s
sys	0m0,041s
********************
/home/jakob/Documents/abstracton/benchmarks/dodo/MOESI.json
s
modifiedmodified
systemd-run --user --scope -p MemoryMax=32G -p MemorySwapMax=7G timeout 1200 /home/jakob/Documents/abstracton/benchmarks/../build_release/benchmarks/solve_dodo -i s -p modifiedmodified /home/jakob/Documents/abstracton/benchmarks/dodo/MOESI.json --measure-time --no-dot-printing --universality-alg antichains-inclusion --ind-alg project
Running as unit: run-p2084992-i2098048.scope; invocation ID: 9a49dd033cc343b38e2271625a841a93
Time needed for parsing json file: 3156[µs]
alphabet size: 5
using Siphon interpretation
Time needed for constructing Siphon interpretation transducer: 466[µs]
computing ind...
Time needed for computing composition v_delta of abstraction framework and transition relation: 7201[µs]
Time needed for reducing V o ->: 6999[µs]
Time needed for computing complement v_complement of abstraction framework: 298[µs]
Time needed for minimizing complement(V): 379[µs]
Time needed for computing intersection 'preprojection' of v_delta and v_complement: 348[µs]
Time needed for computing complement of ind (i.e. projecting preprojection onto first tape): 4532[µs]
Time needed for minimizing projection: 27026[µs]
Time needed for computing ind: 46[µs]
Time needed for minimizing ind: 52[µs]
Time needed for computing ind (total): 47131[µs]
automaton for ind has 5 states.
...done.
computing complement of preach...
Time needed for constructing identity on ind: 37[µs]
Time needed for computing product v_id of abstraction framework with identity on ind: 423[µs]
Time needed for computing product of v_id with complement of abstraction framework: 103[µs]
Time needed for computing complement of preach: 716[µs]
automaton for complement of preach has 6 states.
...of which, 2 states are at level 0.
Time needed for trimming complement of preach: 1[µs]
...done.
trying to prove abstract safety...
Time needed for constructing transducer for unsafe property: 1[µs]
Time needed for constructing transducer for (initial, unsafe) pairs: 15[µs]
Time needed for constructing transducer for complement of (initial, unsafe) pairs: 25[µs]
Time needed for building union of complements of preach and (initial, unsafe)-transducer: 11[µs]
Time needed for checking universality using antichains-inclusion algorithm: 31[µs]
Time needed for checking abstract safety: 105[µs]
...done.
Result: [0]
This means that the following properties could be separated from the initial configurations:
	[]
While the following properties could not be separated from the initial configurations:
	[modifiedmodified]

real	0m0,088s
user	0m0,048s
sys	0m0,021s
********************
/home/jakob/Documents/abstracton/benchmarks/dodo/MOESI.json
f
modifiedmodified
systemd-run --user --scope -p MemoryMax=32G -p MemorySwapMax=7G timeout 1200 /home/jakob/Documents/abstracton/benchmarks/../build_release/benchmarks/solve_dodo -i f -p modifiedmodified /home/jakob/Documents/abstracton/benchmarks/dodo/MOESI.json --measure-time --no-dot-printing --universality-alg antichains-inclusion --ind-alg project
Running as unit: run-p2084994-i2098049.scope; invocation ID: b0fea4d972ef4c8e8baddbd56f20de95
Time needed for parsing json file: 4183[µs]
alphabet size: 5
using Flow interpretation
Time needed for constructing Flow interpretation transducer: 1620[µs]
computing ind...
Time needed for computing composition v_delta of abstraction framework and transition relation: 10966[µs]
Time needed for reducing V o ->: 9410[µs]
Time needed for computing complement v_complement of abstraction framework: 268[µs]
Time needed for minimizing complement(V): 295[µs]
Time needed for computing intersection 'preprojection' of v_delta and v_complement: 438[µs]
Time needed for computing complement of ind (i.e. projecting preprojection onto first tape): 4954[µs]
Time needed for minimizing projection: 572095[µs]
Time needed for computing ind: 92[µs]
Time needed for minimizing ind: 74[µs]
Time needed for computing ind (total): 598957[µs]
automaton for ind has 7 states.
...done.
computing complement of preach...
Time needed for constructing identity on ind: 51[µs]
Time needed for computing product v_id of abstraction framework with identity on ind: 1218[µs]
Time needed for computing product of v_id with complement of abstraction framework: 194[µs]
Time needed for computing complement of preach: 1757[µs]
automaton for complement of preach has 6 states.
...of which, 2 states are at level 0.
Time needed for trimming complement of preach: 1[µs]
...done.
trying to prove abstract safety...
Time needed for constructing transducer for unsafe property: 1[µs]
Time needed for constructing transducer for (initial, unsafe) pairs: 14[µs]
Time needed for constructing transducer for complement of (initial, unsafe) pairs: 25[µs]
Time needed for building union of complements of preach and (initial, unsafe)-transducer: 17[µs]
Time needed for checking universality using antichains-inclusion algorithm: 31[µs]
Time needed for checking abstract safety: 112[µs]
...done.
Result: [0]
This means that the following properties could be separated from the initial configurations:
	[]
While the following properties could not be separated from the initial configurations:
	[modifiedmodified]

real	0m0,644s
user	0m0,578s
sys	0m0,052s
********************
27 of 61
/home/jakob/Documents/abstracton/benchmarks/dodo/MOESI.json
t
exclusiveexclusive
systemd-run --user --scope -p MemoryMax=32G -p MemorySwapMax=7G timeout 1200 /home/jakob/Documents/abstracton/benchmarks/../build_release/benchmarks/solve_dodo -i t -p exclusiveexclusive /home/jakob/Documents/abstracton/benchmarks/dodo/MOESI.json --measure-time --no-dot-printing --universality-alg antichains-inclusion --ind-alg project
Running as unit: run-p2085004-i2095000.scope; invocation ID: 7c1a3ffa8e4e41a6bc02c2fb2ee278de
Time needed for parsing json file: 3141[µs]
alphabet size: 5
using Trap interpretation
Time needed for constructing Trap interpretation transducer: 1532[µs]
computing ind...
Time needed for computing composition v_delta of abstraction framework and transition relation: 9782[µs]
Time needed for reducing V o ->: 3781[µs]
Time needed for computing complement v_complement of abstraction framework: 183[µs]
Time needed for minimizing complement(V): 139[µs]
Time needed for computing intersection 'preprojection' of v_delta and v_complement: 162[µs]
Time needed for computing complement of ind (i.e. projecting preprojection onto first tape): 1661[µs]
Time needed for minimizing projection: 29450[µs]
Time needed for computing ind: 99[µs]
Time needed for minimizing ind: 148[µs]
Time needed for computing ind (total): 45621[µs]
automaton for ind has 13 states.
...done.
computing complement of preach...
Time needed for constructing identity on ind: 96[µs]
Time needed for computing product v_id of abstraction framework with identity on ind: 6281[µs]
Time needed for computing product of v_id with complement of abstraction framework: 43259[µs]
Time needed for computing complement of preach: 50434[µs]
automaton for complement of preach has 1220 states.
...of which, 20 states are at level 0.
Time needed for trimming complement of preach: 283[µs]
...done.
trying to prove abstract safety...
Time needed for constructing transducer for unsafe property: 1[µs]
Time needed for constructing transducer for (initial, unsafe) pairs: 21[µs]
Time needed for constructing transducer for complement of (initial, unsafe) pairs: 37[µs]
Time needed for building union of complements of preach and (initial, unsafe)-transducer: 406[µs]
Time needed for checking universality using antichains-inclusion algorithm: 679[µs]
Time needed for checking abstract safety: 1268[µs]
...done.
Result: [1]
This means that the following properties could be separated from the initial configurations:
	[exclusiveexclusive]
While the following properties could not be separated from the initial configurations:
	[]

real	0m0,146s
user	0m0,090s
sys	0m0,035s
********************
/home/jakob/Documents/abstracton/benchmarks/dodo/MOESI.json
s
exclusiveexclusive
systemd-run --user --scope -p MemoryMax=32G -p MemorySwapMax=7G timeout 1200 /home/jakob/Documents/abstracton/benchmarks/../build_release/benchmarks/solve_dodo -i s -p exclusiveexclusive /home/jakob/Documents/abstracton/benchmarks/dodo/MOESI.json --measure-time --no-dot-printing --universality-alg antichains-inclusion --ind-alg project
Running as unit: run-p2085010-i2098052.scope; invocation ID: b198149ef58740809b7fe09109db8e06
Time needed for parsing json file: 3582[µs]
alphabet size: 5
using Siphon interpretation
Time needed for constructing Siphon interpretation transducer: 539[µs]
computing ind...
Time needed for computing composition v_delta of abstraction framework and transition relation: 5956[µs]
Time needed for reducing V o ->: 4410[µs]
Time needed for computing complement v_complement of abstraction framework: 358[µs]
Time needed for minimizing complement(V): 247[µs]
Time needed for computing intersection 'preprojection' of v_delta and v_complement: 235[µs]
Time needed for computing complement of ind (i.e. projecting preprojection onto first tape): 2661[µs]
Time needed for minimizing projection: 22740[µs]
Time needed for computing ind: 46[µs]
Time needed for minimizing ind: 53[µs]
Time needed for computing ind (total): 36942[µs]
automaton for ind has 5 states.
...done.
computing complement of preach...
Time needed for constructing identity on ind: 37[µs]
Time needed for computing product v_id of abstraction framework with identity on ind: 418[µs]
Time needed for computing product of v_id with complement of abstraction framework: 96[µs]
Time needed for computing complement of preach: 696[µs]
automaton for complement of preach has 6 states.
...of which, 2 states are at level 0.
Time needed for trimming complement of preach: 1[µs]
...done.
trying to prove abstract safety...
Time needed for constructing transducer for unsafe property: 1[µs]
Time needed for constructing transducer for (initial, unsafe) pairs: 14[µs]
Time needed for constructing transducer for complement of (initial, unsafe) pairs: 25[µs]
Time needed for building union of complements of preach and (initial, unsafe)-transducer: 18[µs]
Time needed for checking universality using antichains-inclusion algorithm: 29[µs]
Time needed for checking abstract safety: 111[µs]
...done.
Result: [0]
This means that the following properties could be separated from the initial configurations:
	[]
While the following properties could not be separated from the initial configurations:
	[exclusiveexclusive]

real	0m0,074s
user	0m0,045s
sys	0m0,014s
********************
/home/jakob/Documents/abstracton/benchmarks/dodo/MOESI.json
f
exclusiveexclusive
systemd-run --user --scope -p MemoryMax=32G -p MemorySwapMax=7G timeout 1200 /home/jakob/Documents/abstracton/benchmarks/../build_release/benchmarks/solve_dodo -i f -p exclusiveexclusive /home/jakob/Documents/abstracton/benchmarks/dodo/MOESI.json --measure-time --no-dot-printing --universality-alg antichains-inclusion --ind-alg project
Running as unit: run-p2085012-i2098053.scope; invocation ID: 439b1393610c491e93aa7f739088a33f
Time needed for parsing json file: 3140[µs]
alphabet size: 5
using Flow interpretation
Time needed for constructing Flow interpretation transducer: 1277[µs]
computing ind...
Time needed for computing composition v_delta of abstraction framework and transition relation: 11941[µs]
Time needed for reducing V o ->: 8835[µs]
Time needed for computing complement v_complement of abstraction framework: 259[µs]
Time needed for minimizing complement(V): 276[µs]
Time needed for computing intersection 'preprojection' of v_delta and v_complement: 428[µs]
Time needed for computing complement of ind (i.e. projecting preprojection onto first tape): 5894[µs]
Time needed for minimizing projection: 604470[µs]
Time needed for computing ind: 94[µs]
Time needed for minimizing ind: 78[µs]
Time needed for computing ind (total): 632643[µs]
automaton for ind has 7 states.
...done.
computing complement of preach...
Time needed for constructing identity on ind: 54[µs]
Time needed for computing product v_id of abstraction framework with identity on ind: 1173[µs]
Time needed for computing product of v_id with complement of abstraction framework: 177[µs]
Time needed for computing complement of preach: 1711[µs]
automaton for complement of preach has 6 states.
...of which, 2 states are at level 0.
Time needed for trimming complement of preach: 1[µs]
...done.
trying to prove abstract safety...
Time needed for constructing transducer for unsafe property: 2[µs]
Time needed for constructing transducer for (initial, unsafe) pairs: 14[µs]
Time needed for constructing transducer for complement of (initial, unsafe) pairs: 25[µs]
Time needed for building union of complements of preach and (initial, unsafe)-transducer: 11[µs]
Time needed for checking universality using antichains-inclusion algorithm: 30[µs]
Time needed for checking abstract safety: 111[µs]
...done.
Result: [0]
This means that the following properties could be separated from the initial configurations:
	[]
While the following properties could not be separated from the initial configurations:
	[exclusiveexclusive]

real	0m0,682s
user	0m0,596s
sys	0m0,066s
********************
28 of 61
/home/jakob/Documents/abstracton/benchmarks/dodo/MOESI.json
t
sharedexclusive
systemd-run --user --scope -p MemoryMax=32G -p MemorySwapMax=7G timeout 1200 /home/jakob/Documents/abstracton/benchmarks/../build_release/benchmarks/solve_dodo -i t -p sharedexclusive /home/jakob/Documents/abstracton/benchmarks/dodo/MOESI.json --measure-time --no-dot-printing --universality-alg antichains-inclusion --ind-alg project
Running as unit: run-p2085024-i2095003.scope; invocation ID: feab1b80db7341718726a52539644b6a
Time needed for parsing json file: 3176[µs]
alphabet size: 5
using Trap interpretation
Time needed for constructing Trap interpretation transducer: 1520[µs]
computing ind...
Time needed for computing composition v_delta of abstraction framework and transition relation: 8793[µs]
Time needed for reducing V o ->: 4401[µs]
Time needed for computing complement v_complement of abstraction framework: 216[µs]
Time needed for minimizing complement(V): 156[µs]
Time needed for computing intersection 'preprojection' of v_delta and v_complement: 183[µs]
Time needed for computing complement of ind (i.e. projecting preprojection onto first tape): 1866[µs]
Time needed for minimizing projection: 20134[µs]
Time needed for computing ind: 100[µs]
Time needed for minimizing ind: 121[µs]
Time needed for computing ind (total): 36173[µs]
automaton for ind has 13 states.
...done.
computing complement of preach...
Time needed for constructing identity on ind: 99[µs]
Time needed for computing product v_id of abstraction framework with identity on ind: 5788[µs]
Time needed for computing product of v_id with complement of abstraction framework: 39686[µs]
Time needed for computing complement of preach: 46368[µs]
automaton for complement of preach has 1220 states.
...of which, 20 states are at level 0.
Time needed for trimming complement of preach: 261[µs]
...done.
trying to prove abstract safety...
Time needed for constructing transducer for unsafe property: 2[µs]
Time needed for constructing transducer for (initial, unsafe) pairs: 25[µs]
Time needed for constructing transducer for complement of (initial, unsafe) pairs: 36[µs]
Time needed for building union of complements of preach and (initial, unsafe)-transducer: 407[µs]
Time needed for checking universality using antichains-inclusion algorithm: 648[µs]
Time needed for checking abstract safety: 1243[µs]
...done.
Result: [1]
This means that the following properties could be separated from the initial configurations:
	[sharedexclusive]
While the following properties could not be separated from the initial configurations:
	[]

real	0m0,124s
user	0m0,076s
sys	0m0,034s
********************
/home/jakob/Documents/abstracton/benchmarks/dodo/MOESI.json
s
sharedexclusive
systemd-run --user --scope -p MemoryMax=32G -p MemorySwapMax=7G timeout 1200 /home/jakob/Documents/abstracton/benchmarks/../build_release/benchmarks/solve_dodo -i s -p sharedexclusive /home/jakob/Documents/abstracton/benchmarks/dodo/MOESI.json --measure-time --no-dot-printing --universality-alg antichains-inclusion --ind-alg project
Running as unit: run-p2085026-i2098057.scope; invocation ID: 9c96dbfe68ce48bf9d25c1e409e015ce
Time needed for parsing json file: 3084[µs]
alphabet size: 5
using Siphon interpretation
Time needed for constructing Siphon interpretation transducer: 501[µs]
computing ind...
Time needed for computing composition v_delta of abstraction framework and transition relation: 5134[µs]
Time needed for reducing V o ->: 4397[µs]
Time needed for computing complement v_complement of abstraction framework: 199[µs]
Time needed for minimizing complement(V): 244[µs]
Time needed for computing intersection 'preprojection' of v_delta and v_complement: 242[µs]
Time needed for computing complement of ind (i.e. projecting preprojection onto first tape): 2659[µs]
Time needed for minimizing projection: 20892[µs]
Time needed for computing ind: 43[µs]
Time needed for minimizing ind: 51[µs]
Time needed for computing ind (total): 34027[µs]
automaton for ind has 5 states.
...done.
computing complement of preach...
Time needed for constructing identity on ind: 45[µs]
Time needed for computing product v_id of abstraction framework with identity on ind: 412[µs]
Time needed for computing product of v_id with complement of abstraction framework: 94[µs]
Time needed for computing complement of preach: 701[µs]
automaton for complement of preach has 6 states.
...of which, 2 states are at level 0.
Time needed for trimming complement of preach: 1[µs]
...done.
trying to prove abstract safety...
Time needed for constructing transducer for unsafe property: 2[µs]
Time needed for constructing transducer for (initial, unsafe) pairs: 17[µs]
Time needed for constructing transducer for complement of (initial, unsafe) pairs: 30[µs]
Time needed for building union of complements of preach and (initial, unsafe)-transducer: 13[µs]
Time needed for checking universality using antichains-inclusion algorithm: 24[µs]
Time needed for checking abstract safety: 109[µs]
...done.
Result: [0]
This means that the following properties could be separated from the initial configurations:
	[]
While the following properties could not be separated from the initial configurations:
	[sharedexclusive]

real	0m0,076s
user	0m0,036s
sys	0m0,022s
********************
/home/jakob/Documents/abstracton/benchmarks/dodo/MOESI.json
f
sharedexclusive
systemd-run --user --scope -p MemoryMax=32G -p MemorySwapMax=7G timeout 1200 /home/jakob/Documents/abstracton/benchmarks/../build_release/benchmarks/solve_dodo -i f -p sharedexclusive /home/jakob/Documents/abstracton/benchmarks/dodo/MOESI.json --measure-time --no-dot-printing --universality-alg antichains-inclusion --ind-alg project
Running as unit: run-p2085028-i2098058.scope; invocation ID: 7950173a9835426bb76abbac7be1ce53
Time needed for parsing json file: 3124[µs]
alphabet size: 5
using Flow interpretation
Time needed for constructing Flow interpretation transducer: 1288[µs]
computing ind...
Time needed for computing composition v_delta of abstraction framework and transition relation: 11934[µs]
Time needed for reducing V o ->: 8624[µs]
Time needed for computing complement v_complement of abstraction framework: 296[µs]
Time needed for minimizing complement(V): 331[µs]
Time needed for computing intersection 'preprojection' of v_delta and v_complement: 421[µs]
Time needed for computing complement of ind (i.e. projecting preprojection onto first tape): 4951[µs]
Time needed for minimizing projection: 572052[µs]
Time needed for computing ind: 94[µs]
Time needed for minimizing ind: 73[µs]
Time needed for computing ind (total): 599120[µs]
automaton for ind has 7 states.
...done.
computing complement of preach...
Time needed for constructing identity on ind: 52[µs]
Time needed for computing product v_id of abstraction framework with identity on ind: 1150[µs]
Time needed for computing product of v_id with complement of abstraction framework: 191[µs]
Time needed for computing complement of preach: 1677[µs]
automaton for complement of preach has 6 states.
...of which, 2 states are at level 0.
Time needed for trimming complement of preach: 1[µs]
...done.
trying to prove abstract safety...
Time needed for constructing transducer for unsafe property: 2[µs]
Time needed for constructing transducer for (initial, unsafe) pairs: 18[µs]
Time needed for constructing transducer for complement of (initial, unsafe) pairs: 30[µs]
Time needed for building union of complements of preach and (initial, unsafe)-transducer: 12[µs]
Time needed for checking universality using antichains-inclusion algorithm: 30[µs]
Time needed for checking abstract safety: 115[µs]
...done.
Result: [0]
This means that the following properties could be separated from the initial configurations:
	[]
While the following properties could not be separated from the initial configurations:
	[sharedexclusive]

real	0m0,641s
user	0m0,567s
sys	0m0,057s
********************
29 of 61
/home/jakob/Documents/abstracton/benchmarks/dodo/MOESI.json
t
ownedexclusive
systemd-run --user --scope -p MemoryMax=32G -p MemorySwapMax=7G timeout 1200 /home/jakob/Documents/abstracton/benchmarks/../build_release/benchmarks/solve_dodo -i t -p ownedexclusive /home/jakob/Documents/abstracton/benchmarks/dodo/MOESI.json --measure-time --no-dot-printing --universality-alg antichains-inclusion --ind-alg project
Running as unit: run-p2085036-i2095007.scope; invocation ID: eb4cc99129524ac3be51510e6df0babb
Time needed for parsing json file: 3133[µs]
alphabet size: 5
using Trap interpretation
Time needed for constructing Trap interpretation transducer: 1510[µs]
computing ind...
Time needed for computing composition v_delta of abstraction framework and transition relation: 9225[µs]
Time needed for reducing V o ->: 4319[µs]
Time needed for computing complement v_complement of abstraction framework: 222[µs]
Time needed for minimizing complement(V): 170[µs]
Time needed for computing intersection 'preprojection' of v_delta and v_complement: 198[µs]
Time needed for computing complement of ind (i.e. projecting preprojection onto first tape): 2072[µs]
Time needed for minimizing projection: 20257[µs]
Time needed for computing ind: 95[µs]
Time needed for minimizing ind: 119[µs]
Time needed for computing ind (total): 36856[µs]
automaton for ind has 13 states.
...done.
computing complement of preach...
Time needed for constructing identity on ind: 89[µs]
Time needed for computing product v_id of abstraction framework with identity on ind: 5824[µs]
Time needed for computing product of v_id with complement of abstraction framework: 41610[µs]
Time needed for computing complement of preach: 48350[µs]
automaton for complement of preach has 1220 states.
...of which, 20 states are at level 0.
Time needed for trimming complement of preach: 290[µs]
...done.
trying to prove abstract safety...
Time needed for constructing transducer for unsafe property: 2[µs]
Time needed for constructing transducer for (initial, unsafe) pairs: 24[µs]
Time needed for constructing transducer for complement of (initial, unsafe) pairs: 34[µs]
Time needed for building union of complements of preach and (initial, unsafe)-transducer: 407[µs]
Time needed for checking universality using antichains-inclusion algorithm: 698[µs]
Time needed for checking abstract safety: 1289[µs]
...done.
Result: [1]
This means that the following properties could be separated from the initial configurations:
	[ownedexclusive]
While the following properties could not be separated from the initial configurations:
	[]

real	0m0,129s
user	0m0,071s
sys	0m0,042s
********************
/home/jakob/Documents/abstracton/benchmarks/dodo/MOESI.json
s
ownedexclusive
systemd-run --user --scope -p MemoryMax=32G -p MemorySwapMax=7G timeout 1200 /home/jakob/Documents/abstracton/benchmarks/../build_release/benchmarks/solve_dodo -i s -p ownedexclusive /home/jakob/Documents/abstracton/benchmarks/dodo/MOESI.json --measure-time --no-dot-printing --universality-alg antichains-inclusion --ind-alg project
Running as unit: run-p2085038-i2095008.scope; invocation ID: 209212e30ab447768579b9de949297e1
Time needed for parsing json file: 3115[µs]
alphabet size: 5
using Siphon interpretation
Time needed for constructing Siphon interpretation transducer: 518[µs]
computing ind...
Time needed for computing composition v_delta of abstraction framework and transition relation: 5518[µs]
Time needed for reducing V o ->: 5678[µs]
Time needed for computing complement v_complement of abstraction framework: 171[µs]
Time needed for minimizing complement(V): 209[µs]
Time needed for computing intersection 'preprojection' of v_delta and v_complement: 207[µs]
Time needed for computing complement of ind (i.e. projecting preprojection onto first tape): 2279[µs]
Time needed for minimizing projection: 23133[µs]
Time needed for computing ind: 47[µs]
Time needed for minimizing ind: 51[µs]
Time needed for computing ind (total): 37485[µs]
automaton for ind has 5 states.
...done.
computing complement of preach...
Time needed for constructing identity on ind: 37[µs]
Time needed for computing product v_id of abstraction framework with identity on ind: 423[µs]
Time needed for computing product of v_id with complement of abstraction framework: 95[µs]
Time needed for computing complement of preach: 704[µs]
automaton for complement of preach has 6 states.
...of which, 2 states are at level 0.
Time needed for trimming complement of preach: 1[µs]
...done.
trying to prove abstract safety...
Time needed for constructing transducer for unsafe property: 2[µs]
Time needed for constructing transducer for (initial, unsafe) pairs: 17[µs]
Time needed for constructing transducer for complement of (initial, unsafe) pairs: 31[µs]
Time needed for building union of complements of preach and (initial, unsafe)-transducer: 13[µs]
Time needed for checking universality using antichains-inclusion algorithm: 29[µs]
Time needed for checking abstract safety: 115[µs]
...done.
Result: [0]
This means that the following properties could be separated from the initial configurations:
	[]
While the following properties could not be separated from the initial configurations:
	[ownedexclusive]

real	0m0,078s
user	0m0,042s
sys	0m0,020s
********************
/home/jakob/Documents/abstracton/benchmarks/dodo/MOESI.json
f
ownedexclusive
systemd-run --user --scope -p MemoryMax=32G -p MemorySwapMax=7G timeout 1200 /home/jakob/Documents/abstracton/benchmarks/../build_release/benchmarks/solve_dodo -i f -p ownedexclusive /home/jakob/Documents/abstracton/benchmarks/dodo/MOESI.json --measure-time --no-dot-printing --universality-alg antichains-inclusion --ind-alg project
Running as unit: run-p2085040-i2095009.scope; invocation ID: e0f690732b0d430a9af07f09f53ca915
Time needed for parsing json file: 3081[µs]
alphabet size: 5
using Flow interpretation
Time needed for constructing Flow interpretation transducer: 1279[µs]
computing ind...
Time needed for computing composition v_delta of abstraction framework and transition relation: 12573[µs]
Time needed for reducing V o ->: 9373[µs]
Time needed for computing complement v_complement of abstraction framework: 252[µs]
Time needed for minimizing complement(V): 243[µs]
Time needed for computing intersection 'preprojection' of v_delta and v_complement: 371[µs]
Time needed for computing complement of ind (i.e. projecting preprojection onto first tape): 5587[µs]
Time needed for minimizing projection: 572887[µs]
Time needed for computing ind: 90[µs]
Time needed for minimizing ind: 73[µs]
Time needed for computing ind (total): 601779[µs]
automaton for ind has 7 states.
...done.
computing complement of preach...
Time needed for constructing identity on ind: 50[µs]
Time needed for computing product v_id of abstraction framework with identity on ind: 1140[µs]
Time needed for computing product of v_id with complement of abstraction framework: 180[µs]
Time needed for computing complement of preach: 1655[µs]
automaton for complement of preach has 6 states.
...of which, 2 states are at level 0.
Time needed for trimming complement of preach: 1[µs]
...done.
trying to prove abstract safety...
Time needed for constructing transducer for unsafe property: 2[µs]
Time needed for constructing transducer for (initial, unsafe) pairs: 17[µs]
Time needed for constructing transducer for complement of (initial, unsafe) pairs: 31[µs]
Time needed for building union of complements of preach and (initial, unsafe)-transducer: 13[µs]
Time needed for checking universality using antichains-inclusion algorithm: 35[µs]
Time needed for checking abstract safety: 132[µs]
...done.
Result: [0]
This means that the following properties could be separated from the initial configurations:
	[]
While the following properties could not be separated from the initial configurations:
	[ownedexclusive]

real	0m0,649s
user	0m0,572s
sys	0m0,059s
********************
30 of 61
/home/jakob/Documents/abstracton/benchmarks/dodo/MOESI.json
t
exclusivemodified
systemd-run --user --scope -p MemoryMax=32G -p MemorySwapMax=7G timeout 1200 /home/jakob/Documents/abstracton/benchmarks/../build_release/benchmarks/solve_dodo -i t -p exclusivemodified /home/jakob/Documents/abstracton/benchmarks/dodo/MOESI.json --measure-time --no-dot-printing --universality-alg antichains-inclusion --ind-alg project
Running as unit: run-p2085052-i2095012.scope; invocation ID: 8c58f1af2cfa40dc821a8f0637b12bf9
Time needed for parsing json file: 2900[µs]
alphabet size: 5
using Trap interpretation
Time needed for constructing Trap interpretation transducer: 1540[µs]
computing ind...
Time needed for computing composition v_delta of abstraction framework and transition relation: 9353[µs]
Time needed for reducing V o ->: 4272[µs]
Time needed for computing complement v_complement of abstraction framework: 258[µs]
Time needed for minimizing complement(V): 207[µs]
Time needed for computing intersection 'preprojection' of v_delta and v_complement: 229[µs]
Time needed for computing complement of ind (i.e. projecting preprojection onto first tape): 2299[µs]
Time needed for minimizing projection: 19505[µs]
Time needed for computing ind: 96[µs]
Time needed for minimizing ind: 119[µs]
Time needed for computing ind (total): 36517[µs]
automaton for ind has 13 states.
...done.
computing complement of preach...
Time needed for constructing identity on ind: 90[µs]
Time needed for computing product v_id of abstraction framework with identity on ind: 5858[µs]
Time needed for computing product of v_id with complement of abstraction framework: 41709[µs]
Time needed for computing complement of preach: 48448[µs]
automaton for complement of preach has 1220 states.
...of which, 20 states are at level 0.
Time needed for trimming complement of preach: 268[µs]
...done.
trying to prove abstract safety...
Time needed for constructing transducer for unsafe property: 3[µs]
Time needed for constructing transducer for (initial, unsafe) pairs: 26[µs]
Time needed for constructing transducer for complement of (initial, unsafe) pairs: 37[µs]
Time needed for building union of complements of preach and (initial, unsafe)-transducer: 404[µs]
Time needed for checking universality using antichains-inclusion algorithm: 688[µs]
Time needed for checking abstract safety: 1282[µs]
...done.
Result: [1]
This means that the following properties could be separated from the initial configurations:
	[exclusivemodified]
While the following properties could not be separated from the initial configurations:
	[]

real	0m0,129s
user	0m0,071s
sys	0m0,041s
********************
/home/jakob/Documents/abstracton/benchmarks/dodo/MOESI.json
s
exclusivemodified
systemd-run --user --scope -p MemoryMax=32G -p MemorySwapMax=7G timeout 1200 /home/jakob/Documents/abstracton/benchmarks/../build_release/benchmarks/solve_dodo -i s -p exclusivemodified /home/jakob/Documents/abstracton/benchmarks/dodo/MOESI.json --measure-time --no-dot-printing --universality-alg antichains-inclusion --ind-alg project
Running as unit: run-p2085054-i2095013.scope; invocation ID: 5b990a0a9b2e421693aabb2113032aa7
Time needed for parsing json file: 2502[µs]
alphabet size: 5
using Siphon interpretation
Time needed for constructing Siphon interpretation transducer: 498[µs]
computing ind...
Time needed for computing composition v_delta of abstraction framework and transition relation: 6047[µs]
Time needed for reducing V o ->: 5546[µs]
Time needed for computing complement v_complement of abstraction framework: 189[µs]
Time needed for minimizing complement(V): 231[µs]
Time needed for computing intersection 'preprojection' of v_delta and v_complement: 251[µs]
Time needed for computing complement of ind (i.e. projecting preprojection onto first tape): 2517[µs]
Time needed for minimizing projection: 22731[µs]
Time needed for computing ind: 43[µs]
Time needed for minimizing ind: 51[µs]
Time needed for computing ind (total): 37787[µs]
automaton for ind has 5 states.
...done.
computing complement of preach...
Time needed for constructing identity on ind: 37[µs]
Time needed for computing product v_id of abstraction framework with identity on ind: 423[µs]
Time needed for computing product of v_id with complement of abstraction framework: 95[µs]
Time needed for computing complement of preach: 700[µs]
automaton for complement of preach has 6 states.
...of which, 2 states are at level 0.
Time needed for trimming complement of preach: 1[µs]
...done.
trying to prove abstract safety...
Time needed for constructing transducer for unsafe property: 2[µs]
Time needed for constructing transducer for (initial, unsafe) pairs: 17[µs]
Time needed for constructing transducer for complement of (initial, unsafe) pairs: 30[µs]
Time needed for building union of complements of preach and (initial, unsafe)-transducer: 12[µs]
Time needed for checking universality using antichains-inclusion algorithm: 26[µs]
Time needed for checking abstract safety: 110[µs]
...done.
Result: [0]
This means that the following properties could be separated from the initial configurations:
	[]
While the following properties could not be separated from the initial configurations:
	[exclusivemodified]

real	0m0,076s
user	0m0,036s
sys	0m0,024s
********************
/home/jakob/Documents/abstracton/benchmarks/dodo/MOESI.json
f
exclusivemodified
systemd-run --user --scope -p MemoryMax=32G -p MemorySwapMax=7G timeout 1200 /home/jakob/Documents/abstracton/benchmarks/../build_release/benchmarks/solve_dodo -i f -p exclusivemodified /home/jakob/Documents/abstracton/benchmarks/dodo/MOESI.json --measure-time --no-dot-printing --universality-alg antichains-inclusion --ind-alg project
Running as unit: run-p2085056-i2095014.scope; invocation ID: 95e4cb8290c74438a2f91ef14af88be4
Time needed for parsing json file: 3154[µs]
alphabet size: 5
using Flow interpretation
Time needed for constructing Flow interpretation transducer: 1306[µs]
computing ind...
Time needed for computing composition v_delta of abstraction framework and transition relation: 12247[µs]
Time needed for reducing V o ->: 8933[µs]
Time needed for computing complement v_complement of abstraction framework: 248[µs]
Time needed for minimizing complement(V): 273[µs]
Time needed for computing intersection 'preprojection' of v_delta and v_complement: 404[µs]
Time needed for computing complement of ind (i.e. projecting preprojection onto first tape): 5958[µs]
Time needed for minimizing projection: 563632[µs]
Time needed for computing ind: 92[µs]
Time needed for minimizing ind: 76[µs]
Time needed for computing ind (total): 592198[µs]
automaton for ind has 7 states.
...done.
computing complement of preach...
Time needed for constructing identity on ind: 63[µs]
Time needed for computing product v_id of abstraction framework with identity on ind: 1160[µs]
Time needed for computing product of v_id with complement of abstraction framework: 185[µs]
Time needed for computing complement of preach: 1703[µs]
automaton for complement of preach has 6 states.
...of which, 2 states are at level 0.
Time needed for trimming complement of preach: 1[µs]
...done.
trying to prove abstract safety...
Time needed for constructing transducer for unsafe property: 2[µs]
Time needed for constructing transducer for (initial, unsafe) pairs: 17[µs]
Time needed for constructing transducer for complement of (initial, unsafe) pairs: 30[µs]
Time needed for building union of complements of preach and (initial, unsafe)-transducer: 12[µs]
Time needed for checking universality using antichains-inclusion algorithm: 30[µs]
Time needed for checking abstract safety: 125[µs]
...done.
Result: [0]
This means that the following properties could be separated from the initial configurations:
	[]
While the following properties could not be separated from the initial configurations:
	[exclusivemodified]

real	0m0,631s
user	0m0,563s
sys	0m0,053s
********************
31 of 61
/home/jakob/Documents/abstracton/benchmarks/dodo/MOESI.json
t
ownedmodified
systemd-run --user --scope -p MemoryMax=32G -p MemorySwapMax=7G timeout 1200 /home/jakob/Documents/abstracton/benchmarks/../build_release/benchmarks/solve_dodo -i t -p ownedmodified /home/jakob/Documents/abstracton/benchmarks/dodo/MOESI.json --measure-time --no-dot-printing --universality-alg antichains-inclusion --ind-alg project
Running as unit: run-p2085064-i2095017.scope; invocation ID: 224c7f0d087444cb9d19a4695d49d49e
Time needed for parsing json file: 3131[µs]
alphabet size: 5
using Trap interpretation
Time needed for constructing Trap interpretation transducer: 1516[µs]
computing ind...
Time needed for computing composition v_delta of abstraction framework and transition relation: 8485[µs]
Time needed for reducing V o ->: 4476[µs]
Time needed for computing complement v_complement of abstraction framework: 283[µs]
Time needed for minimizing complement(V): 210[µs]
Time needed for computing intersection 'preprojection' of v_delta and v_complement: 244[µs]
Time needed for computing complement of ind (i.e. projecting preprojection onto first tape): 1716[µs]
Time needed for minimizing projection: 19226[µs]
Time needed for computing ind: 97[µs]
Time needed for minimizing ind: 120[µs]
Time needed for computing ind (total): 35039[µs]
automaton for ind has 13 states.
...done.
computing complement of preach...
Time needed for constructing identity on ind: 105[µs]
Time needed for computing product v_id of abstraction framework with identity on ind: 5890[µs]
Time needed for computing product of v_id with complement of abstraction framework: 44788[µs]
Time needed for computing complement of preach: 51601[µs]
automaton for complement of preach has 1220 states.
...of which, 20 states are at level 0.
Time needed for trimming complement of preach: 279[µs]
...done.
trying to prove abstract safety...
Time needed for constructing transducer for unsafe property: 2[µs]
Time needed for constructing transducer for (initial, unsafe) pairs: 24[µs]
Time needed for constructing transducer for complement of (initial, unsafe) pairs: 36[µs]
Time needed for building union of complements of preach and (initial, unsafe)-transducer: 416[µs]
Time needed for checking universality using antichains-inclusion algorithm: 707[µs]
Time needed for checking abstract safety: 1314[µs]
...done.
Result: [1]
This means that the following properties could be separated from the initial configurations:
	[ownedmodified]
While the following properties could not be separated from the initial configurations:
	[]

real	0m0,130s
user	0m0,078s
sys	0m0,038s
********************
/home/jakob/Documents/abstracton/benchmarks/dodo/MOESI.json
s
ownedmodified
systemd-run --user --scope -p MemoryMax=32G -p MemorySwapMax=7G timeout 1200 /home/jakob/Documents/abstracton/benchmarks/../build_release/benchmarks/solve_dodo -i s -p ownedmodified /home/jakob/Documents/abstracton/benchmarks/dodo/MOESI.json --measure-time --no-dot-printing --universality-alg antichains-inclusion --ind-alg project
Running as unit: run-p2085066-i2095018.scope; invocation ID: 559f581d3d4f4f32995cc9c36b302a0e
Time needed for parsing json file: 3127[µs]
alphabet size: 5
using Siphon interpretation
Time needed for constructing Siphon interpretation transducer: 524[µs]
computing ind...
Time needed for computing composition v_delta of abstraction framework and transition relation: 5736[µs]
Time needed for reducing V o ->: 4447[µs]
Time needed for computing complement v_complement of abstraction framework: 198[µs]
Time needed for minimizing complement(V): 256[µs]
Time needed for computing intersection 'preprojection' of v_delta and v_complement: 233[µs]
Time needed for computing complement of ind (i.e. projecting preprojection onto first tape): 2654[µs]
Time needed for minimizing projection: 21320[µs]
Time needed for computing ind: 58[µs]
Time needed for minimizing ind: 57[µs]
Time needed for computing ind (total): 35140[µs]
automaton for ind has 5 states.
...done.
computing complement of preach...
Time needed for constructing identity on ind: 37[µs]
Time needed for computing product v_id of abstraction framework with identity on ind: 424[µs]
Time needed for computing product of v_id with complement of abstraction framework: 98[µs]
Time needed for computing complement of preach: 736[µs]
automaton for complement of preach has 6 states.
...of which, 2 states are at level 0.
Time needed for trimming complement of preach: 2[µs]
...done.
trying to prove abstract safety...
Time needed for constructing transducer for unsafe property: 3[µs]
Time needed for constructing transducer for (initial, unsafe) pairs: 30[µs]
Time needed for constructing transducer for complement of (initial, unsafe) pairs: 34[µs]
Time needed for building union of complements of preach and (initial, unsafe)-transducer: 13[µs]
Time needed for checking universality using antichains-inclusion algorithm: 28[µs]
Time needed for checking abstract safety: 136[µs]
...done.
Result: [0]
This means that the following properties could be separated from the initial configurations:
	[]
While the following properties could not be separated from the initial configurations:
	[ownedmodified]

real	0m0,072s
user	0m0,042s
sys	0m0,015s
********************
/home/jakob/Documents/abstracton/benchmarks/dodo/MOESI.json
f
ownedmodified
systemd-run --user --scope -p MemoryMax=32G -p MemorySwapMax=7G timeout 1200 /home/jakob/Documents/abstracton/benchmarks/../build_release/benchmarks/solve_dodo -i f -p ownedmodified /home/jakob/Documents/abstracton/benchmarks/dodo/MOESI.json --measure-time --no-dot-printing --universality-alg antichains-inclusion --ind-alg project
Running as unit: run-p2085068-i2095019.scope; invocation ID: 1f18ed7edd2d4d8ebe721204608eb537
Time needed for parsing json file: 3224[µs]
alphabet size: 5
using Flow interpretation
Time needed for constructing Flow interpretation transducer: 1199[µs]
computing ind...
Time needed for computing composition v_delta of abstraction framework and transition relation: 12158[µs]
Time needed for reducing V o ->: 9076[µs]
Time needed for computing complement v_complement of abstraction framework: 239[µs]
Time needed for minimizing complement(V): 256[µs]
Time needed for computing intersection 'preprojection' of v_delta and v_complement: 402[µs]
Time needed for computing complement of ind (i.e. projecting preprojection onto first tape): 5925[µs]
Time needed for minimizing projection: 577556[µs]
Time needed for computing ind: 93[µs]
Time needed for minimizing ind: 73[µs]
Time needed for computing ind (total): 606121[µs]
automaton for ind has 7 states.
...done.
computing complement of preach...
Time needed for constructing identity on ind: 52[µs]
Time needed for computing product v_id of abstraction framework with identity on ind: 1178[µs]
Time needed for computing product of v_id with complement of abstraction framework: 186[µs]
Time needed for computing complement of preach: 1702[µs]
automaton for complement of preach has 6 states.
...of which, 2 states are at level 0.
Time needed for trimming complement of preach: 1[µs]
...done.
trying to prove abstract safety...
Time needed for constructing transducer for unsafe property: 2[µs]
Time needed for constructing transducer for (initial, unsafe) pairs: 18[µs]
Time needed for constructing transducer for complement of (initial, unsafe) pairs: 32[µs]
Time needed for building union of complements of preach and (initial, unsafe)-transducer: 14[µs]
Time needed for checking universality using antichains-inclusion algorithm: 32[µs]
Time needed for checking abstract safety: 122[µs]
...done.
Result: [0]
This means that the following properties could be separated from the initial configurations:
	[]
While the following properties could not be separated from the initial configurations:
	[ownedmodified]

real	0m0,651s
user	0m0,583s
sys	0m0,049s
********************
32 of 61
/home/jakob/Documents/abstracton/benchmarks/dodo/MOESI.json
t
sharedmodified
systemd-run --user --scope -p MemoryMax=32G -p MemorySwapMax=7G timeout 1200 /home/jakob/Documents/abstracton/benchmarks/../build_release/benchmarks/solve_dodo -i t -p sharedmodified /home/jakob/Documents/abstracton/benchmarks/dodo/MOESI.json --measure-time --no-dot-printing --universality-alg antichains-inclusion --ind-alg project
Running as unit: run-p2085080-i2098063.scope; invocation ID: f94f8896b9e6419285692e5143ff1df7
Time needed for parsing json file: 3157[µs]
alphabet size: 5
using Trap interpretation
Time needed for constructing Trap interpretation transducer: 1534[µs]
computing ind...
Time needed for computing composition v_delta of abstraction framework and transition relation: 10060[µs]
Time needed for reducing V o ->: 4067[µs]
Time needed for computing complement v_complement of abstraction framework: 242[µs]
Time needed for minimizing complement(V): 189[µs]
Time needed for computing intersection 'preprojection' of v_delta and v_complement: 231[µs]
Time needed for computing complement of ind (i.e. projecting preprojection onto first tape): 2253[µs]
Time needed for minimizing projection: 20962[µs]
Time needed for computing ind: 101[µs]
Time needed for minimizing ind: 132[µs]
Time needed for computing ind (total): 38412[µs]
automaton for ind has 13 states.
...done.
computing complement of preach...
Time needed for constructing identity on ind: 99[µs]
Time needed for computing product v_id of abstraction framework with identity on ind: 5975[µs]
Time needed for computing product of v_id with complement of abstraction framework: 43504[µs]
Time needed for computing complement of preach: 50358[µs]
automaton for complement of preach has 1220 states.
...of which, 20 states are at level 0.
Time needed for trimming complement of preach: 267[µs]
...done.
trying to prove abstract safety...
Time needed for constructing transducer for unsafe property: 2[µs]
Time needed for constructing transducer for (initial, unsafe) pairs: 23[µs]
Time needed for constructing transducer for complement of (initial, unsafe) pairs: 34[µs]
Time needed for building union of complements of preach and (initial, unsafe)-transducer: 401[µs]
Time needed for checking universality using antichains-inclusion algorithm: 663[µs]
Time needed for checking abstract safety: 1249[µs]
...done.
Result: [1]
This means that the following properties could be separated from the initial configurations:
	[sharedmodified]
While the following properties could not be separated from the initial configurations:
	[]

real	0m0,132s
user	0m0,078s
sys	0m0,037s
********************
/home/jakob/Documents/abstracton/benchmarks/dodo/MOESI.json
s
sharedmodified
systemd-run --user --scope -p MemoryMax=32G -p MemorySwapMax=7G timeout 1200 /home/jakob/Documents/abstracton/benchmarks/../build_release/benchmarks/solve_dodo -i s -p sharedmodified /home/jakob/Documents/abstracton/benchmarks/dodo/MOESI.json --measure-time --no-dot-printing --universality-alg antichains-inclusion --ind-alg project
Running as unit: run-p2085082-i2098064.scope; invocation ID: 855b4adc1247419eae4d0185b273abaa
Time needed for parsing json file: 3188[µs]
alphabet size: 5
using Siphon interpretation
Time needed for constructing Siphon interpretation transducer: 505[µs]
computing ind...
Time needed for computing composition v_delta of abstraction framework and transition relation: 5963[µs]
Time needed for reducing V o ->: 5508[µs]
Time needed for computing complement v_complement of abstraction framework: 187[µs]
Time needed for minimizing complement(V): 231[µs]
Time needed for computing intersection 'preprojection' of v_delta and v_complement: 228[µs]
Time needed for computing complement of ind (i.e. projecting preprojection onto first tape): 2570[µs]
Time needed for minimizing projection: 22570[µs]
Time needed for computing ind: 44[µs]
Time needed for minimizing ind: 54[µs]
Time needed for computing ind (total): 37559[µs]
automaton for ind has 5 states.
...done.
computing complement of preach...
Time needed for constructing identity on ind: 37[µs]
Time needed for computing product v_id of abstraction framework with identity on ind: 418[µs]
Time needed for computing product of v_id with complement of abstraction framework: 96[µs]
Time needed for computing complement of preach: 701[µs]
automaton for complement of preach has 6 states.
...of which, 2 states are at level 0.
Time needed for trimming complement of preach: 1[µs]
...done.
trying to prove abstract safety...
Time needed for constructing transducer for unsafe property: 2[µs]
Time needed for constructing transducer for (initial, unsafe) pairs: 17[µs]
Time needed for constructing transducer for complement of (initial, unsafe) pairs: 31[µs]
Time needed for building union of complements of preach and (initial, unsafe)-transducer: 12[µs]
Time needed for checking universality using antichains-inclusion algorithm: 28[µs]
Time needed for checking abstract safety: 113[µs]
...done.
Result: [0]
This means that the following properties could be separated from the initial configurations:
	[]
While the following properties could not be separated from the initial configurations:
	[sharedmodified]

real	0m0,075s
user	0m0,038s
sys	0m0,021s
********************
/home/jakob/Documents/abstracton/benchmarks/dodo/MOESI.json
f
sharedmodified
systemd-run --user --scope -p MemoryMax=32G -p MemorySwapMax=7G timeout 1200 /home/jakob/Documents/abstracton/benchmarks/../build_release/benchmarks/solve_dodo -i f -p sharedmodified /home/jakob/Documents/abstracton/benchmarks/dodo/MOESI.json --measure-time --no-dot-printing --universality-alg antichains-inclusion --ind-alg project
Running as unit: run-p2085084-i2098065.scope; invocation ID: 3d17c888384d427cbd2608aa4b4ad624
Time needed for parsing json file: 3136[µs]
alphabet size: 5
using Flow interpretation
Time needed for constructing Flow interpretation transducer: 1266[µs]
computing ind...
Time needed for computing composition v_delta of abstraction framework and transition relation: 13304[µs]
Time needed for reducing V o ->: 8216[µs]
Time needed for computing complement v_complement of abstraction framework: 268[µs]
Time needed for minimizing complement(V): 293[µs]
Time needed for computing intersection 'preprojection' of v_delta and v_complement: 434[µs]
Time needed for computing complement of ind (i.e. projecting preprojection onto first tape): 5810[µs]
Time needed for minimizing projection: 584471[µs]
Time needed for computing ind: 91[µs]
Time needed for minimizing ind: 71[µs]
Time needed for computing ind (total): 613322[µs]
automaton for ind has 7 states.
...done.
computing complement of preach...
Time needed for constructing identity on ind: 51[µs]
Time needed for computing product v_id of abstraction framework with identity on ind: 1170[µs]
Time needed for computing product of v_id with complement of abstraction framework: 178[µs]
Time needed for computing complement of preach: 1685[µs]
automaton for complement of preach has 6 states.
...of which, 2 states are at level 0.
Time needed for trimming complement of preach: 1[µs]
...done.
trying to prove abstract safety...
Time needed for constructing transducer for unsafe property: 2[µs]
Time needed for constructing transducer for (initial, unsafe) pairs: 17[µs]
Time needed for constructing transducer for complement of (initial, unsafe) pairs: 30[µs]
Time needed for building union of complements of preach and (initial, unsafe)-transducer: 19[µs]
Time needed for checking universality using antichains-inclusion algorithm: 33[µs]
Time needed for checking abstract safety: 127[µs]
...done.
Result: [0]
This means that the following properties could be separated from the initial configurations:
	[]
While the following properties could not be separated from the initial configurations:
	[sharedmodified]

real	0m0,665s
user	0m0,590s
sys	0m0,052s
********************
33 of 61
/home/jakob/Documents/abstracton/benchmarks/dodo/MOESI.json
t
deadlock
systemd-run --user --scope -p MemoryMax=32G -p MemorySwapMax=7G timeout 1200 /home/jakob/Documents/abstracton/benchmarks/../build_release/benchmarks/solve_dodo -i t -p deadlock /home/jakob/Documents/abstracton/benchmarks/dodo/MOESI.json --measure-time --no-dot-printing --universality-alg antichains-inclusion --ind-alg project
Running as unit: run-p2085112-i2098068.scope; invocation ID: 8c707f9992cd415e89ace1fabbd22a9d
Time needed for parsing json file: 3205[µs]
alphabet size: 5
using Trap interpretation
Time needed for constructing Trap interpretation transducer: 1636[µs]
computing ind...
Time needed for computing composition v_delta of abstraction framework and transition relation: 8779[µs]
Time needed for reducing V o ->: 4511[µs]
Time needed for computing complement v_complement of abstraction framework: 269[µs]
Time needed for minimizing complement(V): 208[µs]
Time needed for computing intersection 'preprojection' of v_delta and v_complement: 241[µs]
Time needed for computing complement of ind (i.e. projecting preprojection onto first tape): 1873[µs]
Time needed for minimizing projection: 19813[µs]
Time needed for computing ind: 96[µs]
Time needed for minimizing ind: 118[µs]
Time needed for computing ind (total): 36092[µs]
automaton for ind has 13 states.
...done.
computing complement of preach...
Time needed for constructing identity on ind: 91[µs]
Time needed for computing product v_id of abstraction framework with identity on ind: 5975[µs]
Time needed for computing product of v_id with complement of abstraction framework: 41926[µs]
Time needed for computing complement of preach: 48794[µs]
automaton for complement of preach has 1220 states.
...of which, 20 states are at level 0.
Time needed for trimming complement of preach: 280[µs]
...done.
trying to prove abstract safety...
Time needed for constructing transducer for unsafe property: 2[µs]
Time needed for constructing transducer for (initial, unsafe) pairs: 18[µs]
Time needed for constructing transducer for complement of (initial, unsafe) pairs: 4[µs]
Time needed for building union of complements of preach and (initial, unsafe)-transducer: 418[µs]
Time needed for checking universality using antichains-inclusion algorithm: 647[µs]
Time needed for checking abstract safety: 1213[µs]
...done.
Result: [1]
This means that the following properties could be separated from the initial configurations:
	[deadlock]
While the following properties could not be separated from the initial configurations:
	[]

real	0m0,131s
user	0m0,081s
sys	0m0,032s
********************
/home/jakob/Documents/abstracton/benchmarks/dodo/MOESI.json
s
deadlock
systemd-run --user --scope -p MemoryMax=32G -p MemorySwapMax=7G timeout 1200 /home/jakob/Documents/abstracton/benchmarks/../build_release/benchmarks/solve_dodo -i s -p deadlock /home/jakob/Documents/abstracton/benchmarks/dodo/MOESI.json --measure-time --no-dot-printing --universality-alg antichains-inclusion --ind-alg project
Running as unit: run-p2085114-i2095024.scope; invocation ID: e28573e6d99a434b82e31f23c451720a
Time needed for parsing json file: 3127[µs]
alphabet size: 5
using Siphon interpretation
Time needed for constructing Siphon interpretation transducer: 508[µs]
computing ind...
Time needed for computing composition v_delta of abstraction framework and transition relation: 6010[µs]
Time needed for reducing V o ->: 5556[µs]
Time needed for computing complement v_complement of abstraction framework: 204[µs]
Time needed for minimizing complement(V): 232[µs]
Time needed for computing intersection 'preprojection' of v_delta and v_complement: 238[µs]
Time needed for computing complement of ind (i.e. projecting preprojection onto first tape): 2524[µs]
Time needed for minimizing projection: 22629[µs]
Time needed for computing ind: 43[µs]
Time needed for minimizing ind: 51[µs]
Time needed for computing ind (total): 37658[µs]
automaton for ind has 5 states.
...done.
computing complement of preach...
Time needed for constructing identity on ind: 38[µs]
Time needed for computing product v_id of abstraction framework with identity on ind: 419[µs]
Time needed for computing product of v_id with complement of abstraction framework: 94[µs]
Time needed for computing complement of preach: 695[µs]
automaton for complement of preach has 6 states.
...of which, 2 states are at level 0.
Time needed for trimming complement of preach: 1[µs]
...done.
trying to prove abstract safety...
Time needed for constructing transducer for unsafe property: 2[µs]
Time needed for constructing transducer for (initial, unsafe) pairs: 14[µs]
Time needed for constructing transducer for complement of (initial, unsafe) pairs: 3[µs]
Time needed for building union of complements of preach and (initial, unsafe)-transducer: 6[µs]
Time needed for checking universality using antichains-inclusion algorithm: 18[µs]
Time needed for checking abstract safety: 63[µs]
...done.
Result: [1]
This means that the following properties could be separated from the initial configurations:
	[deadlock]
While the following properties could not be separated from the initial configurations:
	[]

real	0m0,074s
user	0m0,043s
sys	0m0,016s
********************
/home/jakob/Documents/abstracton/benchmarks/dodo/MOESI.json
f
deadlock
systemd-run --user --scope -p MemoryMax=32G -p MemorySwapMax=7G timeout 1200 /home/jakob/Documents/abstracton/benchmarks/../build_release/benchmarks/solve_dodo -i f -p deadlock /home/jakob/Documents/abstracton/benchmarks/dodo/MOESI.json --measure-time --no-dot-printing --universality-alg antichains-inclusion --ind-alg project
Running as unit: run-p2085116-i2095025.scope; invocation ID: 6dc141fb772848d4bf6554e5746c8f1b
Time needed for parsing json file: 2135[µs]
alphabet size: 5
using Flow interpretation
Time needed for constructing Flow interpretation transducer: 1039[µs]
computing ind...
Time needed for computing composition v_delta of abstraction framework and transition relation: 10576[µs]
Time needed for reducing V o ->: 8353[µs]
Time needed for computing complement v_complement of abstraction framework: 224[µs]
Time needed for minimizing complement(V): 227[µs]
Time needed for computing intersection 'preprojection' of v_delta and v_complement: 347[µs]
Time needed for computing complement of ind (i.e. projecting preprojection onto first tape): 5228[µs]
Time needed for minimizing projection: 582797[µs]
Time needed for computing ind: 98[µs]
Time needed for minimizing ind: 74[µs]
Time needed for computing ind (total): 608286[µs]
automaton for ind has 7 states.
...done.
computing complement of preach...
Time needed for constructing identity on ind: 54[µs]
Time needed for computing product v_id of abstraction framework with identity on ind: 1245[µs]
Time needed for computing product of v_id with complement of abstraction framework: 188[µs]
Time needed for computing complement of preach: 1791[µs]
automaton for complement of preach has 6 states.
...of which, 2 states are at level 0.
Time needed for trimming complement of preach: 1[µs]
...done.
trying to prove abstract safety...
Time needed for constructing transducer for unsafe property: 2[µs]
Time needed for constructing transducer for (initial, unsafe) pairs: 14[µs]
Time needed for constructing transducer for complement of (initial, unsafe) pairs: 4[µs]
Time needed for building union of complements of preach and (initial, unsafe)-transducer: 6[µs]
Time needed for checking universality using antichains-inclusion algorithm: 22[µs]
Time needed for checking abstract safety: 69[µs]
...done.
Result: [1]
This means that the following properties could be separated from the initial configurations:
	[deadlock]
While the following properties could not be separated from the initial configurations:
	[]

real	0m0,650s
user	0m0,583s
sys	0m0,050s
********************
34 of 61
/home/jakob/Documents/abstracton/benchmarks/dodo/Szymanski.json
t
nomutex
systemd-run --user --scope -p MemoryMax=32G -p MemorySwapMax=7G timeout 1200 /home/jakob/Documents/abstracton/benchmarks/../build_release/benchmarks/solve_dodo -i t -p nomutex /home/jakob/Documents/abstracton/benchmarks/dodo/Szymanski.json --measure-time --no-dot-printing --universality-alg antichains-inclusion --ind-alg project
Running as unit: run-p2085128-i2098072.scope; invocation ID: b86047972c614ac6bc1735529a38719c
Time needed for parsing json file: 67777[µs]
alphabet size: 50
using Trap interpretation

real	0m52,190s
user	0m37,767s
sys	0m14,357s
********************
/home/jakob/Documents/abstracton/benchmarks/dodo/Szymanski.json
s
nomutex
systemd-run --user --scope -p MemoryMax=32G -p MemorySwapMax=7G timeout 1200 /home/jakob/Documents/abstracton/benchmarks/../build_release/benchmarks/solve_dodo -i s -p nomutex /home/jakob/Documents/abstracton/benchmarks/dodo/Szymanski.json --measure-time --no-dot-printing --universality-alg antichains-inclusion --ind-alg project
Running as unit: run-p2085268-i2098074.scope; invocation ID: 6a0d2c63d4da4590b7ebc4cd990a12ff
Time needed for parsing json file: 73738[µs]
alphabet size: 50
using Siphon interpretation

real	0m52,289s
user	0m37,749s
sys	0m14,468s
********************
/home/jakob/Documents/abstracton/benchmarks/dodo/Szymanski.json
f
nomutex
systemd-run --user --scope -p MemoryMax=32G -p MemorySwapMax=7G timeout 1200 /home/jakob/Documents/abstracton/benchmarks/../build_release/benchmarks/solve_dodo -i f -p nomutex /home/jakob/Documents/abstracton/benchmarks/dodo/Szymanski.json --measure-time --no-dot-printing --universality-alg antichains-inclusion --ind-alg project
Running as unit: run-p2085422-i2098076.scope; invocation ID: 3c1d1b680c1443aa82c5aa77d70078b3
Time needed for parsing json file: 75937[µs]
alphabet size: 50
using Flow interpretation

real	0m52,656s
user	0m37,604s
sys	0m15,002s
********************
35 of 61
/home/jakob/Documents/abstracton/benchmarks/dodo/Szymanski.json
t
deadlock
systemd-run --user --scope -p MemoryMax=32G -p MemorySwapMax=7G timeout 1200 /home/jakob/Documents/abstracton/benchmarks/../build_release/benchmarks/solve_dodo -i t -p deadlock /home/jakob/Documents/abstracton/benchmarks/dodo/Szymanski.json --measure-time --no-dot-printing --universality-alg antichains-inclusion --ind-alg project
Running as unit: run-p2085592-i2095125.scope; invocation ID: ef01f083a9cb4663901692e176196c6c
Time needed for parsing json file: 76116[µs]
alphabet size: 50
using Trap interpretation

real	0m52,664s
user	0m37,915s
sys	0m14,681s
********************
/home/jakob/Documents/abstracton/benchmarks/dodo/Szymanski.json
s
deadlock
systemd-run --user --scope -p MemoryMax=32G -p MemorySwapMax=7G timeout 1200 /home/jakob/Documents/abstracton/benchmarks/../build_release/benchmarks/solve_dodo -i s -p deadlock /home/jakob/Documents/abstracton/benchmarks/dodo/Szymanski.json --measure-time --no-dot-printing --universality-alg antichains-inclusion --ind-alg project
Running as unit: run-p2085745-i2095134.scope; invocation ID: ef160a03544248848ff0e7061c89b28f
Time needed for parsing json file: 77780[µs]
alphabet size: 50
using Siphon interpretation

real	0m52,570s
user	0m37,573s
sys	0m14,927s
********************
/home/jakob/Documents/abstracton/benchmarks/dodo/Szymanski.json
f
deadlock
systemd-run --user --scope -p MemoryMax=32G -p MemorySwapMax=7G timeout 1200 /home/jakob/Documents/abstracton/benchmarks/../build_release/benchmarks/solve_dodo -i f -p deadlock /home/jakob/Documents/abstracton/benchmarks/dodo/Szymanski.json --measure-time --no-dot-printing --universality-alg antichains-inclusion --ind-alg project
Running as unit: run-p2085889-i2095146.scope; invocation ID: e0b798da777c4c8aa78fddb5c1efea2f
Time needed for parsing json file: 85486[µs]
alphabet size: 50
using Flow interpretation

real	0m52,708s
user	0m37,792s
sys	0m14,850s
********************
36 of 61
/home/jakob/Documents/abstracton/benchmarks/dodo/atomic-dining-philosophers.json
t
deadlock
systemd-run --user --scope -p MemoryMax=32G -p MemorySwapMax=7G timeout 1200 /home/jakob/Documents/abstracton/benchmarks/../build_release/benchmarks/solve_dodo -i t -p deadlock /home/jakob/Documents/abstracton/benchmarks/dodo/atomic-dining-philosophers.json --measure-time --no-dot-printing --universality-alg antichains-inclusion --ind-alg project
Running as unit: run-p2086053-i2098090.scope; invocation ID: cbd5e3adc9624f22b1749451e6f57e9e
Time needed for parsing json file: 758[µs]
alphabet size: 4
using Trap interpretation
Time needed for constructing Trap interpretation transducer: 294[µs]
computing ind...
Time needed for computing composition v_delta of abstraction framework and transition relation: 1528[µs]
Time needed for reducing V o ->: 1511[µs]
Time needed for computing complement v_complement of abstraction framework: 104[µs]
Time needed for minimizing complement(V): 75[µs]
Time needed for computing intersection 'preprojection' of v_delta and v_complement: 106[µs]
Time needed for computing complement of ind (i.e. projecting preprojection onto first tape): 530[µs]
Time needed for minimizing projection: 5204[µs]
Time needed for computing ind: 142[µs]
Time needed for minimizing ind: 200[µs]
Time needed for computing ind (total): 9553[µs]
automaton for ind has 26 states.
...done.
computing complement of preach...
Time needed for constructing identity on ind: 189[µs]
Time needed for computing product v_id of abstraction framework with identity on ind: 10610[µs]
Time needed for computing product of v_id with complement of abstraction framework: 36742[µs]
Time needed for computing complement of preach: 48327[µs]
automaton for complement of preach has 1043 states.
...of which, 47 states are at level 0.
Time needed for trimming complement of preach: 226[µs]
...done.
trying to prove abstract safety...
Time needed for constructing transducer for unsafe property: 6[µs]
Time needed for constructing transducer for (initial, unsafe) pairs: 48[µs]
Time needed for constructing transducer for complement of (initial, unsafe) pairs: 68[µs]
Time needed for building union of complements of preach and (initial, unsafe)-transducer: 326[µs]
Time needed for checking universality using antichains-inclusion algorithm: 727[µs]
Time needed for checking abstract safety: 1289[µs]
...done.
Result: [1]
This means that the following properties could be separated from the initial configurations:
	[deadlock]
While the following properties could not be separated from the initial configurations:
	[]

real	0m0,114s
user	0m0,053s
sys	0m0,027s
********************
/home/jakob/Documents/abstracton/benchmarks/dodo/atomic-dining-philosophers.json
s
deadlock
systemd-run --user --scope -p MemoryMax=32G -p MemorySwapMax=7G timeout 1200 /home/jakob/Documents/abstracton/benchmarks/../build_release/benchmarks/solve_dodo -i s -p deadlock /home/jakob/Documents/abstracton/benchmarks/dodo/atomic-dining-philosophers.json --measure-time --no-dot-printing --universality-alg antichains-inclusion --ind-alg project
Running as unit: run-p2086055-i2098091.scope; invocation ID: cd7671c63475422ca76f06acf41026c0
Time needed for parsing json file: 1664[µs]
alphabet size: 4
using Siphon interpretation
Time needed for constructing Siphon interpretation transducer: 301[µs]
computing ind...
Time needed for computing composition v_delta of abstraction framework and transition relation: 2048[µs]
Time needed for reducing V o ->: 2636[µs]
Time needed for computing complement v_complement of abstraction framework: 176[µs]
Time needed for minimizing complement(V): 168[µs]
Time needed for computing intersection 'preprojection' of v_delta and v_complement: 182[µs]
Time needed for computing complement of ind (i.e. projecting preprojection onto first tape): 919[µs]
Time needed for minimizing projection: 9183[µs]
Time needed for computing ind: 167[µs]
Time needed for minimizing ind: 240[µs]
Time needed for computing ind (total): 15898[µs]
automaton for ind has 26 states.
...done.
computing complement of preach...
Time needed for constructing identity on ind: 176[µs]
Time needed for computing product v_id of abstraction framework with identity on ind: 3589[µs]
Time needed for computing product of v_id with complement of abstraction framework: 2384[µs]
Time needed for computing complement of preach: 6444[µs]
automaton for complement of preach has 527 states.
...of which, 47 states are at level 0.
Time needed for trimming complement of preach: 103[µs]
...done.
trying to prove abstract safety...
Time needed for constructing transducer for unsafe property: 8[µs]
Time needed for constructing transducer for (initial, unsafe) pairs: 53[µs]
Time needed for constructing transducer for complement of (initial, unsafe) pairs: 83[µs]
Time needed for building union of complements of preach and (initial, unsafe)-transducer: 238[µs]
Time needed for checking universality using antichains-inclusion algorithm: 786[µs]
Time needed for checking abstract safety: 1397[µs]
...done.
Result: [0]
This means that the following properties could be separated from the initial configurations:
	[]
While the following properties could not be separated from the initial configurations:
	[deadlock]

real	0m0,063s
user	0m0,028s
sys	0m0,018s
********************
/home/jakob/Documents/abstracton/benchmarks/dodo/atomic-dining-philosophers.json
f
deadlock
systemd-run --user --scope -p MemoryMax=32G -p MemorySwapMax=7G timeout 1200 /home/jakob/Documents/abstracton/benchmarks/../build_release/benchmarks/solve_dodo -i f -p deadlock /home/jakob/Documents/abstracton/benchmarks/dodo/atomic-dining-philosophers.json --measure-time --no-dot-printing --universality-alg antichains-inclusion --ind-alg project
Running as unit: run-p2086057-i2098092.scope; invocation ID: 3d8f7b801a5746c9995bb67a8a340962
Time needed for parsing json file: 1633[µs]
alphabet size: 4
using Flow interpretation
Time needed for constructing Flow interpretation transducer: 542[µs]
computing ind...
Time needed for computing composition v_delta of abstraction framework and transition relation: 4594[µs]
Time needed for reducing V o ->: 7526[µs]
Time needed for computing complement v_complement of abstraction framework: 202[µs]
Time needed for minimizing complement(V): 208[µs]
Time needed for computing intersection 'preprojection' of v_delta and v_complement: 308[µs]
Time needed for computing complement of ind (i.e. projecting preprojection onto first tape): 1834[µs]
Time needed for minimizing projection: 48857[µs]
Time needed for computing ind: 236[µs]
Time needed for minimizing ind: 278[µs]
Time needed for computing ind (total): 64321[µs]
automaton for ind has 59 states.
...done.
computing complement of preach...
Time needed for constructing identity on ind: 339[µs]
Time needed for computing product v_id of abstraction framework with identity on ind: 11154[µs]
Time needed for computing product of v_id with complement of abstraction framework: 5696[µs]
Time needed for computing complement of preach: 17825[µs]
automaton for complement of preach has 1955 states.
...of which, 171 states are at level 0.
Time needed for trimming complement of preach: 345[µs]
...done.
trying to prove abstract safety...
Time needed for constructing transducer for unsafe property: 6[µs]
Time needed for constructing transducer for (initial, unsafe) pairs: 47[µs]
Time needed for constructing transducer for complement of (initial, unsafe) pairs: 64[µs]
Time needed for building union of complements of preach and (initial, unsafe)-transducer: 665[µs]
Time needed for checking universality using antichains-inclusion algorithm: 1289[µs]
Time needed for checking abstract safety: 2296[µs]
...done.
Result: [0]
This means that the following properties could be separated from the initial configurations:
	[]
While the following properties could not be separated from the initial configurations:
	[deadlock]

real	0m0,122s
user	0m0,082s
sys	0m0,027s
********************
37 of 61
/home/jakob/Documents/abstracton/benchmarks/dodo/bakery.json
t
nomutex
systemd-run --user --scope -p MemoryMax=32G -p MemorySwapMax=7G timeout 1200 /home/jakob/Documents/abstracton/benchmarks/../build_release/benchmarks/solve_dodo -i t -p nomutex /home/jakob/Documents/abstracton/benchmarks/dodo/bakery.json --measure-time --no-dot-printing --universality-alg antichains-inclusion --ind-alg project
Running as unit: run-p2086067-i2098095.scope; invocation ID: cd1532cad711445e8d30d256823641b1
Time needed for parsing json file: 885[µs]
alphabet size: 3
using Trap interpretation
Time needed for constructing Trap interpretation transducer: 363[µs]
computing ind...
Time needed for computing composition v_delta of abstraction framework and transition relation: 773[µs]
Time needed for reducing V o ->: 854[µs]
Time needed for computing complement v_complement of abstraction framework: 114[µs]
Time needed for minimizing complement(V): 77[µs]
Time needed for computing intersection 'preprojection' of v_delta and v_complement: 48[µs]
Time needed for computing complement of ind (i.e. projecting preprojection onto first tape): 165[µs]
Time needed for minimizing projection: 324[µs]
Time needed for computing ind: 62[µs]
Time needed for minimizing ind: 76[µs]
Time needed for computing ind (total): 2604[µs]
automaton for ind has 7 states.
...done.
computing complement of preach...
Time needed for constructing identity on ind: 44[µs]
Time needed for computing product v_id of abstraction framework with identity on ind: 1979[µs]
Time needed for computing product of v_id with complement of abstraction framework: 4988[µs]
Time needed for computing complement of preach: 7222[µs]
automaton for complement of preach has 196 states.
...of which, 10 states are at level 0.
Time needed for trimming complement of preach: 47[µs]
...done.
trying to prove abstract safety...
Time needed for constructing transducer for unsafe property: 2[µs]
Time needed for constructing transducer for (initial, unsafe) pairs: 29[µs]
Time needed for constructing transducer for complement of (initial, unsafe) pairs: 49[µs]
Time needed for building union of complements of preach and (initial, unsafe)-transducer: 110[µs]
Time needed for checking universality using antichains-inclusion algorithm: 249[µs]
Time needed for checking abstract safety: 498[µs]
...done.
Result: [1]
This means that the following properties could be separated from the initial configurations:
	[nomutex]
While the following properties could not be separated from the initial configurations:
	[]

real	0m0,050s
user	0m0,015s
sys	0m0,017s
********************
/home/jakob/Documents/abstracton/benchmarks/dodo/bakery.json
s
nomutex
systemd-run --user --scope -p MemoryMax=32G -p MemorySwapMax=7G timeout 1200 /home/jakob/Documents/abstracton/benchmarks/../build_release/benchmarks/solve_dodo -i s -p nomutex /home/jakob/Documents/abstracton/benchmarks/dodo/bakery.json --measure-time --no-dot-printing --universality-alg antichains-inclusion --ind-alg project
Running as unit: run-p2086069-i2098096.scope; invocation ID: eb8d49f3fcbd47b4bd175fe20a3fafb4
Time needed for parsing json file: 887[µs]
alphabet size: 3
using Siphon interpretation
Time needed for constructing Siphon interpretation transducer: 191[µs]
computing ind...
Time needed for computing composition v_delta of abstraction framework and transition relation: 511[µs]
Time needed for reducing V o ->: 483[µs]
Time needed for computing complement v_complement of abstraction framework: 82[µs]
Time needed for minimizing complement(V): 112[µs]
Time needed for computing intersection 'preprojection' of v_delta and v_complement: 44[µs]
Time needed for computing complement of ind (i.e. projecting preprojection onto first tape): 147[µs]
Time needed for minimizing projection: 554[µs]
Time needed for computing ind: 32[µs]
Time needed for minimizing ind: 47[µs]
Time needed for computing ind (total): 2112[µs]
automaton for ind has 4 states.
...done.
computing complement of preach...
Time needed for constructing identity on ind: 27[µs]
Time needed for computing product v_id of abstraction framework with identity on ind: 426[µs]
Time needed for computing product of v_id with complement of abstraction framework: 222[µs]
Time needed for computing complement of preach: 802[µs]
automaton for complement of preach has 15 states.
...of which, 3 states are at level 0.
Time needed for trimming complement of preach: 9[µs]
...done.
trying to prove abstract safety...
Time needed for constructing transducer for unsafe property: 2[µs]
Time needed for constructing transducer for (initial, unsafe) pairs: 45[µs]
Time needed for constructing transducer for complement of (initial, unsafe) pairs: 86[µs]
Time needed for building union of complements of preach and (initial, unsafe)-transducer: 40[µs]
Time needed for checking universality using antichains-inclusion algorithm: 73[µs]
Time needed for checking abstract safety: 302[µs]
...done.
Result: [0]
This means that the following properties could be separated from the initial configurations:
	[]
While the following properties could not be separated from the initial configurations:
	[nomutex]

real	0m0,038s
user	0m0,008s
sys	0m0,015s
********************
/home/jakob/Documents/abstracton/benchmarks/dodo/bakery.json
f
nomutex
systemd-run --user --scope -p MemoryMax=32G -p MemorySwapMax=7G timeout 1200 /home/jakob/Documents/abstracton/benchmarks/../build_release/benchmarks/solve_dodo -i f -p nomutex /home/jakob/Documents/abstracton/benchmarks/dodo/bakery.json --measure-time --no-dot-printing --universality-alg antichains-inclusion --ind-alg project
Running as unit: run-p2086071-i2095174.scope; invocation ID: 19e491d9ebb7482d976e542274bfcb2f
Time needed for parsing json file: 865[µs]
alphabet size: 3
using Flow interpretation
Time needed for constructing Flow interpretation transducer: 333[µs]
computing ind...
Time needed for computing composition v_delta of abstraction framework and transition relation: 1097[µs]
Time needed for reducing V o ->: 1215[µs]
Time needed for computing complement v_complement of abstraction framework: 143[µs]
Time needed for minimizing complement(V): 162[µs]
Time needed for computing intersection 'preprojection' of v_delta and v_complement: 110[µs]
Time needed for computing complement of ind (i.e. projecting preprojection onto first tape): 395[µs]
Time needed for minimizing projection: 6112[µs]
Time needed for computing ind: 63[µs]
Time needed for minimizing ind: 78[µs]
Time needed for computing ind (total): 9522[µs]
automaton for ind has 9 states.
...done.
computing complement of preach...
Time needed for constructing identity on ind: 59[µs]
Time needed for computing product v_id of abstraction framework with identity on ind: 699[µs]
Time needed for computing product of v_id with complement of abstraction framework: 562[µs]
Time needed for computing complement of preach: 1597[µs]
automaton for complement of preach has 53 states.
...of which, 8 states are at level 0.
Time needed for trimming complement of preach: 26[µs]
...done.
trying to prove abstract safety...
Time needed for constructing transducer for unsafe property: 2[µs]
Time needed for constructing transducer for (initial, unsafe) pairs: 39[µs]
Time needed for constructing transducer for complement of (initial, unsafe) pairs: 62[µs]
Time needed for building union of complements of preach and (initial, unsafe)-transducer: 62[µs]
Time needed for checking universality using antichains-inclusion algorithm: 114[µs]
Time needed for checking abstract safety: 332[µs]
...done.
Result: [0]
This means that the following properties could be separated from the initial configurations:
	[]
While the following properties could not be separated from the initial configurations:
	[nomutex]

real	0m0,055s
user	0m0,018s
sys	0m0,016s
********************
38 of 61
/home/jakob/Documents/abstracton/benchmarks/dodo/dining-cryptographers.json
t
internal
systemd-run --user --scope -p MemoryMax=32G -p MemorySwapMax=7G timeout 1200 /home/jakob/Documents/abstracton/benchmarks/../build_release/benchmarks/solve_dodo -i t -p internal /home/jakob/Documents/abstracton/benchmarks/dodo/dining-cryptographers.json --measure-time --no-dot-printing --universality-alg antichains-inclusion --ind-alg project
Running as unit: run-p2086079-i2098099.scope; invocation ID: 3c7d73eeb9d541e7ae0b6056de764417
Time needed for parsing json file: 4309[µs]
alphabet size: 12
using Trap interpretation
Time needed for constructing Trap interpretation transducer: 236320[µs]
computing ind...
Time needed for computing composition v_delta of abstraction framework and transition relation: 988368[µs]
Time needed for reducing V o ->: 22755703[µs]
Time needed for computing complement v_complement of abstraction framework: 38004[µs]
Time needed for minimizing complement(V): 29499[µs]
Time needed for computing intersection 'preprojection' of v_delta and v_complement: 30315[µs]
Time needed for computing complement of ind (i.e. projecting preprojection onto first tape): 29096230[µs]

real	3m3,708s
user	2m49,525s
sys	0m14,086s
********************
/home/jakob/Documents/abstracton/benchmarks/dodo/dining-cryptographers.json
s
internal
systemd-run --user --scope -p MemoryMax=32G -p MemorySwapMax=7G timeout 1200 /home/jakob/Documents/abstracton/benchmarks/../build_release/benchmarks/solve_dodo -i s -p internal /home/jakob/Documents/abstracton/benchmarks/dodo/dining-cryptographers.json --measure-time --no-dot-printing --universality-alg antichains-inclusion --ind-alg project
Running as unit: run-p2086596-i2098104.scope; invocation ID: d59982e450e94dba83755b04b4543cb4
Time needed for parsing json file: 4419[µs]
alphabet size: 12
using Siphon interpretation
Time needed for constructing Siphon interpretation transducer: 81771[µs]
computing ind...
Time needed for computing composition v_delta of abstraction framework and transition relation: 560606[µs]
Time needed for reducing V o ->: 50968610[µs]
Time needed for computing complement v_complement of abstraction framework: 25590[µs]
Time needed for minimizing complement(V): 38058[µs]
Time needed for computing intersection 'preprojection' of v_delta and v_complement: 26773[µs]
Time needed for computing complement of ind (i.e. projecting preprojection onto first tape): 23110561[µs]

real	3m41,710s
user	3m27,327s
sys	0m14,295s
********************
/home/jakob/Documents/abstracton/benchmarks/dodo/dining-cryptographers.json
f
internal
systemd-run --user --scope -p MemoryMax=32G -p MemorySwapMax=7G timeout 1200 /home/jakob/Documents/abstracton/benchmarks/../build_release/benchmarks/solve_dodo -i f -p internal /home/jakob/Documents/abstracton/benchmarks/dodo/dining-cryptographers.json --measure-time --no-dot-printing --universality-alg antichains-inclusion --ind-alg project
Running as unit: run-p2087220-i2095276.scope; invocation ID: 041c02bd72c84b089ae32bb123e6d26b
Time needed for parsing json file: 3298[µs]
alphabet size: 12
using Flow interpretation
Time needed for constructing Flow interpretation transducer: 206036[µs]
computing ind...
Time needed for computing composition v_delta of abstraction framework and transition relation: 1410884[µs]

real	2m31,364s
user	2m17,803s
sys	0m13,453s
********************
39 of 61
/home/jakob/Documents/abstracton/benchmarks/dodo/dining-cryptographers.json
t
external
systemd-run --user --scope -p MemoryMax=32G -p MemorySwapMax=7G timeout 1200 /home/jakob/Documents/abstracton/benchmarks/../build_release/benchmarks/solve_dodo -i t -p external /home/jakob/Documents/abstracton/benchmarks/dodo/dining-cryptographers.json --measure-time --no-dot-printing --universality-alg antichains-inclusion --ind-alg project
Running as unit: run-p2087687-i2098355.scope; invocation ID: e046fba5772d4c2983d93616c35e944f
Time needed for parsing json file: 5195[µs]
alphabet size: 12
using Trap interpretation
Time needed for constructing Trap interpretation transducer: 227047[µs]
computing ind...
Time needed for computing composition v_delta of abstraction framework and transition relation: 982207[µs]
Time needed for reducing V o ->: 22659878[µs]
Time needed for computing complement v_complement of abstraction framework: 37345[µs]
Time needed for minimizing complement(V): 29210[µs]
Time needed for computing intersection 'preprojection' of v_delta and v_complement: 29988[µs]
Time needed for computing complement of ind (i.e. projecting preprojection onto first tape): 29232212[µs]

real	3m2,831s
user	2m48,873s
sys	0m13,881s
********************
/home/jakob/Documents/abstracton/benchmarks/dodo/dining-cryptographers.json
s
external
systemd-run --user --scope -p MemoryMax=32G -p MemorySwapMax=7G timeout 1200 /home/jakob/Documents/abstracton/benchmarks/../build_release/benchmarks/solve_dodo -i s -p external /home/jakob/Documents/abstracton/benchmarks/dodo/dining-cryptographers.json --measure-time --no-dot-printing --universality-alg antichains-inclusion --ind-alg project
Running as unit: run-p2088209-i2098461.scope; invocation ID: 5ea5b2f1247842fbafb35c07e162d835
Time needed for parsing json file: 3873[µs]
alphabet size: 12
using Siphon interpretation
Time needed for constructing Siphon interpretation transducer: 84554[µs]
computing ind...
Time needed for computing composition v_delta of abstraction framework and transition relation: 559590[µs]
Time needed for reducing V o ->: 51211908[µs]
Time needed for computing complement v_complement of abstraction framework: 25671[µs]
Time needed for minimizing complement(V): 37977[µs]
Time needed for computing intersection 'preprojection' of v_delta and v_complement: 26843[µs]
Time needed for computing complement of ind (i.e. projecting preprojection onto first tape): 23025203[µs]

real	3m40,528s
user	3m26,208s
sys	0m14,229s
********************
/home/jakob/Documents/abstracton/benchmarks/dodo/dining-cryptographers.json
f
external
systemd-run --user --scope -p MemoryMax=32G -p MemorySwapMax=7G timeout 1200 /home/jakob/Documents/abstracton/benchmarks/../build_release/benchmarks/solve_dodo -i f -p external /home/jakob/Documents/abstracton/benchmarks/dodo/dining-cryptographers.json --measure-time --no-dot-printing --universality-alg antichains-inclusion --ind-alg project
Running as unit: run-p2088828-i2098723.scope; invocation ID: 78299e77073840b6b1a781e10851c397
Time needed for parsing json file: 2626[µs]
alphabet size: 12
using Flow interpretation
Time needed for constructing Flow interpretation transducer: 184689[µs]
computing ind...
Time needed for computing composition v_delta of abstraction framework and transition relation: 1358243[µs]

real	2m29,887s
user	2m16,349s
sys	0m13,463s
********************
40 of 61
/home/jakob/Documents/abstracton/benchmarks/dodo/dragon.json
t
dirtydirty
systemd-run --user --scope -p MemoryMax=32G -p MemorySwapMax=7G timeout 1200 /home/jakob/Documents/abstracton/benchmarks/../build_release/benchmarks/solve_dodo -i t -p dirtydirty /home/jakob/Documents/abstracton/benchmarks/dodo/dragon.json --measure-time --no-dot-printing --universality-alg antichains-inclusion --ind-alg project
Running as unit: run-p2089281-i2090568.scope; invocation ID: b3112a9caa644ce389ba1b49ba485552
Time needed for parsing json file: 4600[µs]
alphabet size: 5
using Trap interpretation
Time needed for constructing Trap interpretation transducer: 1550[µs]
computing ind...
Time needed for computing composition v_delta of abstraction framework and transition relation: 18977[µs]
Time needed for reducing V o ->: 11254[µs]
Time needed for computing complement v_complement of abstraction framework: 155[µs]
Time needed for minimizing complement(V): 103[µs]
Time needed for computing intersection 'preprojection' of v_delta and v_complement: 300[µs]
Time needed for computing complement of ind (i.e. projecting preprojection onto first tape): 6957[µs]
Time needed for minimizing projection: 687402[µs]
Time needed for computing ind: 359[µs]
Time needed for minimizing ind: 324[µs]
Time needed for computing ind (total): 726214[µs]
automaton for ind has 37 states.
...done.
computing complement of preach...
Time needed for constructing identity on ind: 277[µs]
Time needed for computing product v_id of abstraction framework with identity on ind: 12874[µs]
Time needed for computing product of v_id with complement of abstraction framework: 111683[µs]
Time needed for computing complement of preach: 126833[µs]
automaton for complement of preach has 4148 states.
...of which, 68 states are at level 0.
Time needed for trimming complement of preach: 1357[µs]
...done.
trying to prove abstract safety...
Time needed for constructing transducer for unsafe property: 2[µs]
Time needed for constructing transducer for (initial, unsafe) pairs: 30[µs]
Time needed for constructing transducer for complement of (initial, unsafe) pairs: 35[µs]
Time needed for building union of complements of preach and (initial, unsafe)-transducer: 1604[µs]
Time needed for checking universality using antichains-inclusion algorithm: 2516[µs]
Time needed for checking abstract safety: 4577[µs]
...done.
Result: [1]
This means that the following properties could be separated from the initial configurations:
	[dirtydirty]
While the following properties could not be separated from the initial configurations:
	[]

real	0m0,899s
user	0m0,787s
sys	0m0,101s
********************
/home/jakob/Documents/abstracton/benchmarks/dodo/dragon.json
s
dirtydirty
systemd-run --user --scope -p MemoryMax=32G -p MemorySwapMax=7G timeout 1200 /home/jakob/Documents/abstracton/benchmarks/../build_release/benchmarks/solve_dodo -i s -p dirtydirty /home/jakob/Documents/abstracton/benchmarks/dodo/dragon.json --measure-time --no-dot-printing --universality-alg antichains-inclusion --ind-alg project
Running as unit: run-p2089283-i2090569.scope; invocation ID: cafd96bbd9fa494ba5532dc3c2c7aa02
Time needed for parsing json file: 4864[µs]
alphabet size: 5
using Siphon interpretation
Time needed for constructing Siphon interpretation transducer: 770[µs]
computing ind...
Time needed for computing composition v_delta of abstraction framework and transition relation: 11232[µs]
Time needed for reducing V o ->: 10068[µs]
Time needed for computing complement v_complement of abstraction framework: 111[µs]
Time needed for minimizing complement(V): 126[µs]
Time needed for computing intersection 'preprojection' of v_delta and v_complement: 257[µs]
Time needed for computing complement of ind (i.e. projecting preprojection onto first tape): 3156[µs]
Time needed for minimizing projection: 476976[µs]
Time needed for computing ind: 73[µs]
Time needed for minimizing ind: 57[µs]
Time needed for computing ind (total): 502336[µs]
automaton for ind has 5 states.
...done.
computing complement of preach...
Time needed for constructing identity on ind: 37[µs]
Time needed for computing product v_id of abstraction framework with identity on ind: 455[µs]
Time needed for computing product of v_id with complement of abstraction framework: 122[µs]
Time needed for computing complement of preach: 777[µs]
automaton for complement of preach has 13 states.
...of which, 2 states are at level 0.
Time needed for trimming complement of preach: 2[µs]
...done.
trying to prove abstract safety...
Time needed for constructing transducer for unsafe property: 1[µs]
Time needed for constructing transducer for (initial, unsafe) pairs: 15[µs]
Time needed for constructing transducer for complement of (initial, unsafe) pairs: 25[µs]
Time needed for building union of complements of preach and (initial, unsafe)-transducer: 13[µs]
Time needed for checking universality using antichains-inclusion algorithm: 34[µs]
Time needed for checking abstract safety: 111[µs]
...done.
Result: [0]
This means that the following properties could be separated from the initial configurations:
	[]
While the following properties could not be separated from the initial configurations:
	[dirtydirty]

real	0m0,553s
user	0m0,466s
sys	0m0,062s
********************
/home/jakob/Documents/abstracton/benchmarks/dodo/dragon.json
f
dirtydirty
systemd-run --user --scope -p MemoryMax=32G -p MemorySwapMax=7G timeout 1200 /home/jakob/Documents/abstracton/benchmarks/../build_release/benchmarks/solve_dodo -i f -p dirtydirty /home/jakob/Documents/abstracton/benchmarks/dodo/dragon.json --measure-time --no-dot-printing --universality-alg antichains-inclusion --ind-alg project
Running as unit: run-p2089285-i2098809.scope; invocation ID: 8f1e88f68a19487d85db63fcce18d40a
Time needed for parsing json file: 4736[µs]
alphabet size: 5
using Flow interpretation
Time needed for constructing Flow interpretation transducer: 1048[µs]
computing ind...
Time needed for computing composition v_delta of abstraction framework and transition relation: 24973[µs]
Time needed for reducing V o ->: 22266[µs]
Time needed for computing complement v_complement of abstraction framework: 197[µs]
Time needed for minimizing complement(V): 196[µs]
Time needed for computing intersection 'preprojection' of v_delta and v_complement: 762[µs]
Time needed for computing complement of ind (i.e. projecting preprojection onto first tape): 11890[µs]
Time needed for minimizing projection: 48463384[µs]
Time needed for computing ind: 207[µs]
Time needed for minimizing ind: 81[µs]
Time needed for computing ind (total): 48535234[µs]
automaton for ind has 7 states.
...done.
computing complement of preach...
Time needed for constructing identity on ind: 163[µs]
Time needed for computing product v_id of abstraction framework with identity on ind: 3362[µs]
Time needed for computing product of v_id with complement of abstraction framework: 635[µs]
Time needed for computing complement of preach: 5156[µs]
automaton for complement of preach has 13 states.
...of which, 2 states are at level 0.
Time needed for trimming complement of preach: 6[µs]
...done.
trying to prove abstract safety...
Time needed for constructing transducer for unsafe property: 17[µs]
Time needed for constructing transducer for (initial, unsafe) pairs: 45[µs]
Time needed for constructing transducer for complement of (initial, unsafe) pairs: 79[µs]
Time needed for building union of complements of preach and (initial, unsafe)-transducer: 36[µs]
Time needed for checking universality using antichains-inclusion algorithm: 77[µs]
Time needed for checking abstract safety: 317[µs]
...done.
Result: [0]
This means that the following properties could be separated from the initial configurations:
	[]
While the following properties could not be separated from the initial configurations:
	[dirtydirty]

real	0m48,731s
user	0m47,389s
sys	0m1,317s
********************
41 of 61
/home/jakob/Documents/abstracton/benchmarks/dodo/dragon.json
t
exclusiveexclusive
systemd-run --user --scope -p MemoryMax=32G -p MemorySwapMax=7G timeout 1200 /home/jakob/Documents/abstracton/benchmarks/../build_release/benchmarks/solve_dodo -i t -p exclusiveexclusive /home/jakob/Documents/abstracton/benchmarks/dodo/dragon.json --measure-time --no-dot-printing --universality-alg antichains-inclusion --ind-alg project
Running as unit: run-p2089440-i2090584.scope; invocation ID: 92622e9fafe04c1ba52c79c6cb386b3b
Time needed for parsing json file: 4748[µs]
alphabet size: 5
using Trap interpretation
Time needed for constructing Trap interpretation transducer: 1245[µs]
computing ind...
Time needed for computing composition v_delta of abstraction framework and transition relation: 19803[µs]
Time needed for reducing V o ->: 12243[µs]
Time needed for computing complement v_complement of abstraction framework: 137[µs]
Time needed for minimizing complement(V): 96[µs]
Time needed for computing intersection 'preprojection' of v_delta and v_complement: 276[µs]
Time needed for computing complement of ind (i.e. projecting preprojection onto first tape): 3267[µs]
Time needed for minimizing projection: 684510[µs]
Time needed for computing ind: 346[µs]
Time needed for minimizing ind: 331[µs]
Time needed for computing ind (total): 721379[µs]
automaton for ind has 37 states.
...done.
computing complement of preach...
Time needed for constructing identity on ind: 273[µs]
Time needed for computing product v_id of abstraction framework with identity on ind: 12852[µs]
Time needed for computing product of v_id with complement of abstraction framework: 111377[µs]
Time needed for computing complement of preach: 126503[µs]
automaton for complement of preach has 4148 states.
...of which, 68 states are at level 0.
Time needed for trimming complement of preach: 1339[µs]
...done.
trying to prove abstract safety...
Time needed for constructing transducer for unsafe property: 2[µs]
Time needed for constructing transducer for (initial, unsafe) pairs: 27[µs]
Time needed for constructing transducer for complement of (initial, unsafe) pairs: 37[µs]
Time needed for building union of complements of preach and (initial, unsafe)-transducer: 1610[µs]
Time needed for checking universality using antichains-inclusion algorithm: 2506[µs]
Time needed for checking abstract safety: 4575[µs]
...done.
Result: [1]
This means that the following properties could be separated from the initial configurations:
	[exclusiveexclusive]
While the following properties could not be separated from the initial configurations:
	[]

real	0m0,906s
user	0m0,776s
sys	0m0,114s
********************
/home/jakob/Documents/abstracton/benchmarks/dodo/dragon.json
s
exclusiveexclusive
systemd-run --user --scope -p MemoryMax=32G -p MemorySwapMax=7G timeout 1200 /home/jakob/Documents/abstracton/benchmarks/../build_release/benchmarks/solve_dodo -i s -p exclusiveexclusive /home/jakob/Documents/abstracton/benchmarks/dodo/dragon.json --measure-time --no-dot-printing --universality-alg antichains-inclusion --ind-alg project
Running as unit: run-p2089442-i2098820.scope; invocation ID: e350f15c1d114348aec4a7649b78eb20
Time needed for parsing json file: 4679[µs]
alphabet size: 5
using Siphon interpretation
Time needed for constructing Siphon interpretation transducer: 518[µs]
computing ind...
Time needed for computing composition v_delta of abstraction framework and transition relation: 12007[µs]
Time needed for reducing V o ->: 9800[µs]
Time needed for computing complement v_complement of abstraction framework: 135[µs]
Time needed for minimizing complement(V): 151[µs]
Time needed for computing intersection 'preprojection' of v_delta and v_complement: 311[µs]
Time needed for computing complement of ind (i.e. projecting preprojection onto first tape): 3701[µs]
Time needed for minimizing projection: 474142[µs]
Time needed for computing ind: 76[µs]
Time needed for minimizing ind: 58[µs]
Time needed for computing ind (total): 500663[µs]
automaton for ind has 5 states.
...done.
computing complement of preach...
Time needed for constructing identity on ind: 48[µs]
Time needed for computing product v_id of abstraction framework with identity on ind: 442[µs]
Time needed for computing product of v_id with complement of abstraction framework: 119[µs]
Time needed for computing complement of preach: 771[µs]
automaton for complement of preach has 13 states.
...of which, 2 states are at level 0.
Time needed for trimming complement of preach: 2[µs]
...done.
trying to prove abstract safety...
Time needed for constructing transducer for unsafe property: 1[µs]
Time needed for constructing transducer for (initial, unsafe) pairs: 14[µs]
Time needed for constructing transducer for complement of (initial, unsafe) pairs: 25[µs]
Time needed for building union of complements of preach and (initial, unsafe)-transducer: 12[µs]
Time needed for checking universality using antichains-inclusion algorithm: 26[µs]
Time needed for checking abstract safety: 101[µs]
...done.
Result: [0]
This means that the following properties could be separated from the initial configurations:
	[]
While the following properties could not be separated from the initial configurations:
	[exclusiveexclusive]

real	0m0,543s
user	0m0,465s
sys	0m0,062s
********************
/home/jakob/Documents/abstracton/benchmarks/dodo/dragon.json
f
exclusiveexclusive
systemd-run --user --scope -p MemoryMax=32G -p MemorySwapMax=7G timeout 1200 /home/jakob/Documents/abstracton/benchmarks/../build_release/benchmarks/solve_dodo -i f -p exclusiveexclusive /home/jakob/Documents/abstracton/benchmarks/dodo/dragon.json --measure-time --no-dot-printing --universality-alg antichains-inclusion --ind-alg project
Running as unit: run-p2089446-i2090586.scope; invocation ID: 88cf61685e9c4f1b8940dc368a78d4ff
Time needed for parsing json file: 4715[µs]
alphabet size: 5
using Flow interpretation
Time needed for constructing Flow interpretation transducer: 1034[µs]
computing ind...
Time needed for computing composition v_delta of abstraction framework and transition relation: 23826[µs]
Time needed for reducing V o ->: 21666[µs]
Time needed for computing complement v_complement of abstraction framework: 196[µs]
Time needed for minimizing complement(V): 205[µs]
Time needed for computing intersection 'preprojection' of v_delta and v_complement: 742[µs]
Time needed for computing complement of ind (i.e. projecting preprojection onto first tape): 11882[µs]
Time needed for minimizing projection: 48345177[µs]
Time needed for computing ind: 190[µs]
Time needed for minimizing ind: 81[µs]
Time needed for computing ind (total): 48411231[µs]
automaton for ind has 7 states.
...done.
computing complement of preach...
Time needed for constructing identity on ind: 51[µs]
Time needed for computing product v_id of abstraction framework with identity on ind: 1324[µs]
Time needed for computing product of v_id with complement of abstraction framework: 225[µs]
Time needed for computing complement of preach: 1933[µs]
automaton for complement of preach has 13 states.
...of which, 2 states are at level 0.
Time needed for trimming complement of preach: 2[µs]
...done.
trying to prove abstract safety...
Time needed for constructing transducer for unsafe property: 2[µs]
Time needed for constructing transducer for (initial, unsafe) pairs: 15[µs]
Time needed for constructing transducer for complement of (initial, unsafe) pairs: 27[µs]
Time needed for building union of complements of preach and (initial, unsafe)-transducer: 13[µs]
Time needed for checking universality using antichains-inclusion algorithm: 32[µs]
Time needed for checking abstract safety: 116[µs]
...done.
Result: [0]
This means that the following properties could be separated from the initial configurations:
	[]
While the following properties could not be separated from the initial configurations:
	[exclusiveexclusive]

real	0m48,604s
user	0m47,334s
sys	0m1,246s
********************
42 of 61
/home/jakob/Documents/abstracton/benchmarks/dodo/dragon.json
t
dirtysharedexclusive
systemd-run --user --scope -p MemoryMax=32G -p MemorySwapMax=7G timeout 1200 /home/jakob/Documents/abstracton/benchmarks/../build_release/benchmarks/solve_dodo -i t -p dirtysharedexclusive /home/jakob/Documents/abstracton/benchmarks/dodo/dragon.json --measure-time --no-dot-printing --universality-alg antichains-inclusion --ind-alg project
Running as unit: run-p2089582-i2098824.scope; invocation ID: b8319e7cdf4f4a6a936bf824db826e0e
Time needed for parsing json file: 4776[µs]
alphabet size: 5
using Trap interpretation
Time needed for constructing Trap interpretation transducer: 1213[µs]
computing ind...
Time needed for computing composition v_delta of abstraction framework and transition relation: 20186[µs]
Time needed for reducing V o ->: 12205[µs]
Time needed for computing complement v_complement of abstraction framework: 141[µs]
Time needed for minimizing complement(V): 96[µs]
Time needed for computing intersection 'preprojection' of v_delta and v_complement: 276[µs]
Time needed for computing complement of ind (i.e. projecting preprojection onto first tape): 3262[µs]
Time needed for minimizing projection: 686558[µs]
Time needed for computing ind: 354[µs]
Time needed for minimizing ind: 330[µs]
Time needed for computing ind (total): 723784[µs]
automaton for ind has 37 states.
...done.
computing complement of preach...
Time needed for constructing identity on ind: 276[µs]
Time needed for computing product v_id of abstraction framework with identity on ind: 13136[µs]
Time needed for computing product of v_id with complement of abstraction framework: 111876[µs]
Time needed for computing complement of preach: 127270[µs]
automaton for complement of preach has 4148 states.
...of which, 68 states are at level 0.
Time needed for trimming complement of preach: 1322[µs]
...done.
trying to prove abstract safety...
Time needed for constructing transducer for unsafe property: 3[µs]
Time needed for constructing transducer for (initial, unsafe) pairs: 31[µs]
Time needed for constructing transducer for complement of (initial, unsafe) pairs: 39[µs]
Time needed for building union of complements of preach and (initial, unsafe)-transducer: 1561[µs]
Time needed for checking universality using antichains-inclusion algorithm: 2511[µs]
Time needed for checking abstract safety: 4532[µs]
...done.
Result: [1]
This means that the following properties could be separated from the initial configurations:
	[dirtysharedexclusive]
While the following properties could not be separated from the initial configurations:
	[]

real	0m0,915s
user	0m0,790s
sys	0m0,103s
********************
/home/jakob/Documents/abstracton/benchmarks/dodo/dragon.json
s
dirtysharedexclusive
systemd-run --user --scope -p MemoryMax=32G -p MemorySwapMax=7G timeout 1200 /home/jakob/Documents/abstracton/benchmarks/../build_release/benchmarks/solve_dodo -i s -p dirtysharedexclusive /home/jakob/Documents/abstracton/benchmarks/dodo/dragon.json --measure-time --no-dot-printing --universality-alg antichains-inclusion --ind-alg project
Running as unit: run-p2089584-i2090595.scope; invocation ID: 38d9cdd67b9342e1bf4a50d18341a4d8
Time needed for parsing json file: 4724[µs]
alphabet size: 5
using Siphon interpretation
Time needed for constructing Siphon interpretation transducer: 492[µs]
computing ind...
Time needed for computing composition v_delta of abstraction framework and transition relation: 11486[µs]
Time needed for reducing V o ->: 9507[µs]
Time needed for computing complement v_complement of abstraction framework: 141[µs]
Time needed for minimizing complement(V): 163[µs]
Time needed for computing intersection 'preprojection' of v_delta and v_complement: 342[µs]
Time needed for computing complement of ind (i.e. projecting preprojection onto first tape): 3155[µs]
Time needed for minimizing projection: 476380[µs]
Time needed for computing ind: 77[µs]
Time needed for minimizing ind: 61[µs]
Time needed for computing ind (total): 501621[µs]
automaton for ind has 5 states.
...done.
computing complement of preach...
Time needed for constructing identity on ind: 39[µs]
Time needed for computing product v_id of abstraction framework with identity on ind: 468[µs]
Time needed for computing product of v_id with complement of abstraction framework: 134[µs]
Time needed for computing complement of preach: 797[µs]
automaton for complement of preach has 13 states.
...of which, 2 states are at level 0.
Time needed for trimming complement of preach: 2[µs]
...done.
trying to prove abstract safety...
Time needed for constructing transducer for unsafe property: 2[µs]
Time needed for constructing transducer for (initial, unsafe) pairs: 26[µs]
Time needed for constructing transducer for complement of (initial, unsafe) pairs: 30[µs]
Time needed for building union of complements of preach and (initial, unsafe)-transducer: 14[µs]
Time needed for checking universality using antichains-inclusion algorithm: 34[µs]
Time needed for checking abstract safety: 132[µs]
...done.
Result: [0]
This means that the following properties could be separated from the initial configurations:
	[]
While the following properties could not be separated from the initial configurations:
	[dirtysharedexclusive]

real	0m0,546s
user	0m0,476s
sys	0m0,054s
********************
/home/jakob/Documents/abstracton/benchmarks/dodo/dragon.json
f
dirtysharedexclusive
systemd-run --user --scope -p MemoryMax=32G -p MemorySwapMax=7G timeout 1200 /home/jakob/Documents/abstracton/benchmarks/../build_release/benchmarks/solve_dodo -i f -p dirtysharedexclusive /home/jakob/Documents/abstracton/benchmarks/dodo/dragon.json --measure-time --no-dot-printing --universality-alg antichains-inclusion --ind-alg project
Running as unit: run-p2089586-i2090596.scope; invocation ID: 7a712f6597d24551b1302a5f84a6ccd5
Time needed for parsing json file: 4764[µs]
alphabet size: 5
using Flow interpretation
Time needed for constructing Flow interpretation transducer: 1070[µs]
computing ind...
Time needed for computing composition v_delta of abstraction framework and transition relation: 23114[µs]
Time needed for reducing V o ->: 21698[µs]
Time needed for computing complement v_complement of abstraction framework: 199[µs]
Time needed for minimizing complement(V): 196[µs]
Time needed for computing intersection 'preprojection' of v_delta and v_complement: 757[µs]
Time needed for computing complement of ind (i.e. projecting preprojection onto first tape): 11937[µs]
Time needed for minimizing projection: 48424639[µs]
Time needed for computing ind: 191[µs]
Time needed for minimizing ind: 79[µs]
Time needed for computing ind (total): 48489993[µs]
automaton for ind has 7 states.
...done.
computing complement of preach...
Time needed for constructing identity on ind: 52[µs]
Time needed for computing product v_id of abstraction framework with identity on ind: 1233[µs]
Time needed for computing product of v_id with complement of abstraction framework: 207[µs]
Time needed for computing complement of preach: 1802[µs]
automaton for complement of preach has 13 states.
...of which, 2 states are at level 0.
Time needed for trimming complement of preach: 2[µs]
...done.
trying to prove abstract safety...
Time needed for constructing transducer for unsafe property: 2[µs]
Time needed for constructing transducer for (initial, unsafe) pairs: 17[µs]
Time needed for constructing transducer for complement of (initial, unsafe) pairs: 31[µs]
Time needed for building union of complements of preach and (initial, unsafe)-transducer: 14[µs]
Time needed for checking universality using antichains-inclusion algorithm: 33[µs]
Time needed for checking abstract safety: 124[µs]
...done.
Result: [0]
This means that the following properties could be separated from the initial configurations:
	[]
While the following properties could not be separated from the initial configurations:
	[dirtysharedexclusive]

real	0m48,681s
user	0m47,373s
sys	0m1,280s
********************
43 of 61
/home/jakob/Documents/abstracton/benchmarks/dodo/dragon.json
t
exclusiveshared
systemd-run --user --scope -p MemoryMax=32G -p MemorySwapMax=7G timeout 1200 /home/jakob/Documents/abstracton/benchmarks/../build_release/benchmarks/solve_dodo -i t -p exclusiveshared /home/jakob/Documents/abstracton/benchmarks/dodo/dragon.json --measure-time --no-dot-printing --universality-alg antichains-inclusion --ind-alg project
Running as unit: run-p2089740-i2098835.scope; invocation ID: 38cdcf502be34f66b2e75be4e3060474
Time needed for parsing json file: 4736[µs]
alphabet size: 5
using Trap interpretation
Time needed for constructing Trap interpretation transducer: 1199[µs]
computing ind...
Time needed for computing composition v_delta of abstraction framework and transition relation: 18800[µs]
Time needed for reducing V o ->: 11897[µs]
Time needed for computing complement v_complement of abstraction framework: 137[µs]
Time needed for minimizing complement(V): 97[µs]
Time needed for computing intersection 'preprojection' of v_delta and v_complement: 274[µs]
Time needed for computing complement of ind (i.e. projecting preprojection onto first tape): 3228[µs]
Time needed for minimizing projection: 685471[µs]
Time needed for computing ind: 356[µs]
Time needed for minimizing ind: 350[µs]
Time needed for computing ind (total): 720985[µs]
automaton for ind has 37 states.
...done.
computing complement of preach...
Time needed for constructing identity on ind: 286[µs]
Time needed for computing product v_id of abstraction framework with identity on ind: 13026[µs]
Time needed for computing product of v_id with complement of abstraction framework: 112062[µs]
Time needed for computing complement of preach: 127384[µs]
automaton for complement of preach has 4148 states.
...of which, 68 states are at level 0.
Time needed for trimming complement of preach: 1338[µs]
...done.
trying to prove abstract safety...
Time needed for constructing transducer for unsafe property: 3[µs]
Time needed for constructing transducer for (initial, unsafe) pairs: 30[µs]
Time needed for constructing transducer for complement of (initial, unsafe) pairs: 39[µs]
Time needed for building union of complements of preach and (initial, unsafe)-transducer: 1583[µs]
Time needed for checking universality using antichains-inclusion algorithm: 2530[µs]
Time needed for checking abstract safety: 4560[µs]
...done.
Result: [1]
This means that the following properties could be separated from the initial configurations:
	[exclusiveshared]
While the following properties could not be separated from the initial configurations:
	[]

real	0m0,906s
user	0m0,775s
sys	0m0,117s
********************
/home/jakob/Documents/abstracton/benchmarks/dodo/dragon.json
s
exclusiveshared
systemd-run --user --scope -p MemoryMax=32G -p MemorySwapMax=7G timeout 1200 /home/jakob/Documents/abstracton/benchmarks/../build_release/benchmarks/solve_dodo -i s -p exclusiveshared /home/jakob/Documents/abstracton/benchmarks/dodo/dragon.json --measure-time --no-dot-printing --universality-alg antichains-inclusion --ind-alg project
Running as unit: run-p2089742-i2098836.scope; invocation ID: d1b8ed527301402998110cb8fa38049f
Time needed for parsing json file: 4773[µs]
alphabet size: 5
using Siphon interpretation
Time needed for constructing Siphon interpretation transducer: 503[µs]
computing ind...
Time needed for computing composition v_delta of abstraction framework and transition relation: 11881[µs]
Time needed for reducing V o ->: 9807[µs]
Time needed for computing complement v_complement of abstraction framework: 149[µs]
Time needed for minimizing complement(V): 164[µs]
Time needed for computing intersection 'preprojection' of v_delta and v_complement: 333[µs]
Time needed for computing complement of ind (i.e. projecting preprojection onto first tape): 3469[µs]
Time needed for minimizing projection: 473783[µs]
Time needed for computing ind: 75[µs]
Time needed for minimizing ind: 57[µs]
Time needed for computing ind (total): 500012[µs]
automaton for ind has 5 states.
...done.
computing complement of preach...
Time needed for constructing identity on ind: 38[µs]
Time needed for computing product v_id of abstraction framework with identity on ind: 447[µs]
Time needed for computing product of v_id with complement of abstraction framework: 118[µs]
Time needed for computing complement of preach: 751[µs]
automaton for complement of preach has 13 states.
...of which, 2 states are at level 0.
Time needed for trimming complement of preach: 2[µs]
...done.
trying to prove abstract safety...
Time needed for constructing transducer for unsafe property: 2[µs]
Time needed for constructing transducer for (initial, unsafe) pairs: 17[µs]
Time needed for constructing transducer for complement of (initial, unsafe) pairs: 36[µs]
Time needed for building union of complements of preach and (initial, unsafe)-transducer: 15[µs]
Time needed for checking universality using antichains-inclusion algorithm: 36[µs]
Time needed for checking abstract safety: 131[µs]
...done.
Result: [0]
This means that the following properties could be separated from the initial configurations:
	[]
While the following properties could not be separated from the initial configurations:
	[exclusiveshared]

real	0m0,544s
user	0m0,474s
sys	0m0,053s
********************
/home/jakob/Documents/abstracton/benchmarks/dodo/dragon.json
f
exclusiveshared
systemd-run --user --scope -p MemoryMax=32G -p MemorySwapMax=7G timeout 1200 /home/jakob/Documents/abstracton/benchmarks/../build_release/benchmarks/solve_dodo -i f -p exclusiveshared /home/jakob/Documents/abstracton/benchmarks/dodo/dragon.json --measure-time --no-dot-printing --universality-alg antichains-inclusion --ind-alg project
Running as unit: run-p2089746-i2098837.scope; invocation ID: 9acc24d7fff04fe58e82c1e54e8af40a
Time needed for parsing json file: 4774[µs]
alphabet size: 5
using Flow interpretation
Time needed for constructing Flow interpretation transducer: 1063[µs]
computing ind...
Time needed for computing composition v_delta of abstraction framework and transition relation: 24789[µs]
Time needed for reducing V o ->: 22156[µs]
Time needed for computing complement v_complement of abstraction framework: 196[µs]
Time needed for minimizing complement(V): 196[µs]
Time needed for computing intersection 'preprojection' of v_delta and v_complement: 755[µs]
Time needed for computing complement of ind (i.e. projecting preprojection onto first tape): 11847[µs]
Time needed for minimizing projection: 48235940[µs]
Time needed for computing ind: 188[µs]
Time needed for minimizing ind: 80[µs]
Time needed for computing ind (total): 48303326[µs]
automaton for ind has 7 states.
...done.
computing complement of preach...
Time needed for constructing identity on ind: 53[µs]
Time needed for computing product v_id of abstraction framework with identity on ind: 1298[µs]
Time needed for computing product of v_id with complement of abstraction framework: 216[µs]
Time needed for computing complement of preach: 1881[µs]
automaton for complement of preach has 13 states.
...of which, 2 states are at level 0.
Time needed for trimming complement of preach: 2[µs]
...done.
trying to prove abstract safety...
Time needed for constructing transducer for unsafe property: 6[µs]
Time needed for constructing transducer for (initial, unsafe) pairs: 17[µs]
Time needed for constructing transducer for complement of (initial, unsafe) pairs: 33[µs]
Time needed for building union of complements of preach and (initial, unsafe)-transducer: 14[µs]
Time needed for checking universality using antichains-inclusion algorithm: 35[µs]
Time needed for checking abstract safety: 129[µs]
...done.
Result: [0]
This means that the following properties could be separated from the initial configurations:
	[]
While the following properties could not be separated from the initial configurations:
	[exclusiveshared]

real	0m48,485s
user	0m47,201s
sys	0m1,261s
********************
44 of 61
/home/jakob/Documents/abstracton/benchmarks/dodo/dragon.json
t
exclusivedirty
systemd-run --user --scope -p MemoryMax=32G -p MemorySwapMax=7G timeout 1200 /home/jakob/Documents/abstracton/benchmarks/../build_release/benchmarks/solve_dodo -i t -p exclusivedirty /home/jakob/Documents/abstracton/benchmarks/dodo/dragon.json --measure-time --no-dot-printing --universality-alg antichains-inclusion --ind-alg project
Running as unit: run-p2089907-i2098853.scope; invocation ID: 57242c154afa486f9345f5435577262c
Time needed for parsing json file: 4715[µs]
alphabet size: 5
using Trap interpretation
Time needed for constructing Trap interpretation transducer: 1199[µs]
computing ind...
Time needed for computing composition v_delta of abstraction framework and transition relation: 20321[µs]
Time needed for reducing V o ->: 12224[µs]
Time needed for computing complement v_complement of abstraction framework: 138[µs]
Time needed for minimizing complement(V): 96[µs]
Time needed for computing intersection 'preprojection' of v_delta and v_complement: 285[µs]
Time needed for computing complement of ind (i.e. projecting preprojection onto first tape): 3236[µs]
Time needed for minimizing projection: 683280[µs]
Time needed for computing ind: 370[µs]
Time needed for minimizing ind: 343[µs]
Time needed for computing ind (total): 720672[µs]
automaton for ind has 37 states.
...done.
computing complement of preach...
Time needed for constructing identity on ind: 293[µs]
Time needed for computing product v_id of abstraction framework with identity on ind: 12766[µs]
Time needed for computing product of v_id with complement of abstraction framework: 111376[µs]
Time needed for computing complement of preach: 126437[µs]
automaton for complement of preach has 4148 states.
...of which, 68 states are at level 0.
Time needed for trimming complement of preach: 1327[µs]
...done.
trying to prove abstract safety...
Time needed for constructing transducer for unsafe property: 2[µs]
Time needed for constructing transducer for (initial, unsafe) pairs: 32[µs]
Time needed for constructing transducer for complement of (initial, unsafe) pairs: 40[µs]
Time needed for building union of complements of preach and (initial, unsafe)-transducer: 1573[µs]
Time needed for checking universality using antichains-inclusion algorithm: 2527[µs]
Time needed for checking abstract safety: 4556[µs]
...done.
Result: [1]
This means that the following properties could be separated from the initial configurations:
	[exclusivedirty]
While the following properties could not be separated from the initial configurations:
	[]

real	0m0,903s
user	0m0,777s
sys	0m0,112s
********************
/home/jakob/Documents/abstracton/benchmarks/dodo/dragon.json
s
exclusivedirty
systemd-run --user --scope -p MemoryMax=32G -p MemorySwapMax=7G timeout 1200 /home/jakob/Documents/abstracton/benchmarks/../build_release/benchmarks/solve_dodo -i s -p exclusivedirty /home/jakob/Documents/abstracton/benchmarks/dodo/dragon.json --measure-time --no-dot-printing --universality-alg antichains-inclusion --ind-alg project
Running as unit: run-p2089909-i2098854.scope; invocation ID: e8c0ff7f5c7c4c8cbc5450ccfd23e03b
Time needed for parsing json file: 4753[µs]
alphabet size: 5
using Siphon interpretation
Time needed for constructing Siphon interpretation transducer: 492[µs]
computing ind...
Time needed for computing composition v_delta of abstraction framework and transition relation: 13085[µs]
Time needed for reducing V o ->: 10454[µs]
Time needed for computing complement v_complement of abstraction framework: 137[µs]
Time needed for minimizing complement(V): 156[µs]
Time needed for computing intersection 'preprojection' of v_delta and v_complement: 320[µs]
Time needed for computing complement of ind (i.e. projecting preprojection onto first tape): 3891[µs]
Time needed for minimizing projection: 476479[µs]
Time needed for computing ind: 75[µs]
Time needed for minimizing ind: 57[µs]
Time needed for computing ind (total): 504937[µs]
automaton for ind has 5 states.
...done.
computing complement of preach...
Time needed for constructing identity on ind: 38[µs]
Time needed for computing product v_id of abstraction framework with identity on ind: 453[µs]
Time needed for computing product of v_id with complement of abstraction framework: 121[µs]
Time needed for computing complement of preach: 764[µs]
automaton for complement of preach has 13 states.
...of which, 2 states are at level 0.
Time needed for trimming complement of preach: 2[µs]
...done.
trying to prove abstract safety...
Time needed for constructing transducer for unsafe property: 2[µs]
Time needed for constructing transducer for (initial, unsafe) pairs: 17[µs]
Time needed for constructing transducer for complement of (initial, unsafe) pairs: 30[µs]
Time needed for building union of complements of preach and (initial, unsafe)-transducer: 14[µs]
Time needed for checking universality using antichains-inclusion algorithm: 33[µs]
Time needed for checking abstract safety: 119[µs]
...done.
Result: [0]
This means that the following properties could be separated from the initial configurations:
	[]
While the following properties could not be separated from the initial configurations:
	[exclusivedirty]

real	0m0,548s
user	0m0,479s
sys	0m0,052s
********************
/home/jakob/Documents/abstracton/benchmarks/dodo/dragon.json
f
exclusivedirty
systemd-run --user --scope -p MemoryMax=32G -p MemorySwapMax=7G timeout 1200 /home/jakob/Documents/abstracton/benchmarks/../build_release/benchmarks/solve_dodo -i f -p exclusivedirty /home/jakob/Documents/abstracton/benchmarks/dodo/dragon.json --measure-time --no-dot-printing --universality-alg antichains-inclusion --ind-alg project
Running as unit: run-p2089913-i2090604.scope; invocation ID: 32eb40b747f24288b852f0cb4f96d4b1
Time needed for parsing json file: 4721[µs]
alphabet size: 5
using Flow interpretation
Time needed for constructing Flow interpretation transducer: 1032[µs]
computing ind...
Time needed for computing composition v_delta of abstraction framework and transition relation: 23921[µs]
Time needed for reducing V o ->: 21471[µs]
Time needed for computing complement v_complement of abstraction framework: 196[µs]
Time needed for minimizing complement(V): 196[µs]
Time needed for computing intersection 'preprojection' of v_delta and v_complement: 848[µs]
Time needed for computing complement of ind (i.e. projecting preprojection onto first tape): 12045[µs]
Time needed for minimizing projection: 48163696[µs]
Time needed for computing ind: 186[µs]
Time needed for minimizing ind: 80[µs]
Time needed for computing ind (total): 48227821[µs]
automaton for ind has 7 states.
...done.
computing complement of preach...
Time needed for constructing identity on ind: 61[µs]
Time needed for computing product v_id of abstraction framework with identity on ind: 1213[µs]
Time needed for computing product of v_id with complement of abstraction framework: 205[µs]
Time needed for computing complement of preach: 1776[µs]
automaton for complement of preach has 13 states.
...of which, 2 states are at level 0.
Time needed for trimming complement of preach: 2[µs]
...done.
trying to prove abstract safety...
Time needed for constructing transducer for unsafe property: 5[µs]
Time needed for constructing transducer for (initial, unsafe) pairs: 17[µs]
Time needed for constructing transducer for complement of (initial, unsafe) pairs: 31[µs]
Time needed for building union of complements of preach and (initial, unsafe)-transducer: 14[µs]
Time needed for checking universality using antichains-inclusion algorithm: 34[µs]
Time needed for checking abstract safety: 121[µs]
...done.
Result: [0]
This means that the following properties could be separated from the initial configurations:
	[]
While the following properties could not be separated from the initial configurations:
	[exclusivedirty]

real	0m48,407s
user	0m47,105s
sys	0m1,281s
********************
45 of 61
/home/jakob/Documents/abstracton/benchmarks/dodo/dragon.json
t
shareddirty
systemd-run --user --scope -p MemoryMax=32G -p MemorySwapMax=7G timeout 1200 /home/jakob/Documents/abstracton/benchmarks/../build_release/benchmarks/solve_dodo -i t -p shareddirty /home/jakob/Documents/abstracton/benchmarks/dodo/dragon.json --measure-time --no-dot-printing --universality-alg antichains-inclusion --ind-alg project
Running as unit: run-p2090046-i2090623.scope; invocation ID: 959c5789d03941d0aec35ad4182d4610
Time needed for parsing json file: 4703[µs]
alphabet size: 5
using Trap interpretation
Time needed for constructing Trap interpretation transducer: 1219[µs]
computing ind...
Time needed for computing composition v_delta of abstraction framework and transition relation: 18091[µs]
Time needed for reducing V o ->: 12052[µs]
Time needed for computing complement v_complement of abstraction framework: 143[µs]
Time needed for minimizing complement(V): 102[µs]
Time needed for computing intersection 'preprojection' of v_delta and v_complement: 286[µs]
Time needed for computing complement of ind (i.e. projecting preprojection onto first tape): 3365[µs]
Time needed for minimizing projection: 679299[µs]
Time needed for computing ind: 345[µs]
Time needed for minimizing ind: 331[µs]
Time needed for computing ind (total): 714384[µs]
automaton for ind has 37 states.
...done.
computing complement of preach...
Time needed for constructing identity on ind: 275[µs]
Time needed for computing product v_id of abstraction framework with identity on ind: 12854[µs]
Time needed for computing product of v_id with complement of abstraction framework: 110347[µs]
Time needed for computing complement of preach: 125459[µs]
automaton for complement of preach has 4148 states.
...of which, 68 states are at level 0.
Time needed for trimming complement of preach: 1333[µs]
...done.
trying to prove abstract safety...
Time needed for constructing transducer for unsafe property: 3[µs]
Time needed for constructing transducer for (initial, unsafe) pairs: 30[µs]
Time needed for constructing transducer for complement of (initial, unsafe) pairs: 40[µs]
Time needed for building union of complements of preach and (initial, unsafe)-transducer: 1590[µs]
Time needed for checking universality using antichains-inclusion algorithm: 2524[µs]
Time needed for checking abstract safety: 4556[µs]
...done.
Result: [1]
This means that the following properties could be separated from the initial configurations:
	[shareddirty]
While the following properties could not be separated from the initial configurations:
	[]

real	0m0,895s
user	0m0,787s
sys	0m0,092s
********************
/home/jakob/Documents/abstracton/benchmarks/dodo/dragon.json
s
shareddirty
systemd-run --user --scope -p MemoryMax=32G -p MemorySwapMax=7G timeout 1200 /home/jakob/Documents/abstracton/benchmarks/../build_release/benchmarks/solve_dodo -i s -p shareddirty /home/jakob/Documents/abstracton/benchmarks/dodo/dragon.json --measure-time --no-dot-printing --universality-alg antichains-inclusion --ind-alg project
Running as unit: run-p2090052-i2098859.scope; invocation ID: 4fc1273d7e834377b605c8a7d48bfb59
Time needed for parsing json file: 4709[µs]
alphabet size: 5
using Siphon interpretation
Time needed for constructing Siphon interpretation transducer: 515[µs]
computing ind...
Time needed for computing composition v_delta of abstraction framework and transition relation: 12792[µs]
Time needed for reducing V o ->: 10204[µs]
Time needed for computing complement v_complement of abstraction framework: 131[µs]
Time needed for minimizing complement(V): 152[µs]
Time needed for computing intersection 'preprojection' of v_delta and v_complement: 318[µs]
Time needed for computing complement of ind (i.e. projecting preprojection onto first tape): 3727[µs]
Time needed for minimizing projection: 472438[µs]
Time needed for computing ind: 74[µs]
Time needed for minimizing ind: 58[µs]
Time needed for computing ind (total): 500176[µs]
automaton for ind has 5 states.
...done.
computing complement of preach...
Time needed for constructing identity on ind: 37[µs]
Time needed for computing product v_id of abstraction framework with identity on ind: 457[µs]
Time needed for computing product of v_id with complement of abstraction framework: 118[µs]
Time needed for computing complement of preach: 766[µs]
automaton for complement of preach has 13 states.
...of which, 2 states are at level 0.
Time needed for trimming complement of preach: 2[µs]
...done.
trying to prove abstract safety...
Time needed for constructing transducer for unsafe property: 2[µs]
Time needed for constructing transducer for (initial, unsafe) pairs: 17[µs]
Time needed for constructing transducer for complement of (initial, unsafe) pairs: 29[µs]
Time needed for building union of complements of preach and (initial, unsafe)-transducer: 14[µs]
Time needed for checking universality using antichains-inclusion algorithm: 35[µs]
Time needed for checking abstract safety: 119[µs]
...done.
Result: [0]
This means that the following properties could be separated from the initial configurations:
	[]
While the following properties could not be separated from the initial configurations:
	[shareddirty]

real	0m0,546s
user	0m0,467s
sys	0m0,063s
********************
/home/jakob/Documents/abstracton/benchmarks/dodo/dragon.json
f
shareddirty
systemd-run --user --scope -p MemoryMax=32G -p MemorySwapMax=7G timeout 1200 /home/jakob/Documents/abstracton/benchmarks/../build_release/benchmarks/solve_dodo -i f -p shareddirty /home/jakob/Documents/abstracton/benchmarks/dodo/dragon.json --measure-time --no-dot-printing --universality-alg antichains-inclusion --ind-alg project
Running as unit: run-p2090054-i2098860.scope; invocation ID: 25a5e5860ae54993bc30a6cb657f4946
Time needed for parsing json file: 4758[µs]
alphabet size: 5
using Flow interpretation
Time needed for constructing Flow interpretation transducer: 1052[µs]
computing ind...
Time needed for computing composition v_delta of abstraction framework and transition relation: 23307[µs]
Time needed for reducing V o ->: 21681[µs]
Time needed for computing complement v_complement of abstraction framework: 196[µs]
Time needed for minimizing complement(V): 195[µs]
Time needed for computing intersection 'preprojection' of v_delta and v_complement: 756[µs]
Time needed for computing complement of ind (i.e. projecting preprojection onto first tape): 11921[µs]
Time needed for minimizing projection: 48457636[µs]
Time needed for computing ind: 185[µs]
Time needed for minimizing ind: 80[µs]
Time needed for computing ind (total): 48522756[µs]
automaton for ind has 7 states.
...done.
computing complement of preach...
Time needed for constructing identity on ind: 54[µs]
Time needed for computing product v_id of abstraction framework with identity on ind: 1245[µs]
Time needed for computing product of v_id with complement of abstraction framework: 208[µs]
Time needed for computing complement of preach: 1815[µs]
automaton for complement of preach has 13 states.
...of which, 2 states are at level 0.
Time needed for trimming complement of preach: 2[µs]
...done.
trying to prove abstract safety...
Time needed for constructing transducer for unsafe property: 5[µs]
Time needed for constructing transducer for (initial, unsafe) pairs: 17[µs]
Time needed for constructing transducer for complement of (initial, unsafe) pairs: 31[µs]
Time needed for building union of complements of preach and (initial, unsafe)-transducer: 14[µs]
Time needed for checking universality using antichains-inclusion algorithm: 46[µs]
Time needed for checking abstract safety: 135[µs]
...done.
Result: [0]
This means that the following properties could be separated from the initial configurations:
	[]
While the following properties could not be separated from the initial configurations:
	[shareddirty]

real	0m48,711s
user	0m47,450s
sys	0m1,238s
********************
46 of 61
/home/jakob/Documents/abstracton/benchmarks/dodo/dragon.json
t
dirtyshareddirty
systemd-run --user --scope -p MemoryMax=32G -p MemorySwapMax=7G timeout 1200 /home/jakob/Documents/abstracton/benchmarks/../build_release/benchmarks/solve_dodo -i t -p dirtyshareddirty /home/jakob/Documents/abstracton/benchmarks/dodo/dragon.json --measure-time --no-dot-printing --universality-alg antichains-inclusion --ind-alg project
Running as unit: run-p2090215-i2090640.scope; invocation ID: a9b4c6002d62403cb44f8ea28d649900
Time needed for parsing json file: 4680[µs]
alphabet size: 5
using Trap interpretation
Time needed for constructing Trap interpretation transducer: 1047[µs]
computing ind...
Time needed for computing composition v_delta of abstraction framework and transition relation: 19214[µs]
Time needed for reducing V o ->: 11989[µs]
Time needed for computing complement v_complement of abstraction framework: 137[µs]
Time needed for minimizing complement(V): 97[µs]
Time needed for computing intersection 'preprojection' of v_delta and v_complement: 274[µs]
Time needed for computing complement of ind (i.e. projecting preprojection onto first tape): 3238[µs]
Time needed for minimizing projection: 681254[µs]
Time needed for computing ind: 357[µs]
Time needed for minimizing ind: 330[µs]
Time needed for computing ind (total): 717259[µs]
automaton for ind has 37 states.
...done.
computing complement of preach...
Time needed for constructing identity on ind: 278[µs]
Time needed for computing product v_id of abstraction framework with identity on ind: 12808[µs]
Time needed for computing product of v_id with complement of abstraction framework: 110189[µs]
Time needed for computing complement of preach: 125246[µs]
automaton for complement of preach has 4148 states.
...of which, 68 states are at level 0.
Time needed for trimming complement of preach: 1307[µs]
...done.
trying to prove abstract safety...
Time needed for constructing transducer for unsafe property: 3[µs]
Time needed for constructing transducer for (initial, unsafe) pairs: 37[µs]
Time needed for constructing transducer for complement of (initial, unsafe) pairs: 40[µs]
Time needed for building union of complements of preach and (initial, unsafe)-transducer: 1562[µs]
Time needed for checking universality using antichains-inclusion algorithm: 2463[µs]
Time needed for checking abstract safety: 4498[µs]
...done.
Result: [0]
This means that the following properties could be separated from the initial configurations:
	[]
While the following properties could not be separated from the initial configurations:
	[dirtyshareddirty]

real	0m0,900s
user	0m0,774s
sys	0m0,111s
********************
/home/jakob/Documents/abstracton/benchmarks/dodo/dragon.json
s
dirtyshareddirty
systemd-run --user --scope -p MemoryMax=32G -p MemorySwapMax=7G timeout 1200 /home/jakob/Documents/abstracton/benchmarks/../build_release/benchmarks/solve_dodo -i s -p dirtyshareddirty /home/jakob/Documents/abstracton/benchmarks/dodo/dragon.json --measure-time --no-dot-printing --universality-alg antichains-inclusion --ind-alg project
Running as unit: run-p2090217-i2090641.scope; invocation ID: d321003c26b543c6a38ab481c88dda54
Time needed for parsing json file: 4871[µs]
alphabet size: 5
using Siphon interpretation
Time needed for constructing Siphon interpretation transducer: 498[µs]
computing ind...
Time needed for computing composition v_delta of abstraction framework and transition relation: 12939[µs]
Time needed for reducing V o ->: 10162[µs]
Time needed for computing complement v_complement of abstraction framework: 141[µs]
Time needed for minimizing complement(V): 152[µs]
Time needed for computing intersection 'preprojection' of v_delta and v_complement: 311[µs]
Time needed for computing complement of ind (i.e. projecting preprojection onto first tape): 3734[µs]
Time needed for minimizing projection: 475738[µs]
Time needed for computing ind: 74[µs]
Time needed for minimizing ind: 57[µs]
Time needed for computing ind (total): 503598[µs]
automaton for ind has 5 states.
...done.
computing complement of preach...
Time needed for constructing identity on ind: 38[µs]
Time needed for computing product v_id of abstraction framework with identity on ind: 454[µs]
Time needed for computing product of v_id with complement of abstraction framework: 121[µs]
Time needed for computing complement of preach: 765[µs]
automaton for complement of preach has 13 states.
...of which, 2 states are at level 0.
Time needed for trimming complement of preach: 2[µs]
...done.
trying to prove abstract safety...
Time needed for constructing transducer for unsafe property: 2[µs]
Time needed for constructing transducer for (initial, unsafe) pairs: 17[µs]
Time needed for constructing transducer for complement of (initial, unsafe) pairs: 30[µs]
Time needed for building union of complements of preach and (initial, unsafe)-transducer: 14[µs]
Time needed for checking universality using antichains-inclusion algorithm: 35[µs]
Time needed for checking abstract safety: 121[µs]
...done.
Result: [0]
This means that the following properties could be separated from the initial configurations:
	[]
While the following properties could not be separated from the initial configurations:
	[dirtyshareddirty]

real	0m0,544s
user	0m0,469s
sys	0m0,058s
********************
/home/jakob/Documents/abstracton/benchmarks/dodo/dragon.json
f
dirtyshareddirty
systemd-run --user --scope -p MemoryMax=32G -p MemorySwapMax=7G timeout 1200 /home/jakob/Documents/abstracton/benchmarks/../build_release/benchmarks/solve_dodo -i f -p dirtyshareddirty /home/jakob/Documents/abstracton/benchmarks/dodo/dragon.json --measure-time --no-dot-printing --universality-alg antichains-inclusion --ind-alg project
Running as unit: run-p2090219-i2090642.scope; invocation ID: 342df66b647a40e4970c1de2f226e3f1
Time needed for parsing json file: 4744[µs]
alphabet size: 5
using Flow interpretation
Time needed for constructing Flow interpretation transducer: 1032[µs]
computing ind...
Time needed for computing composition v_delta of abstraction framework and transition relation: 24152[µs]
Time needed for reducing V o ->: 22236[µs]
Time needed for computing complement v_complement of abstraction framework: 198[µs]
Time needed for minimizing complement(V): 195[µs]
Time needed for computing intersection 'preprojection' of v_delta and v_complement: 757[µs]
Time needed for computing complement of ind (i.e. projecting preprojection onto first tape): 11850[µs]
Time needed for minimizing projection: 48266258[µs]
Time needed for computing ind: 192[µs]
Time needed for minimizing ind: 84[µs]
Time needed for computing ind (total): 48331099[µs]
automaton for ind has 7 states.
...done.
computing complement of preach...
Time needed for constructing identity on ind: 52[µs]
Time needed for computing product v_id of abstraction framework with identity on ind: 1224[µs]
Time needed for computing product of v_id with complement of abstraction framework: 205[µs]
Time needed for computing complement of preach: 1792[µs]
automaton for complement of preach has 13 states.
...of which, 2 states are at level 0.
Time needed for trimming complement of preach: 2[µs]
...done.
trying to prove abstract safety...
Time needed for constructing transducer for unsafe property: 2[µs]
Time needed for constructing transducer for (initial, unsafe) pairs: 18[µs]
Time needed for constructing transducer for complement of (initial, unsafe) pairs: 31[µs]
Time needed for building union of complements of preach and (initial, unsafe)-transducer: 14[µs]
Time needed for checking universality using antichains-inclusion algorithm: 34[µs]
Time needed for checking abstract safety: 122[µs]
...done.
Result: [0]
This means that the following properties could be separated from the initial configurations:
	[]
While the following properties could not be separated from the initial configurations:
	[dirtyshareddirty]

real	0m48,508s
user	0m47,216s
sys	0m1,271s
********************
47 of 61
/home/jakob/Documents/abstracton/benchmarks/dodo/dragon.json
t
deadlock
systemd-run --user --scope -p MemoryMax=32G -p MemorySwapMax=7G timeout 1200 /home/jakob/Documents/abstracton/benchmarks/../build_release/benchmarks/solve_dodo -i t -p deadlock /home/jakob/Documents/abstracton/benchmarks/dodo/dragon.json --measure-time --no-dot-printing --universality-alg antichains-inclusion --ind-alg project
Running as unit: run-p2090368-i2090647.scope; invocation ID: a96bc300368c4da5a134d0f29ae79b25
Time needed for parsing json file: 5018[µs]
alphabet size: 5
using Trap interpretation
Time needed for constructing Trap interpretation transducer: 992[µs]
computing ind...
Time needed for computing composition v_delta of abstraction framework and transition relation: 19960[µs]
Time needed for reducing V o ->: 12284[µs]
Time needed for computing complement v_complement of abstraction framework: 138[µs]
Time needed for minimizing complement(V): 97[µs]
Time needed for computing intersection 'preprojection' of v_delta and v_complement: 284[µs]
Time needed for computing complement of ind (i.e. projecting preprojection onto first tape): 3232[µs]
Time needed for minimizing projection: 685109[µs]
Time needed for computing ind: 348[µs]
Time needed for minimizing ind: 331[µs]
Time needed for computing ind (total): 722144[µs]
automaton for ind has 37 states.
...done.
computing complement of preach...
Time needed for constructing identity on ind: 279[µs]
Time needed for computing product v_id of abstraction framework with identity on ind: 13016[µs]
Time needed for computing product of v_id with complement of abstraction framework: 111037[µs]
Time needed for computing complement of preach: 126279[µs]
automaton for complement of preach has 4148 states.
...of which, 68 states are at level 0.
Time needed for trimming complement of preach: 1340[µs]
...done.
trying to prove abstract safety...
Time needed for constructing transducer for unsafe property: 9[µs]
Time needed for constructing transducer for (initial, unsafe) pairs: 41[µs]
Time needed for constructing transducer for complement of (initial, unsafe) pairs: 5[µs]
Time needed for building union of complements of preach and (initial, unsafe)-transducer: 1549[µs]
Time needed for checking universality using antichains-inclusion algorithm: 2393[µs]
Time needed for checking abstract safety: 4375[µs]
...done.
Result: [1]
This means that the following properties could be separated from the initial configurations:
	[deadlock]
While the following properties could not be separated from the initial configurations:
	[]

real	0m0,906s
user	0m0,774s
sys	0m0,116s
********************
/home/jakob/Documents/abstracton/benchmarks/dodo/dragon.json
s
deadlock
systemd-run --user --scope -p MemoryMax=32G -p MemorySwapMax=7G timeout 1200 /home/jakob/Documents/abstracton/benchmarks/../build_release/benchmarks/solve_dodo -i s -p deadlock /home/jakob/Documents/abstracton/benchmarks/dodo/dragon.json --measure-time --no-dot-printing --universality-alg antichains-inclusion --ind-alg project
Running as unit: run-p2090374-i2090648.scope; invocation ID: de858360deec4b0cb47839a3a781b3bb
Time needed for parsing json file: 4699[µs]
alphabet size: 5
using Siphon interpretation
Time needed for constructing Siphon interpretation transducer: 505[µs]
computing ind...
Time needed for computing composition v_delta of abstraction framework and transition relation: 11378[µs]
Time needed for reducing V o ->: 10940[µs]
Time needed for computing complement v_complement of abstraction framework: 146[µs]
Time needed for minimizing complement(V): 158[µs]
Time needed for computing intersection 'preprojection' of v_delta and v_complement: 319[µs]
Time needed for computing complement of ind (i.e. projecting preprojection onto first tape): 3146[µs]
Time needed for minimizing projection: 473928[µs]
Time needed for computing ind: 72[µs]
Time needed for minimizing ind: 57[µs]
Time needed for computing ind (total): 500438[µs]
automaton for ind has 5 states.
...done.
computing complement of preach...
Time needed for constructing identity on ind: 49[µs]
Time needed for computing product v_id of abstraction framework with identity on ind: 450[µs]
Time needed for computing product of v_id with complement of abstraction framework: 122[µs]
Time needed for computing complement of preach: 804[µs]
automaton for complement of preach has 13 states.
...of which, 2 states are at level 0.
Time needed for trimming complement of preach: 2[µs]
...done.
trying to prove abstract safety...
Time needed for constructing transducer for unsafe property: 6[µs]
Time needed for constructing transducer for (initial, unsafe) pairs: 30[µs]
Time needed for constructing transducer for complement of (initial, unsafe) pairs: 4[µs]
Time needed for building union of complements of preach and (initial, unsafe)-transducer: 7[µs]
Time needed for checking universality using antichains-inclusion algorithm: 25[µs]
Time needed for checking abstract safety: 97[µs]
...done.
Result: [1]
This means that the following properties could be separated from the initial configurations:
	[deadlock]
While the following properties could not be separated from the initial configurations:
	[]

real	0m0,538s
user	0m0,467s
sys	0m0,063s
********************
/home/jakob/Documents/abstracton/benchmarks/dodo/dragon.json
f
deadlock
systemd-run --user --scope -p MemoryMax=32G -p MemorySwapMax=7G timeout 1200 /home/jakob/Documents/abstracton/benchmarks/../build_release/benchmarks/solve_dodo -i f -p deadlock /home/jakob/Documents/abstracton/benchmarks/dodo/dragon.json --measure-time --no-dot-printing --universality-alg antichains-inclusion --ind-alg project
Running as unit: run-p2090376-i2090649.scope; invocation ID: 6b62178813ec45cfbe910d9476080195
Time needed for parsing json file: 4741[µs]
alphabet size: 5
using Flow interpretation
Time needed for constructing Flow interpretation transducer: 955[µs]
computing ind...
Time needed for computing composition v_delta of abstraction framework and transition relation: 24972[µs]
Time needed for reducing V o ->: 22332[µs]
Time needed for computing complement v_complement of abstraction framework: 198[µs]
Time needed for minimizing complement(V): 196[µs]
Time needed for computing intersection 'preprojection' of v_delta and v_complement: 753[µs]
Time needed for computing complement of ind (i.e. projecting preprojection onto first tape): 11897[µs]
Time needed for minimizing projection: 48153052[µs]
Time needed for computing ind: 186[µs]
Time needed for minimizing ind: 81[µs]
Time needed for computing ind (total): 48220794[µs]
automaton for ind has 7 states.
...done.
computing complement of preach...
Time needed for constructing identity on ind: 55[µs]
Time needed for computing product v_id of abstraction framework with identity on ind: 1301[µs]
Time needed for computing product of v_id with complement of abstraction framework: 212[µs]
Time needed for computing complement of preach: 1896[µs]
automaton for complement of preach has 13 states.
...of which, 2 states are at level 0.
Time needed for trimming complement of preach: 2[µs]
...done.
trying to prove abstract safety...
Time needed for constructing transducer for unsafe property: 6[µs]
Time needed for constructing transducer for (initial, unsafe) pairs: 31[µs]
Time needed for constructing transducer for complement of (initial, unsafe) pairs: 4[µs]
Time needed for building union of complements of preach and (initial, unsafe)-transducer: 8[µs]
Time needed for checking universality using antichains-inclusion algorithm: 23[µs]
Time needed for checking abstract safety: 98[µs]
...done.
Result: [1]
This means that the following properties could be separated from the initial configurations:
	[deadlock]
While the following properties could not be separated from the initial configurations:
	[]

real	0m48,410s
user	0m47,085s
sys	0m1,300s
********************
48 of 61
/home/jakob/Documents/abstracton/benchmarks/dodo/firefly.json
t
dirtydirty
systemd-run --user --scope -p MemoryMax=32G -p MemorySwapMax=7G timeout 1200 /home/jakob/Documents/abstracton/benchmarks/../build_release/benchmarks/solve_dodo -i t -p dirtydirty /home/jakob/Documents/abstracton/benchmarks/dodo/firefly.json --measure-time --no-dot-printing --universality-alg antichains-inclusion --ind-alg project
Running as unit: run-p2090506-i2098887.scope; invocation ID: 9111a8cad1d64b4b88a145cb76fe792d
Time needed for parsing json file: 3047[µs]
alphabet size: 4
using Trap interpretation
Time needed for constructing Trap interpretation transducer: 559[µs]
computing ind...
Time needed for computing composition v_delta of abstraction framework and transition relation: 7847[µs]
Time needed for reducing V o ->: 6759[µs]
Time needed for computing complement v_complement of abstraction framework: 114[µs]
Time needed for minimizing complement(V): 78[µs]
Time needed for computing intersection 'preprojection' of v_delta and v_complement: 177[µs]
Time needed for computing complement of ind (i.e. projecting preprojection onto first tape): 1015[µs]
Time needed for minimizing projection: 25348[µs]
Time needed for computing ind: 37[µs]
Time needed for minimizing ind: 37[µs]
Time needed for computing ind (total): 41597[µs]
automaton for ind has 6 states.
...done.
computing complement of preach...
Time needed for constructing identity on ind: 22[µs]
Time needed for computing product v_id of abstraction framework with identity on ind: 539[µs]
Time needed for computing product of v_id with complement of abstraction framework: 2458[µs]
Time needed for computing complement of preach: 3178[µs]
automaton for complement of preach has 57 states.
...of which, 5 states are at level 0.
Time needed for trimming complement of preach: 14[µs]
...done.
trying to prove abstract safety...
Time needed for constructing transducer for unsafe property: 1[µs]
Time needed for constructing transducer for (initial, unsafe) pairs: 15[µs]
Time needed for constructing transducer for complement of (initial, unsafe) pairs: 26[µs]
Time needed for building union of complements of preach and (initial, unsafe)-transducer: 24[µs]
Time needed for checking universality using antichains-inclusion algorithm: 54[µs]
Time needed for checking abstract safety: 143[µs]
...done.
Result: [0]
This means that the following properties could be separated from the initial configurations:
	[]
While the following properties could not be separated from the initial configurations:
	[dirtydirty]

real	0m0,085s
user	0m0,051s
sys	0m0,013s
********************
/home/jakob/Documents/abstracton/benchmarks/dodo/firefly.json
s
dirtydirty
systemd-run --user --scope -p MemoryMax=32G -p MemorySwapMax=7G timeout 1200 /home/jakob/Documents/abstracton/benchmarks/../build_release/benchmarks/solve_dodo -i s -p dirtydirty /home/jakob/Documents/abstracton/benchmarks/dodo/firefly.json --measure-time --no-dot-printing --universality-alg antichains-inclusion --ind-alg project
Running as unit: run-p2090508-i2098888.scope; invocation ID: 60e4b68f89344f90a9fd8d6f433833cc
Time needed for parsing json file: 3034[µs]
alphabet size: 4
using Siphon interpretation
Time needed for constructing Siphon interpretation transducer: 279[µs]
computing ind...
Time needed for computing composition v_delta of abstraction framework and transition relation: 5126[µs]
Time needed for reducing V o ->: 6939[µs]
Time needed for computing complement v_complement of abstraction framework: 111[µs]
Time needed for minimizing complement(V): 112[µs]
Time needed for computing intersection 'preprojection' of v_delta and v_complement: 232[µs]
Time needed for computing complement of ind (i.e. projecting preprojection onto first tape): 1343[µs]
Time needed for minimizing projection: 41041[µs]
Time needed for computing ind: 39[µs]
Time needed for minimizing ind: 32[µs]
Time needed for computing ind (total): 55198[µs]
automaton for ind has 5 states.
...done.
computing complement of preach...
Time needed for constructing identity on ind: 20[µs]
Time needed for computing product v_id of abstraction framework with identity on ind: 204[µs]
Time needed for computing product of v_id with complement of abstraction framework: 66[µs]
Time needed for computing complement of preach: 368[µs]
automaton for complement of preach has 5 states.
...of which, 2 states are at level 0.
Time needed for trimming complement of preach: 1[µs]
...done.
trying to prove abstract safety...
Time needed for constructing transducer for unsafe property: 1[µs]
Time needed for constructing transducer for (initial, unsafe) pairs: 13[µs]
Time needed for constructing transducer for complement of (initial, unsafe) pairs: 22[µs]
Time needed for building union of complements of preach and (initial, unsafe)-transducer: 9[µs]
Time needed for checking universality using antichains-inclusion algorithm: 29[µs]
Time needed for checking abstract safety: 93[µs]
...done.
Result: [0]
This means that the following properties could be separated from the initial configurations:
	[]
While the following properties could not be separated from the initial configurations:
	[dirtydirty]

real	0m0,092s
user	0m0,054s
sys	0m0,022s
********************
/home/jakob/Documents/abstracton/benchmarks/dodo/firefly.json
f
dirtydirty
systemd-run --user --scope -p MemoryMax=32G -p MemorySwapMax=7G timeout 1200 /home/jakob/Documents/abstracton/benchmarks/../build_release/benchmarks/solve_dodo -i f -p dirtydirty /home/jakob/Documents/abstracton/benchmarks/dodo/firefly.json --measure-time --no-dot-printing --universality-alg antichains-inclusion --ind-alg project
Running as unit: run-p2090510-i2090652.scope; invocation ID: 75c46cb7157a4b94bbc375c3b9d4232f
Time needed for parsing json file: 1851[µs]
alphabet size: 4
using Flow interpretation
Time needed for constructing Flow interpretation transducer: 325[µs]
computing ind...
Time needed for computing composition v_delta of abstraction framework and transition relation: 8256[µs]
Time needed for reducing V o ->: 12039[µs]
Time needed for computing complement v_complement of abstraction framework: 120[µs]
Time needed for minimizing complement(V): 116[µs]
Time needed for computing intersection 'preprojection' of v_delta and v_complement: 361[µs]
Time needed for computing complement of ind (i.e. projecting preprojection onto first tape): 2458[µs]
Time needed for minimizing projection: 705212[µs]
Time needed for computing ind: 71[µs]
Time needed for minimizing ind: 44[µs]
Time needed for computing ind (total): 729025[µs]
automaton for ind has 7 states.
...done.
computing complement of preach...
Time needed for constructing identity on ind: 27[µs]
Time needed for computing product v_id of abstraction framework with identity on ind: 472[µs]
Time needed for computing product of v_id with complement of abstraction framework: 117[µs]
Time needed for computing complement of preach: 762[µs]
automaton for complement of preach has 5 states.
...of which, 2 states are at level 0.
Time needed for trimming complement of preach: 1[µs]
...done.
trying to prove abstract safety...
Time needed for constructing transducer for unsafe property: 4[µs]
Time needed for constructing transducer for (initial, unsafe) pairs: 13[µs]
Time needed for constructing transducer for complement of (initial, unsafe) pairs: 23[µs]
Time needed for building union of complements of preach and (initial, unsafe)-transducer: 10[µs]
Time needed for checking universality using antichains-inclusion algorithm: 29[µs]
Time needed for checking abstract safety: 108[µs]
...done.
Result: [0]
This means that the following properties could be separated from the initial configurations:
	[]
While the following properties could not be separated from the initial configurations:
	[dirtydirty]

real	0m0,765s
user	0m0,700s
sys	0m0,051s
********************
49 of 61
/home/jakob/Documents/abstracton/benchmarks/dodo/firefly.json
t
exclusiveexclusive
systemd-run --user --scope -p MemoryMax=32G -p MemorySwapMax=7G timeout 1200 /home/jakob/Documents/abstracton/benchmarks/../build_release/benchmarks/solve_dodo -i t -p exclusiveexclusive /home/jakob/Documents/abstracton/benchmarks/dodo/firefly.json --measure-time --no-dot-printing --universality-alg antichains-inclusion --ind-alg project
Running as unit: run-p2090522-i2090655.scope; invocation ID: c350193eae8a49bdbeb7336fc6c31887
Time needed for parsing json file: 3007[µs]
alphabet size: 4
using Trap interpretation
Time needed for constructing Trap interpretation transducer: 571[µs]
computing ind...
Time needed for computing composition v_delta of abstraction framework and transition relation: 9067[µs]
Time needed for reducing V o ->: 6513[µs]
Time needed for computing complement v_complement of abstraction framework: 138[µs]
Time needed for minimizing complement(V): 95[µs]
Time needed for computing intersection 'preprojection' of v_delta and v_complement: 214[µs]
Time needed for computing complement of ind (i.e. projecting preprojection onto first tape): 1231[µs]
Time needed for minimizing projection: 25624[µs]
Time needed for computing ind: 39[µs]
Time needed for minimizing ind: 36[µs]
Time needed for computing ind (total): 43152[µs]
automaton for ind has 6 states.
...done.
computing complement of preach...
Time needed for constructing identity on ind: 22[µs]
Time needed for computing product v_id of abstraction framework with identity on ind: 541[µs]
Time needed for computing product of v_id with complement of abstraction framework: 2510[µs]
Time needed for computing complement of preach: 3235[µs]
automaton for complement of preach has 57 states.
...of which, 5 states are at level 0.
Time needed for trimming complement of preach: 13[µs]
...done.
trying to prove abstract safety...
Time needed for constructing transducer for unsafe property: 1[µs]
Time needed for constructing transducer for (initial, unsafe) pairs: 17[µs]
Time needed for constructing transducer for complement of (initial, unsafe) pairs: 26[µs]
Time needed for building union of complements of preach and (initial, unsafe)-transducer: 24[µs]
Time needed for checking universality using antichains-inclusion algorithm: 55[µs]
Time needed for checking abstract safety: 146[µs]
...done.
Result: [0]
This means that the following properties could be separated from the initial configurations:
	[]
While the following properties could not be separated from the initial configurations:
	[exclusiveexclusive]

real	0m0,096s
user	0m0,053s
sys	0m0,017s
********************
/home/jakob/Documents/abstracton/benchmarks/dodo/firefly.json
s
exclusiveexclusive
systemd-run --user --scope -p MemoryMax=32G -p MemorySwapMax=7G timeout 1200 /home/jakob/Documents/abstracton/benchmarks/../build_release/benchmarks/solve_dodo -i s -p exclusiveexclusive /home/jakob/Documents/abstracton/benchmarks/dodo/firefly.json --measure-time --no-dot-printing --universality-alg antichains-inclusion --ind-alg project
Running as unit: run-p2090524-i2098895.scope; invocation ID: bfb9e8241e444969a92f4b14b444565f
Time needed for parsing json file: 3053[µs]
alphabet size: 4
using Siphon interpretation
Time needed for constructing Siphon interpretation transducer: 281[µs]
computing ind...
Time needed for computing composition v_delta of abstraction framework and transition relation: 4981[µs]
Time needed for reducing V o ->: 5249[µs]
Time needed for computing complement v_complement of abstraction framework: 107[µs]
Time needed for minimizing complement(V): 117[µs]
Time needed for computing intersection 'preprojection' of v_delta and v_complement: 245[µs]
Time needed for computing complement of ind (i.e. projecting preprojection onto first tape): 1416[µs]
Time needed for minimizing projection: 39432[µs]
Time needed for computing ind: 36[µs]
Time needed for minimizing ind: 31[µs]
Time needed for computing ind (total): 51829[µs]
automaton for ind has 5 states.
...done.
computing complement of preach...
Time needed for constructing identity on ind: 20[µs]
Time needed for computing product v_id of abstraction framework with identity on ind: 203[µs]
Time needed for computing product of v_id with complement of abstraction framework: 75[µs]
Time needed for computing complement of preach: 379[µs]
automaton for complement of preach has 5 states.
...of which, 2 states are at level 0.
Time needed for trimming complement of preach: 1[µs]
...done.
trying to prove abstract safety...
Time needed for constructing transducer for unsafe property: 1[µs]
Time needed for constructing transducer for (initial, unsafe) pairs: 13[µs]
Time needed for constructing transducer for complement of (initial, unsafe) pairs: 22[µs]
Time needed for building union of complements of preach and (initial, unsafe)-transducer: 9[µs]
Time needed for checking universality using antichains-inclusion algorithm: 28[µs]
Time needed for checking abstract safety: 93[µs]
...done.
Result: [0]
This means that the following properties could be separated from the initial configurations:
	[]
While the following properties could not be separated from the initial configurations:
	[exclusiveexclusive]

real	0m0,091s
user	0m0,056s
sys	0m0,020s
********************
/home/jakob/Documents/abstracton/benchmarks/dodo/firefly.json
f
exclusiveexclusive
systemd-run --user --scope -p MemoryMax=32G -p MemorySwapMax=7G timeout 1200 /home/jakob/Documents/abstracton/benchmarks/../build_release/benchmarks/solve_dodo -i f -p exclusiveexclusive /home/jakob/Documents/abstracton/benchmarks/dodo/firefly.json --measure-time --no-dot-printing --universality-alg antichains-inclusion --ind-alg project
Running as unit: run-p2090526-i2098896.scope; invocation ID: 210acf7587e44e2ebc16d857cd1b70eb
Time needed for parsing json file: 3183[µs]
alphabet size: 4
using Flow interpretation
Time needed for constructing Flow interpretation transducer: 540[µs]
computing ind...
Time needed for computing composition v_delta of abstraction framework and transition relation: 11744[µs]
Time needed for reducing V o ->: 14490[µs]
Time needed for computing complement v_complement of abstraction framework: 132[µs]
Time needed for minimizing complement(V): 130[µs]
Time needed for computing intersection 'preprojection' of v_delta and v_complement: 407[µs]
Time needed for computing complement of ind (i.e. projecting preprojection onto first tape): 2889[µs]
Time needed for minimizing projection: 692453[µs]
Time needed for computing ind: 72[µs]
Time needed for minimizing ind: 45[µs]
Time needed for computing ind (total): 722707[µs]
automaton for ind has 7 states.
...done.
computing complement of preach...
Time needed for constructing identity on ind: 27[µs]
Time needed for computing product v_id of abstraction framework with identity on ind: 482[µs]
Time needed for computing product of v_id with complement of abstraction framework: 117[µs]
Time needed for computing complement of preach: 776[µs]
automaton for complement of preach has 5 states.
...of which, 2 states are at level 0.
Time needed for trimming complement of preach: 1[µs]
...done.
trying to prove abstract safety...
Time needed for constructing transducer for unsafe property: 4[µs]
Time needed for constructing transducer for (initial, unsafe) pairs: 13[µs]
Time needed for constructing transducer for complement of (initial, unsafe) pairs: 23[µs]
Time needed for building union of complements of preach and (initial, unsafe)-transducer: 9[µs]
Time needed for checking universality using antichains-inclusion algorithm: 30[µs]
Time needed for checking abstract safety: 109[µs]
...done.
Result: [0]
This means that the following properties could be separated from the initial configurations:
	[]
While the following properties could not be separated from the initial configurations:
	[exclusiveexclusive]

real	0m0,770s
user	0m0,695s
sys	0m0,056s
********************
50 of 61
/home/jakob/Documents/abstracton/benchmarks/dodo/firefly.json
t
dirtyshared
systemd-run --user --scope -p MemoryMax=32G -p MemorySwapMax=7G timeout 1200 /home/jakob/Documents/abstracton/benchmarks/../build_release/benchmarks/solve_dodo -i t -p dirtyshared /home/jakob/Documents/abstracton/benchmarks/dodo/firefly.json --measure-time --no-dot-printing --universality-alg antichains-inclusion --ind-alg project
Running as unit: run-p2090534-i2098899.scope; invocation ID: 9742f3a349754493baba25a256581a3e
Time needed for parsing json file: 2557[µs]
alphabet size: 4
using Trap interpretation
Time needed for constructing Trap interpretation transducer: 588[µs]
computing ind...
Time needed for computing composition v_delta of abstraction framework and transition relation: 9096[µs]
Time needed for reducing V o ->: 6231[µs]
Time needed for computing complement v_complement of abstraction framework: 150[µs]
Time needed for minimizing complement(V): 96[µs]
Time needed for computing intersection 'preprojection' of v_delta and v_complement: 214[µs]
Time needed for computing complement of ind (i.e. projecting preprojection onto first tape): 1223[µs]
Time needed for minimizing projection: 25237[µs]
Time needed for computing ind: 36[µs]
Time needed for minimizing ind: 37[µs]
Time needed for computing ind (total): 42505[µs]
automaton for ind has 6 states.
...done.
computing complement of preach...
Time needed for constructing identity on ind: 22[µs]
Time needed for computing product v_id of abstraction framework with identity on ind: 531[µs]
Time needed for computing product of v_id with complement of abstraction framework: 2487[µs]
Time needed for computing complement of preach: 3192[µs]
automaton for complement of preach has 57 states.
...of which, 5 states are at level 0.
Time needed for trimming complement of preach: 14[µs]
...done.
trying to prove abstract safety...
Time needed for constructing transducer for unsafe property: 1[µs]
Time needed for constructing transducer for (initial, unsafe) pairs: 20[µs]
Time needed for constructing transducer for complement of (initial, unsafe) pairs: 32[µs]
Time needed for building union of complements of preach and (initial, unsafe)-transducer: 25[µs]
Time needed for checking universality using antichains-inclusion algorithm: 56[µs]
Time needed for checking abstract safety: 157[µs]
...done.
Result: [0]
This means that the following properties could be separated from the initial configurations:
	[]
While the following properties could not be separated from the initial configurations:
	[dirtyshared]

real	0m0,083s
user	0m0,051s
sys	0m0,017s
********************
/home/jakob/Documents/abstracton/benchmarks/dodo/firefly.json
s
dirtyshared
systemd-run --user --scope -p MemoryMax=32G -p MemorySwapMax=7G timeout 1200 /home/jakob/Documents/abstracton/benchmarks/../build_release/benchmarks/solve_dodo -i s -p dirtyshared /home/jakob/Documents/abstracton/benchmarks/dodo/firefly.json --measure-time --no-dot-printing --universality-alg antichains-inclusion --ind-alg project
Running as unit: run-p2090536-i2098900.scope; invocation ID: 35c3839ff39c4847ae82ee3c0a5c8f0a
Time needed for parsing json file: 3009[µs]
alphabet size: 4
using Siphon interpretation
Time needed for constructing Siphon interpretation transducer: 288[µs]
computing ind...
Time needed for computing composition v_delta of abstraction framework and transition relation: 5254[µs]
Time needed for reducing V o ->: 6447[µs]
Time needed for computing complement v_complement of abstraction framework: 101[µs]
Time needed for minimizing complement(V): 111[µs]
Time needed for computing intersection 'preprojection' of v_delta and v_complement: 245[µs]
Time needed for computing complement of ind (i.e. projecting preprojection onto first tape): 1349[µs]
Time needed for minimizing projection: 40286[µs]
Time needed for computing ind: 48[µs]
Time needed for minimizing ind: 32[µs]
Time needed for computing ind (total): 54102[µs]
automaton for ind has 5 states.
...done.
computing complement of preach...
Time needed for constructing identity on ind: 29[µs]
Time needed for computing product v_id of abstraction framework with identity on ind: 203[µs]
Time needed for computing product of v_id with complement of abstraction framework: 66[µs]
Time needed for computing complement of preach: 378[µs]
automaton for complement of preach has 5 states.
...of which, 2 states are at level 0.
Time needed for trimming complement of preach: 1[µs]
...done.
trying to prove abstract safety...
Time needed for constructing transducer for unsafe property: 2[µs]
Time needed for constructing transducer for (initial, unsafe) pairs: 15[µs]
Time needed for constructing transducer for complement of (initial, unsafe) pairs: 27[µs]
Time needed for building union of complements of preach and (initial, unsafe)-transducer: 11[µs]
Time needed for checking universality using antichains-inclusion algorithm: 24[µs]
Time needed for checking abstract safety: 99[µs]
...done.
Result: [0]
This means that the following properties could be separated from the initial configurations:
	[]
While the following properties could not be separated from the initial configurations:
	[dirtyshared]

real	0m0,088s
user	0m0,053s
sys	0m0,019s
********************
/home/jakob/Documents/abstracton/benchmarks/dodo/firefly.json
f
dirtyshared
systemd-run --user --scope -p MemoryMax=32G -p MemorySwapMax=7G timeout 1200 /home/jakob/Documents/abstracton/benchmarks/../build_release/benchmarks/solve_dodo -i f -p dirtyshared /home/jakob/Documents/abstracton/benchmarks/dodo/firefly.json --measure-time --no-dot-printing --universality-alg antichains-inclusion --ind-alg project
Running as unit: run-p2090538-i2098901.scope; invocation ID: 91e5b92dc4c04097a56d4c2d4eadc0ef
Time needed for parsing json file: 3059[µs]
alphabet size: 4
using Flow interpretation
Time needed for constructing Flow interpretation transducer: 539[µs]
computing ind...
Time needed for computing composition v_delta of abstraction framework and transition relation: 10232[µs]
Time needed for reducing V o ->: 13644[µs]
Time needed for computing complement v_complement of abstraction framework: 137[µs]
Time needed for minimizing complement(V): 136[µs]
Time needed for computing intersection 'preprojection' of v_delta and v_complement: 421[µs]
Time needed for computing complement of ind (i.e. projecting preprojection onto first tape): 2268[µs]
Time needed for minimizing projection: 696024[µs]
Time needed for computing ind: 71[µs]
Time needed for minimizing ind: 44[µs]
Time needed for computing ind (total): 723317[µs]
automaton for ind has 7 states.
...done.
computing complement of preach...
Time needed for constructing identity on ind: 28[µs]
Time needed for computing product v_id of abstraction framework with identity on ind: 477[µs]
Time needed for computing product of v_id with complement of abstraction framework: 117[µs]
Time needed for computing complement of preach: 772[µs]
automaton for complement of preach has 5 states.
...of which, 2 states are at level 0.
Time needed for trimming complement of preach: 1[µs]
...done.
trying to prove abstract safety...
Time needed for constructing transducer for unsafe property: 5[µs]
Time needed for constructing transducer for (initial, unsafe) pairs: 15[µs]
Time needed for constructing transducer for complement of (initial, unsafe) pairs: 28[µs]
Time needed for building union of complements of preach and (initial, unsafe)-transducer: 10[µs]
Time needed for checking universality using antichains-inclusion algorithm: 31[µs]
Time needed for checking abstract safety: 109[µs]
...done.
Result: [0]
This means that the following properties could be separated from the initial configurations:
	[]
While the following properties could not be separated from the initial configurations:
	[dirtyshared]

real	0m0,768s
user	0m0,696s
sys	0m0,055s
********************
51 of 61
/home/jakob/Documents/abstracton/benchmarks/dodo/firefly.json
t
dirtyexclusive
systemd-run --user --scope -p MemoryMax=32G -p MemorySwapMax=7G timeout 1200 /home/jakob/Documents/abstracton/benchmarks/../build_release/benchmarks/solve_dodo -i t -p dirtyexclusive /home/jakob/Documents/abstracton/benchmarks/dodo/firefly.json --measure-time --no-dot-printing --universality-alg antichains-inclusion --ind-alg project
Running as unit: run-p2090550-i2090658.scope; invocation ID: 6e7ae7ae431149e680b2e70d7a310d01
Time needed for parsing json file: 3075[µs]
alphabet size: 4
using Trap interpretation
Time needed for constructing Trap interpretation transducer: 566[µs]
computing ind...
Time needed for computing composition v_delta of abstraction framework and transition relation: 8668[µs]
Time needed for reducing V o ->: 6684[µs]
Time needed for computing complement v_complement of abstraction framework: 132[µs]
Time needed for minimizing complement(V): 91[µs]
Time needed for computing intersection 'preprojection' of v_delta and v_complement: 205[µs]
Time needed for computing complement of ind (i.e. projecting preprojection onto first tape): 1161[µs]
Time needed for minimizing projection: 26059[µs]
Time needed for computing ind: 40[µs]
Time needed for minimizing ind: 39[µs]
Time needed for computing ind (total): 43274[µs]
automaton for ind has 6 states.
...done.
computing complement of preach...
Time needed for constructing identity on ind: 33[µs]
Time needed for computing product v_id of abstraction framework with identity on ind: 551[µs]
Time needed for computing product of v_id with complement of abstraction framework: 2516[µs]
Time needed for computing complement of preach: 3260[µs]
automaton for complement of preach has 57 states.
...of which, 5 states are at level 0.
Time needed for trimming complement of preach: 14[µs]
...done.
trying to prove abstract safety...
Time needed for constructing transducer for unsafe property: 1[µs]
Time needed for constructing transducer for (initial, unsafe) pairs: 20[µs]
Time needed for constructing transducer for complement of (initial, unsafe) pairs: 33[µs]
Time needed for building union of complements of preach and (initial, unsafe)-transducer: 25[µs]
Time needed for checking universality using antichains-inclusion algorithm: 56[µs]
Time needed for checking abstract safety: 159[µs]
...done.
Result: [0]
This means that the following properties could be separated from the initial configurations:
	[]
While the following properties could not be separated from the initial configurations:
	[dirtyexclusive]

real	0m0,093s
user	0m0,051s
sys	0m0,017s
********************
/home/jakob/Documents/abstracton/benchmarks/dodo/firefly.json
s
dirtyexclusive
systemd-run --user --scope -p MemoryMax=32G -p MemorySwapMax=7G timeout 1200 /home/jakob/Documents/abstracton/benchmarks/../build_release/benchmarks/solve_dodo -i s -p dirtyexclusive /home/jakob/Documents/abstracton/benchmarks/dodo/firefly.json --measure-time --no-dot-printing --universality-alg antichains-inclusion --ind-alg project
Running as unit: run-p2090552-i2090659.scope; invocation ID: 44f357bbfdf44e31abbb319ea291ec6e
Time needed for parsing json file: 3019[µs]
alphabet size: 4
using Siphon interpretation
Time needed for constructing Siphon interpretation transducer: 288[µs]
computing ind...
Time needed for computing composition v_delta of abstraction framework and transition relation: 4535[µs]
Time needed for reducing V o ->: 5697[µs]
Time needed for computing complement v_complement of abstraction framework: 129[µs]
Time needed for minimizing complement(V): 132[µs]
Time needed for computing intersection 'preprojection' of v_delta and v_complement: 274[µs]
Time needed for computing complement of ind (i.e. projecting preprojection onto first tape): 1598[µs]
Time needed for minimizing projection: 39910[µs]
Time needed for computing ind: 39[µs]
Time needed for minimizing ind: 34[µs]
Time needed for computing ind (total): 52573[µs]
automaton for ind has 5 states.
...done.
computing complement of preach...
Time needed for constructing identity on ind: 21[µs]
Time needed for computing product v_id of abstraction framework with identity on ind: 214[µs]
Time needed for computing product of v_id with complement of abstraction framework: 70[µs]
Time needed for computing complement of preach: 385[µs]
automaton for complement of preach has 5 states.
...of which, 2 states are at level 0.
Time needed for trimming complement of preach: 1[µs]
...done.
trying to prove abstract safety...
Time needed for constructing transducer for unsafe property: 2[µs]
Time needed for constructing transducer for (initial, unsafe) pairs: 16[µs]
Time needed for constructing transducer for complement of (initial, unsafe) pairs: 28[µs]
Time needed for building union of complements of preach and (initial, unsafe)-transducer: 11[µs]
Time needed for checking universality using antichains-inclusion algorithm: 34[µs]
Time needed for checking abstract safety: 113[µs]
...done.
Result: [0]
This means that the following properties could be separated from the initial configurations:
	[]
While the following properties could not be separated from the initial configurations:
	[dirtyexclusive]

real	0m0,094s
user	0m0,060s
sys	0m0,014s
********************
/home/jakob/Documents/abstracton/benchmarks/dodo/firefly.json
f
dirtyexclusive
systemd-run --user --scope -p MemoryMax=32G -p MemorySwapMax=7G timeout 1200 /home/jakob/Documents/abstracton/benchmarks/../build_release/benchmarks/solve_dodo -i f -p dirtyexclusive /home/jakob/Documents/abstracton/benchmarks/dodo/firefly.json --measure-time --no-dot-printing --universality-alg antichains-inclusion --ind-alg project
Running as unit: run-p2090554-i2090660.scope; invocation ID: f364b85e1ef5463db02ecdbbde8b99a6
Time needed for parsing json file: 2431[µs]
alphabet size: 4
using Flow interpretation
Time needed for constructing Flow interpretation transducer: 468[µs]
computing ind...
Time needed for computing composition v_delta of abstraction framework and transition relation: 11594[µs]
Time needed for reducing V o ->: 14228[µs]
Time needed for computing complement v_complement of abstraction framework: 133[µs]
Time needed for minimizing complement(V): 138[µs]
Time needed for computing intersection 'preprojection' of v_delta and v_complement: 402[µs]
Time needed for computing complement of ind (i.e. projecting preprojection onto first tape): 2927[µs]
Time needed for minimizing projection: 700272[µs]
Time needed for computing ind: 69[µs]
Time needed for minimizing ind: 44[µs]
Time needed for computing ind (total): 730165[µs]
automaton for ind has 7 states.
...done.
computing complement of preach...
Time needed for constructing identity on ind: 27[µs]
Time needed for computing product v_id of abstraction framework with identity on ind: 470[µs]
Time needed for computing product of v_id with complement of abstraction framework: 117[µs]
Time needed for computing complement of preach: 757[µs]
automaton for complement of preach has 5 states.
...of which, 2 states are at level 0.
Time needed for trimming complement of preach: 1[µs]
...done.
trying to prove abstract safety...
Time needed for constructing transducer for unsafe property: 4[µs]
Time needed for constructing transducer for (initial, unsafe) pairs: 15[µs]
Time needed for constructing transducer for complement of (initial, unsafe) pairs: 27[µs]
Time needed for building union of complements of preach and (initial, unsafe)-transducer: 10[µs]
Time needed for checking universality using antichains-inclusion algorithm: 35[µs]
Time needed for checking abstract safety: 113[µs]
...done.
Result: [0]
This means that the following properties could be separated from the initial configurations:
	[]
While the following properties could not be separated from the initial configurations:
	[dirtyexclusive]

real	0m0,774s
user	0m0,706s
sys	0m0,051s
********************
52 of 61
/home/jakob/Documents/abstracton/benchmarks/dodo/firefly.json
t
deadlock
systemd-run --user --scope -p MemoryMax=32G -p MemorySwapMax=7G timeout 1200 /home/jakob/Documents/abstracton/benchmarks/../build_release/benchmarks/solve_dodo -i t -p deadlock /home/jakob/Documents/abstracton/benchmarks/dodo/firefly.json --measure-time --no-dot-printing --universality-alg antichains-inclusion --ind-alg project
Running as unit: run-p2090564-i2098905.scope; invocation ID: 21d530dbd029486293c96a72b9c0685c
Time needed for parsing json file: 3016[µs]
alphabet size: 4
using Trap interpretation
Time needed for constructing Trap interpretation transducer: 559[µs]
computing ind...
Time needed for computing composition v_delta of abstraction framework and transition relation: 7933[µs]
Time needed for reducing V o ->: 6709[µs]
Time needed for computing complement v_complement of abstraction framework: 124[µs]
Time needed for minimizing complement(V): 85[µs]
Time needed for computing intersection 'preprojection' of v_delta and v_complement: 212[µs]
Time needed for computing complement of ind (i.e. projecting preprojection onto first tape): 1139[µs]
Time needed for minimizing projection: 25335[µs]
Time needed for computing ind: 35[µs]
Time needed for minimizing ind: 36[µs]
Time needed for computing ind (total): 41790[µs]
automaton for ind has 6 states.
...done.
computing complement of preach...
Time needed for constructing identity on ind: 23[µs]
Time needed for computing product v_id of abstraction framework with identity on ind: 535[µs]
Time needed for computing product of v_id with complement of abstraction framework: 2426[µs]
Time needed for computing complement of preach: 3136[µs]
automaton for complement of preach has 57 states.
...of which, 5 states are at level 0.
Time needed for trimming complement of preach: 14[µs]
...done.
trying to prove abstract safety...
Time needed for constructing transducer for unsafe property: 5[µs]
Time needed for constructing transducer for (initial, unsafe) pairs: 37[µs]
Time needed for constructing transducer for complement of (initial, unsafe) pairs: 3[µs]
Time needed for building union of complements of preach and (initial, unsafe)-transducer: 21[µs]
Time needed for checking universality using antichains-inclusion algorithm: 42[µs]
Time needed for checking abstract safety: 135[µs]
...done.
Result: [1]
This means that the following properties could be separated from the initial configurations:
	[deadlock]
While the following properties could not be separated from the initial configurations:
	[]

real	0m0,078s
user	0m0,047s
sys	0m0,016s
********************
/home/jakob/Documents/abstracton/benchmarks/dodo/firefly.json
s
deadlock
systemd-run --user --scope -p MemoryMax=32G -p MemorySwapMax=7G timeout 1200 /home/jakob/Documents/abstracton/benchmarks/../build_release/benchmarks/solve_dodo -i s -p deadlock /home/jakob/Documents/abstracton/benchmarks/dodo/firefly.json --measure-time --no-dot-printing --universality-alg antichains-inclusion --ind-alg project
Running as unit: run-p2090566-i2098906.scope; invocation ID: d7827ef1cf5c46c5a6c716b3eb70263f
Time needed for parsing json file: 3095[µs]
alphabet size: 4
using Siphon interpretation
Time needed for constructing Siphon interpretation transducer: 302[µs]
computing ind...
Time needed for computing composition v_delta of abstraction framework and transition relation: 5180[µs]
Time needed for reducing V o ->: 6803[µs]
Time needed for computing complement v_complement of abstraction framework: 101[µs]
Time needed for minimizing complement(V): 111[µs]
Time needed for computing intersection 'preprojection' of v_delta and v_complement: 233[µs]
Time needed for computing complement of ind (i.e. projecting preprojection onto first tape): 1331[µs]
Time needed for minimizing projection: 40721[µs]
Time needed for computing ind: 37[µs]
Time needed for minimizing ind: 33[µs]
Time needed for computing ind (total): 54754[µs]
automaton for ind has 5 states.
...done.
computing complement of preach...
Time needed for constructing identity on ind: 20[µs]
Time needed for computing product v_id of abstraction framework with identity on ind: 224[µs]
Time needed for computing product of v_id with complement of abstraction framework: 67[µs]
Time needed for computing complement of preach: 416[µs]
automaton for complement of preach has 5 states.
...of which, 2 states are at level 0.
Time needed for trimming complement of preach: 1[µs]
...done.
trying to prove abstract safety...
Time needed for constructing transducer for unsafe property: 5[µs]
Time needed for constructing transducer for (initial, unsafe) pairs: 26[µs]
Time needed for constructing transducer for complement of (initial, unsafe) pairs: 2[µs]
Time needed for building union of complements of preach and (initial, unsafe)-transducer: 6[µs]
Time needed for checking universality using antichains-inclusion algorithm: 20[µs]
Time needed for checking abstract safety: 82[µs]
...done.
Result: [1]
This means that the following properties could be separated from the initial configurations:
	[deadlock]
While the following properties could not be separated from the initial configurations:
	[]

real	0m0,091s
user	0m0,057s
sys	0m0,015s
********************
/home/jakob/Documents/abstracton/benchmarks/dodo/firefly.json
f
deadlock
systemd-run --user --scope -p MemoryMax=32G -p MemorySwapMax=7G timeout 1200 /home/jakob/Documents/abstracton/benchmarks/../build_release/benchmarks/solve_dodo -i f -p deadlock /home/jakob/Documents/abstracton/benchmarks/dodo/firefly.json --measure-time --no-dot-printing --universality-alg antichains-inclusion --ind-alg project
Running as unit: run-p2090568-i2098907.scope; invocation ID: 655dcfd73a274cd4884b0ac658da1353
Time needed for parsing json file: 3046[µs]
alphabet size: 4
using Flow interpretation
Time needed for constructing Flow interpretation transducer: 535[µs]
computing ind...
Time needed for computing composition v_delta of abstraction framework and transition relation: 10139[µs]
Time needed for reducing V o ->: 13334[µs]
Time needed for computing complement v_complement of abstraction framework: 101[µs]
Time needed for minimizing complement(V): 96[µs]
Time needed for computing intersection 'preprojection' of v_delta and v_complement: 303[µs]
Time needed for computing complement of ind (i.e. projecting preprojection onto first tape): 2293[µs]
Time needed for minimizing projection: 698432[µs]
Time needed for computing ind: 74[µs]
Time needed for minimizing ind: 75[µs]
Time needed for computing ind (total): 728266[µs]
automaton for ind has 7 states.
...done.
computing complement of preach...
Time needed for constructing identity on ind: 39[µs]
Time needed for computing product v_id of abstraction framework with identity on ind: 509[µs]
Time needed for computing product of v_id with complement of abstraction framework: 128[µs]
Time needed for computing complement of preach: 937[µs]
automaton for complement of preach has 5 states.
...of which, 2 states are at level 0.
Time needed for trimming complement of preach: 1[µs]
...done.
trying to prove abstract safety...
Time needed for constructing transducer for unsafe property: 5[µs]
Time needed for constructing transducer for (initial, unsafe) pairs: 27[µs]
Time needed for constructing transducer for complement of (initial, unsafe) pairs: 3[µs]
Time needed for building union of complements of preach and (initial, unsafe)-transducer: 6[µs]
Time needed for checking universality using antichains-inclusion algorithm: 11[µs]
Time needed for checking abstract safety: 77[µs]
...done.
Result: [1]
This means that the following properties could be separated from the initial configurations:
	[deadlock]
While the following properties could not be separated from the initial configurations:
	[]

real	0m0,775s
user	0m0,694s
sys	0m0,059s
********************
53 of 61
/home/jakob/Documents/abstracton/benchmarks/dodo/left-dining-philosophers.json
t
deadlock
systemd-run --user --scope -p MemoryMax=32G -p MemorySwapMax=7G timeout 1200 /home/jakob/Documents/abstracton/benchmarks/../build_release/benchmarks/solve_dodo -i t -p deadlock /home/jakob/Documents/abstracton/benchmarks/dodo/left-dining-philosophers.json --measure-time --no-dot-printing --universality-alg antichains-inclusion --ind-alg project
Running as unit: run-p2090580-i2098910.scope; invocation ID: 5377f2f9c8f441b2a1be903f4cbccaba
Time needed for parsing json file: 2584[µs]
alphabet size: 6
using Trap interpretation
Time needed for constructing Trap interpretation transducer: 3760[µs]
computing ind...
Time needed for computing composition v_delta of abstraction framework and transition relation: 13493[µs]
Time needed for reducing V o ->: 9375[µs]
Time needed for computing complement v_complement of abstraction framework: 273[µs]
Time needed for minimizing complement(V): 223[µs]
Time needed for computing intersection 'preprojection' of v_delta and v_complement: 316[µs]
Time needed for computing complement of ind (i.e. projecting preprojection onto first tape): 6040[µs]
Time needed for minimizing projection: 160463[µs]
Time needed for computing ind: 608[µs]
Time needed for minimizing ind: 692[µs]
Time needed for computing ind (total): 191934[µs]
automaton for ind has 41 states.
...done.
computing complement of preach...
Time needed for constructing identity on ind: 594[µs]
Time needed for computing product v_id of abstraction framework with identity on ind: 59169[µs]
Time needed for computing product of v_id with complement of abstraction framework: 412218[µs]
Time needed for computing complement of preach: 476797[µs]
automaton for complement of preach has 6441 states.
...of which, 76 states are at level 0.
Time needed for trimming complement of preach: 2443[µs]
...done.
trying to prove abstract safety...
Time needed for constructing transducer for unsafe property: 16[µs]
Time needed for constructing transducer for (initial, unsafe) pairs: 105[µs]
Time needed for constructing transducer for complement of (initial, unsafe) pairs: 119[µs]
Time needed for building union of complements of preach and (initial, unsafe)-transducer: 3209[µs]
Time needed for checking universality using antichains-inclusion algorithm: 5395[µs]
Time needed for checking abstract safety: 9646[µs]
...done.
Result: [0]
This means that the following properties could be separated from the initial configurations:
	[]
While the following properties could not be separated from the initial configurations:
	[deadlock]

real	0m0,750s
user	0m0,537s
sys	0m0,197s
********************
/home/jakob/Documents/abstracton/benchmarks/dodo/left-dining-philosophers.json
s
deadlock
systemd-run --user --scope -p MemoryMax=32G -p MemorySwapMax=7G timeout 1200 /home/jakob/Documents/abstracton/benchmarks/../build_release/benchmarks/solve_dodo -i s -p deadlock /home/jakob/Documents/abstracton/benchmarks/dodo/left-dining-philosophers.json --measure-time --no-dot-printing --universality-alg antichains-inclusion --ind-alg project
Running as unit: run-p2090582-i2098911.scope; invocation ID: 68830b8ada854e76a079e971db2fbf00
Time needed for parsing json file: 1594[µs]
alphabet size: 6
using Siphon interpretation
Time needed for constructing Siphon interpretation transducer: 666[µs]
computing ind...
Time needed for computing composition v_delta of abstraction framework and transition relation: 9092[µs]
Time needed for reducing V o ->: 14865[µs]
Time needed for computing complement v_complement of abstraction framework: 224[µs]
Time needed for minimizing complement(V): 282[µs]
Time needed for computing intersection 'preprojection' of v_delta and v_complement: 300[µs]
Time needed for computing complement of ind (i.e. projecting preprojection onto first tape): 5747[µs]
Time needed for minimizing projection: 123925[µs]
Time needed for computing ind: 608[µs]
Time needed for minimizing ind: 698[µs]
Time needed for computing ind (total): 156146[µs]
automaton for ind has 42 states.
...done.
computing complement of preach...
Time needed for constructing identity on ind: 633[µs]
Time needed for computing product v_id of abstraction framework with identity on ind: 15541[µs]
Time needed for computing product of v_id with complement of abstraction framework: 9957[µs]
Time needed for computing complement of preach: 27310[µs]
automaton for complement of preach has 2916 states.
...of which, 78 states are at level 0.
Time needed for trimming complement of preach: 655[µs]
...done.
trying to prove abstract safety...
Time needed for constructing transducer for unsafe property: 12[µs]
Time needed for constructing transducer for (initial, unsafe) pairs: 73[µs]
Time needed for constructing transducer for complement of (initial, unsafe) pairs: 97[µs]
Time needed for building union of complements of preach and (initial, unsafe)-transducer: 1356[µs]
Time needed for checking universality using antichains-inclusion algorithm: 2083[µs]
Time needed for checking abstract safety: 4049[µs]
...done.
Result: [0]
This means that the following properties could be separated from the initial configurations:
	[]
While the following properties could not be separated from the initial configurations:
	[deadlock]

real	0m0,223s
user	0m0,179s
sys	0m0,029s
********************
/home/jakob/Documents/abstracton/benchmarks/dodo/left-dining-philosophers.json
f
deadlock
systemd-run --user --scope -p MemoryMax=32G -p MemorySwapMax=7G timeout 1200 /home/jakob/Documents/abstracton/benchmarks/../build_release/benchmarks/solve_dodo -i f -p deadlock /home/jakob/Documents/abstracton/benchmarks/dodo/left-dining-philosophers.json --measure-time --no-dot-printing --universality-alg antichains-inclusion --ind-alg project
Running as unit: run-p2090584-i2090665.scope; invocation ID: 2667869b6df7403c8ea45c9fddf362ce
Time needed for parsing json file: 2623[µs]
alphabet size: 6
using Flow interpretation
Time needed for constructing Flow interpretation transducer: 3172[µs]
computing ind...
Time needed for computing composition v_delta of abstraction framework and transition relation: 18018[µs]
Time needed for reducing V o ->: 37232[µs]
Time needed for computing complement v_complement of abstraction framework: 400[µs]
Time needed for minimizing complement(V): 420[µs]
Time needed for computing intersection 'preprojection' of v_delta and v_complement: 774[µs]
Time needed for computing complement of ind (i.e. projecting preprojection onto first tape): 17384[µs]
Time needed for minimizing projection: 2339529[µs]
Time needed for computing ind: 1318[µs]
Time needed for minimizing ind: 1245[µs]
Time needed for computing ind (total): 2417180[µs]
automaton for ind has 74 states.
...done.
computing complement of preach...
Time needed for constructing identity on ind: 1103[µs]
Time needed for computing product v_id of abstraction framework with identity on ind: 53985[µs]
Time needed for computing product of v_id with complement of abstraction framework: 26049[µs]
Time needed for computing complement of preach: 83377[µs]
automaton for complement of preach has 6612 states.
...of which, 194 states are at level 0.
Time needed for trimming complement of preach: 2169[µs]
...done.
trying to prove abstract safety...
Time needed for constructing transducer for unsafe property: 18[µs]
Time needed for constructing transducer for (initial, unsafe) pairs: 85[µs]
Time needed for constructing transducer for complement of (initial, unsafe) pairs: 105[µs]
Time needed for building union of complements of preach and (initial, unsafe)-transducer: 3368[µs]
Time needed for checking universality using antichains-inclusion algorithm: 5360[µs]
Time needed for checking abstract safety: 9845[µs]
...done.
Result: [0]
This means that the following properties could be separated from the initial configurations:
	[]
While the following properties could not be separated from the initial configurations:
	[deadlock]

real	0m2,576s
user	0m2,362s
sys	0m0,199s
********************
54 of 61
/home/jakob/Documents/abstracton/benchmarks/dodo/lehmann-rabin.json
t
deadlock
systemd-run --user --scope -p MemoryMax=32G -p MemorySwapMax=7G timeout 1200 /home/jakob/Documents/abstracton/benchmarks/../build_release/benchmarks/solve_dodo -i t -p deadlock /home/jakob/Documents/abstracton/benchmarks/dodo/lehmann-rabin.json --measure-time --no-dot-printing --universality-alg antichains-inclusion --ind-alg project
Running as unit: run-p2090601-i2098914.scope; invocation ID: ad7da753f6fd47d2b5fa1d0452ab502b
Time needed for parsing json file: 2317[µs]
alphabet size: 6
using Trap interpretation
Time needed for constructing Trap interpretation transducer: 4059[µs]
computing ind...
Time needed for computing composition v_delta of abstraction framework and transition relation: 10869[µs]
Time needed for reducing V o ->: 7984[µs]
Time needed for computing complement v_complement of abstraction framework: 431[µs]
Time needed for minimizing complement(V): 334[µs]
Time needed for computing intersection 'preprojection' of v_delta and v_complement: 311[µs]
Time needed for computing complement of ind (i.e. projecting preprojection onto first tape): 5349[µs]
Time needed for minimizing projection: 137269[µs]
Time needed for computing ind: 223[µs]
Time needed for minimizing ind: 239[µs]
Time needed for computing ind (total): 163379[µs]
automaton for ind has 13 states.
...done.
computing complement of preach...
Time needed for constructing identity on ind: 195[µs]
Time needed for computing product v_id of abstraction framework with identity on ind: 13193[µs]
Time needed for computing product of v_id with complement of abstraction framework: 116495[µs]
Time needed for computing complement of preach: 131573[µs]
automaton for complement of preach has 1556 states.
...of which, 20 states are at level 0.
Time needed for trimming complement of preach: 433[µs]
...done.
trying to prove abstract safety...
Time needed for constructing transducer for unsafe property: 12[µs]
Time needed for constructing transducer for (initial, unsafe) pairs: 68[µs]
Time needed for constructing transducer for complement of (initial, unsafe) pairs: 80[µs]
Time needed for building union of complements of preach and (initial, unsafe)-transducer: 711[µs]
Time needed for checking universality using antichains-inclusion algorithm: 1219[µs]
Time needed for checking abstract safety: 2287[µs]
...done.
Result: [1]
This means that the following properties could be separated from the initial configurations:
	[deadlock]
While the following properties could not be separated from the initial configurations:
	[]

real	0m0,347s
user	0m0,252s
sys	0m0,079s
********************
/home/jakob/Documents/abstracton/benchmarks/dodo/lehmann-rabin.json
s
deadlock
systemd-run --user --scope -p MemoryMax=32G -p MemorySwapMax=7G timeout 1200 /home/jakob/Documents/abstracton/benchmarks/../build_release/benchmarks/solve_dodo -i s -p deadlock /home/jakob/Documents/abstracton/benchmarks/dodo/lehmann-rabin.json --measure-time --no-dot-printing --universality-alg antichains-inclusion --ind-alg project
Running as unit: run-p2090623-i2098916.scope; invocation ID: 1456a187aaf44727ad2973efe8aecbed
Time needed for parsing json file: 2311[µs]
alphabet size: 6
using Siphon interpretation
Time needed for constructing Siphon interpretation transducer: 1145[µs]
computing ind...
Time needed for computing composition v_delta of abstraction framework and transition relation: 7709[µs]
Time needed for reducing V o ->: 11169[µs]
Time needed for computing complement v_complement of abstraction framework: 285[µs]
Time needed for minimizing complement(V): 334[µs]
Time needed for computing intersection 'preprojection' of v_delta and v_complement: 318[µs]
Time needed for computing complement of ind (i.e. projecting preprojection onto first tape): 5883[µs]
Time needed for minimizing projection: 87399[µs]
Time needed for computing ind: 186[µs]
Time needed for minimizing ind: 225[µs]
Time needed for computing ind (total): 113850[µs]
automaton for ind has 13 states.
...done.
computing complement of preach...
Time needed for constructing identity on ind: 185[µs]
Time needed for computing product v_id of abstraction framework with identity on ind: 2962[µs]
Time needed for computing product of v_id with complement of abstraction framework: 2382[µs]
Time needed for computing complement of preach: 5989[µs]
automaton for complement of preach has 784 states.
...of which, 20 states are at level 0.
Time needed for trimming complement of preach: 147[µs]
...done.
trying to prove abstract safety...
Time needed for constructing transducer for unsafe property: 10[µs]
Time needed for constructing transducer for (initial, unsafe) pairs: 57[µs]
Time needed for constructing transducer for complement of (initial, unsafe) pairs: 78[µs]
Time needed for building union of complements of preach and (initial, unsafe)-transducer: 359[µs]
Time needed for checking universality using antichains-inclusion algorithm: 549[µs]
Time needed for checking abstract safety: 1197[µs]
...done.
Result: [0]
This means that the following properties could be separated from the initial configurations:
	[]
While the following properties could not be separated from the initial configurations:
	[deadlock]

real	0m0,163s
user	0m0,115s
sys	0m0,030s
********************
/home/jakob/Documents/abstracton/benchmarks/dodo/lehmann-rabin.json
f
deadlock
systemd-run --user --scope -p MemoryMax=32G -p MemorySwapMax=7G timeout 1200 /home/jakob/Documents/abstracton/benchmarks/../build_release/benchmarks/solve_dodo -i f -p deadlock /home/jakob/Documents/abstracton/benchmarks/dodo/lehmann-rabin.json --measure-time --no-dot-printing --universality-alg antichains-inclusion --ind-alg project
Running as unit: run-p2090625-i2098917.scope; invocation ID: 94472f67c611447a84c0a70684b83799
Time needed for parsing json file: 2361[µs]
alphabet size: 6
using Flow interpretation
Time needed for constructing Flow interpretation transducer: 3342[µs]
computing ind...
Time needed for computing composition v_delta of abstraction framework and transition relation: 15747[µs]
Time needed for reducing V o ->: 29513[µs]
Time needed for computing complement v_complement of abstraction framework: 395[µs]
Time needed for minimizing complement(V): 428[µs]
Time needed for computing intersection 'preprojection' of v_delta and v_complement: 714[µs]
Time needed for computing complement of ind (i.e. projecting preprojection onto first tape): 16469[µs]
Time needed for minimizing projection: 1075807[µs]
Time needed for computing ind: 441[µs]
Time needed for minimizing ind: 462[µs]
Time needed for computing ind (total): 1143356[µs]
automaton for ind has 27 states.
...done.
computing complement of preach...
Time needed for constructing identity on ind: 418[µs]
Time needed for computing product v_id of abstraction framework with identity on ind: 18055[µs]
Time needed for computing product of v_id with complement of abstraction framework: 5757[µs]
Time needed for computing complement of preach: 25267[µs]
automaton for complement of preach has 1661 states.
...of which, 73 states are at level 0.
Time needed for trimming complement of preach: 302[µs]
...done.
trying to prove abstract safety...
Time needed for constructing transducer for unsafe property: 10[µs]
Time needed for constructing transducer for (initial, unsafe) pairs: 62[µs]
Time needed for constructing transducer for complement of (initial, unsafe) pairs: 80[µs]
Time needed for building union of complements of preach and (initial, unsafe)-transducer: 719[µs]
Time needed for checking universality using antichains-inclusion algorithm: 1186[µs]
Time needed for checking abstract safety: 2306[µs]
...done.
Result: [0]
This means that the following properties could be separated from the initial configurations:
	[]
While the following properties could not be separated from the initial configurations:
	[deadlock]

real	0m1,221s
user	0m1,109s
sys	0m0,092s
********************
55 of 61
/home/jakob/Documents/abstracton/benchmarks/dodo/synapse.json
t
dirtydirty
systemd-run --user --scope -p MemoryMax=32G -p MemorySwapMax=7G timeout 1200 /home/jakob/Documents/abstracton/benchmarks/../build_release/benchmarks/solve_dodo -i t -p dirtydirty /home/jakob/Documents/abstracton/benchmarks/dodo/synapse.json --measure-time --no-dot-printing --universality-alg antichains-inclusion --ind-alg project
Running as unit: run-p2090633-i2098920.scope; invocation ID: 461827d2926b4496b4577f616ad7ea10
Time needed for parsing json file: 1190[µs]
alphabet size: 3
using Trap interpretation
Time needed for constructing Trap interpretation transducer: 306[µs]
computing ind...
Time needed for computing composition v_delta of abstraction framework and transition relation: 1651[µs]
Time needed for reducing V o ->: 1028[µs]
Time needed for computing complement v_complement of abstraction framework: 117[µs]
Time needed for minimizing complement(V): 76[µs]
Time needed for computing intersection 'preprojection' of v_delta and v_complement: 69[µs]
Time needed for computing complement of ind (i.e. projecting preprojection onto first tape): 251[µs]
Time needed for minimizing projection: 443[µs]
Time needed for computing ind: 39[µs]
Time needed for minimizing ind: 58[µs]
Time needed for computing ind (total): 3855[µs]
automaton for ind has 5 states.
...done.
computing complement of preach...
Time needed for constructing identity on ind: 34[µs]
Time needed for computing product v_id of abstraction framework with identity on ind: 789[µs]
Time needed for computing product of v_id with complement of abstraction framework: 3440[µs]
Time needed for computing complement of preach: 4446[µs]
automaton for complement of preach has 65 states.
...of which, 5 states are at level 0.
Time needed for trimming complement of preach: 20[µs]
...done.
trying to prove abstract safety...
Time needed for constructing transducer for unsafe property: 2[µs]
Time needed for constructing transducer for (initial, unsafe) pairs: 28[µs]
Time needed for constructing transducer for complement of (initial, unsafe) pairs: 43[µs]
Time needed for building union of complements of preach and (initial, unsafe)-transducer: 51[µs]
Time needed for checking universality using antichains-inclusion algorithm: 112[µs]
Time needed for checking abstract safety: 278[µs]
...done.
Result: [1]
This means that the following properties could be separated from the initial configurations:
	[dirtydirty]
While the following properties could not be separated from the initial configurations:
	[]

real	0m0,047s
user	0m0,013s
sys	0m0,013s
********************
/home/jakob/Documents/abstracton/benchmarks/dodo/synapse.json
s
dirtydirty
systemd-run --user --scope -p MemoryMax=32G -p MemorySwapMax=7G timeout 1200 /home/jakob/Documents/abstracton/benchmarks/../build_release/benchmarks/solve_dodo -i s -p dirtydirty /home/jakob/Documents/abstracton/benchmarks/dodo/synapse.json --measure-time --no-dot-printing --universality-alg antichains-inclusion --ind-alg project
Running as unit: run-p2090635-i2098921.scope; invocation ID: ae22fcc5ed2c409fab045f84e597116f
Time needed for parsing json file: 1243[µs]
alphabet size: 3
using Siphon interpretation
Time needed for constructing Siphon interpretation transducer: 186[µs]
computing ind...
Time needed for computing composition v_delta of abstraction framework and transition relation: 935[µs]
Time needed for reducing V o ->: 784[µs]
Time needed for computing complement v_complement of abstraction framework: 83[µs]
Time needed for minimizing complement(V): 93[µs]
Time needed for computing intersection 'preprojection' of v_delta and v_complement: 71[µs]
Time needed for computing complement of ind (i.e. projecting preprojection onto first tape): 263[µs]
Time needed for minimizing projection: 497[µs]
Time needed for computing ind: 26[µs]
Time needed for minimizing ind: 39[µs]
Time needed for computing ind (total): 2906[µs]
automaton for ind has 3 states.
...done.
computing complement of preach...
Time needed for constructing identity on ind: 19[µs]
Time needed for computing product v_id of abstraction framework with identity on ind: 185[µs]
Time needed for computing product of v_id with complement of abstraction framework: 80[µs]
Time needed for computing complement of preach: 399[µs]
automaton for complement of preach has 0 states.
...of which, 0 states are at level 0.
Time needed for trimming complement of preach: 0[µs]
...done.
trying to prove abstract safety...
Time needed for constructing transducer for unsafe property: 6[µs]
Time needed for constructing transducer for (initial, unsafe) pairs: 37[µs]
Time needed for constructing transducer for complement of (initial, unsafe) pairs: 61[µs]
Time needed for building union of complements of preach and (initial, unsafe)-transducer: 10[µs]
Time needed for checking universality using antichains-inclusion algorithm: 40[µs]
Time needed for checking abstract safety: 214[µs]
...done.
Result: [0]
This means that the following properties could be separated from the initial configurations:
	[]
While the following properties could not be separated from the initial configurations:
	[dirtydirty]

real	0m0,040s
user	0m0,011s
sys	0m0,012s
********************
/home/jakob/Documents/abstracton/benchmarks/dodo/synapse.json
f
dirtydirty
systemd-run --user --scope -p MemoryMax=32G -p MemorySwapMax=7G timeout 1200 /home/jakob/Documents/abstracton/benchmarks/../build_release/benchmarks/solve_dodo -i f -p dirtydirty /home/jakob/Documents/abstracton/benchmarks/dodo/synapse.json --measure-time --no-dot-printing --universality-alg antichains-inclusion --ind-alg project
Running as unit: run-p2090637-i2098922.scope; invocation ID: 0be40170bdfa410ab89e48f0b3540ca3
Time needed for parsing json file: 1211[µs]
alphabet size: 3
using Flow interpretation
Time needed for constructing Flow interpretation transducer: 290[µs]
computing ind...
Time needed for computing composition v_delta of abstraction framework and transition relation: 1970[µs]
Time needed for reducing V o ->: 1822[µs]
Time needed for computing complement v_complement of abstraction framework: 145[µs]
Time needed for minimizing complement(V): 158[µs]
Time needed for computing intersection 'preprojection' of v_delta and v_complement: 182[µs]
Time needed for computing complement of ind (i.e. projecting preprojection onto first tape): 748[µs]
Time needed for minimizing projection: 2687[µs]
Time needed for computing ind: 44[µs]
Time needed for minimizing ind: 58[µs]
Time needed for computing ind (total): 7988[µs]
automaton for ind has 5 states.
...done.
computing complement of preach...
Time needed for constructing identity on ind: 31[µs]
Time needed for computing product v_id of abstraction framework with identity on ind: 439[µs]
Time needed for computing product of v_id with complement of abstraction framework: 156[µs]
Time needed for computing complement of preach: 836[µs]
automaton for complement of preach has 0 states.
...of which, 0 states are at level 0.
Time needed for trimming complement of preach: 0[µs]
...done.
trying to prove abstract safety...
Time needed for constructing transducer for unsafe property: 2[µs]
Time needed for constructing transducer for (initial, unsafe) pairs: 42[µs]
Time needed for constructing transducer for complement of (initial, unsafe) pairs: 62[µs]
Time needed for building union of complements of preach and (initial, unsafe)-transducer: 21[µs]
Time needed for checking universality using antichains-inclusion algorithm: 42[µs]
Time needed for checking abstract safety: 214[µs]
...done.
Result: [0]
This means that the following properties could be separated from the initial configurations:
	[]
While the following properties could not be separated from the initial configurations:
	[dirtydirty]

real	0m0,046s
user	0m0,017s
sys	0m0,013s
********************
56 of 61
/home/jakob/Documents/abstracton/benchmarks/dodo/synapse.json
t
dirtyvalid
systemd-run --user --scope -p MemoryMax=32G -p MemorySwapMax=7G timeout 1200 /home/jakob/Documents/abstracton/benchmarks/../build_release/benchmarks/solve_dodo -i t -p dirtyvalid /home/jakob/Documents/abstracton/benchmarks/dodo/synapse.json --measure-time --no-dot-printing --universality-alg antichains-inclusion --ind-alg project
Running as unit: run-p2090649-i2090670.scope; invocation ID: d3fdab61f0d742b79eac8be5c57d3b7f
Time needed for parsing json file: 1242[µs]
alphabet size: 3
using Trap interpretation
Time needed for constructing Trap interpretation transducer: 350[µs]
computing ind...
Time needed for computing composition v_delta of abstraction framework and transition relation: 1657[µs]
Time needed for reducing V o ->: 1036[µs]
Time needed for computing complement v_complement of abstraction framework: 119[µs]
Time needed for minimizing complement(V): 87[µs]
Time needed for computing intersection 'preprojection' of v_delta and v_complement: 67[µs]
Time needed for computing complement of ind (i.e. projecting preprojection onto first tape): 236[µs]
Time needed for minimizing projection: 439[µs]
Time needed for computing ind: 39[µs]
Time needed for minimizing ind: 57[µs]
Time needed for computing ind (total): 3878[µs]
automaton for ind has 5 states.
...done.
computing complement of preach...
Time needed for constructing identity on ind: 31[µs]
Time needed for computing product v_id of abstraction framework with identity on ind: 768[µs]
Time needed for computing product of v_id with complement of abstraction framework: 3699[µs]
Time needed for computing complement of preach: 4708[µs]
automaton for complement of preach has 65 states.
...of which, 5 states are at level 0.
Time needed for trimming complement of preach: 21[µs]
...done.
trying to prove abstract safety...
Time needed for constructing transducer for unsafe property: 2[µs]
Time needed for constructing transducer for (initial, unsafe) pairs: 34[µs]
Time needed for constructing transducer for complement of (initial, unsafe) pairs: 56[µs]
Time needed for building union of complements of preach and (initial, unsafe)-transducer: 54[µs]
Time needed for checking universality using antichains-inclusion algorithm: 134[µs]
Time needed for checking abstract safety: 327[µs]
...done.
Result: [1]
This means that the following properties could be separated from the initial configurations:
	[dirtyvalid]
While the following properties could not be separated from the initial configurations:
	[]

real	0m0,048s
user	0m0,018s
sys	0m0,014s
********************
/home/jakob/Documents/abstracton/benchmarks/dodo/synapse.json
s
dirtyvalid
systemd-run --user --scope -p MemoryMax=32G -p MemorySwapMax=7G timeout 1200 /home/jakob/Documents/abstracton/benchmarks/../build_release/benchmarks/solve_dodo -i s -p dirtyvalid /home/jakob/Documents/abstracton/benchmarks/dodo/synapse.json --measure-time --no-dot-printing --universality-alg antichains-inclusion --ind-alg project
Running as unit: run-p2090651-i2090671.scope; invocation ID: e4aa18b82b8b4a36b9ba69b409d3ed9b
Time needed for parsing json file: 1268[µs]
alphabet size: 3
using Siphon interpretation
Time needed for constructing Siphon interpretation transducer: 196[µs]
computing ind...
Time needed for computing composition v_delta of abstraction framework and transition relation: 981[µs]
Time needed for reducing V o ->: 795[µs]
Time needed for computing complement v_complement of abstraction framework: 86[µs]
Time needed for minimizing complement(V): 93[µs]
Time needed for computing intersection 'preprojection' of v_delta and v_complement: 71[µs]
Time needed for computing complement of ind (i.e. projecting preprojection onto first tape): 260[µs]
Time needed for minimizing projection: 495[µs]
Time needed for computing ind: 26[µs]
Time needed for minimizing ind: 39[µs]
Time needed for computing ind (total): 2961[µs]
automaton for ind has 3 states.
...done.
computing complement of preach...
Time needed for constructing identity on ind: 19[µs]
Time needed for computing product v_id of abstraction framework with identity on ind: 186[µs]
Time needed for computing product of v_id with complement of abstraction framework: 78[µs]
Time needed for computing complement of preach: 398[µs]
automaton for complement of preach has 0 states.
...of which, 0 states are at level 0.
Time needed for trimming complement of preach: 1[µs]
...done.
trying to prove abstract safety...
Time needed for constructing transducer for unsafe property: 7[µs]
Time needed for constructing transducer for (initial, unsafe) pairs: 44[µs]
Time needed for constructing transducer for complement of (initial, unsafe) pairs: 74[µs]
Time needed for building union of complements of preach and (initial, unsafe)-transducer: 27[µs]
Time needed for checking universality using antichains-inclusion algorithm: 49[µs]
Time needed for checking abstract safety: 278[µs]
...done.
Result: [0]
This means that the following properties could be separated from the initial configurations:
	[]
While the following properties could not be separated from the initial configurations:
	[dirtyvalid]

real	0m0,045s
user	0m0,012s
sys	0m0,014s
********************
/home/jakob/Documents/abstracton/benchmarks/dodo/synapse.json
f
dirtyvalid
systemd-run --user --scope -p MemoryMax=32G -p MemorySwapMax=7G timeout 1200 /home/jakob/Documents/abstracton/benchmarks/../build_release/benchmarks/solve_dodo -i f -p dirtyvalid /home/jakob/Documents/abstracton/benchmarks/dodo/synapse.json --measure-time --no-dot-printing --universality-alg antichains-inclusion --ind-alg project
Running as unit: run-p2090653-i2098926.scope; invocation ID: 8edb5ffe78274d4593d89097bcc00a44
Time needed for parsing json file: 1259[µs]
alphabet size: 3
using Flow interpretation
Time needed for constructing Flow interpretation transducer: 316[µs]
computing ind...
Time needed for computing composition v_delta of abstraction framework and transition relation: 2085[µs]
Time needed for reducing V o ->: 1739[µs]
Time needed for computing complement v_complement of abstraction framework: 134[µs]
Time needed for minimizing complement(V): 134[µs]
Time needed for computing intersection 'preprojection' of v_delta and v_complement: 171[µs]
Time needed for computing complement of ind (i.e. projecting preprojection onto first tape): 722[µs]
Time needed for minimizing projection: 2438[µs]
Time needed for computing ind: 40[µs]
Time needed for minimizing ind: 52[µs]
Time needed for computing ind (total): 7682[µs]
automaton for ind has 5 states.
...done.
computing complement of preach...
Time needed for constructing identity on ind: 29[µs]
Time needed for computing product v_id of abstraction framework with identity on ind: 407[µs]
Time needed for computing product of v_id with complement of abstraction framework: 144[µs]
Time needed for computing complement of preach: 777[µs]
automaton for complement of preach has 0 states.
...of which, 0 states are at level 0.
Time needed for trimming complement of preach: 1[µs]
...done.
trying to prove abstract safety...
Time needed for constructing transducer for unsafe property: 4[µs]
Time needed for constructing transducer for (initial, unsafe) pairs: 44[µs]
Time needed for constructing transducer for complement of (initial, unsafe) pairs: 69[µs]
Time needed for building union of complements of preach and (initial, unsafe)-transducer: 12[µs]
Time needed for checking universality using antichains-inclusion algorithm: 45[µs]
Time needed for checking abstract safety: 219[µs]
...done.
Result: [0]
This means that the following properties could be separated from the initial configurations:
	[]
While the following properties could not be separated from the initial configurations:
	[dirtyvalid]

real	0m0,049s
user	0m0,016s
sys	0m0,015s
********************
57 of 61
/home/jakob/Documents/abstracton/benchmarks/dodo/synapse.json
t
deadlock
systemd-run --user --scope -p MemoryMax=32G -p MemorySwapMax=7G timeout 1200 /home/jakob/Documents/abstracton/benchmarks/../build_release/benchmarks/solve_dodo -i t -p deadlock /home/jakob/Documents/abstracton/benchmarks/dodo/synapse.json --measure-time --no-dot-printing --universality-alg antichains-inclusion --ind-alg project
Running as unit: run-p2090661-i2098929.scope; invocation ID: 5ad00b21125a45c5b541ec047f873bef
Time needed for parsing json file: 1247[µs]
alphabet size: 3
using Trap interpretation
Time needed for constructing Trap interpretation transducer: 345[µs]
computing ind...
Time needed for computing composition v_delta of abstraction framework and transition relation: 1704[µs]
Time needed for reducing V o ->: 1021[µs]
Time needed for computing complement v_complement of abstraction framework: 135[µs]
Time needed for minimizing complement(V): 75[µs]
Time needed for computing intersection 'preprojection' of v_delta and v_complement: 67[µs]
Time needed for computing complement of ind (i.e. projecting preprojection onto first tape): 236[µs]
Time needed for minimizing projection: 439[µs]
Time needed for computing ind: 38[µs]
Time needed for minimizing ind: 58[µs]
Time needed for computing ind (total): 3951[µs]
automaton for ind has 5 states.
...done.
computing complement of preach...
Time needed for constructing identity on ind: 44[µs]
Time needed for computing product v_id of abstraction framework with identity on ind: 768[µs]
Time needed for computing product of v_id with complement of abstraction framework: 4376[µs]
Time needed for computing complement of preach: 5400[µs]
automaton for complement of preach has 65 states.
...of which, 5 states are at level 0.
Time needed for trimming complement of preach: 30[µs]
...done.
trying to prove abstract safety...
Time needed for constructing transducer for unsafe property: 4[µs]
Time needed for constructing transducer for (initial, unsafe) pairs: 36[µs]
Time needed for constructing transducer for complement of (initial, unsafe) pairs: 9[µs]
Time needed for building union of complements of preach and (initial, unsafe)-transducer: 68[µs]
Time needed for checking universality using antichains-inclusion algorithm: 111[µs]
Time needed for checking abstract safety: 284[µs]
...done.
Result: [1]
This means that the following properties could be separated from the initial configurations:
	[deadlock]
While the following properties could not be separated from the initial configurations:
	[]

real	0m0,048s
user	0m0,016s
sys	0m0,017s
********************
/home/jakob/Documents/abstracton/benchmarks/dodo/synapse.json
s
deadlock
systemd-run --user --scope -p MemoryMax=32G -p MemorySwapMax=7G timeout 1200 /home/jakob/Documents/abstracton/benchmarks/../build_release/benchmarks/solve_dodo -i s -p deadlock /home/jakob/Documents/abstracton/benchmarks/dodo/synapse.json --measure-time --no-dot-printing --universality-alg antichains-inclusion --ind-alg project
Running as unit: run-p2090663-i2098930.scope; invocation ID: f4ad3f4dd46240108ef9fda115cb0ae7
Time needed for parsing json file: 1248[µs]
alphabet size: 3
using Siphon interpretation
Time needed for constructing Siphon interpretation transducer: 207[µs]
computing ind...
Time needed for computing composition v_delta of abstraction framework and transition relation: 981[µs]
Time needed for reducing V o ->: 807[µs]
Time needed for computing complement v_complement of abstraction framework: 87[µs]
Time needed for minimizing complement(V): 94[µs]
Time needed for computing intersection 'preprojection' of v_delta and v_complement: 89[µs]
Time needed for computing complement of ind (i.e. projecting preprojection onto first tape): 264[µs]
Time needed for minimizing projection: 486[µs]
Time needed for computing ind: 27[µs]
Time needed for minimizing ind: 38[µs]
Time needed for computing ind (total): 2992[µs]
automaton for ind has 3 states.
...done.
computing complement of preach...
Time needed for constructing identity on ind: 20[µs]
Time needed for computing product v_id of abstraction framework with identity on ind: 191[µs]
Time needed for computing product of v_id with complement of abstraction framework: 79[µs]
Time needed for computing complement of preach: 437[µs]
automaton for complement of preach has 0 states.
...of which, 0 states are at level 0.
Time needed for trimming complement of preach: 1[µs]
...done.
trying to prove abstract safety...
Time needed for constructing transducer for unsafe property: 7[µs]
Time needed for constructing transducer for (initial, unsafe) pairs: 30[µs]
Time needed for constructing transducer for complement of (initial, unsafe) pairs: 7[µs]
Time needed for building union of complements of preach and (initial, unsafe)-transducer: 8[µs]
Time needed for checking universality using antichains-inclusion algorithm: 29[µs]
Time needed for checking abstract safety: 120[µs]
...done.
Result: [1]
This means that the following properties could be separated from the initial configurations:
	[deadlock]
While the following properties could not be separated from the initial configurations:
	[]

real	0m0,048s
user	0m0,013s
sys	0m0,013s
********************
/home/jakob/Documents/abstracton/benchmarks/dodo/synapse.json
f
deadlock
systemd-run --user --scope -p MemoryMax=32G -p MemorySwapMax=7G timeout 1200 /home/jakob/Documents/abstracton/benchmarks/../build_release/benchmarks/solve_dodo -i f -p deadlock /home/jakob/Documents/abstracton/benchmarks/dodo/synapse.json --measure-time --no-dot-printing --universality-alg antichains-inclusion --ind-alg project
Running as unit: run-p2090665-i2098931.scope; invocation ID: 98680b6348be430cbb2c1a8e48d1d253
Time needed for parsing json file: 1243[µs]
alphabet size: 3
using Flow interpretation
Time needed for constructing Flow interpretation transducer: 298[µs]
computing ind...
Time needed for computing composition v_delta of abstraction framework and transition relation: 2084[µs]
Time needed for reducing V o ->: 1829[µs]
Time needed for computing complement v_complement of abstraction framework: 145[µs]
Time needed for minimizing complement(V): 145[µs]
Time needed for computing intersection 'preprojection' of v_delta and v_complement: 194[µs]
Time needed for computing complement of ind (i.e. projecting preprojection onto first tape): 744[µs]
Time needed for minimizing projection: 2668[µs]
Time needed for computing ind: 45[µs]
Time needed for minimizing ind: 57[µs]
Time needed for computing ind (total): 8090[µs]
automaton for ind has 5 states.
...done.
computing complement of preach...
Time needed for constructing identity on ind: 30[µs]
Time needed for computing product v_id of abstraction framework with identity on ind: 482[µs]
Time needed for computing product of v_id with complement of abstraction framework: 156[µs]
Time needed for computing complement of preach: 869[µs]
automaton for complement of preach has 0 states.
...of which, 0 states are at level 0.
Time needed for trimming complement of preach: 1[µs]
...done.
trying to prove abstract safety...
Time needed for constructing transducer for unsafe property: 4[µs]
Time needed for constructing transducer for (initial, unsafe) pairs: 33[µs]
Time needed for constructing transducer for complement of (initial, unsafe) pairs: 7[µs]
Time needed for building union of complements of preach and (initial, unsafe)-transducer: 6[µs]
Time needed for checking universality using antichains-inclusion algorithm: 28[µs]
Time needed for checking abstract safety: 119[µs]
...done.
Result: [1]
This means that the following properties could be separated from the initial configurations:
	[deadlock]
While the following properties could not be separated from the initial configurations:
	[]

real	0m0,050s
user	0m0,016s
sys	0m0,017s
********************
58 of 61
/home/jakob/Documents/abstracton/benchmarks/dodo/token-passing-no-invariant.json
t
notoken
systemd-run --user --scope -p MemoryMax=32G -p MemorySwapMax=7G timeout 1200 /home/jakob/Documents/abstracton/benchmarks/../build_release/benchmarks/solve_dodo -i t -p notoken /home/jakob/Documents/abstracton/benchmarks/dodo/token-passing-no-invariant.json --measure-time --no-dot-printing --universality-alg antichains-inclusion --ind-alg project
Running as unit: run-p2090675-i2098936.scope; invocation ID: 5607c7a6ce874e35ba52699c8c56f5c9
Time needed for parsing json file: 940[µs]
alphabet size: 2
using Trap interpretation
Time needed for constructing Trap interpretation transducer: 222[µs]
computing ind...
Time needed for computing composition v_delta of abstraction framework and transition relation: 349[µs]
Time needed for reducing V o ->: 328[µs]
Time needed for computing complement v_complement of abstraction framework: 67[µs]
Time needed for minimizing complement(V): 40[µs]
Time needed for computing intersection 'preprojection' of v_delta and v_complement: 22[µs]
Time needed for computing complement of ind (i.e. projecting preprojection onto first tape): 64[µs]
Time needed for minimizing projection: 66[µs]
Time needed for computing ind: 25[µs]
Time needed for minimizing ind: 37[µs]
Time needed for computing ind (total): 1096[µs]
automaton for ind has 5 states.
...done.
computing complement of preach...
Time needed for constructing identity on ind: 16[µs]
Time needed for computing product v_id of abstraction framework with identity on ind: 640[µs]
Time needed for computing product of v_id with complement of abstraction framework: 1679[µs]
Time needed for computing complement of preach: 2457[µs]
automaton for complement of preach has 30 states.
...of which, 6 states are at level 0.
Time needed for trimming complement of preach: 18[µs]
...done.
trying to prove abstract safety...
Time needed for constructing transducer for unsafe property: 1[µs]
Time needed for constructing transducer for (initial, unsafe) pairs: 36[µs]
Time needed for constructing transducer for complement of (initial, unsafe) pairs: 45[µs]
Time needed for building union of complements of preach and (initial, unsafe)-transducer: 36[µs]
Time needed for checking universality using antichains-inclusion algorithm: 101[µs]
Time needed for checking abstract safety: 284[µs]
...done.
Result: [1]
This means that the following properties could be separated from the initial configurations:
	[notoken]
While the following properties could not be separated from the initial configurations:
	[]

real	0m0,044s
user	0m0,011s
sys	0m0,015s
********************
/home/jakob/Documents/abstracton/benchmarks/dodo/token-passing-no-invariant.json
s
notoken
systemd-run --user --scope -p MemoryMax=32G -p MemorySwapMax=7G timeout 1200 /home/jakob/Documents/abstracton/benchmarks/../build_release/benchmarks/solve_dodo -i s -p notoken /home/jakob/Documents/abstracton/benchmarks/dodo/token-passing-no-invariant.json --measure-time --no-dot-printing --universality-alg antichains-inclusion --ind-alg project
Running as unit: run-p2090677-i2098937.scope; invocation ID: bb16bc06ddcf4b76b16312a890f14e75
Time needed for parsing json file: 956[µs]
alphabet size: 2
using Siphon interpretation
Time needed for constructing Siphon interpretation transducer: 152[µs]
computing ind...
Time needed for computing composition v_delta of abstraction framework and transition relation: 221[µs]
Time needed for reducing V o ->: 200[µs]
Time needed for computing complement v_complement of abstraction framework: 50[µs]
Time needed for minimizing complement(V): 51[µs]
Time needed for computing intersection 'preprojection' of v_delta and v_complement: 18[µs]
Time needed for computing complement of ind (i.e. projecting preprojection onto first tape): 44[µs]
Time needed for minimizing projection: 72[µs]
Time needed for computing ind: 25[µs]
Time needed for minimizing ind: 37[µs]
Time needed for computing ind (total): 802[µs]
automaton for ind has 5 states.
...done.
computing complement of preach...
Time needed for constructing identity on ind: 19[µs]
Time needed for computing product v_id of abstraction framework with identity on ind: 351[µs]
Time needed for computing product of v_id with complement of abstraction framework: 191[µs]
Time needed for computing complement of preach: 647[µs]
automaton for complement of preach has 22 states.
...of which, 6 states are at level 0.
Time needed for trimming complement of preach: 11[µs]
...done.
trying to prove abstract safety...
Time needed for constructing transducer for unsafe property: 1[µs]
Time needed for constructing transducer for (initial, unsafe) pairs: 33[µs]
Time needed for constructing transducer for complement of (initial, unsafe) pairs: 38[µs]
Time needed for building union of complements of preach and (initial, unsafe)-transducer: 35[µs]
Time needed for checking universality using antichains-inclusion algorithm: 86[µs]
Time needed for checking abstract safety: 240[µs]
...done.
Result: [0]
This means that the following properties could be separated from the initial configurations:
	[]
While the following properties could not be separated from the initial configurations:
	[notoken]

real	0m0,041s
user	0m0,009s
sys	0m0,017s
********************
/home/jakob/Documents/abstracton/benchmarks/dodo/token-passing-no-invariant.json
f
notoken
systemd-run --user --scope -p MemoryMax=32G -p MemorySwapMax=7G timeout 1200 /home/jakob/Documents/abstracton/benchmarks/../build_release/benchmarks/solve_dodo -i f -p notoken /home/jakob/Documents/abstracton/benchmarks/dodo/token-passing-no-invariant.json --measure-time --no-dot-printing --universality-alg antichains-inclusion --ind-alg project
Running as unit: run-p2090679-i2098938.scope; invocation ID: 74eb9b4283804426af2cc7c8e1c9e409
Time needed for parsing json file: 966[µs]
alphabet size: 2
using Flow interpretation
Time needed for constructing Flow interpretation transducer: 211[µs]
computing ind...
Time needed for computing composition v_delta of abstraction framework and transition relation: 407[µs]
Time needed for reducing V o ->: 467[µs]
Time needed for computing complement v_complement of abstraction framework: 79[µs]
Time needed for minimizing complement(V): 77[µs]
Time needed for computing intersection 'preprojection' of v_delta and v_complement: 48[µs]
Time needed for computing complement of ind (i.e. projecting preprojection onto first tape): 127[µs]
Time needed for minimizing projection: 740[µs]
Time needed for computing ind: 66[µs]
Time needed for minimizing ind: 88[µs]
Time needed for computing ind (total): 2205[µs]
automaton for ind has 13 states.
...done.
computing complement of preach...
Time needed for constructing identity on ind: 56[µs]
Time needed for computing product v_id of abstraction framework with identity on ind: 1303[µs]
Time needed for computing product of v_id with complement of abstraction framework: 1018[µs]
Time needed for computing complement of preach: 2541[µs]
automaton for complement of preach has 114 states.
...of which, 28 states are at level 0.
Time needed for trimming complement of preach: 44[µs]
...done.
trying to prove abstract safety...
Time needed for constructing transducer for unsafe property: 1[µs]
Time needed for constructing transducer for (initial, unsafe) pairs: 38[µs]
Time needed for constructing transducer for complement of (initial, unsafe) pairs: 47[µs]
Time needed for building union of complements of preach and (initial, unsafe)-transducer: 98[µs]
Time needed for checking universality using antichains-inclusion algorithm: 223[µs]
Time needed for checking abstract safety: 464[µs]
...done.
Result: [1]
This means that the following properties could be separated from the initial configurations:
	[notoken]
While the following properties could not be separated from the initial configurations:
	[]

real	0m0,049s
user	0m0,011s
sys	0m0,017s
********************
59 of 61
/home/jakob/Documents/abstracton/benchmarks/dodo/token-passing-no-invariant.json
t
manytoken
systemd-run --user --scope -p MemoryMax=32G -p MemorySwapMax=7G timeout 1200 /home/jakob/Documents/abstracton/benchmarks/../build_release/benchmarks/solve_dodo -i t -p manytoken /home/jakob/Documents/abstracton/benchmarks/dodo/token-passing-no-invariant.json --measure-time --no-dot-printing --universality-alg antichains-inclusion --ind-alg project
Running as unit: run-p2090687-i2098941.scope; invocation ID: 3d12f81422e0488c8094ceab77b1ac17
Time needed for parsing json file: 962[µs]
alphabet size: 2
using Trap interpretation
Time needed for constructing Trap interpretation transducer: 217[µs]
computing ind...
Time needed for computing composition v_delta of abstraction framework and transition relation: 370[µs]
Time needed for reducing V o ->: 330[µs]
Time needed for computing complement v_complement of abstraction framework: 67[µs]
Time needed for minimizing complement(V): 38[µs]
Time needed for computing intersection 'preprojection' of v_delta and v_complement: 22[µs]
Time needed for computing complement of ind (i.e. projecting preprojection onto first tape): 50[µs]
Time needed for minimizing projection: 65[µs]
Time needed for computing ind: 54[µs]
Time needed for minimizing ind: 39[µs]
Time needed for computing ind (total): 1126[µs]
automaton for ind has 5 states.
...done.
computing complement of preach...
Time needed for constructing identity on ind: 28[µs]
Time needed for computing product v_id of abstraction framework with identity on ind: 644[µs]
Time needed for computing product of v_id with complement of abstraction framework: 1691[µs]
Time needed for computing complement of preach: 2503[µs]
automaton for complement of preach has 30 states.
...of which, 6 states are at level 0.
Time needed for trimming complement of preach: 17[µs]
...done.
trying to prove abstract safety...
Time needed for constructing transducer for unsafe property: 2[µs]
Time needed for constructing transducer for (initial, unsafe) pairs: 41[µs]
Time needed for constructing transducer for complement of (initial, unsafe) pairs: 56[µs]
Time needed for building union of complements of preach and (initial, unsafe)-transducer: 41[µs]
Time needed for checking universality using antichains-inclusion algorithm: 103[µs]
Time needed for checking abstract safety: 297[µs]
...done.
Result: [0]
This means that the following properties could be separated from the initial configurations:
	[]
While the following properties could not be separated from the initial configurations:
	[manytoken]

real	0m0,044s
user	0m0,008s
sys	0m0,019s
********************
/home/jakob/Documents/abstracton/benchmarks/dodo/token-passing-no-invariant.json
s
manytoken
systemd-run --user --scope -p MemoryMax=32G -p MemorySwapMax=7G timeout 1200 /home/jakob/Documents/abstracton/benchmarks/../build_release/benchmarks/solve_dodo -i s -p manytoken /home/jakob/Documents/abstracton/benchmarks/dodo/token-passing-no-invariant.json --measure-time --no-dot-printing --universality-alg antichains-inclusion --ind-alg project
Running as unit: run-p2090689-i2098942.scope; invocation ID: f26bd4549d304387ab46393b471649ae
Time needed for parsing json file: 937[µs]
alphabet size: 2
using Siphon interpretation
Time needed for constructing Siphon interpretation transducer: 172[µs]
computing ind...
Time needed for computing composition v_delta of abstraction framework and transition relation: 202[µs]
Time needed for reducing V o ->: 192[µs]
Time needed for computing complement v_complement of abstraction framework: 48[µs]
Time needed for minimizing complement(V): 50[µs]
Time needed for computing intersection 'preprojection' of v_delta and v_complement: 17[µs]
Time needed for computing complement of ind (i.e. projecting preprojection onto first tape): 44[µs]
Time needed for minimizing projection: 73[µs]
Time needed for computing ind: 24[µs]
Time needed for minimizing ind: 37[µs]
Time needed for computing ind (total): 759[µs]
automaton for ind has 5 states.
...done.
computing complement of preach...
Time needed for constructing identity on ind: 18[µs]
Time needed for computing product v_id of abstraction framework with identity on ind: 335[µs]
Time needed for computing product of v_id with complement of abstraction framework: 198[µs]
Time needed for computing complement of preach: 637[µs]
automaton for complement of preach has 22 states.
...of which, 6 states are at level 0.
Time needed for trimming complement of preach: 12[µs]
...done.
trying to prove abstract safety...
Time needed for constructing transducer for unsafe property: 2[µs]
Time needed for constructing transducer for (initial, unsafe) pairs: 38[µs]
Time needed for constructing transducer for complement of (initial, unsafe) pairs: 52[µs]
Time needed for building union of complements of preach and (initial, unsafe)-transducer: 38[µs]
Time needed for checking universality using antichains-inclusion algorithm: 91[µs]
Time needed for checking abstract safety: 268[µs]
...done.
Result: [0]
This means that the following properties could be separated from the initial configurations:
	[]
While the following properties could not be separated from the initial configurations:
	[manytoken]

real	0m0,047s
user	0m0,010s
sys	0m0,015s
********************
/home/jakob/Documents/abstracton/benchmarks/dodo/token-passing-no-invariant.json
f
manytoken
systemd-run --user --scope -p MemoryMax=32G -p MemorySwapMax=7G timeout 1200 /home/jakob/Documents/abstracton/benchmarks/../build_release/benchmarks/solve_dodo -i f -p manytoken /home/jakob/Documents/abstracton/benchmarks/dodo/token-passing-no-invariant.json --measure-time --no-dot-printing --universality-alg antichains-inclusion --ind-alg project
Running as unit: run-p2090691-i2090673.scope; invocation ID: 6607bae3e91d42dab2152f5005568f4f
Time needed for parsing json file: 982[µs]
alphabet size: 2
using Flow interpretation
Time needed for constructing Flow interpretation transducer: 195[µs]
computing ind...
Time needed for computing composition v_delta of abstraction framework and transition relation: 418[µs]
Time needed for reducing V o ->: 429[µs]
Time needed for computing complement v_complement of abstraction framework: 77[µs]
Time needed for minimizing complement(V): 75[µs]
Time needed for computing intersection 'preprojection' of v_delta and v_complement: 47[µs]
Time needed for computing complement of ind (i.e. projecting preprojection onto first tape): 149[µs]
Time needed for minimizing projection: 706[µs]
Time needed for computing ind: 62[µs]
Time needed for minimizing ind: 83[µs]
Time needed for computing ind (total): 2151[µs]
automaton for ind has 13 states.
...done.
computing complement of preach...
Time needed for constructing identity on ind: 43[µs]
Time needed for computing product v_id of abstraction framework with identity on ind: 1220[µs]
Time needed for computing product of v_id with complement of abstraction framework: 865[µs]
Time needed for computing complement of preach: 2273[µs]
automaton for complement of preach has 114 states.
...of which, 28 states are at level 0.
Time needed for trimming complement of preach: 35[µs]
...done.
trying to prove abstract safety...
Time needed for constructing transducer for unsafe property: 1[µs]
Time needed for constructing transducer for (initial, unsafe) pairs: 32[µs]
Time needed for constructing transducer for complement of (initial, unsafe) pairs: 45[µs]
Time needed for building union of complements of preach and (initial, unsafe)-transducer: 84[µs]
Time needed for checking universality using antichains-inclusion algorithm: 195[µs]
Time needed for checking abstract safety: 412[µs]
...done.
Result: [1]
This means that the following properties could be separated from the initial configurations:
	[manytoken]
While the following properties could not be separated from the initial configurations:
	[]

real	0m0,044s
user	0m0,011s
sys	0m0,018s
********************
60 of 61
/home/jakob/Documents/abstracton/benchmarks/dodo/token-passing.json
t
notoken
systemd-run --user --scope -p MemoryMax=32G -p MemorySwapMax=7G timeout 1200 /home/jakob/Documents/abstracton/benchmarks/../build_release/benchmarks/solve_dodo -i t -p notoken /home/jakob/Documents/abstracton/benchmarks/dodo/token-passing.json --measure-time --no-dot-printing --universality-alg antichains-inclusion --ind-alg project
Running as unit: run-p2090699-i2098947.scope; invocation ID: 7381dfd0acdc495e8d07c327b80b4188
Time needed for parsing json file: 818[µs]
alphabet size: 2
using Trap interpretation
Time needed for constructing Trap interpretation transducer: 217[µs]
computing ind...
Time needed for computing composition v_delta of abstraction framework and transition relation: 317[µs]
Time needed for reducing V o ->: 348[µs]
Time needed for computing complement v_complement of abstraction framework: 67[µs]
Time needed for minimizing complement(V): 39[µs]
Time needed for computing intersection 'preprojection' of v_delta and v_complement: 19[µs]
Time needed for computing complement of ind (i.e. projecting preprojection onto first tape): 45[µs]
Time needed for minimizing projection: 55[µs]
Time needed for computing ind: 27[µs]
Time needed for minimizing ind: 41[µs]
Time needed for computing ind (total): 1045[µs]
automaton for ind has 6 states.
...done.
computing complement of preach...
Time needed for constructing identity on ind: 19[µs]
Time needed for computing product v_id of abstraction framework with identity on ind: 767[µs]
Time needed for computing product of v_id with complement of abstraction framework: 1818[µs]
Time needed for computing complement of preach: 2749[µs]
automaton for complement of preach has 70 states.
...of which, 10 states are at level 0.
Time needed for trimming complement of preach: 27[µs]
...done.
trying to prove abstract safety...
Time needed for constructing transducer for unsafe property: 1[µs]
Time needed for constructing transducer for (initial, unsafe) pairs: 35[µs]
Time needed for constructing transducer for complement of (initial, unsafe) pairs: 46[µs]
Time needed for building union of complements of preach and (initial, unsafe)-transducer: 66[µs]
Time needed for checking universality using antichains-inclusion algorithm: 161[µs]
Time needed for checking abstract safety: 365[µs]
...done.
Result: [1]
This means that the following properties could be separated from the initial configurations:
	[notoken]
While the following properties could not be separated from the initial configurations:
	[]

real	0m0,043s
user	0m0,007s
sys	0m0,019s
********************
/home/jakob/Documents/abstracton/benchmarks/dodo/token-passing.json
s
notoken
systemd-run --user --scope -p MemoryMax=32G -p MemorySwapMax=7G timeout 1200 /home/jakob/Documents/abstracton/benchmarks/../build_release/benchmarks/solve_dodo -i s -p notoken /home/jakob/Documents/abstracton/benchmarks/dodo/token-passing.json --measure-time --no-dot-printing --universality-alg antichains-inclusion --ind-alg project
Running as unit: run-p2090702-i2098949.scope; invocation ID: b916487d1373441c9ca234bb2c9ff211
Time needed for parsing json file: 806[µs]
alphabet size: 2
using Siphon interpretation
Time needed for constructing Siphon interpretation transducer: 161[µs]
computing ind...
Time needed for computing composition v_delta of abstraction framework and transition relation: 180[µs]
Time needed for reducing V o ->: 171[µs]
Time needed for computing complement v_complement of abstraction framework: 47[µs]
Time needed for minimizing complement(V): 50[µs]
Time needed for computing intersection 'preprojection' of v_delta and v_complement: 29[µs]
Time needed for computing complement of ind (i.e. projecting preprojection onto first tape): 49[µs]
Time needed for minimizing projection: 56[µs]
Time needed for computing ind: 28[µs]
Time needed for minimizing ind: 41[µs]
Time needed for computing ind (total): 735[µs]
automaton for ind has 6 states.
...done.
computing complement of preach...
Time needed for constructing identity on ind: 27[µs]
Time needed for computing product v_id of abstraction framework with identity on ind: 459[µs]
Time needed for computing product of v_id with complement of abstraction framework: 726[µs]
Time needed for computing complement of preach: 1308[µs]
automaton for complement of preach has 60 states.
...of which, 12 states are at level 0.
Time needed for trimming complement of preach: 23[µs]
...done.
trying to prove abstract safety...
Time needed for constructing transducer for unsafe property: 1[µs]
Time needed for constructing transducer for (initial, unsafe) pairs: 36[µs]
Time needed for constructing transducer for complement of (initial, unsafe) pairs: 38[µs]
Time needed for building union of complements of preach and (initial, unsafe)-transducer: 64[µs]
Time needed for checking universality using antichains-inclusion algorithm: 148[µs]
Time needed for checking abstract safety: 341[µs]
...done.
Result: [0]
This means that the following properties could be separated from the initial configurations:
	[]
While the following properties could not be separated from the initial configurations:
	[notoken]

real	0m0,044s
user	0m0,012s
sys	0m0,013s
********************
/home/jakob/Documents/abstracton/benchmarks/dodo/token-passing.json
f
notoken
systemd-run --user --scope -p MemoryMax=32G -p MemorySwapMax=7G timeout 1200 /home/jakob/Documents/abstracton/benchmarks/../build_release/benchmarks/solve_dodo -i f -p notoken /home/jakob/Documents/abstracton/benchmarks/dodo/token-passing.json --measure-time --no-dot-printing --universality-alg antichains-inclusion --ind-alg project
Running as unit: run-p2090704-i2090676.scope; invocation ID: 3f3b02403f14452c8f3ad14ad15ccd40
Time needed for parsing json file: 810[µs]
alphabet size: 2
using Flow interpretation
Time needed for constructing Flow interpretation transducer: 216[µs]
computing ind...
Time needed for computing composition v_delta of abstraction framework and transition relation: 389[µs]
Time needed for reducing V o ->: 392[µs]
Time needed for computing complement v_complement of abstraction framework: 77[µs]
Time needed for minimizing complement(V): 76[µs]
Time needed for computing intersection 'preprojection' of v_delta and v_complement: 41[µs]
Time needed for computing complement of ind (i.e. projecting preprojection onto first tape): 105[µs]
Time needed for minimizing projection: 409[µs]
Time needed for computing ind: 69[µs]
Time needed for minimizing ind: 94[µs]
Time needed for computing ind (total): 1753[µs]
automaton for ind has 16 states.
...done.
computing complement of preach...
Time needed for constructing identity on ind: 52[µs]
Time needed for computing product v_id of abstraction framework with identity on ind: 1885[µs]
Time needed for computing product of v_id with complement of abstraction framework: 5041[µs]
Time needed for computing complement of preach: 7173[µs]
automaton for complement of preach has 542 states.
...of which, 78 states are at level 0.
Time needed for trimming complement of preach: 125[µs]
...done.
trying to prove abstract safety...
Time needed for constructing transducer for unsafe property: 1[µs]
Time needed for constructing transducer for (initial, unsafe) pairs: 27[µs]
Time needed for constructing transducer for complement of (initial, unsafe) pairs: 35[µs]
Time needed for building union of complements of preach and (initial, unsafe)-transducer: 236[µs]
Time needed for checking universality using antichains-inclusion algorithm: 884[µs]
Time needed for checking abstract safety: 1283[µs]
...done.
Result: [1]
This means that the following properties could be separated from the initial configurations:
	[notoken]
While the following properties could not be separated from the initial configurations:
	[]

real	0m0,052s
user	0m0,016s
sys	0m0,018s
********************
61 of 61
/home/jakob/Documents/abstracton/benchmarks/dodo/token-passing.json
t
manytoken
systemd-run --user --scope -p MemoryMax=32G -p MemorySwapMax=7G timeout 1200 /home/jakob/Documents/abstracton/benchmarks/../build_release/benchmarks/solve_dodo -i t -p manytoken /home/jakob/Documents/abstracton/benchmarks/dodo/token-passing.json --measure-time --no-dot-printing --universality-alg antichains-inclusion --ind-alg project
Running as unit: run-p2090712-i2098952.scope; invocation ID: 8bc4ed635e894f31b0cedf347f25fabe
Time needed for parsing json file: 856[µs]
alphabet size: 2
using Trap interpretation
Time needed for constructing Trap interpretation transducer: 203[µs]
computing ind...
Time needed for computing composition v_delta of abstraction framework and transition relation: 342[µs]
Time needed for reducing V o ->: 297[µs]
Time needed for computing complement v_complement of abstraction framework: 67[µs]
Time needed for minimizing complement(V): 39[µs]
Time needed for computing intersection 'preprojection' of v_delta and v_complement: 19[µs]
Time needed for computing complement of ind (i.e. projecting preprojection onto first tape): 44[µs]
Time needed for minimizing projection: 55[µs]
Time needed for computing ind: 27[µs]
Time needed for minimizing ind: 40[µs]
Time needed for computing ind (total): 1015[µs]
automaton for ind has 6 states.
...done.
computing complement of preach...
Time needed for constructing identity on ind: 19[µs]
Time needed for computing product v_id of abstraction framework with identity on ind: 789[µs]
Time needed for computing product of v_id with complement of abstraction framework: 1797[µs]
Time needed for computing complement of preach: 2732[µs]
automaton for complement of preach has 70 states.
...of which, 10 states are at level 0.
Time needed for trimming complement of preach: 24[µs]
...done.
trying to prove abstract safety...
Time needed for constructing transducer for unsafe property: 1[µs]
Time needed for constructing transducer for (initial, unsafe) pairs: 38[µs]
Time needed for constructing transducer for complement of (initial, unsafe) pairs: 53[µs]
Time needed for building union of complements of preach and (initial, unsafe)-transducer: 62[µs]
Time needed for checking universality using antichains-inclusion algorithm: 166[µs]
Time needed for checking abstract safety: 377[µs]
...done.
Result: [1]
This means that the following properties could be separated from the initial configurations:
	[manytoken]
While the following properties could not be separated from the initial configurations:
	[]

real	0m0,043s
user	0m0,014s
sys	0m0,013s
********************
/home/jakob/Documents/abstracton/benchmarks/dodo/token-passing.json
s
manytoken
systemd-run --user --scope -p MemoryMax=32G -p MemorySwapMax=7G timeout 1200 /home/jakob/Documents/abstracton/benchmarks/../build_release/benchmarks/solve_dodo -i s -p manytoken /home/jakob/Documents/abstracton/benchmarks/dodo/token-passing.json --measure-time --no-dot-printing --universality-alg antichains-inclusion --ind-alg project
Running as unit: run-p2090714-i2098953.scope; invocation ID: a029b83f22044cc8b97be44f2adb1af2
Time needed for parsing json file: 815[µs]
alphabet size: 2
using Siphon interpretation
Time needed for constructing Siphon interpretation transducer: 174[µs]
computing ind...
Time needed for computing composition v_delta of abstraction framework and transition relation: 207[µs]
Time needed for reducing V o ->: 162[µs]
Time needed for computing complement v_complement of abstraction framework: 49[µs]
Time needed for minimizing complement(V): 49[µs]
Time needed for computing intersection 'preprojection' of v_delta and v_complement: 13[µs]
Time needed for computing complement of ind (i.e. projecting preprojection onto first tape): 34[µs]
Time needed for minimizing projection: 55[µs]
Time needed for computing ind: 28[µs]
Time needed for minimizing ind: 41[µs]
Time needed for computing ind (total): 713[µs]
automaton for ind has 6 states.
...done.
computing complement of preach...
Time needed for constructing identity on ind: 28[µs]
Time needed for computing product v_id of abstraction framework with identity on ind: 480[µs]
Time needed for computing product of v_id with complement of abstraction framework: 683[µs]
Time needed for computing complement of preach: 1287[µs]
automaton for complement of preach has 60 states.
...of which, 12 states are at level 0.
Time needed for trimming complement of preach: 37[µs]
...done.
trying to prove abstract safety...
Time needed for constructing transducer for unsafe property: 2[µs]
Time needed for constructing transducer for (initial, unsafe) pairs: 42[µs]
Time needed for constructing transducer for complement of (initial, unsafe) pairs: 57[µs]
Time needed for building union of complements of preach and (initial, unsafe)-transducer: 66[µs]
Time needed for checking universality using antichains-inclusion algorithm: 158[µs]
Time needed for checking abstract safety: 384[µs]
...done.
Result: [0]
This means that the following properties could be separated from the initial configurations:
	[]
While the following properties could not be separated from the initial configurations:
	[manytoken]

real	0m0,050s
user	0m0,010s
sys	0m0,016s
********************
/home/jakob/Documents/abstracton/benchmarks/dodo/token-passing.json
f
manytoken
systemd-run --user --scope -p MemoryMax=32G -p MemorySwapMax=7G timeout 1200 /home/jakob/Documents/abstracton/benchmarks/../build_release/benchmarks/solve_dodo -i f -p manytoken /home/jakob/Documents/abstracton/benchmarks/dodo/token-passing.json --measure-time --no-dot-printing --universality-alg antichains-inclusion --ind-alg project
Running as unit: run-p2090716-i2098954.scope; invocation ID: 3ba7e5b021f14f458273c51d43220db4
Time needed for parsing json file: 823[µs]
alphabet size: 2
using Flow interpretation
Time needed for constructing Flow interpretation transducer: 196[µs]
computing ind...
Time needed for computing composition v_delta of abstraction framework and transition relation: 381[µs]
Time needed for reducing V o ->: 353[µs]
Time needed for computing complement v_complement of abstraction framework: 78[µs]
Time needed for minimizing complement(V): 74[µs]
Time needed for computing intersection 'preprojection' of v_delta and v_complement: 41[µs]
Time needed for computing complement of ind (i.e. projecting preprojection onto first tape): 103[µs]
Time needed for minimizing projection: 424[µs]
Time needed for computing ind: 68[µs]
Time needed for minimizing ind: 95[µs]
Time needed for computing ind (total): 1732[µs]
automaton for ind has 16 states.
...done.
computing complement of preach...
Time needed for constructing identity on ind: 51[µs]
Time needed for computing product v_id of abstraction framework with identity on ind: 1947[µs]
Time needed for computing product of v_id with complement of abstraction framework: 5188[µs]
Time needed for computing complement of preach: 7384[µs]
automaton for complement of preach has 542 states.
...of which, 78 states are at level 0.
Time needed for trimming complement of preach: 128[µs]
...done.
trying to prove abstract safety...
Time needed for constructing transducer for unsafe property: 1[µs]
Time needed for constructing transducer for (initial, unsafe) pairs: 30[µs]
Time needed for constructing transducer for complement of (initial, unsafe) pairs: 42[µs]
Time needed for building union of complements of preach and (initial, unsafe)-transducer: 245[µs]
Time needed for checking universality using antichains-inclusion algorithm: 860[µs]
Time needed for checking abstract safety: 1280[µs]
...done.
Result: [1]
This means that the following properties could be separated from the initial configurations:
	[manytoken]
While the following properties could not be separated from the initial configurations:
	[]

real	0m0,051s
user	0m0,014s
sys	0m0,020s
********************
