0 of 61
/home/jakob/Documents/abstracton/benchmarks/dodo/Berkeley.json
t
exclusiveexclusive
Running as unit: run-r2d38d89efaba4d23b3d9699943bf04c9.scope; invocation ID: 4b65fbd17ab64ead966506025a74fa8a
Time needed for parsing json file: 2238[µs]
alphabet size: 4
using Trap interpretation
Time needed for constructing Trap interpretation transducer: 2346[µs]
computing ind...
Time needed for constructing complement of ind: 4534[µs]
Time needed for computing ind: 155809[µs]
Time needed for minimizing ind: 15679[µs]
Time needed for computing ind (total): 176130[µs]
automaton for ind has 10 states.
...done.
computing complement of preach...
Time needed for constructing identity on ind: 367[µs]
Time needed for computing product v_id of abstraction framework with identity on ind: 16066[µs]
Time needed for computing product of v_id with complement of abstraction framework: 63538[µs]
Time needed for computing complement of preach: 81402[µs]
automaton for complement of preach has 462 states.
...of which, 14 states are at level 0.
Time needed for trimming complement of preach: 1029[µs]
...done.
trying to prove abstract safety...
Time needed for constructing transducer for unsafe property: 6[µs]
Time needed for constructing transducer for (initial, unsafe) pairs: 156[µs]
Time needed for constructing transducer for complement of (initial, unsafe) pairs: 322[µs]
Time needed for building union of complements of preach and (initial, unsafe)-transducer: 385[µs]
Time needed for checking universality using lazy-bfs algorithm: 560[µs]
Time needed for checking abstract safety: 1542[µs]
...done.
Result: [0]
This means that the following properties could be separated from the initial configurations:
	[]
While the following properties could not be separated from the initial configurations:
	[exclusiveexclusive]

real	0m0,290s
user	0m0,256s
sys	0m0,023s
********************
/home/jakob/Documents/abstracton/benchmarks/dodo/Berkeley.json
s
exclusiveexclusive
Running as unit: run-r65bbe2c932b1429b86bc597b71c144e0.scope; invocation ID: f2b9990f01f441809d7db45e270f4584
Time needed for parsing json file: 10985[µs]
alphabet size: 4
using Siphon interpretation
Time needed for constructing Siphon interpretation transducer: 949[µs]
computing ind...
Time needed for constructing complement of ind: 2169[µs]
Time needed for computing ind: 25426[µs]
Time needed for minimizing ind: 7302[µs]
Time needed for computing ind (total): 34977[µs]
automaton for ind has 5 states.
...done.
computing complement of preach...
Time needed for constructing identity on ind: 213[µs]
Time needed for computing product v_id of abstraction framework with identity on ind: 2875[µs]
Time needed for computing product of v_id with complement of abstraction framework: 704[µs]
Time needed for computing complement of preach: 4616[µs]
automaton for complement of preach has 5 states.
...of which, 2 states are at level 0.
Time needed for trimming complement of preach: 18[µs]
...done.
trying to prove abstract safety...
Time needed for constructing transducer for unsafe property: 5[µs]
Time needed for constructing transducer for (initial, unsafe) pairs: 145[µs]
Time needed for constructing transducer for complement of (initial, unsafe) pairs: 322[µs]
Time needed for building union of complements of preach and (initial, unsafe)-transducer: 53[µs]
Time needed for checking universality using lazy-bfs algorithm: 86[µs]
Time needed for checking abstract safety: 664[µs]
...done.
Result: [0]
This means that the following properties could be separated from the initial configurations:
        []
While the following properties could not be separated from the initial configurations:
        [exclusiveexclusive]

real    0m0,080s
user    0m0,048s
sys     0m0,009s
********************
/home/jakob/Documents/abstracton/benchmarks/dodo/Berkeley.json
f
exclusiveexclusive
Running as unit: run-ra9a3ba8a1fc0426a81581ad5244b4108.scope; invocation ID: 1f15026f3e2b4edba05b50e0b68061d6
Time needed for parsing json file: 2118[µs]
alphabet size: 4
using Flow interpretation
Time needed for constructing Flow interpretation transducer: 1989[µs]
computing ind...
Time needed for constructing complement of ind: 5000[µs]
Time needed for computing ind: 891148[µs]
Time needed for minimizing ind: 87304[µs]
Time needed for computing ind (total): 983556[µs]
automaton for ind has 7 states.
...done.
computing complement of preach...
Time needed for constructing identity on ind: 261[µs]
Time needed for computing product v_id of abstraction framework with identity on ind: 4801[µs]
Time needed for computing product of v_id with complement of abstraction framework: 1158[µs]
Time needed for computing complement of preach: 7507[µs]
automaton for complement of preach has 5 states.
...of which, 2 states are at level 0.
Time needed for trimming complement of preach: 30[µs]
...done.
trying to prove abstract safety...
Time needed for constructing transducer for unsafe property: 5[µs]
Time needed for constructing transducer for (initial, unsafe) pairs: 131[µs]
Time needed for constructing transducer for complement of (initial, unsafe) pairs: 299[µs]
Time needed for building union of complements of preach and (initial, unsafe)-transducer: 49[µs]
Time needed for checking universality using lazy-bfs algorithm: 69[µs]
Time needed for checking abstract safety: 600[µs]
...done.
Result: [0]
This means that the following properties could be separated from the initial configurations:
        []
While the following properties could not be separated from the initial configurations:
        [exclusiveexclusive]

real    0m1,022s
user    0m0,995s
sys     0m0,014s
********************
1 of 61
/home/jakob/Documents/abstracton/benchmarks/dodo/Berkeley.json
t
exclusiveunowned
Running as unit: run-ra12f0edab3204a72a27a94ec5cceaddc.scope; invocation ID: bd9d0db0ec9648e88c74eb731656afed
Time needed for parsing json file: 2957[µs]
alphabet size: 4
using Trap interpretation
Time needed for constructing Trap interpretation transducer: 2870[µs]
computing ind...
Time needed for constructing complement of ind: 4464[µs]
Time needed for computing ind: 152444[µs]
Time needed for minimizing ind: 15636[µs]
Time needed for computing ind (total): 172848[µs]
automaton for ind has 10 states.
...done.
computing complement of preach...
Time needed for constructing identity on ind: 367[µs]
Time needed for computing product v_id of abstraction framework with identity on ind: 15910[µs]
Time needed for computing product of v_id with complement of abstraction framework: 61182[µs]
Time needed for computing complement of preach: 78993[µs]
automaton for complement of preach has 462 states.
...of which, 14 states are at level 0.
Time needed for trimming complement of preach: 990[µs]
...done.
trying to prove abstract safety...
Time needed for constructing transducer for unsafe property: 7[µs]
Time needed for constructing transducer for (initial, unsafe) pairs: 196[µs]
Time needed for constructing transducer for complement of (initial, unsafe) pairs: 407[µs]
Time needed for building union of complements of preach and (initial, unsafe)-transducer: 350[µs]
Time needed for checking universality using lazy-bfs algorithm: 3571[µs]
Time needed for checking abstract safety: 4649[µs]
...done.
Result: [1]
This means that the following properties could be separated from the initial configurations:
	[exclusiveunowned]
While the following properties could not be separated from the initial configurations:
	[]

real	0m0,291s
user	0m0,259s
sys	0m0,017s
********************
/home/jakob/Documents/abstracton/benchmarks/dodo/Berkeley.json
s
exclusiveunowned
Running as unit: run-r3edac1e2e47a43f29b4741fb74d380f4.scope; invocation ID: 3be6e3097c7041cb908bb35d669b87a1
Time needed for parsing json file: 2035[µs]
alphabet size: 4
using Siphon interpretation
Time needed for constructing Siphon interpretation transducer: 942[µs]
computing ind...
Time needed for constructing complement of ind: 1557[µs]
Time needed for computing ind: 25051[µs]
Time needed for minimizing ind: 7474[µs]
Time needed for computing ind (total): 34146[µs]
automaton for ind has 5 states.
...done.
computing complement of preach...
Time needed for constructing identity on ind: 201[µs]
Time needed for computing product v_id of abstraction framework with identity on ind: 2743[µs]
Time needed for computing product of v_id with complement of abstraction framework: 690[µs]
Time needed for computing complement of preach: 4392[µs]
automaton for complement of preach has 5 states.
...of which, 2 states are at level 0.
Time needed for trimming complement of preach: 18[µs]
...done.
trying to prove abstract safety...
Time needed for constructing transducer for unsafe property: 7[µs]
Time needed for constructing transducer for (initial, unsafe) pairs: 163[µs]
Time needed for constructing transducer for complement of (initial, unsafe) pairs: 379[µs]
Time needed for building union of complements of preach and (initial, unsafe)-transducer: 62[µs]
Time needed for checking universality using lazy-bfs algorithm: 68[µs]
Time needed for checking abstract safety: 732[µs]
...done.
Result: [0]
This means that the following properties could be separated from the initial configurations:
        []
While the following properties could not be separated from the initial configurations:
        [exclusiveunowned]

real    0m0,071s
user    0m0,041s
sys     0m0,014s
********************
/home/jakob/Documents/abstracton/benchmarks/dodo/Berkeley.json
f
exclusiveunowned
Running as unit: run-r5ddd158e4786441e81f209f981574132.scope; invocation ID: d6f9243a2c404636a740b6d7f97588fb
Time needed for parsing json file: 2125[µs]
alphabet size: 4
using Flow interpretation
Time needed for constructing Flow interpretation transducer: 2028[µs]
computing ind...
Time needed for constructing complement of ind: 4939[µs]
Time needed for computing ind: 897616[µs]
Time needed for minimizing ind: 83281[µs]
Time needed for computing ind (total): 985944[µs]
automaton for ind has 7 states.
...done.
computing complement of preach...
Time needed for constructing identity on ind: 261[µs]
Time needed for computing product v_id of abstraction framework with identity on ind: 4752[µs]
Time needed for computing product of v_id with complement of abstraction framework: 1164[µs]
Time needed for computing complement of preach: 7510[µs]
automaton for complement of preach has 5 states.
...of which, 2 states are at level 0.
Time needed for trimming complement of preach: 29[µs]
...done.
trying to prove abstract safety...
Time needed for constructing transducer for unsafe property: 6[µs]
Time needed for constructing transducer for (initial, unsafe) pairs: 153[µs]
Time needed for constructing transducer for complement of (initial, unsafe) pairs: 367[µs]
Time needed for building union of complements of preach and (initial, unsafe)-transducer: 83[µs]
Time needed for checking universality using lazy-bfs algorithm: 70[µs]
Time needed for checking abstract safety: 745[µs]
...done.
Result: [0]
This means that the following properties could be separated from the initial configurations:
        []
While the following properties could not be separated from the initial configurations:
        [exclusiveunowned]

real    0m1,031s
user    0m0,999s
sys     0m0,013s
********************
2 of 61
/home/jakob/Documents/abstracton/benchmarks/dodo/Berkeley.json
t
exclusivenonexclusive
Running as unit: run-r4fa7b3a157424a39a4a6b9d5c632f63e.scope; invocation ID: 3e15f29a6510436dacd01cf13eb220a3
Time needed for parsing json file: 2542[µs]
alphabet size: 4
using Trap interpretation
Time needed for constructing Trap interpretation transducer: 2607[µs]
computing ind...
Time needed for constructing complement of ind: 4270[µs]
Time needed for computing ind: 148484[µs]
Time needed for minimizing ind: 14936[µs]
Time needed for computing ind (total): 168008[µs]
automaton for ind has 10 states.
...done.
computing complement of preach...
Time needed for constructing identity on ind: 334[µs]
Time needed for computing product v_id of abstraction framework with identity on ind: 15272[µs]
Time needed for computing product of v_id with complement of abstraction framework: 60915[µs]
Time needed for computing complement of preach: 78006[µs]
automaton for complement of preach has 462 states.
...of which, 14 states are at level 0.
Time needed for trimming complement of preach: 1056[µs]
...done.
trying to prove abstract safety...
Time needed for constructing transducer for unsafe property: 8[µs]
Time needed for constructing transducer for (initial, unsafe) pairs: 183[µs]
Time needed for constructing transducer for complement of (initial, unsafe) pairs: 384[µs]
Time needed for building union of complements of preach and (initial, unsafe)-transducer: 351[µs]
Time needed for checking universality using lazy-bfs algorithm: 3820[µs]
Time needed for checking abstract safety: 4883[µs]
...done.
Result: [1]
This means that the following properties could be separated from the initial configurations:
	[exclusivenonexclusive]
While the following properties could not be separated from the initial configurations:
	[]

real	0m0,281s
user	0m0,247s
sys	0m0,022s
********************
/home/jakob/Documents/abstracton/benchmarks/dodo/Berkeley.json
s
exclusivenonexclusive
Running as unit: run-r1210b923d5254be689b187e96f505699.scope; invocation ID: c0381e42796d4a08845dd34ce85c58e8
Time needed for parsing json file: 2424[µs]
alphabet size: 4
using Siphon interpretation
Time needed for constructing Siphon interpretation transducer: 1010[µs]
computing ind...
Time needed for constructing complement of ind: 1708[µs]
Time needed for computing ind: 28378[µs]
Time needed for minimizing ind: 7554[µs]
Time needed for computing ind (total): 37713[µs]
automaton for ind has 5 states.
...done.
computing complement of preach...
Time needed for constructing identity on ind: 211[µs]
Time needed for computing product v_id of abstraction framework with identity on ind: 2995[µs]
Time needed for computing product of v_id with complement of abstraction framework: 739[µs]
Time needed for computing complement of preach: 4777[µs]
automaton for complement of preach has 5 states.
...of which, 2 states are at level 0.
Time needed for trimming complement of preach: 33[µs]
...done.
trying to prove abstract safety...
Time needed for constructing transducer for unsafe property: 11[µs]
Time needed for constructing transducer for (initial, unsafe) pairs: 198[µs]
Time needed for constructing transducer for complement of (initial, unsafe) pairs: 405[µs]
Time needed for building union of complements of preach and (initial, unsafe)-transducer: 95[µs]
Time needed for checking universality using lazy-bfs algorithm: 88[µs]
Time needed for checking abstract safety: 868[µs]
...done.
Result: [0]
This means that the following properties could be separated from the initial configurations:
        []
While the following properties could not be separated from the initial configurations:
        [exclusivenonexclusive]

real    0m0,073s
user    0m0,051s
sys     0m0,009s
********************
/home/jakob/Documents/abstracton/benchmarks/dodo/Berkeley.json
f
exclusivenonexclusive
Running as unit: run-rbf0b8ef434c4439f842e8dc0c4718006.scope; invocation ID: 992617bb38eb4da38ac4775d5764be7a
Time needed for parsing json file: 2012[µs]
alphabet size: 4
using Flow interpretation
Time needed for constructing Flow interpretation transducer: 2157[µs]
computing ind...
Time needed for constructing complement of ind: 4908[µs]
Time needed for computing ind: 887639[µs]
Time needed for minimizing ind: 82830[µs]
Time needed for computing ind (total): 975484[µs]
automaton for ind has 7 states.
...done.
computing complement of preach...
Time needed for constructing identity on ind: 246[µs]
Time needed for computing product v_id of abstraction framework with identity on ind: 4823[µs]
Time needed for computing product of v_id with complement of abstraction framework: 1154[µs]
Time needed for computing complement of preach: 7559[µs]
automaton for complement of preach has 5 states.
...of which, 2 states are at level 0.
Time needed for trimming complement of preach: 28[µs]
...done.
trying to prove abstract safety...
Time needed for constructing transducer for unsafe property: 6[µs]
Time needed for constructing transducer for (initial, unsafe) pairs: 146[µs]
Time needed for constructing transducer for complement of (initial, unsafe) pairs: 367[µs]
Time needed for building union of complements of preach and (initial, unsafe)-transducer: 58[µs]
Time needed for checking universality using lazy-bfs algorithm: 61[µs]
Time needed for checking abstract safety: 705[µs]
...done.
Result: [0]
This means that the following properties could be separated from the initial configurations:
        []
While the following properties could not be separated from the initial configurations:
        [exclusivenonexclusive]

real    0m1,017s
user    0m0,988s
sys     0m0,014s
********************
3 of 61
/home/jakob/Documents/abstracton/benchmarks/dodo/Berkeley.json
t
deadlock
Running as unit: run-r52e950b2240143f3ac949a80f73c6243.scope; invocation ID: 445eb928d97744dfbe320e420371ed44
Time needed for parsing json file: 2534[µs]
alphabet size: 4
using Trap interpretation
Time needed for constructing Trap interpretation transducer: 2792[µs]
computing ind...
Time needed for constructing complement of ind: 4198[µs]
Time needed for computing ind: 147982[µs]
Time needed for minimizing ind: 15749[µs]
Time needed for computing ind (total): 168208[µs]
automaton for ind has 10 states.
...done.
computing complement of preach...
Time needed for constructing identity on ind: 366[µs]
Time needed for computing product v_id of abstraction framework with identity on ind: 15751[µs]
Time needed for computing product of v_id with complement of abstraction framework: 64816[µs]
Time needed for computing complement of preach: 82425[µs]
automaton for complement of preach has 462 states.
...of which, 14 states are at level 0.
Time needed for trimming complement of preach: 1044[µs]
...done.
trying to prove abstract safety...
Time needed for constructing transducer for unsafe property: 12[µs]
Time needed for constructing transducer for (initial, unsafe) pairs: 158[µs]
Time needed for constructing transducer for complement of (initial, unsafe) pairs: 39[µs]
Time needed for building union of complements of preach and (initial, unsafe)-transducer: 280[µs]
Time needed for checking universality using lazy-bfs algorithm: 3493[µs]
Time needed for checking abstract safety: 4083[µs]
...done.
Result: [1]
This means that the following properties could be separated from the initial configurations:
	[deadlock]
While the following properties could not be separated from the initial configurations:
	[]

real	0m0,290s
user	0m0,255s
sys	0m0,019s
********************
/home/jakob/Documents/abstracton/benchmarks/dodo/Berkeley.json
s
deadlock
Running as unit: run-r468ec72b85984df88e46b19523bce9cc.scope; invocation ID: dffe45362dc34cf698e9dce2524fb6e4
Time needed for parsing json file: 1881[µs]
alphabet size: 4
using Siphon interpretation
Time needed for constructing Siphon interpretation transducer: 891[µs]
computing ind...
Time needed for constructing complement of ind: 1410[µs]
Time needed for computing ind: 21953[µs]
Time needed for minimizing ind: 6621[µs]
Time needed for computing ind (total): 30041[µs]
automaton for ind has 5 states.
...done.
computing complement of preach...
Time needed for constructing identity on ind: 186[µs]
Time needed for computing product v_id of abstraction framework with identity on ind: 2506[µs]
Time needed for computing product of v_id with complement of abstraction framework: 636[µs]
Time needed for computing complement of preach: 4052[µs]
automaton for complement of preach has 5 states.
...of which, 2 states are at level 0.
Time needed for trimming complement of preach: 19[µs]
...done.
trying to prove abstract safety...
Time needed for constructing transducer for unsafe property: 12[µs]
Time needed for constructing transducer for (initial, unsafe) pairs: 133[µs]
Time needed for constructing transducer for complement of (initial, unsafe) pairs: 36[µs]
Time needed for building union of complements of preach and (initial, unsafe)-transducer: 27[µs]
Time needed for checking universality using lazy-bfs algorithm: 42[µs]
Time needed for checking abstract safety: 299[µs]
...done.
Result: [1]
This means that the following properties could be separated from the initial configurations:
	[deadlock]
While the following properties could not be separated from the initial configurations:
	[]

real	0m0,058s
user	0m0,040s
sys	0m0,008s
********************
/home/jakob/Documents/abstracton/benchmarks/dodo/Berkeley.json
f
deadlock
Running as unit: run-r41d6aa7930394309b67be4e4cb091167.scope; invocation ID: 436967f45d2047868176fa2ca138b27b
Time needed for parsing json file: 1764[µs]
alphabet size: 4
using Flow interpretation
Time needed for constructing Flow interpretation transducer: 1833[µs]
computing ind...
Time needed for constructing complement of ind: 4464[µs]
Time needed for computing ind: 874780[µs]
Time needed for minimizing ind: 81314[µs]
Time needed for computing ind (total): 960702[µs]
automaton for ind has 7 states.
...done.
computing complement of preach...
Time needed for constructing identity on ind: 246[µs]
Time needed for computing product v_id of abstraction framework with identity on ind: 4831[µs]
Time needed for computing product of v_id with complement of abstraction framework: 1162[µs]
Time needed for computing complement of preach: 7585[µs]
automaton for complement of preach has 5 states.
...of which, 2 states are at level 0.
Time needed for trimming complement of preach: 31[µs]
...done.
trying to prove abstract safety...
Time needed for constructing transducer for unsafe property: 14[µs]
Time needed for constructing transducer for (initial, unsafe) pairs: 127[µs]
Time needed for constructing transducer for complement of (initial, unsafe) pairs: 35[µs]
Time needed for building union of complements of preach and (initial, unsafe)-transducer: 31[µs]
Time needed for checking universality using lazy-bfs algorithm: 43[µs]
Time needed for checking abstract safety: 298[µs]
...done.
Result: [1]
This means that the following properties could be separated from the initial configurations:
	[deadlock]
While the following properties could not be separated from the initial configurations:
	[]

real	0m1,000s
user	0m0,973s
sys	0m0,009s
********************
4 of 61
/home/jakob/Documents/abstracton/benchmarks/dodo/Burns.json
t
nomutex
Running as unit: run-rf788ef8b979b412c9c8caf62cf5786c7.scope; invocation ID: 2280dd6f63a0488aa87ee30eb182c998
Time needed for parsing json file: 2022[µs]
alphabet size: 6
using Trap interpretation
Time needed for constructing Trap interpretation transducer: 11498[µs]
computing ind...
Time needed for constructing complement of ind: 10266[µs]
Time needed for computing ind: 169907[µs]
Time needed for minimizing ind: 26809[µs]
Time needed for computing ind (total): 207103[µs]
automaton for ind has 7 states.
...done.
computing complement of preach...
Time needed for constructing identity on ind: 956[µs]
Time needed for computing product v_id of abstraction framework with identity on ind: 61882[µs]
Time needed for computing product of v_id with complement of abstraction framework: 293728[µs]
Time needed for computing complement of preach: 361664[µs]
automaton for complement of preach has 410 states.
...of which, 8 states are at level 0.
Time needed for trimming complement of preach: 1288[µs]
...done.
trying to prove abstract safety...
Time needed for constructing transducer for unsafe property: 7[µs]
Time needed for constructing transducer for (initial, unsafe) pairs: 212[µs]
Time needed for constructing transducer for complement of (initial, unsafe) pairs: 373[µs]
Time needed for building union of complements of preach and (initial, unsafe)-transducer: 426[µs]
Time needed for checking universality using lazy-bfs algorithm: 2376[µs]
Time needed for checking abstract safety: 3556[µs]
...done.
Result: [1]
This means that the following properties could be separated from the initial configurations:
	[nomutex]
While the following properties could not be separated from the initial configurations:
	[]

real	0m0,618s
user	0m0,544s
sys	0m0,060s
********************
/home/jakob/Documents/abstracton/benchmarks/dodo/Burns.json
s
nomutex
Time needed for parsing json file: 10346[µs]
alphabet size: 6
using Siphon interpretation
Time needed for constructing Siphon interpretation transducer: 5388[µs]
computing ind...
Time needed for constructing complement of ind: 4237[µs]
Time needed for computing ind: 18434[µs]
Time needed for minimizing ind: 8203[µs]
Time needed for computing ind (total): 30961[µs]
automaton for ind has 3 states.
...done.
computing complement of preach...
Time needed for constructing identity on ind: 516[µs]
Time needed for computing product v_id of abstraction framework with identity on ind: 8061[µs]
Time needed for computing product of v_id with complement of abstraction framework: 894[µs]
Time needed for computing complement of preach: 12213[µs]
automaton for complement of preach has 0 states.
...of which, 0 states are at level 0.
Time needed for trimming complement of preach: 4[µs]
...done.
trying to prove abstract safety...
Time needed for constructing transducer for unsafe property: 10[µs]
Time needed for constructing transducer for (initial, unsafe) pairs: 164[µs]
Time needed for constructing transducer for complement of (initial, unsafe) pairs: 467[µs]
Time needed for building union of complements of preach and (initial, unsafe)-transducer: 85[µs]
Time needed for checking universality using lazy-bfs algorithm: 70[µs]
Time needed for checking abstract safety: 852[µs]
...done.
Result: [0]
This means that the following properties could be separated from the initial configurations:
        []
While the following properties could not be separated from the initial configurations:
        [nomutex]

real    0m0,087s
user    0m0,054s
sys     0m0,011s
********************
/home/jakob/Documents/abstracton/benchmarks/dodo/Burns.json
f
nomutex
Time needed for parsing json file: 1581[µs]
alphabet size: 6
using Flow interpretation
Time needed for constructing Flow interpretation transducer: 10681[µs]
computing ind...
Time needed for constructing complement of ind: 10634[µs]
Time needed for computing ind: 475979[µs]
Time needed for minimizing ind: 76809[µs]
Time needed for computing ind (total): 563526[µs]
automaton for ind has 5 states.
...done.
computing complement of preach...
Time needed for constructing identity on ind: 706[µs]
Time needed for computing product v_id of abstraction framework with identity on ind: 21531[µs]
Time needed for computing product of v_id with complement of abstraction framework: 1889[µs]
Time needed for computing complement of preach: 30779[µs]
automaton for complement of preach has 0 states.
...of which, 0 states are at level 0.
Time needed for trimming complement of preach: 7[µs]
...done.
trying to prove abstract safety...
Time needed for constructing transducer for unsafe property: 6[µs]
Time needed for constructing transducer for (initial, unsafe) pairs: 220[µs]
Time needed for constructing transducer for complement of (initial, unsafe) pairs: 392[µs]
Time needed for building union of complements of preach and (initial, unsafe)-transducer: 65[µs]
Time needed for checking universality using lazy-bfs algorithm: 47[µs]
Time needed for checking abstract safety: 787[µs]
...done.
Result: [0]
This means that the following properties could be separated from the initial configurations:
        []
While the following properties could not be separated from the initial configurations:
        [nomutex]

real    0m0,634s
user    0m0,607s
sys     0m0,015s
********************
5 of 61
/home/jakob/Documents/abstracton/benchmarks/dodo/Burns.json
t
deadlock
Running as unit: run-r9a76d41bdec9450bb10dd4c3e3c48a4f.scope; invocation ID: df966dcc3a0a49408b5bc46dba37123e
Time needed for parsing json file: 2289[µs]
alphabet size: 6
using Trap interpretation
Time needed for constructing Trap interpretation transducer: 12754[µs]
computing ind...
Time needed for constructing complement of ind: 10983[µs]
Time needed for computing ind: 175643[µs]
Time needed for minimizing ind: 26856[µs]
Time needed for computing ind (total): 213956[µs]
automaton for ind has 7 states.
...done.
computing complement of preach...
Time needed for constructing identity on ind: 946[µs]
Time needed for computing product v_id of abstraction framework with identity on ind: 63925[µs]
Time needed for computing product of v_id with complement of abstraction framework: 287898[µs]
Time needed for computing complement of preach: 357782[µs]
automaton for complement of preach has 410 states.
...of which, 8 states are at level 0.
Time needed for trimming complement of preach: 1248[µs]
...done.
trying to prove abstract safety...
Time needed for constructing transducer for unsafe property: 13[µs]
Time needed for constructing transducer for (initial, unsafe) pairs: 168[µs]
Time needed for constructing transducer for complement of (initial, unsafe) pairs: 50[µs]
Time needed for building union of complements of preach and (initial, unsafe)-transducer: 404[µs]
Time needed for checking universality using lazy-bfs algorithm: 2252[µs]
Time needed for checking abstract safety: 3039[µs]
...done.
Result: [1]
This means that the following properties could be separated from the initial configurations:
	[deadlock]
While the following properties could not be separated from the initial configurations:
	[]

real	0m0,627s
user	0m0,563s
sys	0m0,046s
********************
/home/jakob/Documents/abstracton/benchmarks/dodo/Burns.json
s
deadlock
Running as unit: run-rf2d311c970e2477cabb268c614bb0a31.scope; invocation ID: 24cf27c3cb9c418a92887bf5d6a5f84d
Time needed for parsing json file: 1582[µs]
alphabet size: 6
using Siphon interpretation
Time needed for constructing Siphon interpretation transducer: 4024[µs]
computing ind...
Time needed for constructing complement of ind: 4304[µs]
Time needed for computing ind: 16018[µs]
Time needed for minimizing ind: 6933[µs]
Time needed for computing ind (total): 27317[µs]
automaton for ind has 3 states.
...done.
computing complement of preach...
Time needed for constructing identity on ind: 501[µs]
Time needed for computing product v_id of abstraction framework with identity on ind: 7956[µs]
Time needed for computing product of v_id with complement of abstraction framework: 887[µs]
Time needed for computing complement of preach: 11944[µs]
automaton for complement of preach has 0 states.
...of which, 0 states are at level 0.
Time needed for trimming complement of preach: 4[µs]
...done.
trying to prove abstract safety...
Time needed for constructing transducer for unsafe property: 8[µs]
Time needed for constructing transducer for (initial, unsafe) pairs: 119[µs]
Time needed for constructing transducer for complement of (initial, unsafe) pairs: 39[µs]
Time needed for building union of complements of preach and (initial, unsafe)-transducer: 32[µs]
Time needed for checking universality using lazy-bfs algorithm: 28[µs]
Time needed for checking abstract safety: 274[µs]
...done.
Result: [1]
This means that the following properties could be separated from the initial configurations:
	[deadlock]
While the following properties could not be separated from the initial configurations:
	[]

real	0m0,069s
user	0m0,046s
sys	0m0,011s
********************
/home/jakob/Documents/abstracton/benchmarks/dodo/Burns.json
f
deadlock
Running as unit: run-rf5c51e02a4c448329409296f220e73af.scope; invocation ID: e283af2eeba544ec8e647e1a42b94b7c
Time needed for parsing json file: 1451[µs]
alphabet size: 6
using Flow interpretation
Time needed for constructing Flow interpretation transducer: 9281[µs]
computing ind...
Time needed for constructing complement of ind: 9271[µs]
Time needed for computing ind: 462761[µs]
Time needed for minimizing ind: 75278[µs]
Time needed for computing ind (total): 547444[µs]
automaton for ind has 5 states.
...done.
computing complement of preach...
Time needed for constructing identity on ind: 776[µs]
Time needed for computing product v_id of abstraction framework with identity on ind: 21088[µs]
Time needed for computing product of v_id with complement of abstraction framework: 1721[µs]
Time needed for computing complement of preach: 29962[µs]
automaton for complement of preach has 0 states.
...of which, 0 states are at level 0.
Time needed for trimming complement of preach: 5[µs]
...done.
trying to prove abstract safety...
Time needed for constructing transducer for unsafe property: 14[µs]
Time needed for constructing transducer for (initial, unsafe) pairs: 166[µs]
Time needed for constructing transducer for complement of (initial, unsafe) pairs: 44[µs]
Time needed for building union of complements of preach and (initial, unsafe)-transducer: 34[µs]
Time needed for checking universality using lazy-bfs algorithm: 30[µs]
Time needed for checking abstract safety: 340[µs]
...done.
Result: [1]
This means that the following properties could be separated from the initial configurations:
	[deadlock]
While the following properties could not be separated from the initial configurations:
	[]

real	0m0,609s
user	0m0,587s
sys	0m0,013s
********************
6 of 61
/home/jakob/Documents/abstracton/benchmarks/dodo/Dijkstra-Scholten.json
t
twob
Running as unit: run-r37d78d5bfe034162869d17c8e19fa6f0.scope; invocation ID: c7282317b82c46f89ab269f734099d13
Time needed for parsing json file: 1661[µs]
alphabet size: 4
using Trap interpretation
Time needed for constructing Trap interpretation transducer: 2419[µs]
computing ind...
Time needed for constructing complement of ind: 1489[µs]
Time needed for computing ind: 26490[µs]
Time needed for minimizing ind: 7002[µs]
Time needed for computing ind (total): 35068[µs]
automaton for ind has 8 states.
...done.
computing complement of preach...
Time needed for constructing identity on ind: 293[µs]
Time needed for computing product v_id of abstraction framework with identity on ind: 14170[µs]
Time needed for computing product of v_id with complement of abstraction framework: 57821[µs]
Time needed for computing complement of preach: 73646[µs]
automaton for complement of preach has 428 states.
...of which, 12 states are at level 0.
Time needed for trimming complement of preach: 926[µs]
...done.
trying to prove abstract safety...
Time needed for constructing transducer for unsafe property: 9[µs]
Time needed for constructing transducer for (initial, unsafe) pairs: 164[µs]
Time needed for constructing transducer for complement of (initial, unsafe) pairs: 323[µs]
Time needed for building union of complements of preach and (initial, unsafe)-transducer: 316[µs]
Time needed for checking universality using lazy-bfs algorithm: 4308[µs]
Time needed for checking abstract safety: 5266[µs]
...done.
Result: [1]
This means that the following properties could be separated from the initial configurations:
	[twob]
While the following properties could not be separated from the initial configurations:
	[]

real	0m0,141s
user	0m0,113s
sys	0m0,017s
********************
/home/jakob/Documents/abstracton/benchmarks/dodo/Dijkstra-Scholten.json
s
twob
Running as unit: run-r2c14fcb9b0c247249f9b6c4f1ca7fa14.scope; invocation ID: 2f50ede9142747c9bffabe254c83d9a6
Time needed for parsing json file: 10117[µs]
alphabet size: 4
using Siphon interpretation
Time needed for constructing Siphon interpretation transducer: 1264[µs]
computing ind...
Time needed for constructing complement of ind: 600[µs]
Time needed for computing ind: 3341[µs]
Time needed for minimizing ind: 2625[µs]
Time needed for computing ind (total): 6601[µs]
automaton for ind has 8 states.
...done.
computing complement of preach...
Time needed for constructing identity on ind: 486[µs]
Time needed for computing product v_id of abstraction framework with identity on ind: 5305[µs]
Time needed for computing product of v_id with complement of abstraction framework: 7493[µs]
Time needed for computing complement of preach: 14100[µs]
automaton for complement of preach has 222 states.
...of which, 12 states are at level 0.
Time needed for trimming complement of preach: 633[µs]
...done.
trying to prove abstract safety...
Time needed for constructing transducer for unsafe property: 9[µs]
Time needed for constructing transducer for (initial, unsafe) pairs: 160[µs]
Time needed for constructing transducer for complement of (initial, unsafe) pairs: 350[µs]
Time needed for building union of complements of preach and (initial, unsafe)-transducer: 319[µs]
Time needed for checking universality using lazy-bfs algorithm: 546[µs]
Time needed for checking abstract safety: 1489[µs]
...done.
Result: [0]
This means that the following properties could be separated from the initial configurations:
        []
While the following properties could not be separated from the initial configurations:
        [twob]

real    0m0,065s
user    0m0,028s
sys     0m0,011s
********************
/home/jakob/Documents/abstracton/benchmarks/dodo/Dijkstra-Scholten.json
f
twob
Running as unit: run-rae0e8d29a3c24cebbbf4f86479a634f7.scope; invocation ID: 913775c78530432c97336d085b3d8e48
Time needed for parsing json file: 1863[µs]
alphabet size: 4
using Flow interpretation
Time needed for constructing Flow interpretation transducer: 2767[µs]
computing ind...
Time needed for constructing complement of ind: 1448[µs]
Time needed for computing ind: 73599[µs]
Time needed for minimizing ind: 19837[µs]
Time needed for computing ind (total): 95215[µs]
automaton for ind has 23 states.
...done.
computing complement of preach...
Time needed for constructing identity on ind: 854[µs]
Time needed for computing product v_id of abstraction framework with identity on ind: 27279[µs]
Time needed for computing product of v_id with complement of abstraction framework: 32001[µs]
Time needed for computing complement of preach: 61898[µs]
automaton for complement of preach has 1114 states.
...of which, 65 states are at level 0.
Time needed for trimming complement of preach: 2966[µs]
...done.
trying to prove abstract safety...
Time needed for constructing transducer for unsafe property: 6[µs]
Time needed for constructing transducer for (initial, unsafe) pairs: 139[µs]
Time needed for constructing transducer for complement of (initial, unsafe) pairs: 293[µs]
Time needed for building union of complements of preach and (initial, unsafe)-transducer: 913[µs]
Time needed for checking universality using lazy-bfs algorithm: 7473775[µs]
Time needed for checking abstract safety: 7475635[µs]
...done.
Result: [1]
This means that the following properties could be separated from the initial configurations:
	[twob]
While the following properties could not be separated from the initial configurations:
	[]

real	0m7,711s
user	0m7,527s
sys	0m0,153s
********************
7 of 61
/home/jakob/Documents/abstracton/benchmarks/dodo/Dijkstra-Scholten.json
t
twod
Running as unit: run-r9e1ec4183dcc495ca5bd40643019af24.scope; invocation ID: e062df88f04b4923a87e5d48cd1058cb
Time needed for parsing json file: 1224[µs]
alphabet size: 4
using Trap interpretation
Time needed for constructing Trap interpretation transducer: 2466[µs]
computing ind...
Time needed for constructing complement of ind: 1448[µs]
Time needed for computing ind: 27823[µs]
Time needed for minimizing ind: 7044[µs]
Time needed for computing ind (total): 36384[µs]
automaton for ind has 8 states.
...done.
computing complement of preach...
Time needed for constructing identity on ind: 307[µs]
Time needed for computing product v_id of abstraction framework with identity on ind: 14932[µs]
Time needed for computing product of v_id with complement of abstraction framework: 58914[µs]
Time needed for computing complement of preach: 75445[µs]
automaton for complement of preach has 428 states.
...of which, 12 states are at level 0.
Time needed for trimming complement of preach: 984[µs]
...done.
trying to prove abstract safety...
Time needed for constructing transducer for unsafe property: 6[µs]
Time needed for constructing transducer for (initial, unsafe) pairs: 176[µs]
Time needed for constructing transducer for complement of (initial, unsafe) pairs: 342[µs]
Time needed for building union of complements of preach and (initial, unsafe)-transducer: 317[µs]
Time needed for checking universality using lazy-bfs algorithm: 4535[µs]
Time needed for checking abstract safety: 5514[µs]
...done.
Result: [1]
This means that the following properties could be separated from the initial configurations:
	[twod]
While the following properties could not be separated from the initial configurations:
	[]

real	0m0,145s
user	0m0,116s
sys	0m0,019s
********************
/home/jakob/Documents/abstracton/benchmarks/dodo/Dijkstra-Scholten.json
s
twod
Running as unit: run-re3da6e233d014f89b6c055a2ef15cf13.scope; invocation ID: 0b684916724e41d59f6156139ecb2506
Time needed for parsing json file: 1131[µs]
alphabet size: 4
using Siphon interpretation
Time needed for constructing Siphon interpretation transducer: 900[µs]
computing ind...
Time needed for constructing complement of ind: 550[µs]
Time needed for computing ind: 2987[µs]
Time needed for minimizing ind: 2240[µs]
Time needed for computing ind (total): 5829[µs]
automaton for ind has 8 states.
...done.
computing complement of preach...
Time needed for constructing identity on ind: 418[µs]
Time needed for computing product v_id of abstraction framework with identity on ind: 4877[µs]
Time needed for computing product of v_id with complement of abstraction framework: 6990[µs]
Time needed for computing complement of preach: 13038[µs]
automaton for complement of preach has 222 states.
...of which, 12 states are at level 0.
Time needed for trimming complement of preach: 555[µs]
...done.
trying to prove abstract safety...
Time needed for constructing transducer for unsafe property: 6[µs]
Time needed for constructing transducer for (initial, unsafe) pairs: 133[µs]
Time needed for constructing transducer for complement of (initial, unsafe) pairs: 279[µs]
Time needed for building union of complements of preach and (initial, unsafe)-transducer: 209[µs]
Time needed for checking universality using lazy-bfs algorithm: 514[µs]
Time needed for checking abstract safety: 1221[µs]
...done.
Result: [0]
This means that the following properties could be separated from the initial configurations:
	[]
While the following properties could not be separated from the initial configurations:
	[twod]

real	0m0,050s
user	0m0,028s
sys	0m0,007s
********************
/home/jakob/Documents/abstracton/benchmarks/dodo/Dijkstra-Scholten.json
f
twod
Running as unit: run-r09c14554efe3417d9eaa2a3438711b00.scope; invocation ID: 30b67db9443e426e9ecc21432db87d2d
Time needed for parsing json file: 1129[µs]
alphabet size: 4
using Flow interpretation
Time needed for constructing Flow interpretation transducer: 2094[µs]
computing ind...
Time needed for constructing complement of ind: 1371[µs]
Time needed for computing ind: 69487[µs]
Time needed for minimizing ind: 19372[µs]
Time needed for computing ind (total): 90305[µs]
automaton for ind has 23 states.
...done.
computing complement of preach...
Time needed for constructing identity on ind: 789[µs]
Time needed for computing product v_id of abstraction framework with identity on ind: 26408[µs]
Time needed for computing product of v_id with complement of abstraction framework: 36640[µs]
Time needed for computing complement of preach: 65526[µs]
automaton for complement of preach has 1114 states.
...of which, 65 states are at level 0.
Time needed for trimming complement of preach: 3437[µs]
...done.
trying to prove abstract safety...
Time needed for constructing transducer for unsafe property: 7[µs]
Time needed for constructing transducer for (initial, unsafe) pairs: 163[µs]
Time needed for constructing transducer for complement of (initial, unsafe) pairs: 295[µs]
Time needed for building union of complements of preach and (initial, unsafe)-transducer: 1055[µs]
Time needed for checking universality using lazy-bfs algorithm: 7514310[µs]
Time needed for checking abstract safety: 7516365[µs]
...done.
Result: [1]
This means that the following properties could be separated from the initial configurations:
	[twod]
While the following properties could not be separated from the initial configurations:
	[]

real	0m7,738s
user	0m7,541s
sys	0m0,175s
********************
8 of 61
/home/jakob/Documents/abstracton/benchmarks/dodo/Dijkstra-Scholten.json
t
deadlock
Running as unit: run-r11df37f8613f4022a511c0b5217508a6.scope; invocation ID: b0073783bb9f4dc4ae3ab29a77825a5a
Time needed for parsing json file: 1298[µs]
alphabet size: 4
using Trap interpretation
Time needed for constructing Trap interpretation transducer: 2466[µs]
computing ind...
Time needed for constructing complement of ind: 1441[µs]
Time needed for computing ind: 28362[µs]
Time needed for minimizing ind: 7444[µs]
Time needed for computing ind (total): 37320[µs]
automaton for ind has 8 states.
...done.
computing complement of preach...
Time needed for constructing identity on ind: 302[µs]
Time needed for computing product v_id of abstraction framework with identity on ind: 14522[µs]
Time needed for computing product of v_id with complement of abstraction framework: 57687[µs]
Time needed for computing complement of preach: 73809[µs]
automaton for complement of preach has 428 states.
...of which, 12 states are at level 0.
Time needed for trimming complement of preach: 911[µs]
...done.
trying to prove abstract safety...
Time needed for constructing transducer for unsafe property: 20[µs]
Time needed for constructing transducer for (initial, unsafe) pairs: 219[µs]
Time needed for constructing transducer for complement of (initial, unsafe) pairs: 388[µs]
Time needed for building union of complements of preach and (initial, unsafe)-transducer: 300[µs]
Time needed for checking universality using lazy-bfs algorithm: 4080[µs]
Time needed for checking abstract safety: 5168[µs]
...done.
Result: [1]
This means that the following properties could be separated from the initial configurations:
	[deadlock]
While the following properties could not be separated from the initial configurations:
	[]

real	0m0,145s
user	0m0,113s
sys	0m0,021s
********************
/home/jakob/Documents/abstracton/benchmarks/dodo/Dijkstra-Scholten.json
s
deadlock
Running as unit: run-r7119d8935a3543bdbd61ba225bcb2c3b.scope; invocation ID: 34693d8419fb4ddcb1e3133cf78827d9
Time needed for parsing json file: 1184[µs]
alphabet size: 4
using Siphon interpretation
Time needed for constructing Siphon interpretation transducer: 1007[µs]
computing ind...
Time needed for constructing complement of ind: 573[µs]
Time needed for computing ind: 3198[µs]
Time needed for minimizing ind: 2422[µs]
Time needed for computing ind (total): 6238[µs]
automaton for ind has 8 states.
...done.
computing complement of preach...
Time needed for constructing identity on ind: 466[µs]
Time needed for computing product v_id of abstraction framework with identity on ind: 5424[µs]
Time needed for computing product of v_id with complement of abstraction framework: 7601[µs]
Time needed for computing complement of preach: 14319[µs]
automaton for complement of preach has 222 states.
...of which, 12 states are at level 0.
Time needed for trimming complement of preach: 649[µs]
...done.
trying to prove abstract safety...
Time needed for constructing transducer for unsafe property: 14[µs]
Time needed for constructing transducer for (initial, unsafe) pairs: 237[µs]
Time needed for constructing transducer for complement of (initial, unsafe) pairs: 468[µs]
Time needed for building union of complements of preach and (initial, unsafe)-transducer: 248[µs]
Time needed for checking universality using lazy-bfs algorithm: 499[µs]
Time needed for checking abstract safety: 1556[µs]
...done.
Result: [0]
This means that the following properties could be separated from the initial configurations:
        []
While the following properties could not be separated from the initial configurations:
        [deadlock]

real    0m0,053s
user    0m0,028s
sys     0m0,011s
********************
/home/jakob/Documents/abstracton/benchmarks/dodo/Dijkstra-Scholten.json
f
deadlock
Running as unit: run-r5f202afef5404a75804b1fab9d2bae47.scope; invocation ID: 9d7ccf7fa8ea499fb1734af2d9fd335a
Time needed for parsing json file: 1865[µs]
alphabet size: 4
using Flow interpretation
Time needed for constructing Flow interpretation transducer: 2640[µs]
computing ind...
Time needed for constructing complement of ind: 1500[µs]
Time needed for computing ind: 69786[µs]
Time needed for minimizing ind: 19196[µs]
Time needed for computing ind (total): 90811[µs]
automaton for ind has 23 states.
...done.
computing complement of preach...
Time needed for constructing identity on ind: 783[µs]
Time needed for computing product v_id of abstraction framework with identity on ind: 26585[µs]
Time needed for computing product of v_id with complement of abstraction framework: 31369[µs]
Time needed for computing complement of preach: 60479[µs]
automaton for complement of preach has 1114 states.
...of which, 65 states are at level 0.
Time needed for trimming complement of preach: 2904[µs]
...done.
trying to prove abstract safety...
Time needed for constructing transducer for unsafe property: 13[µs]
Time needed for constructing transducer for (initial, unsafe) pairs: 224[µs]
Time needed for constructing transducer for complement of (initial, unsafe) pairs: 458[µs]
Time needed for building union of complements of preach and (initial, unsafe)-transducer: 1100[µs]
Time needed for checking universality using lazy-bfs algorithm: 7557889[µs]
Time needed for checking abstract safety: 7560277[µs]
...done.
Result: [1]
This means that the following properties could be separated from the initial configurations:
	[deadlock]
While the following properties could not be separated from the initial configurations:
	[]

real	0m7,789s
user	0m7,577s
sys	0m0,182s
********************
9 of 61
/home/jakob/Documents/abstracton/benchmarks/dodo/Dijkstra-ring.json
t
nomutex
Running as unit: run-rdc5ce5d35b0840c1b435d98f7c6333f4.scope; invocation ID: 68570115dc99411f9d13b321fc1673fe
Time needed for parsing json file: 6620[µs]
alphabet size: 12
using Trap interpretation
Time needed for constructing Trap interpretation transducer: 1453645[µs]
computing ind...
Time needed for constructing complement of ind: 2462739[µs]

real	20m0,224s
user	19m57,763s
sys	0m1,976s
********************
/home/jakob/Documents/abstracton/benchmarks/dodo/Dijkstra-ring.json
s
nomutex
Running as unit: run-r0047819ea6d44b4a82f807f018f76f75.scope; invocation ID: 2441ffb12143454ab7a2d17f192bcb28
Time needed for parsing json file: 5838[µs]
alphabet size: 12
using Siphon interpretation
Time needed for constructing Siphon interpretation transducer: 426203[µs]
computing ind...
Time needed for constructing complement of ind: 831234[µs]
Time needed for computing ind: 118609647[µs]
Time needed for minimizing ind: 31348447[µs]
Time needed for computing ind (total): 150792004[µs]
automaton for ind has 14 states.
...done.
computing complement of preach...
Time needed for constructing identity on ind: 121358[µs]
Time needed for computing product v_id of abstraction framework with identity on ind: 9536311[µs]
Time needed for computing product of v_id with complement of abstraction framework: 723893[µs]
Time needed for computing complement of preach: 10679004[µs]
automaton for complement of preach has 4370 states.
...of which, 22 states are at level 0.
Time needed for trimming complement of preach: 26996[µs]
...done.
trying to prove abstract safety...
Time needed for constructing transducer for unsafe property: 11[µs]
Time needed for constructing transducer for (initial, unsafe) pairs: 270[µs]
Time needed for constructing transducer for complement of (initial, unsafe) pairs: 741[µs]
Time needed for building union of complements of preach and (initial, unsafe)-transducer: 9236[µs]
Time needed for checking universality using lazy-bfs algorithm: 4849[µs]
Time needed for checking abstract safety: 17252[µs]
...done.
Result: [0]
This means that the following properties could be separated from the initial configurations:
	[]
While the following properties could not be separated from the initial configurations:
	[nomutex]

real	2m42,177s
user	2m40,601s
sys	0m1,513s
********************
/home/jakob/Documents/abstracton/benchmarks/dodo/Dijkstra-ring.json
f
nomutex
Running as unit: run-r6878936fa61f401c93e6bc8aa9f48401.scope; invocation ID: dfd44b57a45f42f4a8cbeef0c2eee2a3
Time needed for parsing json file: 5967[µs]
alphabet size: 12
using Flow interpretation
Time needed for constructing Flow interpretation transducer: 1208358[µs]
computing ind...
Time needed for constructing complement of ind: 2449789[µs]

real	20m0,220s
user	19m56,865s
sys	0m2,788s
********************
10 of 61
/home/jakob/Documents/abstracton/benchmarks/dodo/Dijkstra-ring.json
t
deadlock
Running as unit: run-r9d830a4dc31a4b86aa7e1f431a3feece.scope; invocation ID: c2f8fcce0281438e82d765856b86352b
Time needed for parsing json file: 5953[µs]
alphabet size: 12
using Trap interpretation
Time needed for constructing Trap interpretation transducer: 1445108[µs]
computing ind...
Time needed for constructing complement of ind: 2443617[µs]

real	20m0,226s
user	19m57,337s
sys	0m2,390s
********************
/home/jakob/Documents/abstracton/benchmarks/dodo/Dijkstra-ring.json
s
deadlock
Running as unit: run-r6789c4b7c4a84111a44e4e6bb9eafd60.scope; invocation ID: 80ec84d2d59c4ba19f4deb2e82979037
Time needed for parsing json file: 5862[µs]
alphabet size: 12
using Siphon interpretation
Time needed for constructing Siphon interpretation transducer: 423668[µs]
computing ind...
Time needed for constructing complement of ind: 853051[µs]
Time needed for computing ind: 118466707[µs]
Time needed for minimizing ind: 30676578[µs]
Time needed for computing ind (total): 149998827[µs]
automaton for ind has 14 states.
...done.
computing complement of preach...
Time needed for constructing identity on ind: 119691[µs]
Time needed for computing product v_id of abstraction framework with identity on ind: 9427012[µs]
Time needed for computing product of v_id with complement of abstraction framework: 724304[µs]
Time needed for computing complement of preach: 10565295[µs]
automaton for complement of preach has 4370 states.
...of which, 22 states are at level 0.
Time needed for trimming complement of preach: 27056[µs]
...done.
trying to prove abstract safety...
Time needed for constructing transducer for unsafe property: 67[µs]
Time needed for constructing transducer for (initial, unsafe) pairs: 1129[µs]
Time needed for constructing transducer for complement of (initial, unsafe) pairs: 1622[µs]
Time needed for building union of complements of preach and (initial, unsafe)-transducer: 8709[µs]
Time needed for checking universality using lazy-bfs algorithm: 4546[µs]
Time needed for checking abstract safety: 18367[µs]
...done.
Result: [0]
This means that the following properties could be separated from the initial configurations:
	[]
While the following properties could not be separated from the initial configurations:
	[deadlock]

real	2m41,261s
user	2m39,819s
sys	0m1,386s
********************
/home/jakob/Documents/abstracton/benchmarks/dodo/Dijkstra-ring.json
f
deadlock
Running as unit: run-rd107fef3c4b342b192d708658d0ec23d.scope; invocation ID: 92cd86e9e11b4a7e89569fa19b99f995
Time needed for parsing json file: 5875[µs]
alphabet size: 12
using Flow interpretation
Time needed for constructing Flow interpretation transducer: 1214418[µs]
computing ind...
Time needed for constructing complement of ind: 2457198[µs]

real	20m0,218s
user	19m58,160s
sys	0m1,640s
********************
11 of 61
/home/jakob/Documents/abstracton/benchmarks/dodo/DijkstraMutEx.json
t
nomutex
Running as unit: run-r3bcd215f66a14ecc872cd6d8d1d9cdca.scope; invocation ID: b60cf7587b4d406397a4d5bc40228821
Time needed for parsing json file: 45870[µs]
alphabet size: 24
using Trap interpretation
./bench_for_dodo_comparison.sh: line 83: 115530 Killed                  systemd-run --user --scope -p MemoryMax=32G -p MemorySwapMax=7G timeout $TIMEOUT "${parentdir}/../build_release/benchmarks/solve_dodo" -i $MODE -p $PROPERTY $FILE --measure-time --no-dot-printing --universality-alg lazy-bfs

real	7m32,801s
user	2m48,949s
sys	0m45,399s
********************
/home/jakob/Documents/abstracton/benchmarks/dodo/DijkstraMutEx.json
s
nomutex
Running as unit: run-rcc6e2525f8824f8e9290a8b1f1e8d5ec.scope; invocation ID: e1a2784c68084294af64ab9fd9cdcbf1
Time needed for parsing json file: 59367[µs]
alphabet size: 24
using Siphon interpretation
./bench_for_dodo_comparison.sh: line 83: 115974 Killed                  systemd-run --user --scope -p MemoryMax=32G -p MemorySwapMax=7G timeout $TIMEOUT "${parentdir}/../build_release/benchmarks/solve_dodo" -i $MODE -p $PROPERTY $FILE --measure-time --no-dot-printing --universality-alg lazy-bfs

real	3m48,987s
user	2m47,776s
sys	0m38,193s
********************
/home/jakob/Documents/abstracton/benchmarks/dodo/DijkstraMutEx.json
f
nomutex
Running as unit: run-r68eef060da374104a7549bf650882e2c.scope; invocation ID: 01ff91d919684fbfa485cc88a9fd051d
Time needed for parsing json file: 42850[µs]
alphabet size: 24
using Flow interpretation
./bench_for_dodo_comparison.sh: line 83: 116367 Killed                  systemd-run --user --scope -p MemoryMax=32G -p MemorySwapMax=7G timeout $TIMEOUT "${parentdir}/../build_release/benchmarks/solve_dodo" -i $MODE -p $PROPERTY $FILE --measure-time --no-dot-printing --universality-alg lazy-bfs

real	3m36,252s
user	2m47,398s
sys	0m35,022s
********************
12 of 61
/home/jakob/Documents/abstracton/benchmarks/dodo/DijkstraMutEx.json
t
deadlock
Running as unit: run-r028bea416c79495ea48e7736343e0b76.scope; invocation ID: 7b4cc771ab9c4cb198bebddac415a7b5
Time needed for parsing json file: 43029[µs]
alphabet size: 24
using Trap interpretation
./bench_for_dodo_comparison.sh: line 83: 116652 Killed                  systemd-run --user --scope -p MemoryMax=32G -p MemorySwapMax=7G timeout $TIMEOUT "${parentdir}/../build_release/benchmarks/solve_dodo" -i $MODE -p $PROPERTY $FILE --measure-time --no-dot-printing --universality-alg lazy-bfs

real	7m45,568s
user	2m47,531s
sys	0m40,423s
********************
/home/jakob/Documents/abstracton/benchmarks/dodo/DijkstraMutEx.json
s
deadlock
Running as unit: run-re4afb47ea3744182a22de7d7a8324361.scope; invocation ID: 052a69200d9646afb209dc442ab50c80
Time needed for parsing json file: 50707[µs]
alphabet size: 24
using Siphon interpretation
./bench_for_dodo_comparison.sh: line 83: 116967 Killed                  systemd-run --user --scope -p MemoryMax=32G -p MemorySwapMax=7G timeout $TIMEOUT "${parentdir}/../build_release/benchmarks/solve_dodo" -i $MODE -p $PROPERTY $FILE --measure-time --no-dot-printing --universality-alg lazy-bfs

real	11m29,098s
user	2m55,309s
sys	0m48,446s
********************
/home/jakob/Documents/abstracton/benchmarks/dodo/DijkstraMutEx.json
f
deadlock
Running as unit: run-raabd41adbda2479f8ddc3c8a684aee13.scope; invocation ID: 25a8ce8d35f649b7839ab54466107383
Time needed for parsing json file: 51522[µs]
alphabet size: 24
using Flow interpretation
./bench_for_dodo_comparison.sh: line 83: 117384 Killed                  systemd-run --user --scope -p MemoryMax=32G -p MemorySwapMax=7G timeout $TIMEOUT "${parentdir}/../build_release/benchmarks/solve_dodo" -i $MODE -p $PROPERTY $FILE --measure-time --no-dot-printing --universality-alg lazy-bfs

real	4m11,958s
user	2m48,867s
sys	0m36,554s
********************
13 of 61
/home/jakob/Documents/abstracton/benchmarks/dodo/FutureBus.json
t
pendingrightsecond
Running as unit: run-r027379d70b0e40b2a88263fb39d850ca.scope; invocation ID: c349dda385f6455aa02802669dcc4d8b
Time needed for parsing json file: 15089[µs]
alphabet size: 9
using Trap interpretation
Time needed for constructing Trap interpretation transducer: 129569[µs]
computing ind...
Time needed for constructing complement of ind: 582928[µs]

real	20m0,166s
user	19m58,943s
sys	0m0,955s
********************
/home/jakob/Documents/abstracton/benchmarks/dodo/FutureBus.json
s
pendingrightsecond
Running as unit: run-r6fb70a847840427083cb22ee4a9d453e.scope; invocation ID: 97d37388712545bab64d822f09c94772
Time needed for parsing json file: 15181[µs]
alphabet size: 9
using Siphon interpretation
Time needed for constructing Siphon interpretation transducer: 38999[µs]
computing ind...
Time needed for constructing complement of ind: 189057[µs]

real	20m0,335s
user	19m58,006s
sys	0m2,090s
********************
/home/jakob/Documents/abstracton/benchmarks/dodo/FutureBus.json
f
pendingrightsecond
Running as unit: run-rf77dd537c0f1445c8cc04b8009df86b9.scope; invocation ID: 48e5fa9162d844f1bfa7b564934cf247
Time needed for parsing json file: 14759[µs]
alphabet size: 9
using Flow interpretation
Time needed for constructing Flow interpretation transducer: 108163[µs]
computing ind...
Time needed for constructing complement of ind: 597309[µs]

real	20m0,178s
user	19m58,273s
sys	0m1,653s
********************
14 of 61
/home/jakob/Documents/abstracton/benchmarks/dodo/FutureBus.json
t
sharedexclusive
Running as unit: run-recf125476b354041a45639af42690d5d.scope; invocation ID: ee9f9a98977a46c9bd944356ebe44eb6
Time needed for parsing json file: 15087[µs]
alphabet size: 9
using Trap interpretation
Time needed for constructing Trap interpretation transducer: 136597[µs]
computing ind...
Time needed for constructing complement of ind: 540948[µs]

real	20m0,154s
user	19m58,023s
sys	0m1,907s
********************
/home/jakob/Documents/abstracton/benchmarks/dodo/FutureBus.json
s
sharedexclusive
Running as unit: run-rea67226eeb9141138ca6122ff2563f72.scope; invocation ID: e5da74fb0c394d61b7e71043c5afc44a
Time needed for parsing json file: 15065[µs]
alphabet size: 9
using Siphon interpretation
Time needed for constructing Siphon interpretation transducer: 38327[µs]
computing ind...
Time needed for constructing complement of ind: 176889[µs]

real	20m0,339s
user	19m57,663s
sys	0m2,405s
********************
/home/jakob/Documents/abstracton/benchmarks/dodo/FutureBus.json
f
sharedexclusive
Running as unit: run-rf18149ba9e8c45d59f9baf1ee0e80e97.scope; invocation ID: 6ec80e0d8fef4871836846796c8ebb2e
Time needed for parsing json file: 15172[µs]
alphabet size: 9
using Flow interpretation
Time needed for constructing Flow interpretation transducer: 105766[µs]
computing ind...
Time needed for constructing complement of ind: 609946[µs]

real	20m0,179s
user	19m58,874s
sys	0m1,040s
********************
15 of 61
/home/jakob/Documents/abstracton/benchmarks/dodo/FutureBus.json
t
secondpending
Running as unit: run-r772463e155484ea1991e1c66e613955e.scope; invocation ID: 64ce67234785416ca801ef1a04e2329a
Time needed for parsing json file: 14893[µs]
alphabet size: 9
using Trap interpretation
Time needed for constructing Trap interpretation transducer: 130308[µs]
computing ind...
Time needed for constructing complement of ind: 537224[µs]

real	20m0,151s
user	19m58,872s
sys	0m0,992s
********************
/home/jakob/Documents/abstracton/benchmarks/dodo/FutureBus.json
s
secondpending
Running as unit: run-rae18ac85ec5c4fb4bc304ef1c2f82d9f.scope; invocation ID: a948993bf81044108c381a81afa4daed
Time needed for parsing json file: 15369[µs]
alphabet size: 9
using Siphon interpretation
Time needed for constructing Siphon interpretation transducer: 42172[µs]
computing ind...
Time needed for constructing complement of ind: 178726[µs]

real	20m0,329s
user	19m57,691s
sys	0m2,354s
********************
/home/jakob/Documents/abstracton/benchmarks/dodo/FutureBus.json
f
secondpending
Running as unit: run-r582e73eb64104c5d922f2168d460e183.scope; invocation ID: a9fa483703044b70bbb303177538eea9
Time needed for parsing json file: 14577[µs]
alphabet size: 9
using Flow interpretation
Time needed for constructing Flow interpretation transducer: 103468[µs]
computing ind...
Time needed for constructing complement of ind: 599670[µs]

real	20m0,176s
user	19m58,148s
sys	0m1,744s
********************
16 of 61
/home/jakob/Documents/abstracton/benchmarks/dodo/FutureBus.json
t
exclusiveexclusive
Running as unit: run-rac09ae79bed14d5692c715842a5ec8c0.scope; invocation ID: 06062096832e4b91912ab976f89bd046
Time needed for parsing json file: 14930[µs]
alphabet size: 9
using Trap interpretation
Time needed for constructing Trap interpretation transducer: 133351[µs]
computing ind...
Time needed for constructing complement of ind: 551279[µs]

real	20m0,145s
user	19m58,745s
sys	0m1,118s
********************
/home/jakob/Documents/abstracton/benchmarks/dodo/FutureBus.json
s
exclusiveexclusive
Running as unit: run-rcf259ac02b734c62b7283bc0eae087c5.scope; invocation ID: 55bba18328064de08bde172a9736fb8b
Time needed for parsing json file: 15058[µs]
alphabet size: 9
using Siphon interpretation
Time needed for constructing Siphon interpretation transducer: 38022[µs]
computing ind...
Time needed for constructing complement of ind: 183119[µs]

real	20m0,326s
user	19m57,871s
sys	0m2,145s
********************
/home/jakob/Documents/abstracton/benchmarks/dodo/FutureBus.json
f
exclusiveexclusive
Running as unit: run-r6a5bb80039414140888ca2c2d21f0eba.scope; invocation ID: 5a044187cf994eaa846caf1a2b1b1feb
Time needed for parsing json file: 14643[µs]
alphabet size: 9
using Flow interpretation
Time needed for constructing Flow interpretation transducer: 108656[µs]
computing ind...
Time needed for constructing complement of ind: 603482[µs]

real	20m0,166s
user	19m58,576s
sys	0m1,328s
********************
17 of 61
/home/jakob/Documents/abstracton/benchmarks/dodo/FutureBus.json
t
deadlock
Running as unit: run-r27afa30d2aed43d293c3c559901c23d4.scope; invocation ID: 5182ddb806444f92a4d1aa32f5469cdf
Time needed for parsing json file: 14692[µs]
alphabet size: 9
using Trap interpretation
Time needed for constructing Trap interpretation transducer: 135020[µs]
computing ind...
Time needed for constructing complement of ind: 537603[µs]

real	20m0,148s
user	19m58,898s
sys	0m0,980s
********************
/home/jakob/Documents/abstracton/benchmarks/dodo/FutureBus.json
s
deadlock
Running as unit: run-r0e3faeb16f444fb480ba17fd5464cc13.scope; invocation ID: 5e1b55262be24786bcf3e902d2fed406
Time needed for parsing json file: 14595[µs]
alphabet size: 9
using Siphon interpretation
Time needed for constructing Siphon interpretation transducer: 38003[µs]
computing ind...
Time needed for constructing complement of ind: 191784[µs]

real	20m0,325s
user	19m57,803s
sys	0m2,249s
********************
/home/jakob/Documents/abstracton/benchmarks/dodo/FutureBus.json
f
deadlock
Running as unit: run-r6098122230644799949e8371fe7ba4d6.scope; invocation ID: 8260538badc646dd9740a0275331b1a4
Time needed for parsing json file: 15018[µs]
alphabet size: 9
using Flow interpretation
Time needed for constructing Flow interpretation transducer: 107523[µs]
computing ind...
Time needed for constructing complement of ind: 609615[µs]

real	20m0,175s
user	19m58,814s
sys	0m1,047s
********************
18 of 61
/home/jakob/Documents/abstracton/benchmarks/dodo/Herman.json
t
notoken
Running as unit: run-r6194c76b5c484537afc89a606dd70583.scope; invocation ID: 189c6654d13b456f9579285ec48eb256
Time needed for parsing json file: 1267[µs]
alphabet size: 2
using Trap interpretation
Time needed for constructing Trap interpretation transducer: 635[µs]
computing ind...
Time needed for constructing complement of ind: 684[µs]
Time needed for computing ind: 13007[µs]
Time needed for minimizing ind: 1557[µs]
Time needed for computing ind (total): 15309[µs]
automaton for ind has 6 states.
...done.
computing complement of preach...
Time needed for constructing identity on ind: 80[µs]
Time needed for computing product v_id of abstraction framework with identity on ind: 1798[µs]
Time needed for computing product of v_id with complement of abstraction framework: 3564[µs]
Time needed for computing complement of preach: 5832[µs]
automaton for complement of preach has 11 states.
...of which, 4 states are at level 0.
Time needed for trimming complement of preach: 57[µs]
...done.
trying to prove abstract safety...
Time needed for constructing transducer for unsafe property: 3[µs]
Time needed for constructing transducer for (initial, unsafe) pairs: 126[µs]
Time needed for constructing transducer for complement of (initial, unsafe) pairs: 228[µs]
Time needed for building union of complements of preach and (initial, unsafe)-transducer: 39[µs]
Time needed for checking universality using lazy-bfs algorithm: 70[µs]
Time needed for checking abstract safety: 530[µs]
...done.
Result: [1]
This means that the following properties could be separated from the initial configurations:
	[notoken]
While the following properties could not be separated from the initial configurations:
	[]

real	0m0,047s
user	0m0,025s
sys	0m0,010s
********************
/home/jakob/Documents/abstracton/benchmarks/dodo/Herman.json
s
notoken
Running as unit: run-re9c4103b4e174933ab05f990aadad84c.scope; invocation ID: a8b0d14ae6d04cf29868c1a73a6f2e89
Time needed for parsing json file: 1025[µs]
alphabet size: 2
using Siphon interpretation
Time needed for constructing Siphon interpretation transducer: 304[µs]
computing ind...
Time needed for constructing complement of ind: 231[µs]
Time needed for computing ind: 2793[µs]
Time needed for minimizing ind: 1289[µs]
Time needed for computing ind (total): 4368[µs]
automaton for ind has 6 states.
...done.
computing complement of preach...
Time needed for constructing identity on ind: 82[µs]
Time needed for computing product v_id of abstraction framework with identity on ind: 766[µs]
Time needed for computing product of v_id with complement of abstraction framework: 497[µs]
Time needed for computing complement of preach: 1612[µs]
automaton for complement of preach has 8 states.
...of which, 4 states are at level 0.
Time needed for trimming complement of preach: 39[µs]
...done.
trying to prove abstract safety...
Time needed for constructing transducer for unsafe property: 3[µs]
Time needed for constructing transducer for (initial, unsafe) pairs: 117[µs]
Time needed for constructing transducer for complement of (initial, unsafe) pairs: 210[µs]
Time needed for building union of complements of preach and (initial, unsafe)-transducer: 35[µs]
Time needed for checking universality using lazy-bfs algorithm: 46[µs]
Time needed for checking abstract safety: 462[µs]
...done.
Result: [0]
This means that the following properties could be separated from the initial configurations:
	[]
While the following properties could not be separated from the initial configurations:
	[notoken]

real	0m0,029s
user	0m0,012s
sys	0m0,006s
********************
/home/jakob/Documents/abstracton/benchmarks/dodo/Herman.json
f
notoken
Running as unit: run-r46effda9231d49899d167199565f9882.scope; invocation ID: 1892847e0e4947e1b314e834e13f44be
Time needed for parsing json file: 1051[µs]
alphabet size: 2
using Flow interpretation
Time needed for constructing Flow interpretation transducer: 526[µs]
computing ind...
Time needed for constructing complement of ind: 636[µs]
Time needed for computing ind: 24677[µs]
Time needed for minimizing ind: 3576[µs]
Time needed for computing ind (total): 28968[µs]
automaton for ind has 7 states.
...done.
computing complement of preach...
Time needed for constructing identity on ind: 69[µs]
Time needed for computing product v_id of abstraction framework with identity on ind: 1019[µs]
Time needed for computing product of v_id with complement of abstraction framework: 590[µs]
Time needed for computing complement of preach: 2094[µs]
automaton for complement of preach has 4 states.
...of which, 2 states are at level 0.
Time needed for trimming complement of preach: 31[µs]
...done.
trying to prove abstract safety...
Time needed for constructing transducer for unsafe property: 4[µs]
Time needed for constructing transducer for (initial, unsafe) pairs: 134[µs]
Time needed for constructing transducer for complement of (initial, unsafe) pairs: 219[µs]
Time needed for building union of complements of preach and (initial, unsafe)-transducer: 48[µs]
Time needed for checking universality using lazy-bfs algorithm: 55[µs]
Time needed for checking abstract safety: 529[µs]
...done.
Result: [0]
This means that the following properties could be separated from the initial configurations:
	[]
While the following properties could not be separated from the initial configurations:
	[notoken]

real	0m0,057s
user	0m0,038s
sys	0m0,005s
********************
19 of 61
/home/jakob/Documents/abstracton/benchmarks/dodo/Illinois.json
t
dirtydirty
Running as unit: run-r44cf89049a41467eab3575e8f9afa9a7.scope; invocation ID: 82917cbf26294e8a91ea70430ed7c032
Time needed for parsing json file: 11155[µs]
alphabet size: 4
using Trap interpretation
Time needed for constructing Trap interpretation transducer: 2330[µs]
computing ind...
Time needed for constructing complement of ind: 7252[µs]
Time needed for computing ind: 1224613[µs]
Time needed for minimizing ind: 64557[µs]
Time needed for computing ind (total): 1296607[µs]
automaton for ind has 12 states.
...done.
computing complement of preach...
Time needed for constructing identity on ind: 478[µs]
Time needed for computing product v_id of abstraction framework with identity on ind: 16993[µs]
Time needed for computing product of v_id with complement of abstraction framework: 76970[µs]
Time needed for computing complement of preach: 95855[µs]
automaton for complement of preach has 234 states.
...of which, 18 states are at level 0.
Time needed for trimming complement of preach: 599[µs]
...done.
trying to prove abstract safety...
Time needed for constructing transducer for unsafe property: 9[µs]
Time needed for constructing transducer for (initial, unsafe) pairs: 164[µs]
Time needed for constructing transducer for complement of (initial, unsafe) pairs: 318[µs]
Time needed for building union of complements of preach and (initial, unsafe)-transducer: 221[µs]
Time needed for checking universality using lazy-bfs algorithm: 193[µs]
Time needed for checking abstract safety: 1026[µs]
...done.
Result: [0]
This means that the following properties could be separated from the initial configurations:
	[]
While the following properties could not be separated from the initial configurations:
	[dirtydirty]

real	0m1,438s
user	0m1,389s
sys	0m0,023s
********************
/home/jakob/Documents/abstracton/benchmarks/dodo/Illinois.json
s
dirtydirty
Running as unit: run-r55acb111519e47adbda1ee34bce9d553.scope; invocation ID: 87b67982114a41bc8a1600a10f0a8d08
Time needed for parsing json file: 6112[µs]
alphabet size: 4
using Siphon interpretation
Time needed for constructing Siphon interpretation transducer: 1037[µs]
computing ind...
Time needed for constructing complement of ind: 2686[µs]
Time needed for computing ind: 132504[µs]
Time needed for minimizing ind: 21886[µs]
Time needed for computing ind (total): 157172[µs]
automaton for ind has 5 states.
...done.
computing complement of preach...
Time needed for constructing identity on ind: 186[µs]
Time needed for computing product v_id of abstraction framework with identity on ind: 2122[µs]
Time needed for computing product of v_id with complement of abstraction framework: 664[µs]
Time needed for computing complement of preach: 3900[µs]
automaton for complement of preach has 5 states.
...of which, 2 states are at level 0.
Time needed for trimming complement of preach: 19[µs]
...done.
trying to prove abstract safety...
Time needed for constructing transducer for unsafe property: 13[µs]
Time needed for constructing transducer for (initial, unsafe) pairs: 125[µs]
Time needed for constructing transducer for complement of (initial, unsafe) pairs: 292[µs]
Time needed for building union of complements of preach and (initial, unsafe)-transducer: 52[µs]
Time needed for checking universality using lazy-bfs algorithm: 70[µs]
Time needed for checking abstract safety: 603[µs]
...done.
Result: [0]
This means that the following properties could be separated from the initial configurations:
        []
While the following properties could not be separated from the initial configurations:
        [dirtydirty]

real    0m0,200s
user    0m0,172s
sys     0m0,007s
********************
/home/jakob/Documents/abstracton/benchmarks/dodo/Illinois.json
f
dirtydirty
Running as unit: run-r38b9d978a66241a78d802c8365e5e0d6.scope; invocation ID: be59f13969854b038832f0d4c4d2b386
Time needed for parsing json file: 2572[µs]
alphabet size: 4
using Flow interpretation
Time needed for constructing Flow interpretation transducer: 2166[µs]
computing ind...
Time needed for constructing complement of ind: 8399[µs]
Time needed for computing ind: 8708946[µs]
Time needed for minimizing ind: 426497[µs]
Time needed for computing ind (total): 9143997[µs]
automaton for ind has 7 states.
...done.
computing complement of preach...
Time needed for constructing identity on ind: 267[µs]
Time needed for computing product v_id of abstraction framework with identity on ind: 5258[µs]
Time needed for computing product of v_id with complement of abstraction framework: 1331[µs]
Time needed for computing complement of preach: 8386[µs]
automaton for complement of preach has 5 states.
...of which, 2 states are at level 0.
Time needed for trimming complement of preach: 72[µs]
...done.
trying to prove abstract safety...
Time needed for constructing transducer for unsafe property: 6[µs]
Time needed for constructing transducer for (initial, unsafe) pairs: 146[µs]
Time needed for constructing transducer for complement of (initial, unsafe) pairs: 303[µs]
Time needed for building union of complements of preach and (initial, unsafe)-transducer: 56[µs]
Time needed for checking universality using lazy-bfs algorithm: 74[µs]
Time needed for checking abstract safety: 643[µs]
...done.
Result: [0]
This means that the following properties could be separated from the initial configurations:
        []
While the following properties could not be separated from the initial configurations:
        [dirtydirty]

real    0m9,188s
user    0m9,136s
sys     0m0,037s
********************
20 of 61
/home/jakob/Documents/abstracton/benchmarks/dodo/Illinois.json
t
dirtyshared
Running as unit: run-r70af024c4f534d3699a28805ae645320.scope; invocation ID: 5d8909e66e34469382e77e470ac969b1
Time needed for parsing json file: 2536[µs]
alphabet size: 4
using Trap interpretation
Time needed for constructing Trap interpretation transducer: 2489[µs]
computing ind...
Time needed for constructing complement of ind: 7819[µs]
Time needed for computing ind: 1214884[µs]
Time needed for minimizing ind: 66249[µs]
Time needed for computing ind (total): 1289057[µs]
automaton for ind has 12 states.
...done.
computing complement of preach...
Time needed for constructing identity on ind: 468[µs]
Time needed for computing product v_id of abstraction framework with identity on ind: 17779[µs]
Time needed for computing product of v_id with complement of abstraction framework: 80094[µs]
Time needed for computing complement of preach: 99682[µs]
automaton for complement of preach has 234 states.
...of which, 18 states are at level 0.
Time needed for trimming complement of preach: 624[µs]
...done.
trying to prove abstract safety...
Time needed for constructing transducer for unsafe property: 7[µs]
Time needed for constructing transducer for (initial, unsafe) pairs: 206[µs]
Time needed for constructing transducer for complement of (initial, unsafe) pairs: 401[µs]
Time needed for building union of complements of preach and (initial, unsafe)-transducer: 275[µs]
Time needed for checking universality using lazy-bfs algorithm: 698[µs]
Time needed for checking abstract safety: 1661[µs]
...done.
Result: [0]
This means that the following properties could be separated from the initial configurations:
        []
While the following properties could not be separated from the initial configurations:
        [dirtyshared]

real    0m1,430s
user    0m1,384s
sys     0m0,028s
********************
/home/jakob/Documents/abstracton/benchmarks/dodo/Illinois.json
s
dirtyshared
Running as unit: run-r03ab56535a374929b81dd8e9429bfa80.scope; invocation ID: 2111fbca4e0845f6a35f76b2ea1cbbad
Time needed for parsing json file: 2484[µs]
alphabet size: 4
using Siphon interpretation
Time needed for constructing Siphon interpretation transducer: 1022[µs]
computing ind...
Time needed for constructing complement of ind: 2589[µs]
Time needed for computing ind: 133758[µs]
Time needed for minimizing ind: 22294[µs]
Time needed for computing ind (total): 158734[µs]
automaton for ind has 5 states.
...done.
computing complement of preach...
Time needed for constructing identity on ind: 187[µs]
Time needed for computing product v_id of abstraction framework with identity on ind: 2038[µs]
Time needed for computing product of v_id with complement of abstraction framework: 653[µs]
Time needed for computing complement of preach: 3771[µs]
automaton for complement of preach has 5 states.
...of which, 2 states are at level 0.
Time needed for trimming complement of preach: 17[µs]
...done.
trying to prove abstract safety...
Time needed for constructing transducer for unsafe property: 7[µs]
Time needed for constructing transducer for (initial, unsafe) pairs: 142[µs]
Time needed for constructing transducer for complement of (initial, unsafe) pairs: 362[µs]
Time needed for building union of complements of preach and (initial, unsafe)-transducer: 59[µs]
Time needed for checking universality using lazy-bfs algorithm: 62[µs]
Time needed for checking abstract safety: 697[µs]
...done.
Result: [0]
This means that the following properties could be separated from the initial configurations:
        []
While the following properties could not be separated from the initial configurations:
        [dirtyshared]

real    0m0,200s
user    0m0,170s
sys     0m0,009s
********************
/home/jakob/Documents/abstracton/benchmarks/dodo/Illinois.json
f
dirtyshared
Running as unit: run-rdea9980e8d674c09a814a8ec7bafe3cf.scope; invocation ID: cd8d5c614d5e44b3922424158752cdf1
Time needed for parsing json file: 2515[µs]
alphabet size: 4
using Flow interpretation
Time needed for constructing Flow interpretation transducer: 2120[µs]
computing ind...
Time needed for constructing complement of ind: 8557[µs]
Time needed for computing ind: 8734738[µs]
Time needed for minimizing ind: 431568[µs]
Time needed for computing ind (total): 9175053[µs]
automaton for ind has 7 states.
...done.
computing complement of preach...
Time needed for constructing identity on ind: 265[µs]
Time needed for computing product v_id of abstraction framework with identity on ind: 5209[µs]
Time needed for computing product of v_id with complement of abstraction framework: 1211[µs]
Time needed for computing complement of preach: 8249[µs]
automaton for complement of preach has 5 states.
...of which, 2 states are at level 0.
Time needed for trimming complement of preach: 35[µs]
...done.
trying to prove abstract safety...
Time needed for constructing transducer for unsafe property: 7[µs]
Time needed for constructing transducer for (initial, unsafe) pairs: 172[µs]
Time needed for constructing transducer for complement of (initial, unsafe) pairs: 381[µs]
Time needed for building union of complements of preach and (initial, unsafe)-transducer: 65[µs]
Time needed for checking universality using lazy-bfs algorithm: 66[µs]
Time needed for checking abstract safety: 740[µs]
...done.
Result: [0]
This means that the following properties could be separated from the initial configurations:
        []
While the following properties could not be separated from the initial configurations:
        [dirtyshared]

real    0m9,218s
user    0m9,176s
sys     0m0,026s
********************
21 of 61
/home/jakob/Documents/abstracton/benchmarks/dodo/Illinois.json
t
deadlock
Running as unit: run-r9a46b5753dbc40e481ff8f21e5d7ac39.scope; invocation ID: ea6f44d8b0974814a48580d1f1e9213e
Time needed for parsing json file: 3170[µs]
alphabet size: 4
using Trap interpretation
Time needed for constructing Trap interpretation transducer: 2678[µs]
computing ind...
Time needed for constructing complement of ind: 7223[µs]
Time needed for computing ind: 1204598[µs]
Time needed for minimizing ind: 61915[µs]
Time needed for computing ind (total): 1274078[µs]
automaton for ind has 12 states.
...done.
computing complement of preach...
Time needed for constructing identity on ind: 396[µs]
Time needed for computing product v_id of abstraction framework with identity on ind: 16435[µs]
Time needed for computing product of v_id with complement of abstraction framework: 76744[µs]
Time needed for computing complement of preach: 94904[µs]
automaton for complement of preach has 234 states.
...of which, 18 states are at level 0.
Time needed for trimming complement of preach: 606[µs]
...done.
trying to prove abstract safety...
Time needed for constructing transducer for unsafe property: 16[µs]
Time needed for constructing transducer for (initial, unsafe) pairs: 166[µs]
Time needed for constructing transducer for complement of (initial, unsafe) pairs: 59[µs]
Time needed for building union of complements of preach and (initial, unsafe)-transducer: 212[µs]
Time needed for checking universality using lazy-bfs algorithm: 3022[µs]
Time needed for checking abstract safety: 3594[µs]
...done.
Result: [1]
This means that the following properties could be separated from the initial configurations:
	[deadlock]
While the following properties could not be separated from the initial configurations:
	[]

real	0m1,404s
user	0m1,369s
sys	0m0,022s
********************
/home/jakob/Documents/abstracton/benchmarks/dodo/Illinois.json
s
deadlock
Running as unit: run-r3843e8f27cc6472fb4fdbaec632df113.scope; invocation ID: 74e22fe4fd8943c8842249f72d0a41ba
Time needed for parsing json file: 2344[µs]
alphabet size: 4
using Siphon interpretation
Time needed for constructing Siphon interpretation transducer: 849[µs]
computing ind...
Time needed for constructing complement of ind: 2423[µs]
Time needed for computing ind: 124988[µs]
Time needed for minimizing ind: 21263[µs]
Time needed for computing ind (total): 148801[µs]
automaton for ind has 5 states.
...done.
computing complement of preach...
Time needed for constructing identity on ind: 181[µs]
Time needed for computing product v_id of abstraction framework with identity on ind: 2023[µs]
Time needed for computing product of v_id with complement of abstraction framework: 660[µs]
Time needed for computing complement of preach: 3784[µs]
automaton for complement of preach has 5 states.
...of which, 2 states are at level 0.
Time needed for trimming complement of preach: 32[µs]
...done.
trying to prove abstract safety...
Time needed for constructing transducer for unsafe property: 18[µs]
Time needed for constructing transducer for (initial, unsafe) pairs: 155[µs]
Time needed for constructing transducer for complement of (initial, unsafe) pairs: 49[µs]
Time needed for building union of complements of preach and (initial, unsafe)-transducer: 42[µs]
Time needed for checking universality using lazy-bfs algorithm: 55[µs]
Time needed for checking abstract safety: 405[µs]
...done.
Result: [1]
This means that the following properties could be separated from the initial configurations:
	[deadlock]
While the following properties could not be separated from the initial configurations:
	[]

real	0m0,177s
user	0m0,156s
sys	0m0,011s
********************
/home/jakob/Documents/abstracton/benchmarks/dodo/Illinois.json
f
deadlock
Running as unit: run-r8e1a25ceb4ba4efbbd50e96313e6a236.scope; invocation ID: 79c90e5c23fc4d9ea5178b99b611c4c1
Time needed for parsing json file: 2328[µs]
alphabet size: 4
using Flow interpretation
Time needed for constructing Flow interpretation transducer: 1975[µs]
computing ind...
Time needed for constructing complement of ind: 7962[µs]
Time needed for computing ind: 8676092[µs]
Time needed for minimizing ind: 443414[µs]
Time needed for computing ind (total): 9127666[µs]
automaton for ind has 7 states.
...done.
computing complement of preach...
Time needed for constructing identity on ind: 332[µs]
Time needed for computing product v_id of abstraction framework with identity on ind: 5396[µs]
Time needed for computing product of v_id with complement of abstraction framework: 1271[µs]
Time needed for computing complement of preach: 8540[µs]
automaton for complement of preach has 5 states.
...of which, 2 states are at level 0.
Time needed for trimming complement of preach: 35[µs]
...done.
trying to prove abstract safety...
Time needed for constructing transducer for unsafe property: 17[µs]
Time needed for constructing transducer for (initial, unsafe) pairs: 167[µs]
Time needed for constructing transducer for complement of (initial, unsafe) pairs: 40[µs]
Time needed for building union of complements of preach and (initial, unsafe)-transducer: 33[µs]
Time needed for checking universality using lazy-bfs algorithm: 47[µs]
Time needed for checking abstract safety: 379[µs]
...done.
Result: [1]
This means that the following properties could be separated from the initial configurations:
	[deadlock]
While the following properties could not be separated from the initial configurations:
	[]

real	0m9,172s
user	0m9,119s
sys	0m0,034s
********************
22 of 61
/home/jakob/Documents/abstracton/benchmarks/dodo/Israeli-Jafon.json
t
notoken
Running as unit: run-rd219532d36bf4a98bea764f81ed315cb.scope; invocation ID: 6011cf532f5d43df91588c8ea830fa85
Time needed for parsing json file: 5448[µs]
alphabet size: 2
using Trap interpretation
Time needed for constructing Trap interpretation transducer: 600[µs]
computing ind...
Time needed for constructing complement of ind: 554[µs]
Time needed for computing ind: 5069[µs]
Time needed for minimizing ind: 1018[µs]
Time needed for computing ind (total): 6701[µs]
automaton for ind has 6 states.
...done.
computing complement of preach...
Time needed for constructing identity on ind: 69[µs]
Time needed for computing product v_id of abstraction framework with identity on ind: 1563[µs]
Time needed for computing product of v_id with complement of abstraction framework: 3482[µs]
Time needed for computing complement of preach: 5473[µs]
automaton for complement of preach has 11 states.
...of which, 4 states are at level 0.
Time needed for trimming complement of preach: 45[µs]
...done.
trying to prove abstract safety...
Time needed for constructing transducer for unsafe property: 3[µs]
Time needed for constructing transducer for (initial, unsafe) pairs: 116[µs]
Time needed for constructing transducer for complement of (initial, unsafe) pairs: 203[µs]
Time needed for building union of complements of preach and (initial, unsafe)-transducer: 37[µs]
Time needed for checking universality using lazy-bfs algorithm: 49[µs]
Time needed for checking abstract safety: 457[µs]
...done.
Result: [1]
This means that the following properties could be separated from the initial configurations:
	[notoken]
While the following properties could not be separated from the initial configurations:
	[]

real	0m0,042s
user	0m0,017s
sys	0m0,008s
********************
/home/jakob/Documents/abstracton/benchmarks/dodo/Israeli-Jafon.json
s
notoken
Running as unit: run-r13dcab17ae3c4d4e997ab339db4936ce.scope; invocation ID: dd79a5421b9042a98169d3e20515ff52
Time needed for parsing json file: 833[µs]
alphabet size: 2
using Siphon interpretation
Time needed for constructing Siphon interpretation transducer: 330[µs]
computing ind...
Time needed for constructing complement of ind: 203[µs]
Time needed for computing ind: 1175[µs]
Time needed for minimizing ind: 731[µs]
Time needed for computing ind (total): 2153[µs]
automaton for ind has 6 states.
...done.
computing complement of preach...
Time needed for constructing identity on ind: 68[µs]
Time needed for computing product v_id of abstraction framework with identity on ind: 776[µs]
Time needed for computing product of v_id with complement of abstraction framework: 475[µs]
Time needed for computing complement of preach: 1564[µs]
automaton for complement of preach has 8 states.
...of which, 4 states are at level 0.
Time needed for trimming complement of preach: 38[µs]
...done.
trying to prove abstract safety...
Time needed for constructing transducer for unsafe property: 3[µs]
Time needed for constructing transducer for (initial, unsafe) pairs: 137[µs]
Time needed for constructing transducer for complement of (initial, unsafe) pairs: 215[µs]
Time needed for building union of complements of preach and (initial, unsafe)-transducer: 35[µs]
Time needed for checking universality using lazy-bfs algorithm: 45[µs]
Time needed for checking abstract safety: 492[µs]
...done.
Result: [0]
This means that the following properties could be separated from the initial configurations:
	[]
While the following properties could not be separated from the initial configurations:
	[notoken]

real	0m0,025s
user	0m0,010s
sys	0m0,006s
********************
/home/jakob/Documents/abstracton/benchmarks/dodo/Israeli-Jafon.json
f
notoken
Running as unit: run-rdc75609fbc74476c8f4e11672a04d79f.scope; invocation ID: 87c56ef11d10473a8e8642ea1531fa45
Time needed for parsing json file: 917[µs]
alphabet size: 2
using Flow interpretation
Time needed for constructing Flow interpretation transducer: 536[µs]
computing ind...
Time needed for constructing complement of ind: 565[µs]
Time needed for computing ind: 8676[µs]
Time needed for minimizing ind: 2386[µs]
Time needed for computing ind (total): 11701[µs]
automaton for ind has 7 states.
...done.
computing complement of preach...
Time needed for constructing identity on ind: 77[µs]
Time needed for computing product v_id of abstraction framework with identity on ind: 1423[µs]
Time needed for computing product of v_id with complement of abstraction framework: 817[µs]
Time needed for computing complement of preach: 2779[µs]
automaton for complement of preach has 4 states.
...of which, 2 states are at level 0.
Time needed for trimming complement of preach: 26[µs]
...done.
trying to prove abstract safety...
Time needed for constructing transducer for unsafe property: 3[µs]
Time needed for constructing transducer for (initial, unsafe) pairs: 185[µs]
Time needed for constructing transducer for complement of (initial, unsafe) pairs: 242[µs]
Time needed for building union of complements of preach and (initial, unsafe)-transducer: 39[µs]
Time needed for checking universality using lazy-bfs algorithm: 51[µs]
Time needed for checking abstract safety: 584[µs]
...done.
Result: [0]
This means that the following properties could be separated from the initial configurations:
	[]
While the following properties could not be separated from the initial configurations:
	[notoken]

real	0m0,047s
user	0m0,020s
sys	0m0,007s
********************
23 of 61
/home/jakob/Documents/abstracton/benchmarks/dodo/MESI.json
t
modifiedmodified
Running as unit: run-r530a39fbb0d4499795d339f69aa3cac2.scope; invocation ID: f443381408964bd983e01552f6546879
Time needed for parsing json file: 1766[µs]
alphabet size: 4
using Trap interpretation
Time needed for constructing Trap interpretation transducer: 2430[µs]
computing ind...
Time needed for constructing complement of ind: 3633[µs]
Time needed for computing ind: 52743[µs]
Time needed for minimizing ind: 6944[µs]
Time needed for computing ind (total): 63402[µs]
automaton for ind has 6 states.
...done.
computing complement of preach...
Time needed for constructing identity on ind: 213[µs]
Time needed for computing product v_id of abstraction framework with identity on ind: 9586[µs]
Time needed for computing product of v_id with complement of abstraction framework: 37298[µs]
Time needed for computing complement of preach: 48254[µs]
automaton for complement of preach has 175 states.
...of which, 7 states are at level 0.
Time needed for trimming complement of preach: 421[µs]
...done.
trying to prove abstract safety...
Time needed for constructing transducer for unsafe property: 8[µs]
Time needed for constructing transducer for (initial, unsafe) pairs: 189[µs]
Time needed for constructing transducer for complement of (initial, unsafe) pairs: 305[µs]
Time needed for building union of complements of preach and (initial, unsafe)-transducer: 158[µs]
Time needed for checking universality using lazy-bfs algorithm: 928[µs]
Time needed for checking abstract safety: 1674[µs]
...done.
Result: [1]
This means that the following properties could be separated from the initial configurations:
	[modifiedmodified]
While the following properties could not be separated from the initial configurations:
	[]

real	0m0,149s
user	0m0,113s
sys	0m0,017s
********************
/home/jakob/Documents/abstracton/benchmarks/dodo/MESI.json
s
modifiedmodified
Running as unit: run-r45fcea621abd4c5e98c1f56beaa65d96.scope; invocation ID: 68896a5f0809486d8041ef6ec65b1e1a
Time needed for parsing json file: 10568[µs]
alphabet size: 4
using Siphon interpretation
Time needed for constructing Siphon interpretation transducer: 1026[µs]
computing ind...
Time needed for constructing complement of ind: 1296[µs]
Time needed for computing ind: 10629[µs]
Time needed for minimizing ind: 3949[µs]
Time needed for computing ind (total): 15919[µs]
automaton for ind has 3 states.
...done.
computing complement of preach...
Time needed for constructing identity on ind: 132[µs]
Time needed for computing product v_id of abstraction framework with identity on ind: 1772[µs]
Time needed for computing product of v_id with complement of abstraction framework: 433[µs]
Time needed for computing complement of preach: 3094[µs]
automaton for complement of preach has 0 states.
...of which, 0 states are at level 0.
Time needed for trimming complement of preach: 4[µs]
...done.
trying to prove abstract safety...
Time needed for constructing transducer for unsafe property: 6[µs]
Time needed for constructing transducer for (initial, unsafe) pairs: 153[µs]
Time needed for constructing transducer for complement of (initial, unsafe) pairs: 339[µs]
Time needed for building union of complements of preach and (initial, unsafe)-transducer: 89[µs]
Time needed for checking universality using lazy-bfs algorithm: 56[µs]
Time needed for checking abstract safety: 702[µs]
...done.
Result: [0]
This means that the following properties could be separated from the initial configurations:
        []
While the following properties could not be separated from the initial configurations:
        [modifiedmodified]

real    0m0,062s
user    0m0,027s
sys     0m0,009s
********************
/home/jakob/Documents/abstracton/benchmarks/dodo/MESI.json
f
modifiedmodified
Running as unit: run-r07ab6e4dd7f046b395b9bb6693f88de7.scope; invocation ID: 8a3bf59d8d90434184c56c16d027a897
Time needed for parsing json file: 1600[µs]
alphabet size: 4
using Flow interpretation
Time needed for constructing Flow interpretation transducer: 2264[µs]
computing ind...
Time needed for constructing complement of ind: 4023[µs]
Time needed for computing ind: 207546[µs]
Time needed for minimizing ind: 25431[µs]
Time needed for computing ind (total): 237087[µs]
automaton for ind has 5 states.
...done.
computing complement of preach...
Time needed for constructing identity on ind: 189[µs]
Time needed for computing product v_id of abstraction framework with identity on ind: 3245[µs]
Time needed for computing product of v_id with complement of abstraction framework: 775[µs]
Time needed for computing complement of preach: 5476[µs]
automaton for complement of preach has 0 states.
...of which, 0 states are at level 0.
Time needed for trimming complement of preach: 4[µs]
...done.
trying to prove abstract safety...
Time needed for constructing transducer for unsafe property: 5[µs]
Time needed for constructing transducer for (initial, unsafe) pairs: 132[µs]
Time needed for constructing transducer for complement of (initial, unsafe) pairs: 293[µs]
Time needed for building union of complements of preach and (initial, unsafe)-transducer: 47[µs]
Time needed for checking universality using lazy-bfs algorithm: 38[µs]
Time needed for checking abstract safety: 570[µs]
...done.
Result: [0]
This means that the following properties could be separated from the initial configurations:
        []
While the following properties could not be separated from the initial configurations:
        [modifiedmodified]

real    0m0,274s
user    0m0,251s
sys     0m0,010s
********************
24 of 61
/home/jakob/Documents/abstracton/benchmarks/dodo/MESI.json
t
sharedmodified
Running as unit: run-rb73891f823f94f36aae6d0f736a0113b.scope; invocation ID: eeb07ad2c6e74b05930bd1b24930ca38
Time needed for parsing json file: 2579[µs]
alphabet size: 4
using Trap interpretation
Time needed for constructing Trap interpretation transducer: 2850[µs]
computing ind...
Time needed for constructing complement of ind: 3483[µs]
Time needed for computing ind: 53745[µs]
Time needed for minimizing ind: 6991[µs]
Time needed for computing ind (total): 64488[µs]
automaton for ind has 6 states.
...done.
computing complement of preach...
Time needed for constructing identity on ind: 225[µs]
Time needed for computing product v_id of abstraction framework with identity on ind: 9813[µs]
Time needed for computing product of v_id with complement of abstraction framework: 35198[µs]
Time needed for computing complement of preach: 46409[µs]
automaton for complement of preach has 175 states.
...of which, 7 states are at level 0.
Time needed for trimming complement of preach: 405[µs]
...done.
trying to prove abstract safety...
Time needed for constructing transducer for unsafe property: 6[µs]
Time needed for constructing transducer for (initial, unsafe) pairs: 165[µs]
Time needed for constructing transducer for complement of (initial, unsafe) pairs: 397[µs]
Time needed for building union of complements of preach and (initial, unsafe)-transducer: 163[µs]
Time needed for checking universality using lazy-bfs algorithm: 916[µs]
Time needed for checking abstract safety: 1725[µs]
...done.
Result: [1]
This means that the following properties could be separated from the initial configurations:
	[sharedmodified]
While the following properties could not be separated from the initial configurations:
	[]

real	0m0,142s
user	0m0,111s
sys	0m0,018s
********************
/home/jakob/Documents/abstracton/benchmarks/dodo/MESI.json
s
sharedmodified
Running as unit: run-r197265efdb8d4cc7b56905ed5c38c3be.scope; invocation ID: 90b09472b3d54dcf97090507414efd1e
Time needed for parsing json file: 1599[µs]
alphabet size: 4
using Siphon interpretation
Time needed for constructing Siphon interpretation transducer: 947[µs]
computing ind...
Time needed for constructing complement of ind: 1406[µs]
Time needed for computing ind: 10887[µs]
Time needed for minimizing ind: 4077[µs]
Time needed for computing ind (total): 16417[µs]
automaton for ind has 3 states.
...done.
computing complement of preach...
Time needed for constructing identity on ind: 146[µs]
Time needed for computing product v_id of abstraction framework with identity on ind: 1793[µs]
Time needed for computing product of v_id with complement of abstraction framework: 431[µs]
Time needed for computing complement of preach: 3120[µs]
automaton for complement of preach has 0 states.
...of which, 0 states are at level 0.
Time needed for trimming complement of preach: 5[µs]
...done.
trying to prove abstract safety...
Time needed for constructing transducer for unsafe property: 13[µs]
Time needed for constructing transducer for (initial, unsafe) pairs: 180[µs]
Time needed for constructing transducer for complement of (initial, unsafe) pairs: 426[µs]
Time needed for building union of complements of preach and (initial, unsafe)-transducer: 66[µs]
Time needed for checking universality using lazy-bfs algorithm: 46[µs]
Time needed for checking abstract safety: 790[µs]
...done.
Result: [0]
This means that the following properties could be separated from the initial configurations:
        []
While the following properties could not be separated from the initial configurations:
        [sharedmodified]

real    0m0,049s
user    0m0,028s
sys     0m0,008s
********************
/home/jakob/Documents/abstracton/benchmarks/dodo/MESI.json
f
sharedmodified
Running as unit: run-r6ac2a7099af7481c9bf197803ac8e10c.scope; invocation ID: 15c2badf4ee8495ca0b69dee62cd53e1
Time needed for parsing json file: 1622[µs]
alphabet size: 4
using Flow interpretation
Time needed for constructing Flow interpretation transducer: 2126[µs]
computing ind...
Time needed for constructing complement of ind: 3935[µs]
Time needed for computing ind: 206034[µs]
Time needed for minimizing ind: 24809[µs]
Time needed for computing ind (total): 234870[µs]
automaton for ind has 5 states.
...done.
computing complement of preach...
Time needed for constructing identity on ind: 178[µs]
Time needed for computing product v_id of abstraction framework with identity on ind: 3166[µs]
Time needed for computing product of v_id with complement of abstraction framework: 727[µs]
Time needed for computing complement of preach: 5386[µs]
automaton for complement of preach has 0 states.
...of which, 0 states are at level 0.
Time needed for trimming complement of preach: 4[µs]
...done.
trying to prove abstract safety...
Time needed for constructing transducer for unsafe property: 27[µs]
Time needed for constructing transducer for (initial, unsafe) pairs: 173[µs]
Time needed for constructing transducer for complement of (initial, unsafe) pairs: 426[µs]
Time needed for building union of complements of preach and (initial, unsafe)-transducer: 57[µs]
Time needed for checking universality using lazy-bfs algorithm: 43[µs]
Time needed for checking abstract safety: 771[µs]
...done.
Result: [0]
This means that the following properties could be separated from the initial configurations:
        []
While the following properties could not be separated from the initial configurations:
        [sharedmodified]

real    0m0,272s
user    0m0,248s
sys     0m0,010s
********************
25 of 61
/home/jakob/Documents/abstracton/benchmarks/dodo/MESI.json
t
deadlock
Running as unit: run-ra1b135a942494a3cafa569c96caff682.scope; invocation ID: e9cd21e12328498c8242cf79a41bea6c
Time needed for parsing json file: 2262[µs]
alphabet size: 4
using Trap interpretation
Time needed for constructing Trap interpretation transducer: 2752[µs]
computing ind...
Time needed for constructing complement of ind: 3294[µs]
Time needed for computing ind: 50881[µs]
Time needed for minimizing ind: 7246[µs]
Time needed for computing ind (total): 61699[µs]
automaton for ind has 6 states.
...done.
computing complement of preach...
Time needed for constructing identity on ind: 227[µs]
Time needed for computing product v_id of abstraction framework with identity on ind: 10335[µs]
Time needed for computing product of v_id with complement of abstraction framework: 35150[µs]
Time needed for computing complement of preach: 46908[µs]
automaton for complement of preach has 175 states.
...of which, 7 states are at level 0.
Time needed for trimming complement of preach: 419[µs]
...done.
trying to prove abstract safety...
Time needed for constructing transducer for unsafe property: 9[µs]
Time needed for constructing transducer for (initial, unsafe) pairs: 104[µs]
Time needed for constructing transducer for complement of (initial, unsafe) pairs: 37[µs]
Time needed for building union of complements of preach and (initial, unsafe)-transducer: 135[µs]
Time needed for checking universality using lazy-bfs algorithm: 808[µs]
Time needed for checking abstract safety: 1178[µs]
...done.
Result: [1]
This means that the following properties could be separated from the initial configurations:
	[deadlock]
While the following properties could not be separated from the initial configurations:
	[]

real	0m0,143s
user	0m0,113s
sys	0m0,013s
********************
/home/jakob/Documents/abstracton/benchmarks/dodo/MESI.json
s
deadlock
Running as unit: run-rd67d2dfd4b274f988b7aa5b70aaae85c.scope; invocation ID: a2534fe12a5c4d9a8f98bdc67a18a22d
Time needed for parsing json file: 1495[µs]
alphabet size: 4
using Siphon interpretation
Time needed for constructing Siphon interpretation transducer: 878[µs]
computing ind...
Time needed for constructing complement of ind: 1272[µs]
Time needed for computing ind: 9797[µs]
Time needed for minimizing ind: 3642[µs]
Time needed for computing ind (total): 14774[µs]
automaton for ind has 3 states.
...done.
computing complement of preach...
Time needed for constructing identity on ind: 122[µs]
Time needed for computing product v_id of abstraction framework with identity on ind: 1642[µs]
Time needed for computing product of v_id with complement of abstraction framework: 382[µs]
Time needed for computing complement of preach: 2857[µs]
automaton for complement of preach has 0 states.
...of which, 0 states are at level 0.
Time needed for trimming complement of preach: 4[µs]
...done.
trying to prove abstract safety...
Time needed for constructing transducer for unsafe property: 9[µs]
Time needed for constructing transducer for (initial, unsafe) pairs: 106[µs]
Time needed for constructing transducer for complement of (initial, unsafe) pairs: 37[µs]
Time needed for building union of complements of preach and (initial, unsafe)-transducer: 29[µs]
Time needed for checking universality using lazy-bfs algorithm: 26[µs]
Time needed for checking abstract safety: 271[µs]
...done.
Result: [1]
This means that the following properties could be separated from the initial configurations:
	[deadlock]
While the following properties could not be separated from the initial configurations:
	[]

real	0m0,043s
user	0m0,024s
sys	0m0,007s
********************
/home/jakob/Documents/abstracton/benchmarks/dodo/MESI.json
f
deadlock
Running as unit: run-raa07472da43f47ceb756d63b3520e0f6.scope; invocation ID: 29ac83510e9e425b99edbca9c0415ec0
Time needed for parsing json file: 1605[µs]
alphabet size: 4
using Flow interpretation
Time needed for constructing Flow interpretation transducer: 1967[µs]
computing ind...
Time needed for constructing complement of ind: 3838[µs]
Time needed for computing ind: 203660[µs]
Time needed for minimizing ind: 25434[µs]
Time needed for computing ind (total): 233053[µs]
automaton for ind has 5 states.
...done.
computing complement of preach...
Time needed for constructing identity on ind: 177[µs]
Time needed for computing product v_id of abstraction framework with identity on ind: 3097[µs]
Time needed for computing product of v_id with complement of abstraction framework: 729[µs]
Time needed for computing complement of preach: 5296[µs]
automaton for complement of preach has 0 states.
...of which, 0 states are at level 0.
Time needed for trimming complement of preach: 4[µs]
...done.
trying to prove abstract safety...
Time needed for constructing transducer for unsafe property: 13[µs]
Time needed for constructing transducer for (initial, unsafe) pairs: 103[µs]
Time needed for constructing transducer for complement of (initial, unsafe) pairs: 33[µs]
Time needed for building union of complements of preach and (initial, unsafe)-transducer: 28[µs]
Time needed for checking universality using lazy-bfs algorithm: 25[µs]
Time needed for checking abstract safety: 244[µs]
...done.
Result: [1]
This means that the following properties could be separated from the initial configurations:
	[deadlock]
While the following properties could not be separated from the initial configurations:
	[]

real	0m0,271s
user	0m0,244s
sys	0m0,009s
********************
26 of 61
/home/jakob/Documents/abstracton/benchmarks/dodo/MOESI.json
t
modifiedmodified
Running as unit: run-r6b5c5ab31c514b09bbed275ea8c3162c.scope; invocation ID: 15bf21c722cc4270a2c71fd82a060dc3
Time needed for parsing json file: 7466[µs]
alphabet size: 5
using Trap interpretation
Time needed for constructing Trap interpretation transducer: 4953[µs]
computing ind...
Time needed for constructing complement of ind: 7812[µs]
Time needed for computing ind: 156963[µs]
Time needed for minimizing ind: 19749[µs]
Time needed for computing ind (total): 184642[µs]
automaton for ind has 13 states.
...done.
computing complement of preach...
Time needed for constructing identity on ind: 875[µs]
Time needed for computing product v_id of abstraction framework with identity on ind: 53511[µs]
Time needed for computing product of v_id with complement of abstraction framework: 256044[µs]
Time needed for computing complement of preach: 313631[µs]
automaton for complement of preach has 1220 states.
...of which, 20 states are at level 0.
Time needed for trimming complement of preach: 3466[µs]
...done.
trying to prove abstract safety...
Time needed for constructing transducer for unsafe property: 8[µs]
Time needed for constructing transducer for (initial, unsafe) pairs: 213[µs]
Time needed for constructing transducer for complement of (initial, unsafe) pairs: 418[µs]
Time needed for building union of complements of preach and (initial, unsafe)-transducer: 1042[µs]
Time needed for checking universality using lazy-bfs algorithm: 22455[µs]
Time needed for checking abstract safety: 24580[µs]
...done.
Result: [1]
This means that the following properties could be separated from the initial configurations:
	[modifiedmodified]
While the following properties could not be separated from the initial configurations:
	[]

real	0m0,566s
user	0m0,503s
sys	0m0,048s
********************
/home/jakob/Documents/abstracton/benchmarks/dodo/MOESI.json
s
modifiedmodified
Running as unit: run-r462702cf11dc48e2bb3f1df520eea55b.scope; invocation ID: 4bca650f2be14a2e987f42484f9efa8e
Time needed for parsing json file: 11819[µs]
alphabet size: 5
using Siphon interpretation
Time needed for constructing Siphon interpretation transducer: 1930[µs]
computing ind...
Time needed for constructing complement of ind: 3058[µs]
Time needed for computing ind: 22050[µs]
Time needed for minimizing ind: 7635[µs]
Time needed for computing ind (total): 32825[µs]
automaton for ind has 5 states.
...done.
computing complement of preach...
Time needed for constructing identity on ind: 418[µs]
Time needed for computing product v_id of abstraction framework with identity on ind: 6588[µs]
Time needed for computing product of v_id with complement of abstraction framework: 996[µs]
Time needed for computing complement of preach: 9499[µs]
automaton for complement of preach has 6 states.
...of which, 2 states are at level 0.
Time needed for trimming complement of preach: 25[µs]
...done.
trying to prove abstract safety...
Time needed for constructing transducer for unsafe property: 10[µs]
Time needed for constructing transducer for (initial, unsafe) pairs: 153[µs]
Time needed for constructing transducer for complement of (initial, unsafe) pairs: 334[µs]
Time needed for building union of complements of preach and (initial, unsafe)-transducer: 59[µs]
Time needed for checking universality using lazy-bfs algorithm: 68[µs]
Time needed for checking abstract safety: 676[µs]
...done.
Result: [0]
This means that the following properties could be separated from the initial configurations:
        []
While the following properties could not be separated from the initial configurations:
        [modifiedmodified]

real    0m0,083s
user    0m0,048s
sys     0m0,014s
********************
/home/jakob/Documents/abstracton/benchmarks/dodo/MOESI.json
f
modifiedmodified
Running as unit: run-rb28370e6c33a4a1ebe369f7bb7f087ef.scope; invocation ID: c7d67ab9bb734cae96f2268d41f08129
Time needed for parsing json file: 3064[µs]
alphabet size: 5
using Flow interpretation
Time needed for constructing Flow interpretation transducer: 4533[µs]
computing ind...
Time needed for constructing complement of ind: 9412[µs]
Time needed for computing ind: 708125[µs]
Time needed for minimizing ind: 78107[µs]
Time needed for computing ind (total): 795740[µs]
automaton for ind has 7 states.
...done.
computing complement of preach...
Time needed for constructing identity on ind: 499[µs]
Time needed for computing product v_id of abstraction framework with identity on ind: 13733[µs]
Time needed for computing product of v_id with complement of abstraction framework: 1667[µs]
Time needed for computing complement of preach: 18658[µs]
automaton for complement of preach has 6 states.
...of which, 2 states are at level 0.
Time needed for trimming complement of preach: 31[µs]
...done.
trying to prove abstract safety...
Time needed for constructing transducer for unsafe property: 6[µs]
Time needed for constructing transducer for (initial, unsafe) pairs: 264[µs]
Time needed for constructing transducer for complement of (initial, unsafe) pairs: 364[µs]
Time needed for building union of complements of preach and (initial, unsafe)-transducer: 62[µs]
Time needed for checking universality using lazy-bfs algorithm: 70[µs]
Time needed for checking abstract safety: 821[µs]
...done.
Result: [0]
This means that the following properties could be separated from the initial configurations:
        []
While the following properties could not be separated from the initial configurations:
        [modifiedmodified]

real    0m0,857s
user    0m0,827s
sys     0m0,010s
********************
27 of 61
/home/jakob/Documents/abstracton/benchmarks/dodo/MOESI.json
t
exclusiveexclusive
Running as unit: run-r995b173a6ccd438f9aea73d76825816f.scope; invocation ID: 1b6956e2ff0a4e07a05219ff332256e7
Time needed for parsing json file: 3627[µs]
alphabet size: 5
using Trap interpretation
Time needed for constructing Trap interpretation transducer: 5629[µs]
computing ind...
Time needed for constructing complement of ind: 8284[µs]
Time needed for computing ind: 153142[µs]
Time needed for minimizing ind: 19273[µs]
Time needed for computing ind (total): 180988[µs]
automaton for ind has 13 states.
...done.
computing complement of preach...
Time needed for constructing identity on ind: 889[µs]
Time needed for computing product v_id of abstraction framework with identity on ind: 68635[µs]
Time needed for computing product of v_id with complement of abstraction framework: 251858[µs]
Time needed for computing complement of preach: 324421[µs]
automaton for complement of preach has 1220 states.
...of which, 20 states are at level 0.
Time needed for trimming complement of preach: 3354[µs]
...done.
trying to prove abstract safety...
Time needed for constructing transducer for unsafe property: 7[µs]
Time needed for constructing transducer for (initial, unsafe) pairs: 175[µs]
Time needed for constructing transducer for complement of (initial, unsafe) pairs: 379[µs]
Time needed for building union of complements of preach and (initial, unsafe)-transducer: 973[µs]
Time needed for checking universality using lazy-bfs algorithm: 21731[µs]
Time needed for checking abstract safety: 23890[µs]
...done.
Result: [1]
This means that the following properties could be separated from the initial configurations:
	[exclusiveexclusive]
While the following properties could not be separated from the initial configurations:
	[]

real	0m0,572s
user	0m0,501s
sys	0m0,049s
********************
/home/jakob/Documents/abstracton/benchmarks/dodo/MOESI.json
s
exclusiveexclusive
Running as unit: run-rd0e173beb32045dda1fbe6911ed1f442.scope; invocation ID: 8d3991c54a2a49b287f39503bdf0206d
Time needed for parsing json file: 2852[µs]
alphabet size: 5
using Siphon interpretation
Time needed for constructing Siphon interpretation transducer: 1908[µs]
computing ind...
Time needed for constructing complement of ind: 3028[µs]
Time needed for computing ind: 23683[µs]
Time needed for minimizing ind: 7335[µs]
Time needed for computing ind (total): 34118[µs]
automaton for ind has 5 states.
...done.
computing complement of preach...
Time needed for constructing identity on ind: 772[µs]
Time needed for computing product v_id of abstraction framework with identity on ind: 7242[µs]
Time needed for computing product of v_id with complement of abstraction framework: 977[µs]
Time needed for computing complement of preach: 11380[µs]
automaton for complement of preach has 6 states.
...of which, 2 states are at level 0.
Time needed for trimming complement of preach: 21[µs]
...done.
trying to prove abstract safety...
Time needed for constructing transducer for unsafe property: 11[µs]
Time needed for constructing transducer for (initial, unsafe) pairs: 152[µs]
Time needed for constructing transducer for complement of (initial, unsafe) pairs: 358[µs]
Time needed for building union of complements of preach and (initial, unsafe)-transducer: 63[µs]
Time needed for checking universality using lazy-bfs algorithm: 71[µs]
Time needed for checking abstract safety: 708[µs]
...done.
Result: [0]
This means that the following properties could be separated from the initial configurations:
        []
While the following properties could not be separated from the initial configurations:
        [exclusiveexclusive]

real    0m0,079s
user    0m0,053s
sys     0m0,012s
********************
/home/jakob/Documents/abstracton/benchmarks/dodo/MOESI.json
f
exclusiveexclusive
Running as unit: run-r26bad9b1a23e458aa89708c041bdf5c8.scope; invocation ID: e2cb42866b73444396a5be2f5c972028
Time needed for parsing json file: 2864[µs]
alphabet size: 5
using Flow interpretation
Time needed for constructing Flow interpretation transducer: 4788[µs]
computing ind...
Time needed for constructing complement of ind: 9254[µs]
Time needed for computing ind: 710649[µs]
Time needed for minimizing ind: 81511[µs]
Time needed for computing ind (total): 801546[µs]
automaton for ind has 7 states.
...done.
computing complement of preach...
Time needed for constructing identity on ind: 502[µs]
Time needed for computing product v_id of abstraction framework with identity on ind: 14325[µs]
Time needed for computing product of v_id with complement of abstraction framework: 2013[µs]
Time needed for computing complement of preach: 19593[µs]
automaton for complement of preach has 6 states.
...of which, 2 states are at level 0.
Time needed for trimming complement of preach: 35[µs]
...done.
trying to prove abstract safety...
Time needed for constructing transducer for unsafe property: 6[µs]
Time needed for constructing transducer for (initial, unsafe) pairs: 207[µs]
Time needed for constructing transducer for complement of (initial, unsafe) pairs: 360[µs]
Time needed for building union of complements of preach and (initial, unsafe)-transducer: 66[µs]
Time needed for checking universality using lazy-bfs algorithm: 75[µs]
Time needed for checking abstract safety: 781[µs]
...done.
Result: [0]
This means that the following properties could be separated from the initial configurations:
        []
While the following properties could not be separated from the initial configurations:
        [exclusiveexclusive]

real    0m0,862s
user    0m0,828s
sys     0m0,016s
********************
28 of 61
/home/jakob/Documents/abstracton/benchmarks/dodo/MOESI.json
t
sharedexclusive
Running as unit: run-r6da774d85b6f40a78ab923cab359be29.scope; invocation ID: 00ee24898f8f4701b78bf6ec32bd24d2
Time needed for parsing json file: 3501[µs]
alphabet size: 5
using Trap interpretation
Time needed for constructing Trap interpretation transducer: 5366[µs]
computing ind...
Time needed for constructing complement of ind: 8356[µs]
Time needed for computing ind: 158392[µs]
Time needed for minimizing ind: 19670[µs]
Time needed for computing ind (total): 186733[µs]
automaton for ind has 13 states.
...done.
computing complement of preach...
Time needed for constructing identity on ind: 880[µs]
Time needed for computing product v_id of abstraction framework with identity on ind: 61875[µs]
Time needed for computing product of v_id with complement of abstraction framework: 251195[µs]
Time needed for computing complement of preach: 316844[µs]
automaton for complement of preach has 1220 states.
...of which, 20 states are at level 0.
Time needed for trimming complement of preach: 3635[µs]
...done.
trying to prove abstract safety...
Time needed for constructing transducer for unsafe property: 8[µs]
Time needed for constructing transducer for (initial, unsafe) pairs: 249[µs]
Time needed for constructing transducer for complement of (initial, unsafe) pairs: 486[µs]
Time needed for building union of complements of preach and (initial, unsafe)-transducer: 1046[µs]
Time needed for checking universality using lazy-bfs algorithm: 22319[µs]
Time needed for checking abstract safety: 24551[µs]
...done.
Result: [1]
This means that the following properties could be separated from the initial configurations:
	[sharedexclusive]
While the following properties could not be separated from the initial configurations:
	[]

real	0m0,572s
user	0m0,495s
sys	0m0,054s
********************
/home/jakob/Documents/abstracton/benchmarks/dodo/MOESI.json
s
sharedexclusive
Running as unit: run-r0588629818614f089f99942ad9f1777d.scope; invocation ID: 58a03b454e4f4e998362543cfdd178df
Time needed for parsing json file: 2878[µs]
alphabet size: 5
using Siphon interpretation
Time needed for constructing Siphon interpretation transducer: 1817[µs]
computing ind...
Time needed for constructing complement of ind: 3092[µs]
Time needed for computing ind: 21692[µs]
Time needed for minimizing ind: 6907[µs]
Time needed for computing ind (total): 31773[µs]
automaton for ind has 5 states.
...done.
computing complement of preach...
Time needed for constructing identity on ind: 391[µs]
Time needed for computing product v_id of abstraction framework with identity on ind: 6357[µs]
Time needed for computing product of v_id with complement of abstraction framework: 1057[µs]
Time needed for computing complement of preach: 9200[µs]
automaton for complement of preach has 6 states.
...of which, 2 states are at level 0.
Time needed for trimming complement of preach: 25[µs]
...done.
trying to prove abstract safety...
Time needed for constructing transducer for unsafe property: 8[µs]
Time needed for constructing transducer for (initial, unsafe) pairs: 189[µs]
Time needed for constructing transducer for complement of (initial, unsafe) pairs: 431[µs]
Time needed for building union of complements of preach and (initial, unsafe)-transducer: 69[µs]
Time needed for checking universality using lazy-bfs algorithm: 76[µs]
Time needed for checking abstract safety: 833[µs]
...done.
Result: [0]
This means that the following properties could be separated from the initial configurations:
        []
While the following properties could not be separated from the initial configurations:
        [sharedexclusive]

real    0m0,080s
user    0m0,046s
sys     0m0,014s
********************
/home/jakob/Documents/abstracton/benchmarks/dodo/MOESI.json
f
sharedexclusive
Running as unit: run-r35eb45cade9f4f3faa98accd6ed4fcd3.scope; invocation ID: 4d42a8cb6b7f481e99449b73e4bea788
Time needed for parsing json file: 2834[µs]
alphabet size: 5
using Flow interpretation
Time needed for constructing Flow interpretation transducer: 4443[µs]
computing ind...
Time needed for constructing complement of ind: 9387[µs]
Time needed for computing ind: 712713[µs]
Time needed for minimizing ind: 79353[µs]
Time needed for computing ind (total): 801570[µs]
automaton for ind has 7 states.
...done.
computing complement of preach...
Time needed for constructing identity on ind: 504[µs]
Time needed for computing product v_id of abstraction framework with identity on ind: 14544[µs]
Time needed for computing product of v_id with complement of abstraction framework: 1810[µs]
Time needed for computing complement of preach: 19661[µs]
automaton for complement of preach has 6 states.
...of which, 2 states are at level 0.
Time needed for trimming complement of preach: 37[µs]
...done.
trying to prove abstract safety...
Time needed for constructing transducer for unsafe property: 7[µs]
Time needed for constructing transducer for (initial, unsafe) pairs: 203[µs]
Time needed for constructing transducer for complement of (initial, unsafe) pairs: 484[µs]
Time needed for building union of complements of preach and (initial, unsafe)-transducer: 72[µs]
Time needed for checking universality using lazy-bfs algorithm: 87[µs]
Time needed for checking abstract safety: 928[µs]
...done.
Result: [0]
This means that the following properties could be separated from the initial configurations:
        []
While the following properties could not be separated from the initial configurations:
        [sharedexclusive]

real    0m0,857s
user    0m0,825s
sys     0m0,019s
********************
29 of 61
/home/jakob/Documents/abstracton/benchmarks/dodo/MOESI.json
t
ownedexclusive
Running as unit: run-r99643d213b3f494daa275bddde8ef461.scope; invocation ID: 8b5d46dbc76445228b424652970fd692
Time needed for parsing json file: 3685[µs]
alphabet size: 5
using Trap interpretation
Time needed for constructing Trap interpretation transducer: 5347[µs]
computing ind...
Time needed for constructing complement of ind: 7632[µs]
Time needed for computing ind: 156300[µs]
Time needed for minimizing ind: 19942[µs]
Time needed for computing ind (total): 184176[µs]
automaton for ind has 13 states.
...done.
computing complement of preach...
Time needed for constructing identity on ind: 878[µs]
Time needed for computing product v_id of abstraction framework with identity on ind: 61633[µs]
Time needed for computing product of v_id with complement of abstraction framework: 250469[µs]
Time needed for computing complement of preach: 316013[µs]
automaton for complement of preach has 1220 states.
...of which, 20 states are at level 0.
Time needed for trimming complement of preach: 3454[µs]
...done.
trying to prove abstract safety...
Time needed for constructing transducer for unsafe property: 8[µs]
Time needed for constructing transducer for (initial, unsafe) pairs: 233[µs]
Time needed for constructing transducer for complement of (initial, unsafe) pairs: 482[µs]
Time needed for building union of complements of preach and (initial, unsafe)-transducer: 1039[µs]
Time needed for checking universality using lazy-bfs algorithm: 22160[µs]
Time needed for checking abstract safety: 24340[µs]
...done.
Result: [1]
This means that the following properties could be separated from the initial configurations:
	[ownedexclusive]
While the following properties could not be separated from the initial configurations:
	[]

real	0m0,564s
user	0m0,496s
sys	0m0,048s
********************
/home/jakob/Documents/abstracton/benchmarks/dodo/MOESI.json
s
ownedexclusive
Running as unit: run-r9eafb393802841c1a5be2bdfcb404509.scope; invocation ID: f2efc009ed52470d895c8e819d89dafb
Time needed for parsing json file: 2923[µs]
alphabet size: 5
using Siphon interpretation
Time needed for constructing Siphon interpretation transducer: 1955[µs]
computing ind...
Time needed for constructing complement of ind: 3068[µs]
Time needed for computing ind: 25143[µs]
Time needed for minimizing ind: 7235[µs]
Time needed for computing ind (total): 35527[µs]
automaton for ind has 5 states.
...done.
computing complement of preach...
Time needed for constructing identity on ind: 415[µs]
Time needed for computing product v_id of abstraction framework with identity on ind: 6379[µs]
Time needed for computing product of v_id with complement of abstraction framework: 1039[µs]
Time needed for computing complement of preach: 9410[µs]
automaton for complement of preach has 6 states.
...of which, 2 states are at level 0.
Time needed for trimming complement of preach: 31[µs]
...done.
trying to prove abstract safety...
Time needed for constructing transducer for unsafe property: 11[µs]
Time needed for constructing transducer for (initial, unsafe) pairs: 216[µs]
Time needed for constructing transducer for complement of (initial, unsafe) pairs: 463[µs]
Time needed for building union of complements of preach and (initial, unsafe)-transducer: 71[µs]
Time needed for checking universality using lazy-bfs algorithm: 102[µs]
Time needed for checking abstract safety: 940[µs]
...done.
Result: [0]
This means that the following properties could be separated from the initial configurations:
        []
While the following properties could not be separated from the initial configurations:
        [ownedexclusive]

real    0m0,076s
user    0m0,056s
sys     0m0,009s
********************
/home/jakob/Documents/abstracton/benchmarks/dodo/MOESI.json
f
ownedexclusive
Running as unit: run-r39ddd5e320c54d759d4d986ad4364527.scope; invocation ID: ff8eb6483415443db6ea7ac568932ee9
Time needed for parsing json file: 2932[µs]
alphabet size: 5
using Flow interpretation
Time needed for constructing Flow interpretation transducer: 4541[µs]
computing ind...
Time needed for constructing complement of ind: 9234[µs]
Time needed for computing ind: 712232[µs]
Time needed for minimizing ind: 78243[µs]
Time needed for computing ind (total): 799818[µs]
automaton for ind has 7 states.
...done.
computing complement of preach...
Time needed for constructing identity on ind: 494[µs]
Time needed for computing product v_id of abstraction framework with identity on ind: 13795[µs]
Time needed for computing product of v_id with complement of abstraction framework: 1690[µs]
Time needed for computing complement of preach: 18765[µs]
automaton for complement of preach has 6 states.
...of which, 2 states are at level 0.
Time needed for trimming complement of preach: 34[µs]
...done.
trying to prove abstract safety...
Time needed for constructing transducer for unsafe property: 7[µs]
Time needed for constructing transducer for (initial, unsafe) pairs: 205[µs]
Time needed for constructing transducer for complement of (initial, unsafe) pairs: 443[µs]
Time needed for building union of complements of preach and (initial, unsafe)-transducer: 70[µs]
Time needed for checking universality using lazy-bfs algorithm: 75[µs]
Time needed for checking abstract safety: 871[µs]
...done.
Result: [0]
This means that the following properties could be separated from the initial configurations:
        []
While the following properties could not be separated from the initial configurations:
        [ownedexclusive]

real    0m0,864s
user    0m0,825s
sys     0m0,015s
********************
30 of 61
/home/jakob/Documents/abstracton/benchmarks/dodo/MOESI.json
t
exclusivemodified
Running as unit: run-r7a537a185fdb440989f0ded53d7f49ac.scope; invocation ID: df6938fefaff499aa45a16e3b83a5326
Time needed for parsing json file: 3735[µs]
alphabet size: 5
using Trap interpretation
Time needed for constructing Trap interpretation transducer: 5439[µs]
computing ind...
Time needed for constructing complement of ind: 8204[µs]
Time needed for computing ind: 156811[µs]
Time needed for minimizing ind: 20261[µs]
Time needed for computing ind (total): 185581[µs]
automaton for ind has 13 states.
...done.
computing complement of preach...
Time needed for constructing identity on ind: 872[µs]
Time needed for computing product v_id of abstraction framework with identity on ind: 54047[µs]
Time needed for computing product of v_id with complement of abstraction framework: 253307[µs]
Time needed for computing complement of preach: 311366[µs]
automaton for complement of preach has 1220 states.
...of which, 20 states are at level 0.
Time needed for trimming complement of preach: 3511[µs]
...done.
trying to prove abstract safety...
Time needed for constructing transducer for unsafe property: 10[µs]
Time needed for constructing transducer for (initial, unsafe) pairs: 229[µs]
Time needed for constructing transducer for complement of (initial, unsafe) pairs: 491[µs]
Time needed for building union of complements of preach and (initial, unsafe)-transducer: 1085[µs]
Time needed for checking universality using lazy-bfs algorithm: 23195[µs]
Time needed for checking abstract safety: 25448[µs]
...done.
Result: [1]
This means that the following properties could be separated from the initial configurations:
	[exclusivemodified]
While the following properties could not be separated from the initial configurations:
	[]

real	0m0,570s
user	0m0,498s
sys	0m0,054s
********************
/home/jakob/Documents/abstracton/benchmarks/dodo/MOESI.json
s
exclusivemodified
Running as unit: run-rcffb9e4c3aaa4de8b067e78f489e6bf4.scope; invocation ID: 54c835c7cdb7426ab7e33ae95423d719
Time needed for parsing json file: 2914[µs]
alphabet size: 5
using Siphon interpretation
Time needed for constructing Siphon interpretation transducer: 1783[µs]
computing ind...
Time needed for constructing complement of ind: 3082[µs]
Time needed for computing ind: 22387[µs]
Time needed for minimizing ind: 7337[µs]
Time needed for computing ind (total): 32886[µs]
automaton for ind has 5 states.
...done.
computing complement of preach...
Time needed for constructing identity on ind: 430[µs]
Time needed for computing product v_id of abstraction framework with identity on ind: 6608[µs]
Time needed for computing product of v_id with complement of abstraction framework: 1044[µs]
Time needed for computing complement of preach: 9545[µs]
automaton for complement of preach has 6 states.
...of which, 2 states are at level 0.
Time needed for trimming complement of preach: 24[µs]
...done.
trying to prove abstract safety...
Time needed for constructing transducer for unsafe property: 8[µs]
Time needed for constructing transducer for (initial, unsafe) pairs: 193[µs]
Time needed for constructing transducer for complement of (initial, unsafe) pairs: 476[µs]
Time needed for building union of complements of preach and (initial, unsafe)-transducer: 69[µs]
Time needed for checking universality using lazy-bfs algorithm: 73[µs]
Time needed for checking abstract safety: 891[µs]
...done.
Result: [0]
This means that the following properties could be separated from the initial configurations:
        []
While the following properties could not be separated from the initial configurations:
        [exclusivemodified]

real    0m0,073s
user    0m0,049s
sys     0m0,013s
********************
/home/jakob/Documents/abstracton/benchmarks/dodo/MOESI.json
f
exclusivemodified
Running as unit: run-rbe0967b8a958461d977494a07121c771.scope; invocation ID: 1db08bff14494e25873af6f2a3cfdcca
Time needed for parsing json file: 2857[µs]
alphabet size: 5
using Flow interpretation
Time needed for constructing Flow interpretation transducer: 4548[µs]
computing ind...
Time needed for constructing complement of ind: 9412[µs]
Time needed for computing ind: 711298[µs]
Time needed for minimizing ind: 78791[µs]
Time needed for computing ind (total): 799603[µs]
automaton for ind has 7 states.
...done.
computing complement of preach...
Time needed for constructing identity on ind: 512[µs]
Time needed for computing product v_id of abstraction framework with identity on ind: 13777[µs]
Time needed for computing product of v_id with complement of abstraction framework: 1725[µs]
Time needed for computing complement of preach: 18745[µs]
automaton for complement of preach has 6 states.
...of which, 2 states are at level 0.
Time needed for trimming complement of preach: 31[µs]
...done.
trying to prove abstract safety...
Time needed for constructing transducer for unsafe property: 13[µs]
Time needed for constructing transducer for (initial, unsafe) pairs: 189[µs]
Time needed for constructing transducer for complement of (initial, unsafe) pairs: 407[µs]
Time needed for building union of complements of preach and (initial, unsafe)-transducer: 67[µs]
Time needed for checking universality using lazy-bfs algorithm: 70[µs]
Time needed for checking abstract safety: 805[µs]
...done.
Result: [0]
This means that the following properties could be separated from the initial configurations:
        []
While the following properties could not be separated from the initial configurations:
        [exclusivemodified]

real    0m0,861s
user    0m0,822s
sys     0m0,019s
********************
31 of 61
/home/jakob/Documents/abstracton/benchmarks/dodo/MOESI.json
t
ownedmodified
Running as unit: run-r1d26b5cb1da74e6db711208618d73f86.scope; invocation ID: e484ad969631463593756ebc677bba79
Time needed for parsing json file: 3498[µs]
alphabet size: 5
using Trap interpretation
Time needed for constructing Trap interpretation transducer: 5376[µs]
computing ind...
Time needed for constructing complement of ind: 7876[µs]
Time needed for computing ind: 151928[µs]
Time needed for minimizing ind: 19381[µs]
Time needed for computing ind (total): 179466[µs]
automaton for ind has 13 states.
...done.
computing complement of preach...
Time needed for constructing identity on ind: 874[µs]
Time needed for computing product v_id of abstraction framework with identity on ind: 71243[µs]
Time needed for computing product of v_id with complement of abstraction framework: 255880[µs]
Time needed for computing complement of preach: 331024[µs]
automaton for complement of preach has 1220 states.
...of which, 20 states are at level 0.
Time needed for trimming complement of preach: 3416[µs]
...done.
trying to prove abstract safety...
Time needed for constructing transducer for unsafe property: 9[µs]
Time needed for constructing transducer for (initial, unsafe) pairs: 220[µs]
Time needed for constructing transducer for complement of (initial, unsafe) pairs: 484[µs]
Time needed for building union of complements of preach and (initial, unsafe)-transducer: 1062[µs]
Time needed for checking universality using lazy-bfs algorithm: 22505[µs]
Time needed for checking abstract safety: 24714[µs]
...done.
Result: [1]
This means that the following properties could be separated from the initial configurations:
	[ownedmodified]
While the following properties could not be separated from the initial configurations:
	[]

real	0m0,575s
user	0m0,501s
sys	0m0,054s
********************
/home/jakob/Documents/abstracton/benchmarks/dodo/MOESI.json
s
ownedmodified
Running as unit: run-re5574c4b91824a89b833353125bf3f47.scope; invocation ID: 94130234767249bf983e87e0d329d093
Time needed for parsing json file: 2860[µs]
alphabet size: 5
using Siphon interpretation
Time needed for constructing Siphon interpretation transducer: 1788[µs]
computing ind...
Time needed for constructing complement of ind: 3045[µs]
Time needed for computing ind: 20328[µs]
Time needed for minimizing ind: 6605[µs]
Time needed for computing ind (total): 30052[µs]
automaton for ind has 5 states.
...done.
computing complement of preach...
Time needed for constructing identity on ind: 392[µs]
Time needed for computing product v_id of abstraction framework with identity on ind: 5906[µs]
Time needed for computing product of v_id with complement of abstraction framework: 927[µs]
Time needed for computing complement of preach: 8595[µs]
automaton for complement of preach has 6 states.
...of which, 2 states are at level 0.
Time needed for trimming complement of preach: 20[µs]
...done.
trying to prove abstract safety...
Time needed for constructing transducer for unsafe property: 8[µs]
Time needed for constructing transducer for (initial, unsafe) pairs: 164[µs]
Time needed for constructing transducer for complement of (initial, unsafe) pairs: 391[µs]
Time needed for building union of complements of preach and (initial, unsafe)-transducer: 73[µs]
Time needed for checking universality using lazy-bfs algorithm: 68[µs]
Time needed for checking abstract safety: 772[µs]
...done.
Result: [0]
This means that the following properties could be separated from the initial configurations:
	[]
While the following properties could not be separated from the initial configurations:
	[ownedmodified]

real	0m0,083s
user	0m0,049s
sys	0m0,007s
********************
/home/jakob/Documents/abstracton/benchmarks/dodo/MOESI.json
f
ownedmodified
Running as unit: run-r3583d92007854f1c816911c1f9ec68d5.scope; invocation ID: 71eec3c7b78a411c96845f09da7c51c7
Time needed for parsing json file: 2832[µs]
alphabet size: 5
using Flow interpretation
Time needed for constructing Flow interpretation transducer: 4459[µs]
computing ind...
Time needed for constructing complement of ind: 8653[µs]
Time needed for computing ind: 694496[µs]
Time needed for minimizing ind: 78466[µs]
Time needed for computing ind (total): 781835[µs]
automaton for ind has 7 states.
...done.
computing complement of preach...
Time needed for constructing identity on ind: 514[µs]
Time needed for computing product v_id of abstraction framework with identity on ind: 14260[µs]
Time needed for computing product of v_id with complement of abstraction framework: 1704[µs]
Time needed for computing complement of preach: 19531[µs]
automaton for complement of preach has 6 states.
...of which, 2 states are at level 0.
Time needed for trimming complement of preach: 32[µs]
...done.
trying to prove abstract safety...
Time needed for constructing transducer for unsafe property: 8[µs]
Time needed for constructing transducer for (initial, unsafe) pairs: 223[µs]
Time needed for constructing transducer for complement of (initial, unsafe) pairs: 436[µs]
Time needed for building union of complements of preach and (initial, unsafe)-transducer: 73[µs]
Time needed for checking universality using lazy-bfs algorithm: 74[µs]
Time needed for checking abstract safety: 921[µs]
...done.
Result: [0]
This means that the following properties could be separated from the initial configurations:
	[]
While the following properties could not be separated from the initial configurations:
	[ownedmodified]

real	0m0,839s
user	0m0,808s
sys	0m0,013s
********************
32 of 61
/home/jakob/Documents/abstracton/benchmarks/dodo/MOESI.json
t
sharedmodified
Running as unit: run-rd7043aa36be145c4a442b24198b5f531.scope; invocation ID: 54aad4d2bea741a49993c0f2f8941492
Time needed for parsing json file: 2635[µs]
alphabet size: 5
using Trap interpretation
Time needed for constructing Trap interpretation transducer: 4981[µs]
computing ind...
Time needed for constructing complement of ind: 8112[µs]
Time needed for computing ind: 153838[µs]
Time needed for minimizing ind: 18873[µs]
Time needed for computing ind (total): 180904[µs]
automaton for ind has 13 states.
...done.
computing complement of preach...
Time needed for constructing identity on ind: 883[µs]
Time needed for computing product v_id of abstraction framework with identity on ind: 54275[µs]
Time needed for computing product of v_id with complement of abstraction framework: 251158[µs]
Time needed for computing complement of preach: 309286[µs]
automaton for complement of preach has 1220 states.
...of which, 20 states are at level 0.
Time needed for trimming complement of preach: 3558[µs]
...done.
trying to prove abstract safety...
Time needed for constructing transducer for unsafe property: 9[µs]
Time needed for constructing transducer for (initial, unsafe) pairs: 222[µs]
Time needed for constructing transducer for complement of (initial, unsafe) pairs: 487[µs]
Time needed for building union of complements of preach and (initial, unsafe)-transducer: 1045[µs]
Time needed for checking universality using lazy-bfs algorithm: 22738[µs]
Time needed for checking abstract safety: 24915[µs]
...done.
Result: [1]
This means that the following properties could be separated from the initial configurations:
	[sharedmodified]
While the following properties could not be separated from the initial configurations:
	[]

real	0m0,556s
user	0m0,496s
sys	0m0,047s
********************
/home/jakob/Documents/abstracton/benchmarks/dodo/MOESI.json
s
sharedmodified
Running as unit: run-r2f5cff001c5249db9604e2d9bbc4c828.scope; invocation ID: e79694d7c2994835b7193db064ca21f3
Time needed for parsing json file: 2849[µs]
alphabet size: 5
using Siphon interpretation
Time needed for constructing Siphon interpretation transducer: 1844[µs]
computing ind...
Time needed for constructing complement of ind: 2982[µs]
Time needed for computing ind: 21333[µs]
Time needed for minimizing ind: 7300[µs]
Time needed for computing ind (total): 31664[µs]
automaton for ind has 5 states.
...done.
computing complement of preach...
Time needed for constructing identity on ind: 410[µs]
Time needed for computing product v_id of abstraction framework with identity on ind: 6659[µs]
Time needed for computing product of v_id with complement of abstraction framework: 995[µs]
Time needed for computing complement of preach: 9475[µs]
automaton for complement of preach has 6 states.
...of which, 2 states are at level 0.
Time needed for trimming complement of preach: 25[µs]
...done.
trying to prove abstract safety...
Time needed for constructing transducer for unsafe property: 8[µs]
Time needed for constructing transducer for (initial, unsafe) pairs: 183[µs]
Time needed for constructing transducer for complement of (initial, unsafe) pairs: 429[µs]
Time needed for building union of complements of preach and (initial, unsafe)-transducer: 70[µs]
Time needed for checking universality using lazy-bfs algorithm: 79[µs]
Time needed for checking abstract safety: 827[µs]
...done.
Result: [0]
This means that the following properties could be separated from the initial configurations:
        []
While the following properties could not be separated from the initial configurations:
        [sharedmodified]

real    0m0,084s
user    0m0,050s
sys     0m0,010s
********************
/home/jakob/Documents/abstracton/benchmarks/dodo/MOESI.json
f
sharedmodified
Running as unit: run-r5ee1e85afe5f44a58bc6e1ffcc86fa74.scope; invocation ID: b0e2fed262da467da6cb3e6657efd1df
Time needed for parsing json file: 2902[µs]
alphabet size: 5
using Flow interpretation
Time needed for constructing Flow interpretation transducer: 4491[µs]
computing ind...
Time needed for constructing complement of ind: 10104[µs]
Time needed for computing ind: 706292[µs]
Time needed for minimizing ind: 77548[µs]
Time needed for computing ind (total): 794119[µs]
automaton for ind has 7 states.
...done.
computing complement of preach...
Time needed for constructing identity on ind: 497[µs]
Time needed for computing product v_id of abstraction framework with identity on ind: 13819[µs]
Time needed for computing product of v_id with complement of abstraction framework: 1770[µs]
Time needed for computing complement of preach: 18895[µs]
automaton for complement of preach has 6 states.
...of which, 2 states are at level 0.
Time needed for trimming complement of preach: 33[µs]
...done.
trying to prove abstract safety...
Time needed for constructing transducer for unsafe property: 7[µs]
Time needed for constructing transducer for (initial, unsafe) pairs: 189[µs]
Time needed for constructing transducer for complement of (initial, unsafe) pairs: 440[µs]
Time needed for building union of complements of preach and (initial, unsafe)-transducer: 67[µs]
Time needed for checking universality using lazy-bfs algorithm: 88[µs]
Time needed for checking abstract safety: 849[µs]
...done.
Result: [0]
This means that the following properties could be separated from the initial configurations:
        []
While the following properties could not be separated from the initial configurations:
        [sharedmodified]

real    0m0,847s
user    0m0,819s
sys     0m0,017s
********************
33 of 61
/home/jakob/Documents/abstracton/benchmarks/dodo/MOESI.json
t
deadlock
Running as unit: run-r5bd1610429db40588b41f62d59d5fcd8.scope; invocation ID: 40526b6948ff43f59b0f2913e06f48ad
Time needed for parsing json file: 3686[µs]
alphabet size: 5
using Trap interpretation
Time needed for constructing Trap interpretation transducer: 5825[µs]
computing ind...
Time needed for constructing complement of ind: 8143[µs]
Time needed for computing ind: 154916[µs]
Time needed for minimizing ind: 23518[µs]
Time needed for computing ind (total): 186871[µs]
automaton for ind has 13 states.
...done.
computing complement of preach...
Time needed for constructing identity on ind: 830[µs]
Time needed for computing product v_id of abstraction framework with identity on ind: 53656[µs]
Time needed for computing product of v_id with complement of abstraction framework: 251577[µs]
Time needed for computing complement of preach: 308867[µs]
automaton for complement of preach has 1220 states.
...of which, 20 states are at level 0.
Time needed for trimming complement of preach: 3404[µs]
...done.
trying to prove abstract safety...
Time needed for constructing transducer for unsafe property: 10[µs]
Time needed for constructing transducer for (initial, unsafe) pairs: 121[µs]
Time needed for constructing transducer for complement of (initial, unsafe) pairs: 41[µs]
Time needed for building union of complements of preach and (initial, unsafe)-transducer: 950[µs]
Time needed for checking universality using lazy-bfs algorithm: 21554[µs]
Time needed for checking abstract safety: 23105[µs]
...done.
Result: [1]
This means that the following properties could be separated from the initial configurations:
	[deadlock]
While the following properties could not be separated from the initial configurations:
	[]

real	0m0,566s
user	0m0,493s
sys	0m0,055s
********************
/home/jakob/Documents/abstracton/benchmarks/dodo/MOESI.json
s
deadlock
Running as unit: run-r2d6913d2f8574c808aa42607071482be.scope; invocation ID: 2ae3ca12b40140b2b4c704eb32e61266
Time needed for parsing json file: 2639[µs]
alphabet size: 5
using Siphon interpretation
Time needed for constructing Siphon interpretation transducer: 1710[µs]
computing ind...
Time needed for constructing complement of ind: 2815[µs]
Time needed for computing ind: 19869[µs]
Time needed for minimizing ind: 6664[µs]
Time needed for computing ind (total): 29412[µs]
automaton for ind has 5 states.
...done.
computing complement of preach...
Time needed for constructing identity on ind: 359[µs]
Time needed for computing product v_id of abstraction framework with identity on ind: 5860[µs]
Time needed for computing product of v_id with complement of abstraction framework: 935[µs]
Time needed for computing complement of preach: 8437[µs]
automaton for complement of preach has 6 states.
...of which, 2 states are at level 0.
Time needed for trimming complement of preach: 24[µs]
...done.
trying to prove abstract safety...
Time needed for constructing transducer for unsafe property: 10[µs]
Time needed for constructing transducer for (initial, unsafe) pairs: 103[µs]
Time needed for constructing transducer for complement of (initial, unsafe) pairs: 36[µs]
Time needed for building union of complements of preach and (initial, unsafe)-transducer: 32[µs]
Time needed for checking universality using lazy-bfs algorithm: 73[µs]
Time needed for checking abstract safety: 297[µs]
...done.
Result: [1]
This means that the following properties could be separated from the initial configurations:
	[deadlock]
While the following properties could not be separated from the initial configurations:
	[]

real	0m0,065s
user	0m0,045s
sys	0m0,009s
********************
/home/jakob/Documents/abstracton/benchmarks/dodo/MOESI.json
f
deadlock
Running as unit: run-r33ba432e08434685af66bca9aa750aa6.scope; invocation ID: 4d3ed3916b074efda61d7b093abe4739
Time needed for parsing json file: 2572[µs]
alphabet size: 5
using Flow interpretation
Time needed for constructing Flow interpretation transducer: 4026[µs]
computing ind...
Time needed for constructing complement of ind: 8378[µs]
Time needed for computing ind: 693527[µs]
Time needed for minimizing ind: 77487[µs]
Time needed for computing ind (total): 779567[µs]
automaton for ind has 7 states.
...done.
computing complement of preach...
Time needed for constructing identity on ind: 486[µs]
Time needed for computing product v_id of abstraction framework with identity on ind: 13540[µs]
Time needed for computing product of v_id with complement of abstraction framework: 1608[µs]
Time needed for computing complement of preach: 18329[µs]
automaton for complement of preach has 6 states.
...of which, 2 states are at level 0.
Time needed for trimming complement of preach: 30[µs]
...done.
trying to prove abstract safety...
Time needed for constructing transducer for unsafe property: 8[µs]
Time needed for constructing transducer for (initial, unsafe) pairs: 135[µs]
Time needed for constructing transducer for complement of (initial, unsafe) pairs: 38[µs]
Time needed for building union of complements of preach and (initial, unsafe)-transducer: 32[µs]
Time needed for checking universality using lazy-bfs algorithm: 75[µs]
Time needed for checking abstract safety: 333[µs]
...done.
Result: [1]
This means that the following properties could be separated from the initial configurations:
	[deadlock]
While the following properties could not be separated from the initial configurations:
	[]

real	0m0,825s
user	0m0,807s
sys	0m0,008s
********************
34 of 61
/home/jakob/Documents/abstracton/benchmarks/dodo/Szymanski.json
t
nomutex
Running as unit: run-r7bbb6e436fcf44f0810d770ce262ba05.scope; invocation ID: a597214a5ec84b57804fb0e822e7f2e5
Time needed for parsing json file: 169170[µs]
alphabet size: 50
using Trap interpretation

real	20m47,886s
user	1m56,321s
sys	1m18,555s
********************
/home/jakob/Documents/abstracton/benchmarks/dodo/Szymanski.json
s
nomutex
Running as unit: run-r2102bb4f2abd4a759f064abf3a99726d.scope; invocation ID: 4ffec2480fc24d639f6ac4c7c7197ad0
Time needed for parsing json file: 181142[µs]
alphabet size: 50
using Siphon interpretation
./bench_for_dodo_comparison.sh: line 83: 157919 Killed                  systemd-run --user --scope -p MemoryMax=32G -p MemorySwapMax=7G timeout $TIMEOUT "${parentdir}/../build_release/benchmarks/solve_dodo" -i $MODE -p $PROPERTY $FILE --measure-time --no-dot-printing --universality-alg lazy-bfs

real	15m23,149s
user	1m54,980s
sys	0m55,392s
********************
/home/jakob/Documents/abstracton/benchmarks/dodo/Szymanski.json
f
nomutex
Running as unit: run-r04cc0f4f0d9f4fb7b741cb57c524e22a.scope; invocation ID: 6beb2da5de094231baab40502ff9b5ac
Time needed for parsing json file: 262292[µs]
alphabet size: 50
using Flow interpretation
./bench_for_dodo_comparison.sh: line 83: 158330 Killed                  systemd-run --user --scope -p MemoryMax=32G -p MemorySwapMax=7G timeout $TIMEOUT "${parentdir}/../build_release/benchmarks/solve_dodo" -i $MODE -p $PROPERTY $FILE --measure-time --no-dot-printing --universality-alg lazy-bfs

real	3m58,680s
user	1m49,489s
sys	0m39,809s
********************
35 of 61
/home/jakob/Documents/abstracton/benchmarks/dodo/Szymanski.json
t
deadlock
Running as unit: run-re9bad7a9dc6d4c7395f02fab6105b85d.scope; invocation ID: af915c0f2e274292bb786bd5688bb93f
Time needed for parsing json file: 195831[µs]
alphabet size: 50
using Trap interpretation
./bench_for_dodo_comparison.sh: line 83: 158576 Killed                  systemd-run --user --scope -p MemoryMax=32G -p MemorySwapMax=7G timeout $TIMEOUT "${parentdir}/../build_release/benchmarks/solve_dodo" -i $MODE -p $PROPERTY $FILE --measure-time --no-dot-printing --universality-alg lazy-bfs

real	2m55,605s
user	1m47,606s
sys	0m39,551s
********************
/home/jakob/Documents/abstracton/benchmarks/dodo/Szymanski.json
s
deadlock
Running as unit: run-r605e325b9a2f4d9ea683280869b67969.scope; invocation ID: 3f9254812c294b059f6bce2c162e5115
Time needed for parsing json file: 198917[µs]
alphabet size: 50
using Siphon interpretation
./bench_for_dodo_comparison.sh: line 83: 158784 Killed                  systemd-run --user --scope -p MemoryMax=32G -p MemorySwapMax=7G timeout $TIMEOUT "${parentdir}/../build_release/benchmarks/solve_dodo" -i $MODE -p $PROPERTY $FILE --measure-time --no-dot-printing --universality-alg lazy-bfs

real	3m49,899s
user	1m48,299s
sys	0m42,458s
********************
/home/jakob/Documents/abstracton/benchmarks/dodo/Szymanski.json
f
deadlock
Running as unit: run-r6ea64bb7dfa3412584a451fd1081d9f3.scope; invocation ID: d0f7ab1e8e45496e92d13fd14a33c50a
Time needed for parsing json file: 251109[µs]
alphabet size: 50
using Flow interpretation
./bench_for_dodo_comparison.sh: line 83: 158982 Killed                  systemd-run --user --scope -p MemoryMax=32G -p MemorySwapMax=7G timeout $TIMEOUT "${parentdir}/../build_release/benchmarks/solve_dodo" -i $MODE -p $PROPERTY $FILE --measure-time --no-dot-printing --universality-alg lazy-bfs

real	3m6,623s
user	1m49,940s
sys	0m39,281s
********************
36 of 61
/home/jakob/Documents/abstracton/benchmarks/dodo/atomic-dining-philosophers.json
t
deadlock
Running as unit: run-rbb83112f26f540da80ff1428c470308a.scope; invocation ID: 157ce68b82ca4d8e90e37fe41b34c136
Time needed for parsing json file: 2362[µs]
alphabet size: 4
using Trap interpretation
Time needed for constructing Trap interpretation transducer: 2945[µs]
computing ind...
Time needed for constructing complement of ind: 2633[µs]
Time needed for computing ind: 90595[µs]
Time needed for minimizing ind: 14681[µs]
Time needed for computing ind (total): 108206[µs]
automaton for ind has 26 states.
...done.
computing complement of preach...
Time needed for constructing identity on ind: 879[µs]
Time needed for computing product v_id of abstraction framework with identity on ind: 58129[µs]
Time needed for computing product of v_id with complement of abstraction framework: 213633[µs]
Time needed for computing complement of preach: 274637[µs]
automaton for complement of preach has 1043 states.
...of which, 47 states are at level 0.
Time needed for trimming complement of preach: 2483[µs]
...done.
trying to prove abstract safety...
Time needed for constructing transducer for unsafe property: 22[µs]
Time needed for constructing transducer for (initial, unsafe) pairs: 494[µs]
Time needed for constructing transducer for complement of (initial, unsafe) pairs: 894[µs]
Time needed for building union of complements of preach and (initial, unsafe)-transducer: 866[µs]
Time needed for checking universality using lazy-bfs algorithm: 60005[µs]
Time needed for checking abstract safety: 62669[µs]
...done.
Result: [1]
This means that the following properties could be separated from the initial configurations:
	[deadlock]
While the following properties could not be separated from the initial configurations:
	[]

real	0m0,502s
user	0m0,417s
sys	0m0,054s
********************
/home/jakob/Documents/abstracton/benchmarks/dodo/atomic-dining-philosophers.json
s
deadlock
Running as unit: run-r58af610dca4c4837adf367b9a8460116.scope; invocation ID: 5cb950c07af744fe8d9d6e19e49dec18
Time needed for parsing json file: 1428[µs]
alphabet size: 4
using Siphon interpretation
Time needed for constructing Siphon interpretation transducer: 951[µs]
computing ind...
Time needed for constructing complement of ind: 854[µs]
Time needed for computing ind: 17316[µs]
Time needed for minimizing ind: 9006[µs]
Time needed for computing ind (total): 27241[µs]
automaton for ind has 26 states.
...done.
computing complement of preach...
Time needed for constructing identity on ind: 1221[µs]
Time needed for computing product v_id of abstraction framework with identity on ind: 16502[µs]
Time needed for computing product of v_id with complement of abstraction framework: 14684[µs]
Time needed for computing complement of preach: 33313[µs]
automaton for complement of preach has 527 states.
...of which, 47 states are at level 0.
Time needed for trimming complement of preach: 1367[µs]
...done.
trying to prove abstract safety...
Time needed for constructing transducer for unsafe property: 20[µs]
Time needed for constructing transducer for (initial, unsafe) pairs: 424[µs]
Time needed for constructing transducer for complement of (initial, unsafe) pairs: 861[µs]
Time needed for building union of complements of preach and (initial, unsafe)-transducer: 472[µs]
Time needed for checking universality using lazy-bfs algorithm: 768[µs]
Time needed for checking abstract safety: 2693[µs]
...done.
Result: [0]
This means that the following properties could be separated from the initial configurations:
	[]
While the following properties could not be separated from the initial configurations:
	[deadlock]

real	0m0,090s
user	0m0,065s
sys	0m0,014s
********************
/home/jakob/Documents/abstracton/benchmarks/dodo/atomic-dining-philosophers.json
f
deadlock
Running as unit: run-r8b2ac2ea3e604d6da47f57a9ad065e71.scope; invocation ID: a8585dcfa38a4eee8e9318d9d3bfc8a5
Time needed for parsing json file: 1401[µs]
alphabet size: 4
using Flow interpretation
Time needed for constructing Flow interpretation transducer: 1901[µs]
computing ind...
Time needed for constructing complement of ind: 2648[µs]
Time needed for computing ind: 281031[µs]
Time needed for minimizing ind: 52150[µs]
Time needed for computing ind (total): 336012[µs]
automaton for ind has 59 states.
...done.
computing complement of preach...
Time needed for constructing identity on ind: 2090[µs]
Time needed for computing product v_id of abstraction framework with identity on ind: 72221[µs]
Time needed for computing product of v_id with complement of abstraction framework: 57799[µs]
Time needed for computing complement of preach: 134137[µs]
automaton for complement of preach has 1955 states.
...of which, 171 states are at level 0.
Time needed for trimming complement of preach: 5379[µs]
...done.
trying to prove abstract safety...
Time needed for constructing transducer for unsafe property: 40[µs]
Time needed for constructing transducer for (initial, unsafe) pairs: 503[µs]
Time needed for constructing transducer for complement of (initial, unsafe) pairs: 879[µs]
Time needed for building union of complements of preach and (initial, unsafe)-transducer: 1785[µs]
Time needed for checking universality using lazy-bfs algorithm: 1894[µs]
Time needed for checking abstract safety: 5697[µs]
...done.
Result: [0]
This means that the following properties could be separated from the initial configurations:
	[]
While the following properties could not be separated from the initial configurations:
	[deadlock]

real	0m0,508s
user	0m0,479s
sys	0m0,018s
********************
37 of 61
/home/jakob/Documents/abstracton/benchmarks/dodo/bakery.json
t
nomutex
Running as unit: run-ra89978b110c44ef1bcae5fc81fa357bf.scope; invocation ID: 66e2ec6ad2584a06bba9fd513ca77fb7
Time needed for parsing json file: 894[µs]
alphabet size: 3
using Trap interpretation
Time needed for constructing Trap interpretation transducer: 1058[µs]
computing ind...
Time needed for constructing complement of ind: 429[µs]
Time needed for computing ind: 9924[µs]
Time needed for minimizing ind: 3024[µs]
Time needed for computing ind (total): 13428[µs]
automaton for ind has 7 states.
...done.
computing complement of preach...
Time needed for constructing identity on ind: 141[µs]
Time needed for computing product v_id of abstraction framework with identity on ind: 4884[µs]
Time needed for computing product of v_id with complement of abstraction framework: 15651[µs]
Time needed for computing complement of preach: 21346[µs]
automaton for complement of preach has 196 states.
...of which, 10 states are at level 0.
Time needed for trimming complement of preach: 473[µs]
...done.
trying to prove abstract safety...
Time needed for constructing transducer for unsafe property: 5[µs]
Time needed for constructing transducer for (initial, unsafe) pairs: 172[µs]
Time needed for constructing transducer for complement of (initial, unsafe) pairs: 342[µs]
Time needed for building union of complements of preach and (initial, unsafe)-transducer: 163[µs]
Time needed for checking universality using lazy-bfs algorithm: 2574[µs]
Time needed for checking abstract safety: 3348[µs]
...done.
Result: [1]
This means that the following properties could be separated from the initial configurations:
	[nomutex]
While the following properties could not be separated from the initial configurations:
	[]

real	0m0,061s
user	0m0,040s
sys	0m0,012s
********************
/home/jakob/Documents/abstracton/benchmarks/dodo/bakery.json
s
nomutex
Time needed for parsing json file: 811[µs]
alphabet size: 3
using Siphon interpretation
Time needed for constructing Siphon interpretation transducer: 580[µs]
computing ind...
Time needed for constructing complement of ind: 165[µs]
Time needed for computing ind: 1710[µs]
Time needed for minimizing ind: 1384[µs]
Time needed for computing ind (total): 3290[µs]
automaton for ind has 4 states.
...done.
computing complement of preach...
Time needed for constructing identity on ind: 118[µs]
Time needed for computing product v_id of abstraction framework with identity on ind: 1329[µs]
Time needed for computing product of v_id with complement of abstraction framework: 915[µs]
Time needed for computing complement of preach: 2853[µs]
automaton for complement of preach has 15 states.
...of which, 3 states are at level 0.
Time needed for trimming complement of preach: 78[µs]
...done.
trying to prove abstract safety...
Time needed for constructing transducer for unsafe property: 7[µs]
Time needed for constructing transducer for (initial, unsafe) pairs: 197[µs]
Time needed for constructing transducer for complement of (initial, unsafe) pairs: 370[µs]
Time needed for building union of complements of preach and (initial, unsafe)-transducer: 68[µs]
Time needed for checking universality using lazy-bfs algorithm: 85[µs]
Time needed for checking abstract safety: 786[µs]
...done.
Result: [0]
This means that the following properties could be separated from the initial configurations:
        []
While the following properties could not be separated from the initial configurations:
        [nomutex]

real    0m0,013s
user    0m0,010s
sys     0m0,004s
********************
/home/jakob/Documents/abstracton/benchmarks/dodo/bakery.json
f
nomutex
Time needed for parsing json file: 797[µs]
alphabet size: 3
using Flow interpretation
Time needed for constructing Flow interpretation transducer: 1098[µs]
computing ind...
Time needed for constructing complement of ind: 456[µs]
Time needed for computing ind: 52838[µs]
Time needed for minimizing ind: 16432[µs]
Time needed for computing ind (total): 69797[µs]
automaton for ind has 9 states.
...done.
computing complement of preach...
Time needed for constructing identity on ind: 230[µs]
Time needed for computing product v_id of abstraction framework with identity on ind: 3815[µs]
Time needed for computing product of v_id with complement of abstraction framework: 2592[µs]
Time needed for computing complement of preach: 7532[µs]
automaton for complement of preach has 53 states.
...of which, 8 states are at level 0.
Time needed for trimming complement of preach: 161[µs]
...done.
trying to prove abstract safety...
Time needed for constructing transducer for unsafe property: 6[µs]
Time needed for constructing transducer for (initial, unsafe) pairs: 139[µs]
Time needed for constructing transducer for complement of (initial, unsafe) pairs: 473[µs]
Time needed for building union of complements of preach and (initial, unsafe)-transducer: 89[µs]
Time needed for checking universality using lazy-bfs algorithm: 81[µs]
Time needed for checking abstract safety: 842[µs]
...done.
Result: [0]
This means that the following properties could be separated from the initial configurations:
        []
While the following properties could not be separated from the initial configurations:
        [nomutex]

real    0m0,085s
user    0m0,081s
sys     0m0,004s
********************
38 of 61
/home/jakob/Documents/abstracton/benchmarks/dodo/dining-cryptographers.json
t
internal
Running as unit: run-r77335475cbc145c8a5def67b6dd07485.scope; invocation ID: 1bd52056f3d74b9cb91a4c497b8e8cc3
Time needed for parsing json file: 4976[µs]
alphabet size: 12
using Trap interpretation
Time needed for constructing Trap interpretation transducer: 1437100[µs]
computing ind...
Time needed for constructing complement of ind: 1319616[µs]
Time needed for computing ind: 149524381[µs]
Time needed for minimizing ind: 20584527[µs]
Time needed for computing ind (total): 171449377[µs]
automaton for ind has 17 states.
...done.
computing complement of preach...
Time needed for constructing identity on ind: 143875[µs]
Time needed for computing product v_id of abstraction framework with identity on ind: 37474146[µs]
Time needed for computing product of v_id with complement of abstraction framework: 448446218[µs]
Time needed for computing complement of preach: 486867017[µs]
automaton for complement of preach has 188736 states.
...of which, 28 states are at level 0.
Time needed for trimming complement of preach: 1231577[µs]
...done.
trying to prove abstract safety...
Time needed for constructing transducer for unsafe property: 72[µs]
Time needed for constructing transducer for (initial, unsafe) pairs: 54956[µs]
Time needed for constructing transducer for complement of (initial, unsafe) pairs: 3153[µs]
Time needed for building union of complements of preach and (initial, unsafe)-transducer: 565245[µs]
Time needed for checking universality using lazy-bfs algorithm: 3199250[µs]
Time needed for checking abstract safety: 4011791[µs]
...done.
Result: [1]
This means that the following properties could be separated from the initial configurations:
	[internal]
While the following properties could not be separated from the initial configurations:
	[]

real	11m7,560s
user	10m47,230s
sys	0m20,116s
********************
/home/jakob/Documents/abstracton/benchmarks/dodo/dining-cryptographers.json
s
internal
Running as unit: run-re7ad9eb92add4293b948f9dab61f01bd.scope; invocation ID: 9deef53efa8b4886a065e1e797f51e07
Time needed for parsing json file: 3814[µs]
alphabet size: 12
using Siphon interpretation
Time needed for constructing Siphon interpretation transducer: 423629[µs]
computing ind...
Time needed for constructing complement of ind: 465881[µs]
Time needed for computing ind: 7136282[µs]
Time needed for minimizing ind: 2542942[µs]
Time needed for computing ind (total): 10146835[µs]
automaton for ind has 17 states.
...done.
computing complement of preach...
Time needed for constructing identity on ind: 164169[µs]
Time needed for computing product v_id of abstraction framework with identity on ind: 12692922[µs]
Time needed for computing product of v_id with complement of abstraction framework: 13679310[µs]
Time needed for computing complement of preach: 26841503[µs]
automaton for complement of preach has 99836 states.
...of which, 28 states are at level 0.
Time needed for trimming complement of preach: 593053[µs]
...done.
trying to prove abstract safety...
Time needed for constructing transducer for unsafe property: 43[µs]
Time needed for constructing transducer for (initial, unsafe) pairs: 576[µs]
Time needed for constructing transducer for complement of (initial, unsafe) pairs: 1829[µs]
Time needed for building union of complements of preach and (initial, unsafe)-transducer: 260666[µs]
Time needed for checking universality using lazy-bfs algorithm: 1523678[µs]
Time needed for checking abstract safety: 1859608[µs]
...done.
Result: [1]
This means that the following properties could be separated from the initial configurations:
	[internal]
While the following properties could not be separated from the initial configurations:
	[]

real	0m40,218s
user	0m38,662s
sys	0m1,535s
********************
/home/jakob/Documents/abstracton/benchmarks/dodo/dining-cryptographers.json
f
internal
Running as unit: run-r4765a2ce0f66439f85761282af392364.scope; invocation ID: 14463266d7934141b2a3cc93660afea8
Time needed for parsing json file: 4049[µs]
alphabet size: 12
using Flow interpretation
Time needed for constructing Flow interpretation transducer: 1206376[µs]
computing ind...
Time needed for constructing complement of ind: 1225296[µs]
Time needed for computing ind: 365817529[µs]
Time needed for minimizing ind: 48477571[µs]
Time needed for computing ind (total): 415524957[µs]
automaton for ind has 73 states.
...done.
computing complement of preach...
Time needed for constructing identity on ind: 617439[µs]
Time needed for computing product v_id of abstraction framework with identity on ind: 127278301[µs]
Time needed for computing product of v_id with complement of abstraction framework: 129234193[µs]
Time needed for computing complement of preach: 258051802[µs]
automaton for complement of preach has 984056 states.
...of which, 260 states are at level 0.
Time needed for trimming complement of preach: 6004745[µs]
...done.
trying to prove abstract safety...
Time needed for constructing transducer for unsafe property: 19[µs]
Time needed for constructing transducer for (initial, unsafe) pairs: 647[µs]
Time needed for constructing transducer for complement of (initial, unsafe) pairs: 1747[µs]
Time needed for building union of complements of preach and (initial, unsafe)-transducer: 2299714[µs]

real	20m1,610s
user	19m46,781s
sys	0m14,561s
********************
39 of 61
/home/jakob/Documents/abstracton/benchmarks/dodo/dining-cryptographers.json
t
external
Running as unit: run-rdb838195e5574754aef9644a24f223a2.scope; invocation ID: 6dc7d4b348da4e0aa91b1f126a38a5c2
Time needed for parsing json file: 3725[µs]
alphabet size: 12
using Trap interpretation
Time needed for constructing Trap interpretation transducer: 1443461[µs]
computing ind...
Time needed for constructing complement of ind: 1316703[µs]
Time needed for computing ind: 149403460[µs]
Time needed for minimizing ind: 20569091[µs]
Time needed for computing ind (total): 171292505[µs]
automaton for ind has 17 states.
...done.
computing complement of preach...
Time needed for constructing identity on ind: 145739[µs]
Time needed for computing product v_id of abstraction framework with identity on ind: 37337048[µs]
Time needed for computing product of v_id with complement of abstraction framework: 449035554[µs]
Time needed for computing complement of preach: 487322765[µs]
automaton for complement of preach has 188736 states.
...of which, 28 states are at level 0.
Time needed for trimming complement of preach: 1229559[µs]
...done.
trying to prove abstract safety...
Time needed for constructing transducer for unsafe property: 44115[µs]
Time needed for constructing transducer for (initial, unsafe) pairs: 781[µs]
Time needed for constructing transducer for complement of (initial, unsafe) pairs: 52123[µs]
Time needed for building union of complements of preach and (initial, unsafe)-transducer: 573724[µs]
Time needed for checking universality using lazy-bfs algorithm: 2638441[µs]
Time needed for checking abstract safety: 3462439[µs]
...done.
Result: [1]
This means that the following properties could be separated from the initial configurations:
	[external]
While the following properties could not be separated from the initial configurations:
	[]

real	11m7,367s
user	10m46,982s
sys	0m20,229s
********************
/home/jakob/Documents/abstracton/benchmarks/dodo/dining-cryptographers.json
s
external
Running as unit: run-ra4c1f4a3b120427da2bf55589ed08d9c.scope; invocation ID: 936a8ed0d02a4648af90bae915be9f3a
Time needed for parsing json file: 3934[µs]
alphabet size: 12
using Siphon interpretation
Time needed for constructing Siphon interpretation transducer: 429982[µs]
computing ind...
Time needed for constructing complement of ind: 466344[µs]
Time needed for computing ind: 7100124[µs]
Time needed for minimizing ind: 2507579[µs]
Time needed for computing ind (total): 10075742[µs]
automaton for ind has 17 states.
...done.
computing complement of preach...
Time needed for constructing identity on ind: 162182[µs]
Time needed for computing product v_id of abstraction framework with identity on ind: 12689853[µs]
Time needed for computing product of v_id with complement of abstraction framework: 13535302[µs]
Time needed for computing complement of preach: 26688457[µs]
automaton for complement of preach has 99836 states.
...of which, 28 states are at level 0.
Time needed for trimming complement of preach: 605144[µs]
...done.
trying to prove abstract safety...
Time needed for constructing transducer for unsafe property: 7[µs]
Time needed for constructing transducer for (initial, unsafe) pairs: 372[µs]
Time needed for constructing transducer for complement of (initial, unsafe) pairs: 876[µs]
Time needed for building union of complements of preach and (initial, unsafe)-transducer: 261461[µs]
Time needed for checking universality using lazy-bfs algorithm: 1251283[µs]
Time needed for checking abstract safety: 1589419[µs]
...done.
Result: [1]
This means that the following properties could be separated from the initial configurations:
	[external]
While the following properties could not be separated from the initial configurations:
	[]

real	0m39,759s
user	0m38,273s
sys	0m1,453s
********************
/home/jakob/Documents/abstracton/benchmarks/dodo/dining-cryptographers.json
f
external
Running as unit: run-rb2637759aa5c4ffa9455bbff91b6374c.scope; invocation ID: 26abfb437c024819b3664d8466349f82
Time needed for parsing json file: 3990[µs]
alphabet size: 12
using Flow interpretation
Time needed for constructing Flow interpretation transducer: 1201918[µs]
computing ind...
Time needed for constructing complement of ind: 1218586[µs]
Time needed for computing ind: 365020262[µs]
Time needed for minimizing ind: 47614833[µs]
Time needed for computing ind (total): 413857639[µs]
automaton for ind has 73 states.
...done.
computing complement of preach...
Time needed for constructing identity on ind: 617086[µs]
Time needed for computing product v_id of abstraction framework with identity on ind: 127322145[µs]
Time needed for computing product of v_id with complement of abstraction framework: 128507082[µs]
Time needed for computing complement of preach: 257350164[µs]
automaton for complement of preach has 984056 states.
...of which, 260 states are at level 0.
Time needed for trimming complement of preach: 5960796[µs]
...done.
trying to prove abstract safety...
Time needed for constructing transducer for unsafe property: 7[µs]
Time needed for constructing transducer for (initial, unsafe) pairs: 393[µs]
Time needed for constructing transducer for complement of (initial, unsafe) pairs: 803[µs]
Time needed for building union of complements of preach and (initial, unsafe)-transducer: 2292732[µs]
Time needed for checking universality using lazy-bfs algorithm: 495717226[µs]
Time needed for checking abstract safety: 498543144[µs]
...done.
Result: [1]
This means that the following properties could be separated from the initial configurations:
	[external]
While the following properties could not be separated from the initial configurations:
	[]

real	19m39,377s
user	19m24,749s
sys	0m14,333s
********************
40 of 61
/home/jakob/Documents/abstracton/benchmarks/dodo/dragon.json
t
dirtydirty
Running as unit: run-r47d7cf2065eb47dcbd068c2817c37b3e.scope; invocation ID: 986ee9575c8c410b97c04c5e4224b1c8
Time needed for parsing json file: 4575[µs]
alphabet size: 5
using Trap interpretation
Time needed for constructing Trap interpretation transducer: 4691[µs]
computing ind...
Time needed for constructing complement of ind: 22779[µs]
Time needed for computing ind: 14911072[µs]
Time needed for minimizing ind: 499099[µs]
Time needed for computing ind (total): 15433162[µs]
automaton for ind has 37 states.
...done.
computing complement of preach...
Time needed for constructing identity on ind: 2667[µs]
Time needed for computing product v_id of abstraction framework with identity on ind: 156406[µs]
Time needed for computing product of v_id with complement of abstraction framework: 820419[µs]
Time needed for computing complement of preach: 984325[µs]
automaton for complement of preach has 4148 states.
...of which, 68 states are at level 0.
Time needed for trimming complement of preach: 12528[µs]
...done.
trying to prove abstract safety...
Time needed for constructing transducer for unsafe property: 8[µs]
Time needed for constructing transducer for (initial, unsafe) pairs: 228[µs]
Time needed for constructing transducer for complement of (initial, unsafe) pairs: 405[µs]
Time needed for building union of complements of preach and (initial, unsafe)-transducer: 3619[µs]
Time needed for checking universality using lazy-bfs algorithm: 742638[µs]
Time needed for checking abstract safety: 747877[µs]
...done.
Result: [1]
This means that the following properties could be separated from the initial configurations:
	[dirtydirty]
While the following properties could not be separated from the initial configurations:
	[]

real	0m17,232s
user	0m17,057s
sys	0m0,161s
********************
/home/jakob/Documents/abstracton/benchmarks/dodo/dragon.json
s
dirtydirty
Time needed for parsing json file: 13997[µs]
alphabet size: 5
using Siphon interpretation
Time needed for constructing Siphon interpretation transducer: 2640[µs]
computing ind...
Time needed for constructing complement of ind: 9442[µs]
Time needed for computing ind: 1006735[µs]
Time needed for minimizing ind: 114766[µs]
Time needed for computing ind (total): 1131088[µs]
automaton for ind has 5 states.
...done.
computing complement of preach...
Time needed for constructing identity on ind: 367[µs]
Time needed for computing product v_id of abstraction framework with identity on ind: 4493[µs]
Time needed for computing product of v_id with complement of abstraction framework: 1193[µs]
Time needed for computing complement of preach: 7440[µs]
automaton for complement of preach has 13 states.
...of which, 2 states are at level 0.
Time needed for trimming complement of preach: 83[µs]
...done.
trying to prove abstract safety...
Time needed for constructing transducer for unsafe property: 7[µs]
Time needed for constructing transducer for (initial, unsafe) pairs: 132[µs]
Time needed for constructing transducer for complement of (initial, unsafe) pairs: 339[µs]
Time needed for building union of complements of preach and (initial, unsafe)-transducer: 60[µs]
Time needed for checking universality using lazy-bfs algorithm: 97[µs]
Time needed for checking abstract safety: 684[µs]
...done.
Result: [0]
This means that the following properties could be separated from the initial configurations:
        []
While the following properties could not be separated from the initial configurations:
        [dirtydirty]

real    0m1,162s
user    0m1,144s
sys     0m0,008s
********************
/home/jakob/Documents/abstracton/benchmarks/dodo/dragon.json
f
dirtydirty
Time needed for parsing json file: 4906[µs]
alphabet size: 5
using Flow interpretation
Time needed for constructing Flow interpretation transducer: 4912[µs]
computing ind...
Time needed for constructing complement of ind: 28640[µs]
Time needed for computing ind: 135481406[µs]
Time needed for minimizing ind: 3573135[µs]
Time needed for computing ind (total): 139083422[µs]
automaton for ind has 7 states.
...done.
computing complement of preach...
Time needed for constructing identity on ind: 581[µs]
Time needed for computing product v_id of abstraction framework with identity on ind: 13552[µs]
Time needed for computing product of v_id with complement of abstraction framework: 2182[µs]
Time needed for computing complement of preach: 19666[µs]
automaton for complement of preach has 13 states.
...of which, 2 states are at level 0.
Time needed for trimming complement of preach: 86[µs]
...done.
trying to prove abstract safety...
Time needed for constructing transducer for unsafe property: 8[µs]
Time needed for constructing transducer for (initial, unsafe) pairs: 141[µs]
Time needed for constructing transducer for complement of (initial, unsafe) pairs: 416[µs]
Time needed for building union of complements of preach and (initial, unsafe)-transducer: 102[µs]
Time needed for checking universality using lazy-bfs algorithm: 87[µs]
Time needed for checking abstract safety: 815[µs]
...done.
Result: [0]
This means that the following properties could be separated from the initial configurations:
        []
While the following properties could not be separated from the initial configurations:
        [dirtydirty]

real    2m19,135s
user    2m18,930s
sys     0m0,170s
********************
41 of 61
/home/jakob/Documents/abstracton/benchmarks/dodo/dragon.json
t
exclusiveexclusive
Running as unit: run-r66304ff8b9844da095996cfc41608b50.scope; invocation ID: 9aac3f636faa4ad1a57bec95d137f4ca
Time needed for parsing json file: 5187[µs]
alphabet size: 5
using Trap interpretation
Time needed for constructing Trap interpretation transducer: 5109[µs]
computing ind...
Time needed for constructing complement of ind: 22256[µs]
Time needed for computing ind: 15032193[µs]
Time needed for minimizing ind: 493753[µs]
Time needed for computing ind (total): 15548684[µs]
automaton for ind has 37 states.
...done.
computing complement of preach...
Time needed for constructing identity on ind: 2800[µs]
Time needed for computing product v_id of abstraction framework with identity on ind: 168824[µs]
Time needed for computing product of v_id with complement of abstraction framework: 832181[µs]
Time needed for computing complement of preach: 1008775[µs]
automaton for complement of preach has 4148 states.
...of which, 68 states are at level 0.
Time needed for trimming complement of preach: 13207[µs]
...done.
trying to prove abstract safety...
Time needed for constructing transducer for unsafe property: 8[µs]
Time needed for constructing transducer for (initial, unsafe) pairs: 232[µs]
Time needed for constructing transducer for complement of (initial, unsafe) pairs: 445[µs]
Time needed for building union of complements of preach and (initial, unsafe)-transducer: 3736[µs]
Time needed for checking universality using lazy-bfs algorithm: 737989[µs]
Time needed for checking abstract safety: 743466[µs]
...done.
Result: [1]
This means that the following properties could be separated from the initial configurations:
	[exclusiveexclusive]
While the following properties could not be separated from the initial configurations:
	[]

real	0m17,374s
user	0m17,174s
sys	0m0,170s
********************
/home/jakob/Documents/abstracton/benchmarks/dodo/dragon.json
s
exclusiveexclusive
Running as unit: run-r4cf1f8d8336941da86069e883d61a985.scope; invocation ID: ad9e97b181d34afa99c778e8559778b0
Time needed for parsing json file: 4557[µs]
alphabet size: 5
using Siphon interpretation
Time needed for constructing Siphon interpretation transducer: 2035[µs]
computing ind...
Time needed for constructing complement of ind: 8315[µs]
Time needed for computing ind: 998508[µs]
Time needed for minimizing ind: 113982[µs]
Time needed for computing ind (total): 1120921[µs]
automaton for ind has 5 states.
...done.
computing complement of preach...
Time needed for constructing identity on ind: 361[µs]
Time needed for computing product v_id of abstraction framework with identity on ind: 4379[µs]
Time needed for computing product of v_id with complement of abstraction framework: 1091[µs]
Time needed for computing complement of preach: 7174[µs]
automaton for complement of preach has 13 states.
...of which, 2 states are at level 0.
Time needed for trimming complement of preach: 59[µs]
...done.
trying to prove abstract safety...
Time needed for constructing transducer for unsafe property: 7[µs]
Time needed for constructing transducer for (initial, unsafe) pairs: 129[µs]
Time needed for constructing transducer for complement of (initial, unsafe) pairs: 342[µs]
Time needed for building union of complements of preach and (initial, unsafe)-transducer: 62[µs]
Time needed for checking universality using lazy-bfs algorithm: 73[µs]
Time needed for checking abstract safety: 661[µs]
...done.
Result: [0]
This means that the following properties could be separated from the initial configurations:
        []
While the following properties could not be separated from the initial configurations:
        [exclusiveexclusive]

real    0m1,164s
user    0m1,135s
sys     0m0,015s
********************
/home/jakob/Documents/abstracton/benchmarks/dodo/dragon.json
f
exclusiveexclusive
Running as unit: run-rd62d3d17e52740e88866abd306c4efac.scope; invocation ID: a784ad7d62974092991e44c0fecd488b
Time needed for parsing json file: 4592[µs]
alphabet size: 5
using Flow interpretation
Time needed for constructing Flow interpretation transducer: 4317[µs]
computing ind...
Time needed for constructing complement of ind: 28065[µs]
Time needed for computing ind: 133157926[µs]
Time needed for minimizing ind: 3532262[µs]
Time needed for computing ind (total): 136718528[µs]
automaton for ind has 7 states.
...done.
computing complement of preach...
Time needed for constructing identity on ind: 583[µs]
Time needed for computing product v_id of abstraction framework with identity on ind: 13101[µs]
Time needed for computing product of v_id with complement of abstraction framework: 2139[µs]
Time needed for computing complement of preach: 19308[µs]
automaton for complement of preach has 13 states.
...of which, 2 states are at level 0.
Time needed for trimming complement of preach: 88[µs]
...done.
trying to prove abstract safety...
Time needed for constructing transducer for unsafe property: 8[µs]
Time needed for constructing transducer for (initial, unsafe) pairs: 140[µs]
Time needed for constructing transducer for complement of (initial, unsafe) pairs: 371[µs]
Time needed for building union of complements of preach and (initial, unsafe)-transducer: 74[µs]
Time needed for checking universality using lazy-bfs algorithm: 84[µs]
Time needed for checking abstract safety: 735[µs]
...done.
Result: [0]
This means that the following properties could be separated from the initial configurations:
        []
While the following properties could not be separated from the initial configurations:
        [exclusiveexclusive]

real    2m16,796s
user    2m16,580s
sys     0m0,175s
********************
42 of 61
/home/jakob/Documents/abstracton/benchmarks/dodo/dragon.json
t
dirtysharedexclusive
Running as unit: run-r8c6a5cdbe1b74adc95e2d22770af3069.scope; invocation ID: ede381a7f2af4e5290edb2c6b662cf08
Time needed for parsing json file: 5537[µs]
alphabet size: 5
using Trap interpretation
Time needed for constructing Trap interpretation transducer: 5495[µs]
computing ind...
Time needed for constructing complement of ind: 23986[µs]
Time needed for computing ind: 14958799[µs]
Time needed for minimizing ind: 503684[µs]
Time needed for computing ind (total): 15486970[µs]
automaton for ind has 37 states.
...done.
computing complement of preach...
Time needed for constructing identity on ind: 2631[µs]
Time needed for computing product v_id of abstraction framework with identity on ind: 170629[µs]
Time needed for computing product of v_id with complement of abstraction framework: 837152[µs]
Time needed for computing complement of preach: 1015496[µs]
automaton for complement of preach has 4148 states.
...of which, 68 states are at level 0.
Time needed for trimming complement of preach: 13025[µs]
...done.
trying to prove abstract safety...
Time needed for constructing transducer for unsafe property: 9[µs]
Time needed for constructing transducer for (initial, unsafe) pairs: 266[µs]
Time needed for constructing transducer for complement of (initial, unsafe) pairs: 493[µs]
Time needed for building union of complements of preach and (initial, unsafe)-transducer: 3519[µs]
Time needed for checking universality using lazy-bfs algorithm: 740729[µs]
Time needed for checking abstract safety: 746087[µs]
...done.
Result: [1]
This means that the following properties could be separated from the initial configurations:
	[dirtysharedexclusive]
While the following properties could not be separated from the initial configurations:
	[]

real	0m17,328s
user	0m17,125s
sys	0m0,169s
********************
/home/jakob/Documents/abstracton/benchmarks/dodo/dragon.json
s
dirtysharedexclusive
Running as unit: run-r8328887c41ad4308af2069c445cf518d.scope; invocation ID: bb5bae02e26d4ad0b8c3c43e610d7225
Time needed for parsing json file: 4501[µs]
alphabet size: 5
using Siphon interpretation
Time needed for constructing Siphon interpretation transducer: 1826[µs]
computing ind...
Time needed for constructing complement of ind: 8468[µs]
Time needed for computing ind: 995561[µs]
Time needed for minimizing ind: 108818[µs]
Time needed for computing ind (total): 1113008[µs]
automaton for ind has 5 states.
...done.
computing complement of preach...
Time needed for constructing identity on ind: 326[µs]
Time needed for computing product v_id of abstraction framework with identity on ind: 4283[µs]
Time needed for computing product of v_id with complement of abstraction framework: 1217[µs]
Time needed for computing complement of preach: 7129[µs]
automaton for complement of preach has 13 states.
...of which, 2 states are at level 0.
Time needed for trimming complement of preach: 82[µs]
...done.
trying to prove abstract safety...
Time needed for constructing transducer for unsafe property: 8[µs]
Time needed for constructing transducer for (initial, unsafe) pairs: 160[µs]
Time needed for constructing transducer for complement of (initial, unsafe) pairs: 416[µs]
Time needed for building union of complements of preach and (initial, unsafe)-transducer: 70[µs]
Time needed for checking universality using lazy-bfs algorithm: 92[µs]
Time needed for checking abstract safety: 831[µs]
...done.
Result: [0]
This means that the following properties could be separated from the initial configurations:
	[]
While the following properties could not be separated from the initial configurations:
	[dirtysharedexclusive]

real	0m1,150s
user	0m1,123s
sys	0m0,017s
********************
/home/jakob/Documents/abstracton/benchmarks/dodo/dragon.json
f
dirtysharedexclusive
Running as unit: run-r2294f93b160c41eaaea27200e35d603e.scope; invocation ID: c51e9b5997fb4c3fbfde6f845bd45482
Time needed for parsing json file: 4283[µs]
alphabet size: 5
using Flow interpretation
Time needed for constructing Flow interpretation transducer: 3921[µs]
computing ind...
Time needed for constructing complement of ind: 25450[µs]
Time needed for computing ind: 133431259[µs]
Time needed for minimizing ind: 3533129[µs]
Time needed for computing ind (total): 136990105[µs]
automaton for ind has 7 states.
...done.
computing complement of preach...
Time needed for constructing identity on ind: 576[µs]
Time needed for computing product v_id of abstraction framework with identity on ind: 13260[µs]
Time needed for computing product of v_id with complement of abstraction framework: 2030[µs]
Time needed for computing complement of preach: 19235[µs]
automaton for complement of preach has 13 states.
...of which, 2 states are at level 0.
Time needed for trimming complement of preach: 66[µs]
...done.
trying to prove abstract safety...
Time needed for constructing transducer for unsafe property: 9[µs]
Time needed for constructing transducer for (initial, unsafe) pairs: 171[µs]
Time needed for constructing transducer for complement of (initial, unsafe) pairs: 442[µs]
Time needed for building union of complements of preach and (initial, unsafe)-transducer: 76[µs]
Time needed for checking universality using lazy-bfs algorithm: 84[µs]
Time needed for checking abstract safety: 880[µs]
...done.
Result: [0]
This means that the following properties could be separated from the initial configurations:
	[]
While the following properties could not be separated from the initial configurations:
	[dirtysharedexclusive]

real	2m17,057s
user	2m16,860s
sys	0m0,154s
********************
43 of 61
/home/jakob/Documents/abstracton/benchmarks/dodo/dragon.json
t
exclusiveshared
Running as unit: run-r30de144f2f854e139922526136fd34ba.scope; invocation ID: a4daf772080143219e7d3248a8b7c849
Time needed for parsing json file: 4577[µs]
alphabet size: 5
using Trap interpretation
Time needed for constructing Trap interpretation transducer: 5080[µs]
computing ind...
Time needed for constructing complement of ind: 23738[µs]
Time needed for computing ind: 15004545[µs]
Time needed for minimizing ind: 497640[µs]
Time needed for computing ind (total): 15526232[µs]
automaton for ind has 37 states.
...done.
computing complement of preach...
Time needed for constructing identity on ind: 2701[µs]
Time needed for computing product v_id of abstraction framework with identity on ind: 165267[µs]
Time needed for computing product of v_id with complement of abstraction framework: 818347[µs]
Time needed for computing complement of preach: 991394[µs]
automaton for complement of preach has 4148 states.
...of which, 68 states are at level 0.
Time needed for trimming complement of preach: 13058[µs]
...done.
trying to prove abstract safety...
Time needed for constructing transducer for unsafe property: 13[µs]
Time needed for constructing transducer for (initial, unsafe) pairs: 268[µs]
Time needed for constructing transducer for complement of (initial, unsafe) pairs: 509[µs]
Time needed for building union of complements of preach and (initial, unsafe)-transducer: 4468[µs]
Time needed for checking universality using lazy-bfs algorithm: 739435[µs]
Time needed for checking abstract safety: 745785[µs]
...done.
Result: [1]
This means that the following properties could be separated from the initial configurations:
	[exclusiveshared]
While the following properties could not be separated from the initial configurations:
	[]

real	0m17,334s
user	0m17,172s
sys	0m0,146s
********************
/home/jakob/Documents/abstracton/benchmarks/dodo/dragon.json
s
exclusiveshared
Running as unit: run-r52a5551188d34b5e85c5f483ef863f1d.scope; invocation ID: 11206a6fd8864b59bf57e5178dc3268e
Time needed for parsing json file: 4699[µs]
alphabet size: 5
using Siphon interpretation
Time needed for constructing Siphon interpretation transducer: 1969[µs]
computing ind...
Time needed for constructing complement of ind: 8468[µs]
Time needed for computing ind: 995999[µs]
Time needed for minimizing ind: 113794[µs]
Time needed for computing ind (total): 1118366[µs]
automaton for ind has 5 states.
...done.
computing complement of preach...
Time needed for constructing identity on ind: 363[µs]
Time needed for computing product v_id of abstraction framework with identity on ind: 4419[µs]
Time needed for computing product of v_id with complement of abstraction framework: 1284[µs]
Time needed for computing complement of preach: 7380[µs]
automaton for complement of preach has 13 states.
...of which, 2 states are at level 0.
Time needed for trimming complement of preach: 62[µs]
...done.
trying to prove abstract safety...
Time needed for constructing transducer for unsafe property: 8[µs]
Time needed for constructing transducer for (initial, unsafe) pairs: 166[µs]
Time needed for constructing transducer for complement of (initial, unsafe) pairs: 422[µs]
Time needed for building union of complements of preach and (initial, unsafe)-transducer: 70[µs]
Time needed for checking universality using lazy-bfs algorithm: 88[µs]
Time needed for checking abstract safety: 830[µs]
...done.
Result: [0]
This means that the following properties could be separated from the initial configurations:
        []
While the following properties could not be separated from the initial configurations:
        [exclusiveshared]

real    0m1,164s
user    0m1,134s
sys     0m0,013s
********************
/home/jakob/Documents/abstracton/benchmarks/dodo/dragon.json
f
exclusiveshared
Running as unit: run-r92caee4f313b4a6f9738daa1c6d17f5c.scope; invocation ID: 359d157c8f5f46e0ad14edd7c6139870
Time needed for parsing json file: 4717[µs]
alphabet size: 5
using Flow interpretation
Time needed for constructing Flow interpretation transducer: 4494[µs]
computing ind...
Time needed for constructing complement of ind: 31841[µs]
Time needed for computing ind: 133417896[µs]
Time needed for minimizing ind: 3596333[µs]
Time needed for computing ind (total): 137046286[µs]
automaton for ind has 7 states.
...done.
computing complement of preach...
Time needed for constructing identity on ind: 577[µs]
Time needed for computing product v_id of abstraction framework with identity on ind: 13527[µs]
Time needed for computing product of v_id with complement of abstraction framework: 2316[µs]
Time needed for computing complement of preach: 19856[µs]
automaton for complement of preach has 13 states.
...of which, 2 states are at level 0.
Time needed for trimming complement of preach: 84[µs]
...done.
trying to prove abstract safety...
Time needed for constructing transducer for unsafe property: 9[µs]
Time needed for constructing transducer for (initial, unsafe) pairs: 172[µs]
Time needed for constructing transducer for complement of (initial, unsafe) pairs: 456[µs]
Time needed for building union of complements of preach and (initial, unsafe)-transducer: 75[µs]
Time needed for checking universality using lazy-bfs algorithm: 84[µs]
Time needed for checking abstract safety: 871[µs]
...done.
Result: [0]
This means that the following properties could be separated from the initial configurations:
        []
While the following properties could not be separated from the initial configurations:
        [exclusiveshared]

real    2m17,118s
user    2m16,888s
sys     0m0,193s
********************
44 of 61
/home/jakob/Documents/abstracton/benchmarks/dodo/dragon.json
t
exclusivedirty
Running as unit: run-r7a8a772a94894aafbc6ef76d52c41d07.scope; invocation ID: 74529dfa69ba429aa56f7aed5b21776b
Time needed for parsing json file: 5277[µs]
alphabet size: 5
using Trap interpretation
Time needed for constructing Trap interpretation transducer: 5771[µs]
computing ind...
Time needed for constructing complement of ind: 23779[µs]
Time needed for computing ind: 15035353[µs]
Time needed for minimizing ind: 493485[µs]
Time needed for computing ind (total): 15553057[µs]
automaton for ind has 37 states.
...done.
computing complement of preach...
Time needed for constructing identity on ind: 2948[µs]
Time needed for computing product v_id of abstraction framework with identity on ind: 167740[µs]
Time needed for computing product of v_id with complement of abstraction framework: 832218[µs]
Time needed for computing complement of preach: 1007759[µs]
automaton for complement of preach has 4148 states.
...of which, 68 states are at level 0.
Time needed for trimming complement of preach: 12917[µs]
...done.
trying to prove abstract safety...
Time needed for constructing transducer for unsafe property: 10[µs]
Time needed for constructing transducer for (initial, unsafe) pairs: 251[µs]
Time needed for constructing transducer for complement of (initial, unsafe) pairs: 511[µs]
Time needed for building union of complements of preach and (initial, unsafe)-transducer: 3608[µs]
Time needed for checking universality using lazy-bfs algorithm: 736394[µs]
Time needed for checking abstract safety: 741764[µs]
...done.
Result: [1]
This means that the following properties could be separated from the initial configurations:
	[exclusivedirty]
While the following properties could not be separated from the initial configurations:
	[]

real	0m17,387s
user	0m17,186s
sys	0m0,166s
********************
/home/jakob/Documents/abstracton/benchmarks/dodo/dragon.json
s
exclusivedirty
Running as unit: run-r3f015fc4bc02460fa21137f22ef20a0d.scope; invocation ID: b94949c75d284feaa0fd0b62c613f707
Time needed for parsing json file: 4661[µs]
alphabet size: 5
using Siphon interpretation
Time needed for constructing Siphon interpretation transducer: 1978[µs]
computing ind...
Time needed for constructing complement of ind: 8566[µs]
Time needed for computing ind: 1009265[µs]
Time needed for minimizing ind: 117497[µs]
Time needed for computing ind (total): 1135475[µs]
automaton for ind has 5 states.
...done.
computing complement of preach...
Time needed for constructing identity on ind: 357[µs]
Time needed for computing product v_id of abstraction framework with identity on ind: 4487[µs]
Time needed for computing product of v_id with complement of abstraction framework: 1244[µs]
Time needed for computing complement of preach: 7520[µs]
automaton for complement of preach has 13 states.
...of which, 2 states are at level 0.
Time needed for trimming complement of preach: 63[µs]
...done.
trying to prove abstract safety...
Time needed for constructing transducer for unsafe property: 9[µs]
Time needed for constructing transducer for (initial, unsafe) pairs: 184[µs]
Time needed for constructing transducer for complement of (initial, unsafe) pairs: 410[µs]
Time needed for building union of complements of preach and (initial, unsafe)-transducer: 70[µs]
Time needed for checking universality using lazy-bfs algorithm: 82[µs]
Time needed for checking abstract safety: 804[µs]
...done.
Result: [0]
This means that the following properties could be separated from the initial configurations:
        []
While the following properties could not be separated from the initial configurations:
        [exclusivedirty]

real    0m1,182s
user    0m1,147s
sys     0m0,017s
********************
/home/jakob/Documents/abstracton/benchmarks/dodo/dragon.json
f
exclusivedirty
Running as unit: run-r6f15d0b0e5414ce2863b3754849e0b19.scope; invocation ID: 1f7b4c4621d1471eb63c856028bddb27
Time needed for parsing json file: 4880[µs]
alphabet size: 5
using Flow interpretation
Time needed for constructing Flow interpretation transducer: 4411[µs]
computing ind...
Time needed for constructing complement of ind: 27885[µs]
Time needed for computing ind: 133073492[µs]
Time needed for minimizing ind: 3516050[µs]
Time needed for computing ind (total): 136617646[µs]
automaton for ind has 7 states.
...done.
computing complement of preach...
Time needed for constructing identity on ind: 567[µs]
Time needed for computing product v_id of abstraction framework with identity on ind: 13401[µs]
Time needed for computing product of v_id with complement of abstraction framework: 2058[µs]
Time needed for computing complement of preach: 19581[µs]
automaton for complement of preach has 13 states.
...of which, 2 states are at level 0.
Time needed for trimming complement of preach: 81[µs]
...done.
trying to prove abstract safety...
Time needed for constructing transducer for unsafe property: 9[µs]
Time needed for constructing transducer for (initial, unsafe) pairs: 168[µs]
Time needed for constructing transducer for complement of (initial, unsafe) pairs: 556[µs]
Time needed for building union of complements of preach and (initial, unsafe)-transducer: 104[µs]
Time needed for checking universality using lazy-bfs algorithm: 86[µs]
Time needed for checking abstract safety: 985[µs]
...done.
Result: [0]
This means that the following properties could be separated from the initial configurations:
        []
While the following properties could not be separated from the initial configurations:
        [exclusivedirty]

real    2m16,689s
user    2m16,482s
sys     0m0,173s
********************
45 of 61
/home/jakob/Documents/abstracton/benchmarks/dodo/dragon.json
t
shareddirty
Running as unit: run-rdb31ffc808c947b6b7b299ae7a0a0668.scope; invocation ID: b5479326385d4ae6be25eb036a1831f2
Time needed for parsing json file: 5608[µs]
alphabet size: 5
using Trap interpretation
Time needed for constructing Trap interpretation transducer: 5402[µs]
computing ind...
Time needed for constructing complement of ind: 28339[µs]
Time needed for computing ind: 14988421[µs]
Time needed for minimizing ind: 509494[µs]
Time needed for computing ind (total): 15526697[µs]
automaton for ind has 37 states.
...done.
computing complement of preach...
Time needed for constructing identity on ind: 2696[µs]
Time needed for computing product v_id of abstraction framework with identity on ind: 170177[µs]
Time needed for computing product of v_id with complement of abstraction framework: 836504[µs]
Time needed for computing complement of preach: 1014502[µs]
automaton for complement of preach has 4148 states.
...of which, 68 states are at level 0.
Time needed for trimming complement of preach: 12801[µs]
...done.
trying to prove abstract safety...
Time needed for constructing transducer for unsafe property: 10[µs]
Time needed for constructing transducer for (initial, unsafe) pairs: 250[µs]
Time needed for constructing transducer for complement of (initial, unsafe) pairs: 504[µs]
Time needed for building union of complements of preach and (initial, unsafe)-transducer: 3527[µs]
Time needed for checking universality using lazy-bfs algorithm: 744010[µs]
Time needed for checking abstract safety: 749273[µs]
...done.
Result: [1]
This means that the following properties could be separated from the initial configurations:
	[shareddirty]
While the following properties could not be separated from the initial configurations:
	[]

real	0m17,380s
user	0m17,161s
sys	0m0,175s
********************
/home/jakob/Documents/abstracton/benchmarks/dodo/dragon.json
s
shareddirty
Running as unit: run-r282adbb5e79848e6a6f3d9560a00b100.scope; invocation ID: 2a23f78cf08a45e1b9cf3fb68f685f2a
Time needed for parsing json file: 4786[µs]
alphabet size: 5
using Siphon interpretation
Time needed for constructing Siphon interpretation transducer: 1885[µs]
computing ind...
Time needed for constructing complement of ind: 8466[µs]
Time needed for computing ind: 1004188[µs]
Time needed for minimizing ind: 115441[µs]
Time needed for computing ind (total): 1128205[µs]
automaton for ind has 5 states.
...done.
computing complement of preach...
Time needed for constructing identity on ind: 357[µs]
Time needed for computing product v_id of abstraction framework with identity on ind: 4646[µs]
Time needed for computing product of v_id with complement of abstraction framework: 1258[µs]
Time needed for computing complement of preach: 7706[µs]
automaton for complement of preach has 13 states.
...of which, 2 states are at level 0.
Time needed for trimming complement of preach: 83[µs]
...done.
trying to prove abstract safety...
Time needed for constructing transducer for unsafe property: 13[µs]
Time needed for constructing transducer for (initial, unsafe) pairs: 188[µs]
Time needed for constructing transducer for complement of (initial, unsafe) pairs: 456[µs]
Time needed for building union of complements of preach and (initial, unsafe)-transducer: 73[µs]
Time needed for checking universality using lazy-bfs algorithm: 118[µs]
Time needed for checking abstract safety: 918[µs]
...done.
Result: [0]
This means that the following properties could be separated from the initial configurations:
        []
While the following properties could not be separated from the initial configurations:
        [shareddirty]

real    0m1,176s
user    0m1,145s
sys     0m0,013s
********************
/home/jakob/Documents/abstracton/benchmarks/dodo/dragon.json
f
shareddirty
Running as unit: run-r2fe2c23bdac14ceebfda12842ae7fb48.scope; invocation ID: d89ec1de56c14dd0b45bc643b82e88e3
Time needed for parsing json file: 4525[µs]
alphabet size: 5
using Flow interpretation
Time needed for constructing Flow interpretation transducer: 4418[µs]
computing ind...
Time needed for constructing complement of ind: 29224[µs]
Time needed for computing ind: 135018092[µs]
Time needed for minimizing ind: 3542496[µs]
Time needed for computing ind (total): 138590063[µs]
automaton for ind has 7 states.
...done.
computing complement of preach...
Time needed for constructing identity on ind: 595[µs]
Time needed for computing product v_id of abstraction framework with identity on ind: 13993[µs]
Time needed for computing product of v_id with complement of abstraction framework: 2616[µs]
Time needed for computing complement of preach: 20725[µs]
automaton for complement of preach has 13 states.
...of which, 2 states are at level 0.
Time needed for trimming complement of preach: 132[µs]
...done.
trying to prove abstract safety...
Time needed for constructing transducer for unsafe property: 13[µs]
Time needed for constructing transducer for (initial, unsafe) pairs: 268[µs]
Time needed for constructing transducer for complement of (initial, unsafe) pairs: 715[µs]
Time needed for building union of complements of preach and (initial, unsafe)-transducer: 119[µs]
Time needed for checking universality using lazy-bfs algorithm: 131[µs]
Time needed for checking abstract safety: 1341[µs]
...done.
Result: [0]
This means that the following properties could be separated from the initial configurations:
        []
While the following properties could not be separated from the initial configurations:
        [shareddirty]

real    2m18,669s
user    2m18,359s
sys     0m0,263s
********************
46 of 61
/home/jakob/Documents/abstracton/benchmarks/dodo/dragon.json
t
dirtyshareddirty
Running as unit: run-r9ced26b3c57c480e909aca6bc810ebf6.scope; invocation ID: c8d46851e8a04d649c7033a2413cb1d4
Time needed for parsing json file: 5153[µs]
alphabet size: 5
using Trap interpretation
Time needed for constructing Trap interpretation transducer: 5174[µs]
computing ind...
Time needed for constructing complement of ind: 22210[µs]
Time needed for computing ind: 14946722[µs]
Time needed for minimizing ind: 504771[µs]
Time needed for computing ind (total): 15474286[µs]
automaton for ind has 37 states.
...done.
computing complement of preach...
Time needed for constructing identity on ind: 2785[µs]
Time needed for computing product v_id of abstraction framework with identity on ind: 171017[µs]
Time needed for computing product of v_id with complement of abstraction framework: 834714[µs]
Time needed for computing complement of preach: 1013459[µs]
automaton for complement of preach has 4148 states.
...of which, 68 states are at level 0.
Time needed for trimming complement of preach: 12719[µs]
...done.
trying to prove abstract safety...
Time needed for constructing transducer for unsafe property: 9[µs]
Time needed for constructing transducer for (initial, unsafe) pairs: 231[µs]
Time needed for constructing transducer for complement of (initial, unsafe) pairs: 507[µs]
Time needed for building union of complements of preach and (initial, unsafe)-transducer: 3740[µs]
Time needed for checking universality using lazy-bfs algorithm: 1819[µs]
Time needed for checking abstract safety: 7205[µs]
...done.
Result: [0]
This means that the following properties could be separated from the initial configurations:
	[]
While the following properties could not be separated from the initial configurations:
	[dirtyshareddirty]

real	0m16,574s
user	0m16,386s
sys	0m0,153s
********************
/home/jakob/Documents/abstracton/benchmarks/dodo/dragon.json
s
dirtyshareddirty
Running as unit: run-rc3b4be50764943b480ec028a38a41b19.scope; invocation ID: 2f4474b8b3cd495484d9d257762fe730
Time needed for parsing json file: 4542[µs]
alphabet size: 5
using Siphon interpretation
Time needed for constructing Siphon interpretation transducer: 1808[µs]
computing ind...
Time needed for constructing complement of ind: 8400[µs]
Time needed for computing ind: 997306[µs]
Time needed for minimizing ind: 113958[µs]
Time needed for computing ind (total): 1119824[µs]
automaton for ind has 5 states.
...done.
computing complement of preach...
Time needed for constructing identity on ind: 373[µs]
Time needed for computing product v_id of abstraction framework with identity on ind: 4396[µs]
Time needed for computing product of v_id with complement of abstraction framework: 1212[µs]
Time needed for computing complement of preach: 7326[µs]
automaton for complement of preach has 13 states.
...of which, 2 states are at level 0.
Time needed for trimming complement of preach: 82[µs]
...done.
trying to prove abstract safety...
Time needed for constructing transducer for unsafe property: 8[µs]
Time needed for constructing transducer for (initial, unsafe) pairs: 159[µs]
Time needed for constructing transducer for complement of (initial, unsafe) pairs: 391[µs]
Time needed for building union of complements of preach and (initial, unsafe)-transducer: 70[µs]
Time needed for checking universality using lazy-bfs algorithm: 87[µs]
Time needed for checking abstract safety: 780[µs]
...done.
Result: [0]
This means that the following properties could be separated from the initial configurations:
	[]
While the following properties could not be separated from the initial configurations:
	[dirtyshareddirty]

real	0m1,166s
user	0m1,135s
sys	0m0,012s
********************
/home/jakob/Documents/abstracton/benchmarks/dodo/dragon.json
f
dirtyshareddirty
Running as unit: run-raf8b9ae36dbe41cdb354b40304bd56a3.scope; invocation ID: a71d342d3f9940808121006e6fbe8f8c
Time needed for parsing json file: 4137[µs]
alphabet size: 5
using Flow interpretation
Time needed for constructing Flow interpretation transducer: 4004[µs]
computing ind...
Time needed for constructing complement of ind: 24803[µs]
Time needed for computing ind: 133608472[µs]
Time needed for minimizing ind: 3526845[µs]
Time needed for computing ind (total): 137160419[µs]
automaton for ind has 7 states.
...done.
computing complement of preach...
Time needed for constructing identity on ind: 567[µs]
Time needed for computing product v_id of abstraction framework with identity on ind: 12647[µs]
Time needed for computing product of v_id with complement of abstraction framework: 2087[µs]
Time needed for computing complement of preach: 18730[µs]
automaton for complement of preach has 13 states.
...of which, 2 states are at level 0.
Time needed for trimming complement of preach: 89[µs]
...done.
trying to prove abstract safety...
Time needed for constructing transducer for unsafe property: 9[µs]
Time needed for constructing transducer for (initial, unsafe) pairs: 196[µs]
Time needed for constructing transducer for complement of (initial, unsafe) pairs: 442[µs]
Time needed for building union of complements of preach and (initial, unsafe)-transducer: 78[µs]
Time needed for checking universality using lazy-bfs algorithm: 83[µs]
Time needed for checking abstract safety: 896[µs]
...done.
Result: [0]
This means that the following properties could be separated from the initial configurations:
	[]
While the following properties could not be separated from the initial configurations:
	[dirtyshareddirty]

real	2m17,225s
user	2m17,032s
sys	0m0,160s
********************
47 of 61
/home/jakob/Documents/abstracton/benchmarks/dodo/dragon.json
t
deadlock
Running as unit: run-r0ddc57198304490c9f28409e714c1a78.scope; invocation ID: 7f8664b6aefa491f9645d0f7d1baa6cf
Time needed for parsing json file: 4341[µs]
alphabet size: 5
using Trap interpretation
Time needed for constructing Trap interpretation transducer: 4921[µs]
computing ind...
Time needed for constructing complement of ind: 23706[µs]
Time needed for computing ind: 14883731[µs]
Time needed for minimizing ind: 505918[µs]
Time needed for computing ind (total): 15413579[µs]
automaton for ind has 37 states.
...done.
computing complement of preach...
Time needed for constructing identity on ind: 2725[µs]
Time needed for computing product v_id of abstraction framework with identity on ind: 157101[µs]
Time needed for computing product of v_id with complement of abstraction framework: 829530[µs]
Time needed for computing complement of preach: 994336[µs]
automaton for complement of preach has 4148 states.
...of which, 68 states are at level 0.
Time needed for trimming complement of preach: 13008[µs]
...done.
trying to prove abstract safety...
Time needed for constructing transducer for unsafe property: 31[µs]
Time needed for constructing transducer for (initial, unsafe) pairs: 343[µs]
Time needed for constructing transducer for complement of (initial, unsafe) pairs: 52[µs]
Time needed for building union of complements of preach and (initial, unsafe)-transducer: 3615[µs]
Time needed for checking universality using lazy-bfs algorithm: 727713[µs]
Time needed for checking abstract safety: 732747[µs]
...done.
Result: [1]
This means that the following properties could be separated from the initial configurations:
	[deadlock]
While the following properties could not be separated from the initial configurations:
	[]

real	0m17,207s
user	0m17,034s
sys	0m0,159s
********************
/home/jakob/Documents/abstracton/benchmarks/dodo/dragon.json
s
deadlock
Running as unit: run-r9435a976094e49a6b092501e8b7509bd.scope; invocation ID: 707671efb57e4ef1a3808561782aa7d5
Time needed for parsing json file: 4636[µs]
alphabet size: 5
using Siphon interpretation
Time needed for constructing Siphon interpretation transducer: 1820[µs]
computing ind...
Time needed for constructing complement of ind: 8233[µs]
Time needed for computing ind: 983977[µs]
Time needed for minimizing ind: 111143[µs]
Time needed for computing ind (total): 1103554[µs]
automaton for ind has 5 states.
...done.
computing complement of preach...
Time needed for constructing identity on ind: 372[µs]
Time needed for computing product v_id of abstraction framework with identity on ind: 4387[µs]
Time needed for computing product of v_id with complement of abstraction framework: 1203[µs]
Time needed for computing complement of preach: 7313[µs]
automaton for complement of preach has 13 states.
...of which, 2 states are at level 0.
Time needed for trimming complement of preach: 82[µs]
...done.
trying to prove abstract safety...
Time needed for constructing transducer for unsafe property: 20[µs]
Time needed for constructing transducer for (initial, unsafe) pairs: 203[µs]
Time needed for constructing transducer for complement of (initial, unsafe) pairs: 42[µs]
Time needed for building union of complements of preach and (initial, unsafe)-transducer: 39[µs]
Time needed for checking universality using lazy-bfs algorithm: 74[µs]
Time needed for checking abstract safety: 461[µs]
...done.
Result: [1]
This means that the following properties could be separated from the initial configurations:
	[deadlock]
While the following properties could not be separated from the initial configurations:
	[]

real	0m1,141s
user	0m1,114s
sys	0m0,014s
********************
/home/jakob/Documents/abstracton/benchmarks/dodo/dragon.json
f
deadlock
Running as unit: run-reca55a2db3a646c987f7fc785bcbf492.scope; invocation ID: 96006a060f2446c18a41e33fb86553ca
Time needed for parsing json file: 4288[µs]
alphabet size: 5
using Flow interpretation
Time needed for constructing Flow interpretation transducer: 3990[µs]
computing ind...
Time needed for constructing complement of ind: 24619[µs]
Time needed for computing ind: 132845040[µs]
Time needed for minimizing ind: 3537148[µs]
Time needed for computing ind (total): 136407098[µs]
automaton for ind has 7 states.
...done.
computing complement of preach...
Time needed for constructing identity on ind: 571[µs]
Time needed for computing product v_id of abstraction framework with identity on ind: 13119[µs]
Time needed for computing product of v_id with complement of abstraction framework: 2032[µs]
Time needed for computing complement of preach: 19031[µs]
automaton for complement of preach has 13 states.
...of which, 2 states are at level 0.
Time needed for trimming complement of preach: 63[µs]
...done.
trying to prove abstract safety...
Time needed for constructing transducer for unsafe property: 22[µs]
Time needed for constructing transducer for (initial, unsafe) pairs: 219[µs]
Time needed for constructing transducer for complement of (initial, unsafe) pairs: 52[µs]
Time needed for building union of complements of preach and (initial, unsafe)-transducer: 41[µs]
Time needed for checking universality using lazy-bfs algorithm: 60[µs]
Time needed for checking abstract safety: 491[µs]
...done.
Result: [1]
This means that the following properties could be separated from the initial configurations:
	[deadlock]
While the following properties could not be separated from the initial configurations:
	[]

real	2m16,474s
user	2m16,269s
sys	0m0,172s
********************
48 of 61
/home/jakob/Documents/abstracton/benchmarks/dodo/firefly.json
t
dirtydirty
Running as unit: run-raa69d048bc684de494064f5135b75236.scope; invocation ID: 417efdf40c994ad9bf4cbc5d27685440
Time needed for parsing json file: 3470[µs]
alphabet size: 4
using Trap interpretation
Time needed for constructing Trap interpretation transducer: 2369[µs]
computing ind...
Time needed for constructing complement of ind: 6927[µs]
Time needed for computing ind: 1028224[µs]
Time needed for minimizing ind: 52353[µs]
Time needed for computing ind (total): 1087636[µs]
automaton for ind has 6 states.
...done.
computing complement of preach...
Time needed for constructing identity on ind: 215[µs]
Time needed for computing product v_id of abstraction framework with identity on ind: 6614[µs]
Time needed for computing product of v_id with complement of abstraction framework: 28571[µs]
Time needed for computing complement of preach: 36533[µs]
automaton for complement of preach has 57 states.
...of which, 5 states are at level 0.
Time needed for trimming complement of preach: 143[µs]
...done.
trying to prove abstract safety...
Time needed for constructing transducer for unsafe property: 6[µs]
Time needed for constructing transducer for (initial, unsafe) pairs: 145[µs]
Time needed for constructing transducer for complement of (initial, unsafe) pairs: 360[µs]
Time needed for building union of complements of preach and (initial, unsafe)-transducer: 81[µs]
Time needed for checking universality using lazy-bfs algorithm: 123[µs]
Time needed for checking abstract safety: 780[µs]
...done.
Result: [0]
This means that the following properties could be separated from the initial configurations:
	[]
While the following properties could not be separated from the initial configurations:
	[dirtydirty]

real	0m1,154s
user	0m1,131s
sys	0m0,011s
********************
/home/jakob/Documents/abstracton/benchmarks/dodo/firefly.json
s
dirtydirty
Running as unit: run-r4707f274e70d4beba8c27b1ada5e89e9.scope; invocation ID: a0ab9a2bf7944372ad76c0924c07b222
Time needed for parsing json file: 6784[µs]
alphabet size: 4
using Siphon interpretation
Time needed for constructing Siphon interpretation transducer: 1051[µs]
computing ind...
Time needed for constructing complement of ind: 2760[µs]
Time needed for computing ind: 158966[µs]
Time needed for minimizing ind: 27966[µs]
Time needed for computing ind (total): 189780[µs]
automaton for ind has 5 states.
...done.
computing complement of preach...
Time needed for constructing identity on ind: 186[µs]
Time needed for computing product v_id of abstraction framework with identity on ind: 2119[µs]
Time needed for computing product of v_id with complement of abstraction framework: 674[µs]
Time needed for computing complement of preach: 3709[µs]
automaton for complement of preach has 5 states.
...of which, 2 states are at level 0.
Time needed for trimming complement of preach: 27[µs]
...done.
trying to prove abstract safety...
Time needed for constructing transducer for unsafe property: 6[µs]
Time needed for constructing transducer for (initial, unsafe) pairs: 128[µs]
Time needed for constructing transducer for complement of (initial, unsafe) pairs: 285[µs]
Time needed for building union of complements of preach and (initial, unsafe)-transducer: 49[µs]
Time needed for checking universality using lazy-bfs algorithm: 60[µs]
Time needed for checking abstract safety: 585[µs]
...done.
Result: [0]
This means that the following properties could be separated from the initial configurations:
        []
While the following properties could not be separated from the initial configurations:
        [dirtydirty]

real    0m0,228s
user    0m0,201s
sys     0m0,011s
********************
/home/jakob/Documents/abstracton/benchmarks/dodo/firefly.json
f
dirtydirty
Running as unit: run-r916a4f83203147b48f3cd6cb7ed237d4.scope; invocation ID: ddc9a493aef14ec0884486850539ffc6
Time needed for parsing json file: 3057[µs]
alphabet size: 4
using Flow interpretation
Time needed for constructing Flow interpretation transducer: 2097[µs]
computing ind...
Time needed for constructing complement of ind: 7633[µs]
Time needed for computing ind: 3417663[µs]
Time needed for minimizing ind: 173019[µs]
Time needed for computing ind (total): 3598429[µs]
automaton for ind has 7 states.
...done.
computing complement of preach...
Time needed for constructing identity on ind: 243[µs]
Time needed for computing product v_id of abstraction framework with identity on ind: 4856[µs]
Time needed for computing product of v_id with complement of abstraction framework: 1128[µs]
Time needed for computing complement of preach: 7607[µs]
automaton for complement of preach has 5 states.
...of which, 2 states are at level 0.
Time needed for trimming complement of preach: 56[µs]
...done.
trying to prove abstract safety...
Time needed for constructing transducer for unsafe property: 5[µs]
Time needed for constructing transducer for (initial, unsafe) pairs: 143[µs]
Time needed for constructing transducer for complement of (initial, unsafe) pairs: 299[µs]
Time needed for building union of complements of preach and (initial, unsafe)-transducer: 52[µs]
Time needed for checking universality using lazy-bfs algorithm: 59[µs]
Time needed for checking abstract safety: 601[µs]
...done.
Result: [0]
This means that the following properties could be separated from the initial configurations:
        []
While the following properties could not be separated from the initial configurations:
        [dirtydirty]

real    0m3,637s
user    0m3,611s
sys     0m0,015s
********************
49 of 61
/home/jakob/Documents/abstracton/benchmarks/dodo/firefly.json
t
exclusiveexclusive
Running as unit: run-r31422816f22240189f46f250834f6150.scope; invocation ID: 8548d30e8bdc4cfa9c078376cd9e0ab2
Time needed for parsing json file: 2914[µs]
alphabet size: 4
using Trap interpretation
Time needed for constructing Trap interpretation transducer: 2421[µs]
computing ind...
Time needed for constructing complement of ind: 7331[µs]
Time needed for computing ind: 1047545[µs]
Time needed for minimizing ind: 58565[µs]
Time needed for computing ind (total): 1113548[µs]
automaton for ind has 6 states.
...done.
computing complement of preach...
Time needed for constructing identity on ind: 227[µs]
Time needed for computing product v_id of abstraction framework with identity on ind: 7127[µs]
Time needed for computing product of v_id with complement of abstraction framework: 31357[µs]
Time needed for computing complement of preach: 39988[µs]
automaton for complement of preach has 57 states.
...of which, 5 states are at level 0.
Time needed for trimming complement of preach: 184[µs]
...done.
trying to prove abstract safety...
Time needed for constructing transducer for unsafe property: 8[µs]
Time needed for constructing transducer for (initial, unsafe) pairs: 178[µs]
Time needed for constructing transducer for complement of (initial, unsafe) pairs: 326[µs]
Time needed for building union of complements of preach and (initial, unsafe)-transducer: 107[µs]
Time needed for checking universality using lazy-bfs algorithm: 135[µs]
Time needed for checking abstract safety: 814[µs]
...done.
Result: [0]
This means that the following properties could be separated from the initial configurations:
        []
While the following properties could not be separated from the initial configurations:
        [exclusiveexclusive]

real    0m1,191s
user    0m1,160s
sys     0m0,014s
********************
/home/jakob/Documents/abstracton/benchmarks/dodo/firefly.json
s
exclusiveexclusive
Running as unit: run-r417e52880fdc4fe0a4b5b6c6919e2433.scope; invocation ID: 82344dde673949419e71395558df7c09
Time needed for parsing json file: 2992[µs]
alphabet size: 4
using Siphon interpretation
Time needed for constructing Siphon interpretation transducer: 1058[µs]
computing ind...
Time needed for constructing complement of ind: 2434[µs]
Time needed for computing ind: 157642[µs]
Time needed for minimizing ind: 27431[µs]
Time needed for computing ind (total): 187594[µs]
automaton for ind has 5 states.
...done.
computing complement of preach...
Time needed for constructing identity on ind: 185[µs]
Time needed for computing product v_id of abstraction framework with identity on ind: 2055[µs]
Time needed for computing product of v_id with complement of abstraction framework: 707[µs]
Time needed for computing complement of preach: 3648[µs]
automaton for complement of preach has 5 states.
...of which, 2 states are at level 0.
Time needed for trimming complement of preach: 28[µs]
...done.
trying to prove abstract safety...
Time needed for constructing transducer for unsafe property: 6[µs]
Time needed for constructing transducer for (initial, unsafe) pairs: 143[µs]
Time needed for constructing transducer for complement of (initial, unsafe) pairs: 306[µs]
Time needed for building union of complements of preach and (initial, unsafe)-transducer: 53[µs]
Time needed for checking universality using lazy-bfs algorithm: 69[µs]
Time needed for checking abstract safety: 628[µs]
...done.
Result: [0]
This means that the following properties could be separated from the initial configurations:
        []
While the following properties could not be separated from the initial configurations:
        [exclusiveexclusive]

real    0m0,226s
user    0m0,197s
sys     0m0,012s
********************
/home/jakob/Documents/abstracton/benchmarks/dodo/firefly.json
f
exclusiveexclusive
Running as unit: run-rcf721fe449e1469da3a6af2df7d6ed2b.scope; invocation ID: 7d8463cfc39f444d85e9a18d6a716a3a
Time needed for parsing json file: 2912[µs]
alphabet size: 4
using Flow interpretation
Time needed for constructing Flow interpretation transducer: 2121[µs]
computing ind...
Time needed for constructing complement of ind: 7548[µs]
Time needed for computing ind: 3438951[µs]
Time needed for minimizing ind: 173977[µs]
Time needed for computing ind (total): 3620609[µs]
automaton for ind has 7 states.
...done.
computing complement of preach...
Time needed for constructing identity on ind: 249[µs]
Time needed for computing product v_id of abstraction framework with identity on ind: 4857[µs]
Time needed for computing product of v_id with complement of abstraction framework: 1165[µs]
Time needed for computing complement of preach: 7670[µs]
automaton for complement of preach has 5 states.
...of which, 2 states are at level 0.
Time needed for trimming complement of preach: 33[µs]
...done.
trying to prove abstract safety...
Time needed for constructing transducer for unsafe property: 5[µs]
Time needed for constructing transducer for (initial, unsafe) pairs: 126[µs]
Time needed for constructing transducer for complement of (initial, unsafe) pairs: 290[µs]
Time needed for building union of complements of preach and (initial, unsafe)-transducer: 51[µs]
Time needed for checking universality using lazy-bfs algorithm: 67[µs]
Time needed for checking abstract safety: 585[µs]
...done.
Result: [0]
This means that the following properties could be separated from the initial configurations:
        []
While the following properties could not be separated from the initial configurations:
        [exclusiveexclusive]

real    0m3,662s
user    0m3,631s
sys     0m0,017s
********************
50 of 61
/home/jakob/Documents/abstracton/benchmarks/dodo/firefly.json
t
dirtyshared
Running as unit: run-r991c64a8485143f19ac23f9ac43fc47c.scope; invocation ID: f4b240e277f54c279c671253390ea727
Time needed for parsing json file: 2958[µs]
alphabet size: 4
using Trap interpretation
Time needed for constructing Trap interpretation transducer: 2484[µs]
computing ind...
Time needed for constructing complement of ind: 7197[µs]
Time needed for computing ind: 1026726[µs]
Time needed for minimizing ind: 54783[µs]
Time needed for computing ind (total): 1088814[µs]
automaton for ind has 6 states.
...done.
computing complement of preach...
Time needed for constructing identity on ind: 216[µs]
Time needed for computing product v_id of abstraction framework with identity on ind: 6591[µs]
Time needed for computing product of v_id with complement of abstraction framework: 31488[µs]
Time needed for computing complement of preach: 39420[µs]
automaton for complement of preach has 57 states.
...of which, 5 states are at level 0.
Time needed for trimming complement of preach: 166[µs]
...done.
trying to prove abstract safety...
Time needed for constructing transducer for unsafe property: 8[µs]
Time needed for constructing transducer for (initial, unsafe) pairs: 222[µs]
Time needed for constructing transducer for complement of (initial, unsafe) pairs: 410[µs]
Time needed for building union of complements of preach and (initial, unsafe)-transducer: 95[µs]
Time needed for checking universality using lazy-bfs algorithm: 205[µs]
Time needed for checking abstract safety: 1026[µs]
...done.
Result: [0]
This means that the following properties could be separated from the initial configurations:
        []
While the following properties could not be separated from the initial configurations:
        [dirtyshared]

real    0m1,159s
user    0m1,133s
sys     0m0,016s
********************
/home/jakob/Documents/abstracton/benchmarks/dodo/firefly.json
s
dirtyshared
Running as unit: run-r1a741d72768c4d84a8e84d429a195fdc.scope; invocation ID: 64880f61ba354eeebbd61ffe9d40270b
Time needed for parsing json file: 2957[µs]
alphabet size: 4
using Siphon interpretation
Time needed for constructing Siphon interpretation transducer: 1056[µs]
computing ind...
Time needed for constructing complement of ind: 2394[µs]
Time needed for computing ind: 158815[µs]
Time needed for minimizing ind: 27424[µs]
Time needed for computing ind (total): 188712[µs]
automaton for ind has 5 states.
...done.
computing complement of preach...
Time needed for constructing identity on ind: 187[µs]
Time needed for computing product v_id of abstraction framework with identity on ind: 2011[µs]
Time needed for computing product of v_id with complement of abstraction framework: 632[µs]
Time needed for computing complement of preach: 3529[µs]
automaton for complement of preach has 5 states.
...of which, 2 states are at level 0.
Time needed for trimming complement of preach: 22[µs]
...done.
trying to prove abstract safety...
Time needed for constructing transducer for unsafe property: 6[µs]
Time needed for constructing transducer for (initial, unsafe) pairs: 143[µs]
Time needed for constructing transducer for complement of (initial, unsafe) pairs: 331[µs]
Time needed for building union of complements of preach and (initial, unsafe)-transducer: 59[µs]
Time needed for checking universality using lazy-bfs algorithm: 65[µs]
Time needed for checking abstract safety: 650[µs]
...done.
Result: [0]
This means that the following properties could be separated from the initial configurations:
        []
While the following properties could not be separated from the initial configurations:
        [dirtyshared]

real    0m0,225s
user    0m0,202s
sys     0m0,008s
********************
/home/jakob/Documents/abstracton/benchmarks/dodo/firefly.json
f
dirtyshared
Running as unit: run-r6ff905e81e294ec090f8ac35b56e4be1.scope; invocation ID: 17016083f93146d5813ab7438b34ad2e
Time needed for parsing json file: 3032[µs]
alphabet size: 4
using Flow interpretation
Time needed for constructing Flow interpretation transducer: 2204[µs]
computing ind...
Time needed for constructing complement of ind: 7373[µs]
Time needed for computing ind: 3533022[µs]
Time needed for minimizing ind: 181796[µs]
Time needed for computing ind (total): 3722308[µs]
automaton for ind has 7 states.
...done.
computing complement of preach...
Time needed for constructing identity on ind: 247[µs]
Time needed for computing product v_id of abstraction framework with identity on ind: 4823[µs]
Time needed for computing product of v_id with complement of abstraction framework: 1149[µs]
Time needed for computing complement of preach: 7613[µs]
automaton for complement of preach has 5 states.
...of which, 2 states are at level 0.
Time needed for trimming complement of preach: 39[µs]
...done.
trying to prove abstract safety...
Time needed for constructing transducer for unsafe property: 7[µs]
Time needed for constructing transducer for (initial, unsafe) pairs: 157[µs]
Time needed for constructing transducer for complement of (initial, unsafe) pairs: 376[µs]
Time needed for building union of complements of preach and (initial, unsafe)-transducer: 59[µs]
Time needed for checking universality using lazy-bfs algorithm: 60[µs]
Time needed for checking abstract safety: 725[µs]
...done.
Result: [0]
This means that the following properties could be separated from the initial configurations:
        []
While the following properties could not be separated from the initial configurations:
        [dirtyshared]

real    0m3,766s
user    0m3,729s
sys     0m0,021s
********************
51 of 61
/home/jakob/Documents/abstracton/benchmarks/dodo/firefly.json
t
dirtyexclusive
Running as unit: run-r6f35be3e8bc84747a71cb8402b5403b0.scope; invocation ID: edf1f732d48546f684d9fd7a736a1a1e
Time needed for parsing json file: 3058[µs]
alphabet size: 4
using Trap interpretation
Time needed for constructing Trap interpretation transducer: 2570[µs]
computing ind...
Time needed for constructing complement of ind: 7235[µs]
Time needed for computing ind: 1027692[µs]
Time needed for minimizing ind: 55484[µs]
Time needed for computing ind (total): 1090525[µs]
automaton for ind has 6 states.
...done.
computing complement of preach...
Time needed for constructing identity on ind: 223[µs]
Time needed for computing product v_id of abstraction framework with identity on ind: 6726[µs]
Time needed for computing product of v_id with complement of abstraction framework: 31776[µs]
Time needed for computing complement of preach: 39855[µs]
automaton for complement of preach has 57 states.
...of which, 5 states are at level 0.
Time needed for trimming complement of preach: 199[µs]
...done.
trying to prove abstract safety...
Time needed for constructing transducer for unsafe property: 9[µs]
Time needed for constructing transducer for (initial, unsafe) pairs: 199[µs]
Time needed for constructing transducer for complement of (initial, unsafe) pairs: 395[µs]
Time needed for building union of complements of preach and (initial, unsafe)-transducer: 139[µs]
Time needed for checking universality using lazy-bfs algorithm: 139[µs]
Time needed for checking abstract safety: 955[µs]
...done.
Result: [0]
This means that the following properties could be separated from the initial configurations:
        []
While the following properties could not be separated from the initial configurations:
        [dirtyexclusive]

real    0m1,163s
user    0m1,132s
sys     0m0,019s
********************
/home/jakob/Documents/abstracton/benchmarks/dodo/firefly.json
s
dirtyexclusive
Running as unit: run-r15a1b635412f4621b6cdfd9aa88c04eb.scope; invocation ID: 6a15d2d385d24db78ea77b990121a832
Time needed for parsing json file: 2949[µs]
alphabet size: 4
using Siphon interpretation
Time needed for constructing Siphon interpretation transducer: 1096[µs]
computing ind...
Time needed for constructing complement of ind: 2606[µs]
Time needed for computing ind: 158342[µs]
Time needed for minimizing ind: 27066[µs]
Time needed for computing ind (total): 188113[µs]
automaton for ind has 5 states.
...done.
computing complement of preach...
Time needed for constructing identity on ind: 173[µs]
Time needed for computing product v_id of abstraction framework with identity on ind: 1997[µs]
Time needed for computing product of v_id with complement of abstraction framework: 606[µs]
Time needed for computing complement of preach: 3417[µs]
automaton for complement of preach has 5 states.
...of which, 2 states are at level 0.
Time needed for trimming complement of preach: 21[µs]
...done.
trying to prove abstract safety...
Time needed for constructing transducer for unsafe property: 6[µs]
Time needed for constructing transducer for (initial, unsafe) pairs: 147[µs]
Time needed for constructing transducer for complement of (initial, unsafe) pairs: 334[µs]
Time needed for building union of complements of preach and (initial, unsafe)-transducer: 59[µs]
Time needed for checking universality using lazy-bfs algorithm: 62[µs]
Time needed for checking abstract safety: 668[µs]
...done.
Result: [0]
This means that the following properties could be separated from the initial configurations:
        []
While the following properties could not be separated from the initial configurations:
        [dirtyexclusive]

real    0m0,223s
user    0m0,201s
sys     0m0,009s
********************
/home/jakob/Documents/abstracton/benchmarks/dodo/firefly.json
f
dirtyexclusive
Running as unit: run-rc68706766fb04549975f4aeb248479e9.scope; invocation ID: 7d28662b12e341898a1ee8d6e3f43304
Time needed for parsing json file: 2884[µs]
alphabet size: 4
using Flow interpretation
Time needed for constructing Flow interpretation transducer: 2102[µs]
computing ind...
Time needed for constructing complement of ind: 7364[µs]
Time needed for computing ind: 3464563[µs]
Time needed for minimizing ind: 175166[µs]
Time needed for computing ind (total): 3647245[µs]
automaton for ind has 7 states.
...done.
computing complement of preach...
Time needed for constructing identity on ind: 246[µs]
Time needed for computing product v_id of abstraction framework with identity on ind: 4832[µs]
Time needed for computing product of v_id with complement of abstraction framework: 1174[µs]
Time needed for computing complement of preach: 7638[µs]
automaton for complement of preach has 5 states.
...of which, 2 states are at level 0.
Time needed for trimming complement of preach: 32[µs]
...done.
trying to prove abstract safety...
Time needed for constructing transducer for unsafe property: 10[µs]
Time needed for constructing transducer for (initial, unsafe) pairs: 166[µs]
Time needed for constructing transducer for complement of (initial, unsafe) pairs: 361[µs]
Time needed for building union of complements of preach and (initial, unsafe)-transducer: 67[µs]
Time needed for checking universality using lazy-bfs algorithm: 69[µs]
Time needed for checking abstract safety: 734[µs]
...done.
Result: [0]
This means that the following properties could be separated from the initial configurations:
        []
While the following properties could not be separated from the initial configurations:
        [dirtyexclusive]

real    0m3,688s
user    0m3,655s
sys     0m0,020s
********************
52 of 61
/home/jakob/Documents/abstracton/benchmarks/dodo/firefly.json
t
deadlock
Running as unit: run-ra2a0f45625c1409baaa4c7e6a9c740a0.scope; invocation ID: 68536dd23f634bdd9d674acf2a3df968
Time needed for parsing json file: 3681[µs]
alphabet size: 4
using Trap interpretation
Time needed for constructing Trap interpretation transducer: 2860[µs]
computing ind...
Time needed for constructing complement of ind: 6597[µs]
Time needed for computing ind: 1020235[µs]
Time needed for minimizing ind: 51747[µs]
Time needed for computing ind (total): 1078890[µs]
automaton for ind has 6 states.
...done.
computing complement of preach...
Time needed for constructing identity on ind: 211[µs]
Time needed for computing product v_id of abstraction framework with identity on ind: 16449[µs]
Time needed for computing product of v_id with complement of abstraction framework: 30709[µs]
Time needed for computing complement of preach: 48553[µs]
automaton for complement of preach has 57 states.
...of which, 5 states are at level 0.
Time needed for trimming complement of preach: 178[µs]
...done.
trying to prove abstract safety...
Time needed for constructing transducer for unsafe property: 19[µs]
Time needed for constructing transducer for (initial, unsafe) pairs: 184[µs]
Time needed for constructing transducer for complement of (initial, unsafe) pairs: 43[µs]
Time needed for building union of complements of preach and (initial, unsafe)-transducer: 70[µs]
Time needed for checking universality using lazy-bfs algorithm: 154[µs]
Time needed for checking abstract safety: 536[µs]
...done.
Result: [1]
This means that the following properties could be separated from the initial configurations:
	[deadlock]
While the following properties could not be separated from the initial configurations:
	[]

real	0m1,160s
user	0m1,123s
sys	0m0,014s
********************
/home/jakob/Documents/abstracton/benchmarks/dodo/firefly.json
s
deadlock
Running as unit: run-r16b1fd4d0de54dab867765f259c37214.scope; invocation ID: a4dad69dee5f4b12ad97b0a0708b5d5b
Time needed for parsing json file: 2901[µs]
alphabet size: 4
using Siphon interpretation
Time needed for constructing Siphon interpretation transducer: 952[µs]
computing ind...
Time needed for constructing complement of ind: 2495[µs]
Time needed for computing ind: 155273[µs]
Time needed for minimizing ind: 27764[µs]
Time needed for computing ind (total): 185677[µs]
automaton for ind has 5 states.
...done.
computing complement of preach...
Time needed for constructing identity on ind: 181[µs]
Time needed for computing product v_id of abstraction framework with identity on ind: 2096[µs]
Time needed for computing product of v_id with complement of abstraction framework: 676[µs]
Time needed for computing complement of preach: 3659[µs]
automaton for complement of preach has 5 states.
...of which, 2 states are at level 0.
Time needed for trimming complement of preach: 30[µs]
...done.
trying to prove abstract safety...
Time needed for constructing transducer for unsafe property: 16[µs]
Time needed for constructing transducer for (initial, unsafe) pairs: 208[µs]
Time needed for constructing transducer for complement of (initial, unsafe) pairs: 47[µs]
Time needed for building union of complements of preach and (initial, unsafe)-transducer: 39[µs]
Time needed for checking universality using lazy-bfs algorithm: 51[µs]
Time needed for checking abstract safety: 450[µs]
...done.
Result: [1]
This means that the following properties could be separated from the initial configurations:
	[deadlock]
While the following properties could not be separated from the initial configurations:
	[]

real	0m0,226s
user	0m0,198s
sys	0m0,007s
********************
/home/jakob/Documents/abstracton/benchmarks/dodo/firefly.json
f
deadlock
Running as unit: run-ra51ecbb0b6c347abba77d6fa6769e9c9.scope; invocation ID: f1f4963586224d958f7812e7dc23b6e2
Time needed for parsing json file: 2749[µs]
alphabet size: 4
using Flow interpretation
Time needed for constructing Flow interpretation transducer: 1903[µs]
computing ind...
Time needed for constructing complement of ind: 6631[µs]
Time needed for computing ind: 3417273[µs]
Time needed for minimizing ind: 173682[µs]
Time needed for computing ind (total): 3597773[µs]
automaton for ind has 7 states.
...done.
computing complement of preach...
Time needed for constructing identity on ind: 241[µs]
Time needed for computing product v_id of abstraction framework with identity on ind: 5780[µs]
Time needed for computing product of v_id with complement of abstraction framework: 1320[µs]
Time needed for computing complement of preach: 16030[µs]
automaton for complement of preach has 5 states.
...of which, 2 states are at level 0.
Time needed for trimming complement of preach: 37[µs]
...done.
trying to prove abstract safety...
Time needed for constructing transducer for unsafe property: 22[µs]
Time needed for constructing transducer for (initial, unsafe) pairs: 201[µs]
Time needed for constructing transducer for complement of (initial, unsafe) pairs: 48[µs]
Time needed for building union of complements of preach and (initial, unsafe)-transducer: 35[µs]
Time needed for checking universality using lazy-bfs algorithm: 49[µs]
Time needed for checking abstract safety: 423[µs]
...done.
Result: [1]
This means that the following properties could be separated from the initial configurations:
	[deadlock]
While the following properties could not be separated from the initial configurations:
	[]

real	0m3,644s
user	0m3,607s
sys	0m0,016s
********************
53 of 61
/home/jakob/Documents/abstracton/benchmarks/dodo/left-dining-philosophers.json
t
deadlock
Running as unit: run-rfc4cc8c88a664d7d9f24e50946a3a2d3.scope; invocation ID: c7b5833fa5964c5faa175ab7253eb51a
Time needed for parsing json file: 2954[µs]
alphabet size: 6
using Trap interpretation
Time needed for constructing Trap interpretation transducer: 15536[µs]
computing ind...
Time needed for constructing complement of ind: 17757[µs]
Time needed for computing ind: 1364940[µs]
Time needed for minimizing ind: 186252[µs]
Time needed for computing ind (total): 1569165[µs]
automaton for ind has 41 states.
...done.
computing complement of preach...
Time needed for constructing identity on ind: 5338[µs]
Time needed for computing product v_id of abstraction framework with identity on ind: 461697[µs]
Time needed for computing product of v_id with complement of abstraction framework: 2463334[µs]
Time needed for computing complement of preach: 2941612[µs]
automaton for complement of preach has 6441 states.
...of which, 76 states are at level 0.
Time needed for trimming complement of preach: 21099[µs]
...done.
trying to prove abstract safety...
Time needed for constructing transducer for unsafe property: 37[µs]
Time needed for constructing transducer for (initial, unsafe) pairs: 702[µs]
Time needed for constructing transducer for complement of (initial, unsafe) pairs: 1307[µs]
Time needed for building union of complements of preach and (initial, unsafe)-transducer: 6742[µs]
Time needed for checking universality using lazy-bfs algorithm: 214917[µs]
Time needed for checking abstract safety: 225587[µs]
...done.
Result: [0]
This means that the following properties could be separated from the initial configurations:
	[]
While the following properties could not be separated from the initial configurations:
	[deadlock]

real	0m4,860s
user	0m4,447s
sys	0m0,397s
********************
/home/jakob/Documents/abstracton/benchmarks/dodo/left-dining-philosophers.json
s
deadlock
Running as unit: run-rc15b874374ad4060a81d47634c9130a9.scope; invocation ID: 7c41f59b6fe342cd966dca2472e600cf
Time needed for parsing json file: 2382[µs]
alphabet size: 6
using Siphon interpretation
Time needed for constructing Siphon interpretation transducer: 3856[µs]
computing ind...
Time needed for constructing complement of ind: 5772[µs]
Time needed for computing ind: 188629[µs]
Time needed for minimizing ind: 71708[µs]
Time needed for computing ind (total): 266232[µs]
automaton for ind has 42 states.
...done.
computing complement of preach...
Time needed for constructing identity on ind: 6708[µs]
Time needed for computing product v_id of abstraction framework with identity on ind: 141790[µs]
Time needed for computing product of v_id with complement of abstraction framework: 111226[µs]
Time needed for computing complement of preach: 264018[µs]
automaton for complement of preach has 2916 states.
...of which, 78 states are at level 0.
Time needed for trimming complement of preach: 15527[µs]
...done.
trying to prove abstract safety...
Time needed for constructing transducer for unsafe property: 40[µs]
Time needed for constructing transducer for (initial, unsafe) pairs: 666[µs]
Time needed for constructing transducer for complement of (initial, unsafe) pairs: 1190[µs]
Time needed for building union of complements of preach and (initial, unsafe)-transducer: 3152[µs]
Time needed for checking universality using lazy-bfs algorithm: 4340[µs]
Time needed for checking abstract safety: 10255[µs]
...done.
Result: [0]
This means that the following properties could be separated from the initial configurations:
	[]
While the following properties could not be separated from the initial configurations:
	[deadlock]

real	0m0,597s
user	0m0,531s
sys	0m0,050s
********************
/home/jakob/Documents/abstracton/benchmarks/dodo/left-dining-philosophers.json
f
deadlock
Running as unit: run-r2c7241df097d40d9bcc9cc8385e27b1f.scope; invocation ID: ef9c61904c5b463bac6d649219260994
Time needed for parsing json file: 2222[µs]
alphabet size: 6
using Flow interpretation
Time needed for constructing Flow interpretation transducer: 9562[µs]
computing ind...
Time needed for constructing complement of ind: 15103[µs]
Time needed for computing ind: 5464208[µs]
Time needed for minimizing ind: 772866[µs]
Time needed for computing ind (total): 6252401[µs]
automaton for ind has 74 states.
...done.
computing complement of preach...
Time needed for constructing identity on ind: 10648[µs]
Time needed for computing product v_id of abstraction framework with identity on ind: 484618[µs]
Time needed for computing product of v_id with complement of abstraction framework: 247134[µs]
Time needed for computing complement of preach: 751532[µs]
automaton for complement of preach has 6612 states.
...of which, 194 states are at level 0.
Time needed for trimming complement of preach: 24480[µs]
...done.
trying to prove abstract safety...
Time needed for constructing transducer for unsafe property: 37[µs]
Time needed for constructing transducer for (initial, unsafe) pairs: 683[µs]
Time needed for constructing transducer for complement of (initial, unsafe) pairs: 1178[µs]
Time needed for building union of complements of preach and (initial, unsafe)-transducer: 7414[µs]
Time needed for checking universality using lazy-bfs algorithm: 8692[µs]
Time needed for checking abstract safety: 20021[µs]
...done.
Result: [0]
This means that the following properties could be separated from the initial configurations:
	[]
While the following properties could not be separated from the initial configurations:
	[deadlock]

real	0m7,108s
user	0m6,947s
sys	0m0,141s
********************
54 of 61
/home/jakob/Documents/abstracton/benchmarks/dodo/lehmann-rabin.json
t
deadlock
Running as unit: run-rcc9f8e88cfe74362b3032faa03897022.scope; invocation ID: f63bfae8ff4542af9c0eaa75f52450f8
Time needed for parsing json file: 2230[µs]
alphabet size: 6
using Trap interpretation
Time needed for constructing Trap interpretation transducer: 12088[µs]
computing ind...
Time needed for constructing complement of ind: 13476[µs]
Time needed for computing ind: 626876[µs]
Time needed for minimizing ind: 68780[µs]
Time needed for computing ind (total): 709274[µs]
automaton for ind has 13 states.
...done.
computing complement of preach...
Time needed for constructing identity on ind: 1734[µs]
Time needed for computing product v_id of abstraction framework with identity on ind: 135464[µs]
Time needed for computing product of v_id with complement of abstraction framework: 662024[µs]
Time needed for computing complement of preach: 804921[µs]
automaton for complement of preach has 1556 states.
...of which, 20 states are at level 0.
Time needed for trimming complement of preach: 5149[µs]
...done.
trying to prove abstract safety...
Time needed for constructing transducer for unsafe property: 33[µs]
Time needed for constructing transducer for (initial, unsafe) pairs: 673[µs]
Time needed for constructing transducer for complement of (initial, unsafe) pairs: 1126[µs]
Time needed for building union of complements of preach and (initial, unsafe)-transducer: 1690[µs]
Time needed for checking universality using lazy-bfs algorithm: 19509[µs]
Time needed for checking abstract safety: 23379[µs]
...done.
Result: [1]
This means that the following properties could be separated from the initial configurations:
	[deadlock]
While the following properties could not be separated from the initial configurations:
	[]

real	0m1,597s
user	0m1,478s
sys	0m0,106s
********************
/home/jakob/Documents/abstracton/benchmarks/dodo/lehmann-rabin.json
s
deadlock
Running as unit: run-r05112710734d4e5f8bfa9d6c267af3da.scope; invocation ID: acc63f1b34874e2f8fffc408070b960f
Time needed for parsing json file: 2135[µs]
alphabet size: 6
using Siphon interpretation
Time needed for constructing Siphon interpretation transducer: 3963[µs]
computing ind...
Time needed for constructing complement of ind: 4140[µs]
Time needed for computing ind: 126708[µs]
Time needed for minimizing ind: 40356[µs]
Time needed for computing ind (total): 171325[µs]
automaton for ind has 13 states.
...done.
computing complement of preach...
Time needed for constructing identity on ind: 1739[µs]
Time needed for computing product v_id of abstraction framework with identity on ind: 39589[µs]
Time needed for computing product of v_id with complement of abstraction framework: 27546[µs]
Time needed for computing complement of preach: 72170[µs]
automaton for complement of preach has 784 states.
...of which, 20 states are at level 0.
Time needed for trimming complement of preach: 2816[µs]
...done.
trying to prove abstract safety...
Time needed for constructing transducer for unsafe property: 30[µs]
Time needed for constructing transducer for (initial, unsafe) pairs: 531[µs]
Time needed for constructing transducer for complement of (initial, unsafe) pairs: 981[µs]
Time needed for building union of complements of preach and (initial, unsafe)-transducer: 777[µs]
Time needed for checking universality using lazy-bfs algorithm: 2268[µs]
Time needed for checking abstract safety: 4798[µs]
...done.
Result: [0]
This means that the following properties could be separated from the initial configurations:
	[]
While the following properties could not be separated from the initial configurations:
	[deadlock]

real	0m0,286s
user	0m0,251s
sys	0m0,020s
********************
/home/jakob/Documents/abstracton/benchmarks/dodo/lehmann-rabin.json
f
deadlock
Running as unit: run-r9e6e767dcd284ac39b49f90d411a9a54.scope; invocation ID: b3e2a9dcc3444d37b58f9f8233efb932
Time needed for parsing json file: 2064[µs]
alphabet size: 6
using Flow interpretation
Time needed for constructing Flow interpretation transducer: 10027[µs]
computing ind...
Time needed for constructing complement of ind: 12650[µs]
Time needed for computing ind: 2503810[µs]
Time needed for minimizing ind: 269046[µs]
Time needed for computing ind (total): 2785726[µs]
automaton for ind has 27 states.
...done.
computing complement of preach...
Time needed for constructing identity on ind: 3719[µs]
Time needed for computing product v_id of abstraction framework with identity on ind: 186727[µs]
Time needed for computing product of v_id with complement of abstraction framework: 62804[µs]
Time needed for computing complement of preach: 259868[µs]
automaton for complement of preach has 1661 states.
...of which, 73 states are at level 0.
Time needed for trimming complement of preach: 10670[µs]
...done.
trying to prove abstract safety...
Time needed for constructing transducer for unsafe property: 36[µs]
Time needed for constructing transducer for (initial, unsafe) pairs: 595[µs]
Time needed for constructing transducer for complement of (initial, unsafe) pairs: 1061[µs]
Time needed for building union of complements of preach and (initial, unsafe)-transducer: 1811[µs]
Time needed for checking universality using lazy-bfs algorithm: 3502[µs]
Time needed for checking abstract safety: 7418[µs]
...done.
Result: [0]
This means that the following properties could be separated from the initial configurations:
	[]
While the following properties could not be separated from the initial configurations:
	[deadlock]

real	0m3,110s
user	0m3,034s
sys	0m0,060s
********************
55 of 61
/home/jakob/Documents/abstracton/benchmarks/dodo/synapse.json
t
dirtydirty
Running as unit: run-r294467d242214023804e979cd8a9e5ad.scope; invocation ID: bac4f7d79baa48f599f6ac431ea05e96
Time needed for parsing json file: 10000[µs]
alphabet size: 3
using Trap interpretation
Time needed for constructing Trap interpretation transducer: 1131[µs]
computing ind...
Time needed for constructing complement of ind: 1081[µs]
Time needed for computing ind: 2885[µs]
Time needed for minimizing ind: 907[µs]
Time needed for computing ind (total): 4929[µs]
automaton for ind has 5 states.
...done.
computing complement of preach...
Time needed for constructing identity on ind: 112[µs]
Time needed for computing product v_id of abstraction framework with identity on ind: 3776[µs]
Time needed for computing product of v_id with complement of abstraction framework: 10306[µs]
Time needed for computing complement of preach: 14842[µs]
automaton for complement of preach has 65 states.
...of which, 5 states are at level 0.
Time needed for trimming complement of preach: 172[µs]
...done.
trying to prove abstract safety...
Time needed for constructing transducer for unsafe property: 6[µs]
Time needed for constructing transducer for (initial, unsafe) pairs: 136[µs]
Time needed for constructing transducer for complement of (initial, unsafe) pairs: 278[µs]
Time needed for building union of complements of preach and (initial, unsafe)-transducer: 91[µs]
Time needed for checking universality using lazy-bfs algorithm: 271[µs]
Time needed for checking abstract safety: 845[µs]
...done.
Result: [1]
This means that the following properties could be separated from the initial configurations:
	[dirtydirty]
While the following properties could not be separated from the initial configurations:
	[]

real	0m0,058s
user	0m0,027s
sys	0m0,007s
********************
/home/jakob/Documents/abstracton/benchmarks/dodo/synapse.json
s
dirtydirty
Running as unit: run-rb7f34d62332e42a0ae44080259e2abb1.scope; invocation ID: 49ff5db3360c4bcfbb252e06caf740b2
Time needed for parsing json file: 1139[µs]
alphabet size: 3
using Siphon interpretation
Time needed for constructing Siphon interpretation transducer: 545[µs]
computing ind...
Time needed for constructing complement of ind: 381[µs]
Time needed for computing ind: 760[µs]
Time needed for minimizing ind: 547[µs]
Time needed for computing ind (total): 1721[µs]
automaton for ind has 3 states.
...done.
computing complement of preach...
Time needed for constructing identity on ind: 111[µs]
Time needed for computing product v_id of abstraction framework with identity on ind: 947[µs]
Time needed for computing product of v_id with complement of abstraction framework: 297[µs]
Time needed for computing complement of preach: 1757[µs]
automaton for complement of preach has 0 states.
...of which, 0 states are at level 0.
Time needed for trimming complement of preach: 4[µs]
...done.
trying to prove abstract safety...
Time needed for constructing transducer for unsafe property: 7[µs]
Time needed for constructing transducer for (initial, unsafe) pairs: 144[µs]
Time needed for constructing transducer for complement of (initial, unsafe) pairs: 311[µs]
Time needed for building union of complements of preach and (initial, unsafe)-transducer: 50[µs]
Time needed for checking universality using lazy-bfs algorithm: 40[µs]
Time needed for checking abstract safety: 644[µs]
...done.
Result: [0]
This means that the following properties could be separated from the initial configurations:
        []
While the following properties could not be separated from the initial configurations:
        [dirtydirty]

real    0m0,032s
user    0m0,011s
sys     0m0,008s
********************
/home/jakob/Documents/abstracton/benchmarks/dodo/synapse.json
f
dirtydirty
Running as unit: run-r6c6b697653f8416489e4893777166c7f.scope; invocation ID: 503f51e111554b81a208d6fb2463baa1
Time needed for parsing json file: 1102[µs]
alphabet size: 3
using Flow interpretation
Time needed for constructing Flow interpretation transducer: 1002[µs]
computing ind...
Time needed for constructing complement of ind: 1126[µs]
Time needed for computing ind: 5175[µs]
Time needed for minimizing ind: 1502[µs]
Time needed for computing ind (total): 7841[µs]
automaton for ind has 5 states.
...done.
computing complement of preach...
Time needed for constructing identity on ind: 112[µs]
Time needed for computing product v_id of abstraction framework with identity on ind: 2126[µs]
Time needed for computing product of v_id with complement of abstraction framework: 572[µs]
Time needed for computing complement of preach: 3530[µs]
automaton for complement of preach has 0 states.
...of which, 0 states are at level 0.
Time needed for trimming complement of preach: 4[µs]
...done.
trying to prove abstract safety...
Time needed for constructing transducer for unsafe property: 6[µs]
Time needed for constructing transducer for (initial, unsafe) pairs: 150[µs]
Time needed for constructing transducer for complement of (initial, unsafe) pairs: 294[µs]
Time needed for building union of complements of preach and (initial, unsafe)-transducer: 48[µs]
Time needed for checking universality using lazy-bfs algorithm: 40[µs]
Time needed for checking abstract safety: 585[µs]
...done.
Result: [0]
This means that the following properties could be separated from the initial configurations:
        []
While the following properties could not be separated from the initial configurations:
        [dirtydirty]

real    0m0,040s
user    0m0,019s
sys     0m0,008s
********************
56 of 61
/home/jakob/Documents/abstracton/benchmarks/dodo/synapse.json
t
dirtyvalid
Running as unit: run-rc217cf04a1f149898363047c733c66fd.scope; invocation ID: 3ab0075e39c74d6a89031211c86b286e
Time needed for parsing json file: 1885[µs]
alphabet size: 3
using Trap interpretation
Time needed for constructing Trap interpretation transducer: 1544[µs]
computing ind...
Time needed for constructing complement of ind: 1077[µs]
Time needed for computing ind: 2968[µs]
Time needed for minimizing ind: 901[µs]
Time needed for computing ind (total): 5192[µs]
automaton for ind has 5 states.
...done.
computing complement of preach...
Time needed for constructing identity on ind: 109[µs]
Time needed for computing product v_id of abstraction framework with identity on ind: 3908[µs]
Time needed for computing product of v_id with complement of abstraction framework: 10007[µs]
Time needed for computing complement of preach: 14664[µs]
automaton for complement of preach has 65 states.
...of which, 5 states are at level 0.
Time needed for trimming complement of preach: 183[µs]
...done.
trying to prove abstract safety...
Time needed for constructing transducer for unsafe property: 6[µs]
Time needed for constructing transducer for (initial, unsafe) pairs: 158[µs]
Time needed for constructing transducer for complement of (initial, unsafe) pairs: 338[µs]
Time needed for building union of complements of preach and (initial, unsafe)-transducer: 108[µs]
Time needed for checking universality using lazy-bfs algorithm: 267[µs]
Time needed for checking abstract safety: 962[µs]
...done.
Result: [1]
This means that the following properties could be separated from the initial configurations:
	[dirtyvalid]
While the following properties could not be separated from the initial configurations:
	[]

real	0m0,048s
user	0m0,024s
sys	0m0,011s
********************
/home/jakob/Documents/abstracton/benchmarks/dodo/synapse.json
s
dirtyvalid
Running as unit: run-rd55ed27804ea4d6e9e99307f72de1439.scope; invocation ID: f7066cefc16c42dfba98b01e586f73fc
Time needed for parsing json file: 1181[µs]
alphabet size: 3
using Siphon interpretation
Time needed for constructing Siphon interpretation transducer: 543[µs]
computing ind...
Time needed for constructing complement of ind: 377[µs]
Time needed for computing ind: 880[µs]
Time needed for minimizing ind: 602[µs]
Time needed for computing ind (total): 1895[µs]
automaton for ind has 3 states.
...done.
computing complement of preach...
Time needed for constructing identity on ind: 74[µs]
Time needed for computing product v_id of abstraction framework with identity on ind: 865[µs]
Time needed for computing product of v_id with complement of abstraction framework: 322[µs]
Time needed for computing complement of preach: 1681[µs]
automaton for complement of preach has 0 states.
...of which, 0 states are at level 0.
Time needed for trimming complement of preach: 4[µs]
...done.
trying to prove abstract safety...
Time needed for constructing transducer for unsafe property: 8[µs]
Time needed for constructing transducer for (initial, unsafe) pairs: 185[µs]
Time needed for constructing transducer for complement of (initial, unsafe) pairs: 373[µs]
Time needed for building union of complements of preach and (initial, unsafe)-transducer: 85[µs]
Time needed for checking universality using lazy-bfs algorithm: 44[µs]
Time needed for checking abstract safety: 747[µs]
...done.
Result: [0]
This means that the following properties could be separated from the initial configurations:
        []
While the following properties could not be separated from the initial configurations:
        [dirtyvalid]

real    0m0,034s
user    0m0,008s
sys     0m0,011s
********************
/home/jakob/Documents/abstracton/benchmarks/dodo/synapse.json
f
dirtyvalid
Running as unit: run-r259d6600527848c1ac6cd9ccd629a7bd.scope; invocation ID: 6c6a80a95c8e4ff9bddacb2eb5b03aa3
Time needed for parsing json file: 1110[µs]
alphabet size: 3
using Flow interpretation
Time needed for constructing Flow interpretation transducer: 971[µs]
computing ind...
Time needed for constructing complement of ind: 1160[µs]
Time needed for computing ind: 5056[µs]
Time needed for minimizing ind: 1464[µs]
Time needed for computing ind (total): 7744[µs]
automaton for ind has 5 states.
...done.
computing complement of preach...
Time needed for constructing identity on ind: 114[µs]
Time needed for computing product v_id of abstraction framework with identity on ind: 2242[µs]
Time needed for computing product of v_id with complement of abstraction framework: 575[µs]
Time needed for computing complement of preach: 3625[µs]
automaton for complement of preach has 0 states.
...of which, 0 states are at level 0.
Time needed for trimming complement of preach: 4[µs]
...done.
trying to prove abstract safety...
Time needed for constructing transducer for unsafe property: 7[µs]
Time needed for constructing transducer for (initial, unsafe) pairs: 170[µs]
Time needed for constructing transducer for complement of (initial, unsafe) pairs: 361[µs]
Time needed for building union of complements of preach and (initial, unsafe)-transducer: 65[µs]
Time needed for checking universality using lazy-bfs algorithm: 56[µs]
Time needed for checking abstract safety: 707[µs]
...done.
Result: [0]
This means that the following properties could be separated from the initial configurations:
        []
While the following properties could not be separated from the initial configurations:
        [dirtyvalid]

real    0m0,043s
user    0m0,020s
sys     0m0,007s
********************
57 of 61
/home/jakob/Documents/abstracton/benchmarks/dodo/synapse.json
t
deadlock
Running as unit: run-rf73f166b273e49bfa0ec144674d84fd3.scope; invocation ID: 83ab3ddd62794103805b81efee7af37e
Time needed for parsing json file: 2047[µs]
alphabet size: 3
using Trap interpretation
Time needed for constructing Trap interpretation transducer: 1726[µs]
computing ind...
Time needed for constructing complement of ind: 1180[µs]
Time needed for computing ind: 3207[µs]
Time needed for minimizing ind: 964[µs]
Time needed for computing ind (total): 5626[µs]
automaton for ind has 5 states.
...done.
computing complement of preach...
Time needed for constructing identity on ind: 123[µs]
Time needed for computing product v_id of abstraction framework with identity on ind: 4327[µs]
Time needed for computing product of v_id with complement of abstraction framework: 11184[µs]
Time needed for computing complement of preach: 16316[µs]
automaton for complement of preach has 65 states.
...of which, 5 states are at level 0.
Time needed for trimming complement of preach: 183[µs]
...done.
trying to prove abstract safety...
Time needed for constructing transducer for unsafe property: 6[µs]
Time needed for constructing transducer for (initial, unsafe) pairs: 91[µs]
Time needed for constructing transducer for complement of (initial, unsafe) pairs: 35[µs]
Time needed for building union of complements of preach and (initial, unsafe)-transducer: 92[µs]
Time needed for checking universality using lazy-bfs algorithm: 220[µs]
Time needed for checking abstract safety: 530[µs]
...done.
Result: [1]
This means that the following properties could be separated from the initial configurations:
	[deadlock]
While the following properties could not be separated from the initial configurations:
	[]

real	0m0,052s
user	0m0,027s
sys	0m0,012s
********************
/home/jakob/Documents/abstracton/benchmarks/dodo/synapse.json
s
deadlock
Running as unit: run-r474cb24795344e54bda8ef1ea80348df.scope; invocation ID: e3e3ec9a063d4ceab86fec926ba719ba
Time needed for parsing json file: 1053[µs]
alphabet size: 3
using Siphon interpretation
Time needed for constructing Siphon interpretation transducer: 516[µs]
computing ind...
Time needed for constructing complement of ind: 360[µs]
Time needed for computing ind: 676[µs]
Time needed for minimizing ind: 512[µs]
Time needed for computing ind (total): 1607[µs]
automaton for ind has 3 states.
...done.
computing complement of preach...
Time needed for constructing identity on ind: 68[µs]
Time needed for computing product v_id of abstraction framework with identity on ind: 791[µs]
Time needed for computing product of v_id with complement of abstraction framework: 335[µs]
Time needed for computing complement of preach: 1622[µs]
automaton for complement of preach has 0 states.
...of which, 0 states are at level 0.
Time needed for trimming complement of preach: 7[µs]
...done.
trying to prove abstract safety...
Time needed for constructing transducer for unsafe property: 10[µs]
Time needed for constructing transducer for (initial, unsafe) pairs: 95[µs]
Time needed for constructing transducer for complement of (initial, unsafe) pairs: 47[µs]
Time needed for building union of complements of preach and (initial, unsafe)-transducer: 41[µs]
Time needed for checking universality using lazy-bfs algorithm: 40[µs]
Time needed for checking abstract safety: 327[µs]
...done.
Result: [1]
This means that the following properties could be separated from the initial configurations:
	[deadlock]
While the following properties could not be separated from the initial configurations:
	[]

real	0m0,033s
user	0m0,008s
sys	0m0,009s
********************
/home/jakob/Documents/abstracton/benchmarks/dodo/synapse.json
f
deadlock
Running as unit: run-rdf7d5686fb11498e93216392140ad6f6.scope; invocation ID: e4e097daa7f747059b30377285508e2b
Time needed for parsing json file: 1035[µs]
alphabet size: 3
using Flow interpretation
Time needed for constructing Flow interpretation transducer: 880[µs]
computing ind...
Time needed for constructing complement of ind: 1047[µs]
Time needed for computing ind: 4738[µs]
Time needed for minimizing ind: 1409[µs]
Time needed for computing ind (total): 7258[µs]
automaton for ind has 5 states.
...done.
computing complement of preach...
Time needed for constructing identity on ind: 102[µs]
Time needed for computing product v_id of abstraction framework with identity on ind: 1900[µs]
Time needed for computing product of v_id with complement of abstraction framework: 505[µs]
Time needed for computing complement of preach: 3160[µs]
automaton for complement of preach has 0 states.
...of which, 0 states are at level 0.
Time needed for trimming complement of preach: 4[µs]
...done.
trying to prove abstract safety...
Time needed for constructing transducer for unsafe property: 5[µs]
Time needed for constructing transducer for (initial, unsafe) pairs: 87[µs]
Time needed for constructing transducer for complement of (initial, unsafe) pairs: 28[µs]
Time needed for building union of complements of preach and (initial, unsafe)-transducer: 26[µs]
Time needed for checking universality using lazy-bfs algorithm: 23[µs]
Time needed for checking abstract safety: 210[µs]
...done.
Result: [1]
This means that the following properties could be separated from the initial configurations:
	[deadlock]
While the following properties could not be separated from the initial configurations:
	[]

real	0m0,035s
user	0m0,014s
sys	0m0,009s
********************
58 of 61
/home/jakob/Documents/abstracton/benchmarks/dodo/token-passing-no-invariant.json
t
notoken
Running as unit: run-r35558b15c0d947958cd10e70d6a359f2.scope; invocation ID: f48723332d0c4cecafdfda3ff41b46f6
Time needed for parsing json file: 1180[µs]
alphabet size: 2
using Trap interpretation
Time needed for constructing Trap interpretation transducer: 519[µs]
computing ind...
Time needed for constructing complement of ind: 143[µs]
Time needed for computing ind: 1784[µs]
Time needed for minimizing ind: 932[µs]
Time needed for computing ind (total): 2901[µs]
automaton for ind has 5 states.
...done.
computing complement of preach...
Time needed for constructing identity on ind: 60[µs]
Time needed for computing product v_id of abstraction framework with identity on ind: 1568[µs]
Time needed for computing product of v_id with complement of abstraction framework: 3596[µs]
Time needed for computing complement of preach: 5599[µs]
automaton for complement of preach has 30 states.
...of which, 6 states are at level 0.
Time needed for trimming complement of preach: 82[µs]
...done.
trying to prove abstract safety...
Time needed for constructing transducer for unsafe property: 4[µs]
Time needed for constructing transducer for (initial, unsafe) pairs: 110[µs]
Time needed for constructing transducer for complement of (initial, unsafe) pairs: 179[µs]
Time needed for building union of complements of preach and (initial, unsafe)-transducer: 48[µs]
Time needed for checking universality using lazy-bfs algorithm: 136[µs]
Time needed for checking abstract safety: 526[µs]
...done.
Result: [1]
This means that the following properties could be separated from the initial configurations:
	[notoken]
While the following properties could not be separated from the initial configurations:
	[]

real	0m0,034s
user	0m0,012s
sys	0m0,009s
********************
/home/jakob/Documents/abstracton/benchmarks/dodo/token-passing-no-invariant.json
s
notoken
Running as unit: run-rb91a7281b89541128f2b9b4b68d8cd36.scope; invocation ID: f0703e244a654fa5811f60ece98489d0
Time needed for parsing json file: 717[µs]
alphabet size: 2
using Siphon interpretation
Time needed for constructing Siphon interpretation transducer: 356[µs]
computing ind...
Time needed for constructing complement of ind: 93[µs]
Time needed for computing ind: 380[µs]
Time needed for minimizing ind: 451[µs]
Time needed for computing ind (total): 979[µs]
automaton for ind has 5 states.
...done.
computing complement of preach...
Time needed for constructing identity on ind: 59[µs]
Time needed for computing product v_id of abstraction framework with identity on ind: 685[µs]
Time needed for computing product of v_id with complement of abstraction framework: 711[µs]
Time needed for computing complement of preach: 1723[µs]
automaton for complement of preach has 22 states.
...of which, 6 states are at level 0.
Time needed for trimming complement of preach: 84[µs]
...done.
trying to prove abstract safety...
Time needed for constructing transducer for unsafe property: 15[µs]
Time needed for constructing transducer for (initial, unsafe) pairs: 129[µs]
Time needed for constructing transducer for complement of (initial, unsafe) pairs: 202[µs]
Time needed for building union of complements of preach and (initial, unsafe)-transducer: 62[µs]
Time needed for checking universality using lazy-bfs algorithm: 82[µs]
Time needed for checking abstract safety: 573[µs]
...done.
Result: [0]
This means that the following properties could be separated from the initial configurations:
	[]
While the following properties could not be separated from the initial configurations:
	[notoken]

real	0m0,028s
user	0m0,007s
sys	0m0,008s
********************
/home/jakob/Documents/abstracton/benchmarks/dodo/token-passing-no-invariant.json
f
notoken
Running as unit: run-rc537123991254831b36d263512f3c5d5.scope; invocation ID: 854f133b71f240689d2a308b40326626
Time needed for parsing json file: 703[µs]
alphabet size: 2
using Flow interpretation
Time needed for constructing Flow interpretation transducer: 480[µs]
computing ind...
Time needed for constructing complement of ind: 165[µs]
Time needed for computing ind: 4702[µs]
Time needed for minimizing ind: 2403[µs]
Time needed for computing ind (total): 7327[µs]
automaton for ind has 13 states.
...done.
computing complement of preach...
Time needed for constructing identity on ind: 132[µs]
Time needed for computing product v_id of abstraction framework with identity on ind: 2721[µs]
Time needed for computing product of v_id with complement of abstraction framework: 3094[µs]
Time needed for computing complement of preach: 6399[µs]
automaton for complement of preach has 114 states.
...of which, 28 states are at level 0.
Time needed for trimming complement of preach: 262[µs]
...done.
trying to prove abstract safety...
Time needed for constructing transducer for unsafe property: 4[µs]
Time needed for constructing transducer for (initial, unsafe) pairs: 113[µs]
Time needed for constructing transducer for complement of (initial, unsafe) pairs: 187[µs]
Time needed for building union of complements of preach and (initial, unsafe)-transducer: 111[µs]
Time needed for checking universality using lazy-bfs algorithm: 1800[µs]
Time needed for checking abstract safety: 2285[µs]
...done.
Result: [1]
This means that the following properties could be separated from the initial configurations:
	[notoken]
While the following properties could not be separated from the initial configurations:
	[]

real	0m0,043s
user	0m0,022s
sys	0m0,007s
********************
59 of 61
/home/jakob/Documents/abstracton/benchmarks/dodo/token-passing-no-invariant.json
t
manytoken
Running as unit: run-r79143293bdf34855a65afe0794b3a4e8.scope; invocation ID: c6705731ae8a4dee80d02fa1c31b9d63
Time needed for parsing json file: 666[µs]
alphabet size: 2
using Trap interpretation
Time needed for constructing Trap interpretation transducer: 516[µs]
computing ind...
Time needed for constructing complement of ind: 174[µs]
Time needed for computing ind: 1860[µs]
Time needed for minimizing ind: 950[µs]
Time needed for computing ind (total): 3039[µs]
automaton for ind has 5 states.
...done.
computing complement of preach...
Time needed for constructing identity on ind: 59[µs]
Time needed for computing product v_id of abstraction framework with identity on ind: 1500[µs]
Time needed for computing product of v_id with complement of abstraction framework: 3669[µs]
Time needed for computing complement of preach: 5594[µs]
automaton for complement of preach has 30 states.
...of which, 6 states are at level 0.
Time needed for trimming complement of preach: 79[µs]
...done.
trying to prove abstract safety...
Time needed for constructing transducer for unsafe property: 4[µs]
Time needed for constructing transducer for (initial, unsafe) pairs: 122[µs]
Time needed for constructing transducer for complement of (initial, unsafe) pairs: 244[µs]
Time needed for building union of complements of preach and (initial, unsafe)-transducer: 59[µs]
Time needed for checking universality using lazy-bfs algorithm: 144[µs]
Time needed for checking abstract safety: 628[µs]
...done.
Result: [0]
This means that the following properties could be separated from the initial configurations:
	[]
While the following properties could not be separated from the initial configurations:
	[manytoken]

real	0m0,031s
user	0m0,010s
sys	0m0,010s
********************
/home/jakob/Documents/abstracton/benchmarks/dodo/token-passing-no-invariant.json
s
manytoken
Running as unit: run-r7d3de2804b9748eeba7b380721c08104.scope; invocation ID: 2b3f26af6617444390471412828ef13e
Time needed for parsing json file: 719[µs]
alphabet size: 2
using Siphon interpretation
Time needed for constructing Siphon interpretation transducer: 302[µs]
computing ind...
Time needed for constructing complement of ind: 83[µs]
Time needed for computing ind: 378[µs]
Time needed for minimizing ind: 455[µs]
Time needed for computing ind (total): 965[µs]
automaton for ind has 5 states.
...done.
computing complement of preach...
Time needed for constructing identity on ind: 63[µs]
Time needed for computing product v_id of abstraction framework with identity on ind: 693[µs]
Time needed for computing product of v_id with complement of abstraction framework: 732[µs]
Time needed for computing complement of preach: 1760[µs]
automaton for complement of preach has 22 states.
...of which, 6 states are at level 0.
Time needed for trimming complement of preach: 70[µs]
...done.
trying to prove abstract safety...
Time needed for constructing transducer for unsafe property: 5[µs]
Time needed for constructing transducer for (initial, unsafe) pairs: 122[µs]
Time needed for constructing transducer for complement of (initial, unsafe) pairs: 266[µs]
Time needed for building union of complements of preach and (initial, unsafe)-transducer: 56[µs]
Time needed for checking universality using lazy-bfs algorithm: 79[µs]
Time needed for checking abstract safety: 584[µs]
...done.
Result: [0]
This means that the following properties could be separated from the initial configurations:
	[]
While the following properties could not be separated from the initial configurations:
	[manytoken]

real	0m0,027s
user	0m0,009s
sys	0m0,006s
********************
/home/jakob/Documents/abstracton/benchmarks/dodo/token-passing-no-invariant.json
f
manytoken
Running as unit: run-rf947bbc982aa4ab8b2dac74d2a494003.scope; invocation ID: 33b482503c1d4ddc94a2a88d0843fefb
Time needed for parsing json file: 767[µs]
alphabet size: 2
using Flow interpretation
Time needed for constructing Flow interpretation transducer: 551[µs]
computing ind...
Time needed for constructing complement of ind: 195[µs]
Time needed for computing ind: 4969[µs]
Time needed for minimizing ind: 2530[µs]
Time needed for computing ind (total): 7756[µs]
automaton for ind has 13 states.
...done.
computing complement of preach...
Time needed for constructing identity on ind: 143[µs]
Time needed for computing product v_id of abstraction framework with identity on ind: 2774[µs]
Time needed for computing product of v_id with complement of abstraction framework: 3081[µs]
Time needed for computing complement of preach: 6517[µs]
automaton for complement of preach has 114 states.
...of which, 28 states are at level 0.
Time needed for trimming complement of preach: 303[µs]
...done.
trying to prove abstract safety...
Time needed for constructing transducer for unsafe property: 8[µs]
Time needed for constructing transducer for (initial, unsafe) pairs: 134[µs]
Time needed for constructing transducer for complement of (initial, unsafe) pairs: 273[µs]
Time needed for building union of complements of preach and (initial, unsafe)-transducer: 110[µs]
Time needed for checking universality using lazy-bfs algorithm: 1828[µs]
Time needed for checking abstract safety: 2477[µs]
...done.
Result: [1]
This means that the following properties could be separated from the initial configurations:
	[manytoken]
While the following properties could not be separated from the initial configurations:
	[]

real	0m0,046s
user	0m0,020s
sys	0m0,010s
********************
60 of 61
/home/jakob/Documents/abstracton/benchmarks/dodo/token-passing.json
t
notoken
Running as unit: run-re6f466188b414a99a76fed45d9d3f0b6.scope; invocation ID: ba9e9261489748e6ab4faf158ecf5682
Time needed for parsing json file: 769[µs]
alphabet size: 2
using Trap interpretation
Time needed for constructing Trap interpretation transducer: 559[µs]
computing ind...
Time needed for constructing complement of ind: 132[µs]
Time needed for computing ind: 1402[µs]
Time needed for minimizing ind: 802[µs]
Time needed for computing ind (total): 2388[µs]
automaton for ind has 6 states.
...done.
computing complement of preach...
Time needed for constructing identity on ind: 67[µs]
Time needed for computing product v_id of abstraction framework with identity on ind: 1725[µs]
Time needed for computing product of v_id with complement of abstraction framework: 4176[µs]
Time needed for computing complement of preach: 6326[µs]
automaton for complement of preach has 70 states.
...of which, 10 states are at level 0.
Time needed for trimming complement of preach: 159[µs]
...done.
trying to prove abstract safety...
Time needed for constructing transducer for unsafe property: 4[µs]
Time needed for constructing transducer for (initial, unsafe) pairs: 119[µs]
Time needed for constructing transducer for complement of (initial, unsafe) pairs: 187[µs]
Time needed for building union of complements of preach and (initial, unsafe)-transducer: 73[µs]
Time needed for checking universality using lazy-bfs algorithm: 1736[µs]
Time needed for checking abstract safety: 2195[µs]
...done.
Result: [1]
This means that the following properties could be separated from the initial configurations:
	[notoken]
While the following properties could not be separated from the initial configurations:
	[]

real	0m0,035s
user	0m0,012s
sys	0m0,011s
********************
/home/jakob/Documents/abstracton/benchmarks/dodo/token-passing.json
s
notoken
Running as unit: run-r84c6af5d4b9547499d0fdf267b7833b2.scope; invocation ID: 0af00c06805046af874d6f1ff6d645ba
Time needed for parsing json file: 620[µs]
alphabet size: 2
using Siphon interpretation
Time needed for constructing Siphon interpretation transducer: 320[µs]
computing ind...
Time needed for constructing complement of ind: 51[µs]
Time needed for computing ind: 278[µs]
Time needed for minimizing ind: 367[µs]
Time needed for computing ind (total): 728[µs]
automaton for ind has 6 states.
...done.
computing complement of preach...
Time needed for constructing identity on ind: 91[µs]
Time needed for computing product v_id of abstraction framework with identity on ind: 903[µs]
Time needed for computing product of v_id with complement of abstraction framework: 1776[µs]
Time needed for computing complement of preach: 3037[µs]
automaton for complement of preach has 60 states.
...of which, 12 states are at level 0.
Time needed for trimming complement of preach: 148[µs]
...done.
trying to prove abstract safety...
Time needed for constructing transducer for unsafe property: 5[µs]
Time needed for constructing transducer for (initial, unsafe) pairs: 109[µs]
Time needed for constructing transducer for complement of (initial, unsafe) pairs: 181[µs]
Time needed for building union of complements of preach and (initial, unsafe)-transducer: 67[µs]
Time needed for checking universality using lazy-bfs algorithm: 72[µs]
Time needed for checking abstract safety: 491[µs]
...done.
Result: [0]
This means that the following properties could be separated from the initial configurations:
	[]
While the following properties could not be separated from the initial configurations:
	[notoken]

real	0m0,032s
user	0m0,005s
sys	0m0,011s
********************
/home/jakob/Documents/abstracton/benchmarks/dodo/token-passing.json
f
notoken
Running as unit: run-r4d00a72c50e640d592ba9238e2e2e6ef.scope; invocation ID: 36fb7859597e4b9abf5c1cf4b2d8b26c
Time needed for parsing json file: 630[µs]
alphabet size: 2
using Flow interpretation
Time needed for constructing Flow interpretation transducer: 550[µs]
computing ind...
Time needed for constructing complement of ind: 150[µs]
Time needed for computing ind: 2278[µs]
Time needed for minimizing ind: 1884[µs]
Time needed for computing ind (total): 4368[µs]
automaton for ind has 16 states.
...done.
computing complement of preach...
Time needed for constructing identity on ind: 161[µs]
Time needed for computing product v_id of abstraction framework with identity on ind: 4024[µs]
Time needed for computing product of v_id with complement of abstraction framework: 16030[µs]
Time needed for computing complement of preach: 20778[µs]
automaton for complement of preach has 542 states.
...of which, 78 states are at level 0.
Time needed for trimming complement of preach: 1127[µs]
...done.
trying to prove abstract safety...
Time needed for constructing transducer for unsafe property: 6[µs]
Time needed for constructing transducer for (initial, unsafe) pairs: 136[µs]
Time needed for constructing transducer for complement of (initial, unsafe) pairs: 204[µs]
Time needed for building union of complements of preach and (initial, unsafe)-transducer: 324[µs]
Time needed for checking universality using lazy-bfs algorithm: 1235924[µs]
Time needed for checking abstract safety: 1236836[µs]
...done.
Result: [1]
This means that the following properties could be separated from the initial configurations:
	[notoken]
While the following properties could not be separated from the initial configurations:
	[]

real	0m1,295s
user	0m1,234s
sys	0m0,049s
********************
61 of 61
/home/jakob/Documents/abstracton/benchmarks/dodo/token-passing.json
t
manytoken
Running as unit: run-rceac89735fdd4e67842f4fe43ed4acca.scope; invocation ID: dd4034bda980441d83742512004d8079
Time needed for parsing json file: 709[µs]
alphabet size: 2
using Trap interpretation
Time needed for constructing Trap interpretation transducer: 573[µs]
computing ind...
Time needed for constructing complement of ind: 129[µs]
Time needed for computing ind: 1394[µs]
Time needed for minimizing ind: 875[µs]
Time needed for computing ind (total): 2453[µs]
automaton for ind has 6 states.
...done.
computing complement of preach...
Time needed for constructing identity on ind: 73[µs]
Time needed for computing product v_id of abstraction framework with identity on ind: 1900[µs]
Time needed for computing product of v_id with complement of abstraction framework: 4626[µs]
Time needed for computing complement of preach: 6987[µs]
automaton for complement of preach has 70 states.
...of which, 10 states are at level 0.
Time needed for trimming complement of preach: 173[µs]
...done.
trying to prove abstract safety...
Time needed for constructing transducer for unsafe property: 5[µs]
Time needed for constructing transducer for (initial, unsafe) pairs: 145[µs]
Time needed for constructing transducer for complement of (initial, unsafe) pairs: 271[µs]
Time needed for building union of complements of preach and (initial, unsafe)-transducer: 97[µs]
Time needed for checking universality using lazy-bfs algorithm: 1973[µs]
Time needed for checking abstract safety: 2574[µs]
...done.
Result: [1]
This means that the following properties could be separated from the initial configurations:
	[manytoken]
While the following properties could not be separated from the initial configurations:
	[]

real	0m0,041s
user	0m0,017s
sys	0m0,009s
********************
/home/jakob/Documents/abstracton/benchmarks/dodo/token-passing.json
s
manytoken
Running as unit: run-r0f4c37a3e56a4b7c8f750b53afc09a34.scope; invocation ID: f05ea27cacc245d08695f18a18849e21
Time needed for parsing json file: 621[µs]
alphabet size: 2
using Siphon interpretation
Time needed for constructing Siphon interpretation transducer: 345[µs]
computing ind...
Time needed for constructing complement of ind: 54[µs]
Time needed for computing ind: 308[µs]
Time needed for minimizing ind: 401[µs]
Time needed for computing ind (total): 801[µs]
automaton for ind has 6 states.
...done.
computing complement of preach...
Time needed for constructing identity on ind: 74[µs]
Time needed for computing product v_id of abstraction framework with identity on ind: 949[µs]
Time needed for computing product of v_id with complement of abstraction framework: 1922[µs]
Time needed for computing complement of preach: 3210[µs]
automaton for complement of preach has 60 states.
...of which, 12 states are at level 0.
Time needed for trimming complement of preach: 185[µs]
...done.
trying to prove abstract safety...
Time needed for constructing transducer for unsafe property: 6[µs]
Time needed for constructing transducer for (initial, unsafe) pairs: 138[µs]
Time needed for constructing transducer for complement of (initial, unsafe) pairs: 272[µs]
Time needed for building union of complements of preach and (initial, unsafe)-transducer: 91[µs]
Time needed for checking universality using lazy-bfs algorithm: 102[µs]
Time needed for checking abstract safety: 680[µs]
...done.
Result: [0]
This means that the following properties could be separated from the initial configurations:
	[]
While the following properties could not be separated from the initial configurations:
	[manytoken]

real	0m0,030s
user	0m0,007s
sys	0m0,010s
********************
/home/jakob/Documents/abstracton/benchmarks/dodo/token-passing.json
f
manytoken
Running as unit: run-r0a214c0f83cb40179dc55fa7598b1dff.scope; invocation ID: 19797f16966e42ad9b12381ccdf3b929
Time needed for parsing json file: 678[µs]
alphabet size: 2
using Flow interpretation
Time needed for constructing Flow interpretation transducer: 567[µs]
computing ind...
Time needed for constructing complement of ind: 142[µs]
Time needed for computing ind: 2592[µs]
Time needed for minimizing ind: 2324[µs]
Time needed for computing ind (total): 5140[µs]
automaton for ind has 16 states.
...done.
computing complement of preach...
Time needed for constructing identity on ind: 174[µs]
Time needed for computing product v_id of abstraction framework with identity on ind: 4106[µs]
Time needed for computing product of v_id with complement of abstraction framework: 15075[µs]
Time needed for computing complement of preach: 19903[µs]
automaton for complement of preach has 542 states.
...of which, 78 states are at level 0.
Time needed for trimming complement of preach: 1207[µs]
...done.
trying to prove abstract safety...
Time needed for constructing transducer for unsafe property: 6[µs]
Time needed for constructing transducer for (initial, unsafe) pairs: 152[µs]
Time needed for constructing transducer for complement of (initial, unsafe) pairs: 273[µs]
Time needed for building union of complements of preach and (initial, unsafe)-transducer: 327[µs]
Time needed for checking universality using lazy-bfs algorithm: 1220124[µs]
Time needed for checking abstract safety: 1221058[µs]
...done.
Result: [1]
This means that the following properties could be separated from the initial configurations:
	[manytoken]
While the following properties could not be separated from the initial configurations:
	[]

real	0m1,278s
user	0m1,216s
sys	0m0,050s
********************
