0 of 61
/home/jakob/Documents/abstracton/benchmarks/dodo/Berkeley.json
t
exclusiveexclusive
Running as unit: run-rf33a1eaddb8c404eae80ee47f04e79f4.scope; invocation ID: 84bf0637f4ab4fec9407ada0f472d8a8
using Trap interpretation
computing ind...
automaton for ind has 988 states.
minimized automaton for ind has 10 states.
...done.
computing complement of preach...
automaton for complement of preach has 462 states.
minimized automaton for complement of preach has 38 states.
...done.
trying to prove abstract safety...
...done.
Result: [0]
This means that the following properties could be separated from the initial configurations:
	[]
While the following properties could not be separated from the initial configurations:
	[exclusiveexclusive]

real	0m3,307s
user	0m3,267s
sys	0m0,019s
********************
/home/jakob/Documents/abstracton/benchmarks/dodo/Berkeley.json
s
exclusiveexclusive
Running as unit: run-rbf17fad0885344638c6572dd432dfff8.scope; invocation ID: c7a8fdda8981484cb963e82916d7681f
using Siphon interpretation
computing ind...
automaton for ind has 1288 states.
minimized automaton for ind has 5 states.
...done.
computing complement of preach...
automaton for complement of preach has 5 states.
minimized automaton for complement of preach has 3 states.
...done.
trying to prove abstract safety...
...done.
Result: [0]
This means that the following properties could be separated from the initial configurations:
	[]
While the following properties could not be separated from the initial configurations:
	[exclusiveexclusive]

real	0m2,349s
user	0m2,312s
sys	0m0,023s
********************
/home/jakob/Documents/abstracton/benchmarks/dodo/Berkeley.json
f
exclusiveexclusive
Running as unit: run-rd935126fa43746ac93169fc359f29242.scope; invocation ID: 364f20ae6d1c4b4e8a93c78d3a40dbac
using Flow interpretation
computing ind...
automaton for ind has 17198 states.
minimized automaton for ind has 7 states.
...done.
computing complement of preach...
automaton for complement of preach has 5 states.
minimized automaton for complement of preach has 3 states.
...done.
trying to prove abstract safety...
...done.
Result: [0]
This means that the following properties could be separated from the initial configurations:
	[]
While the following properties could not be separated from the initial configurations:
	[exclusiveexclusive]

real	0m44,263s
user	0m44,117s
sys	0m0,092s
********************
1 of 61
/home/jakob/Documents/abstracton/benchmarks/dodo/Berkeley.json
t
exclusiveunowned
Running as unit: run-r7e944c65546d406ba1c655ddd109f820.scope; invocation ID: bdbb026346fb4fce8fb0c137742acfee
using Trap interpretation
computing ind...
automaton for ind has 988 states.
minimized automaton for ind has 10 states.
...done.
computing complement of preach...
automaton for complement of preach has 462 states.
minimized automaton for complement of preach has 38 states.
...done.
trying to prove abstract safety...
...done.
Result: [1]
This means that the following properties could be separated from the initial configurations:
	[exclusiveunowned]
While the following properties could not be separated from the initial configurations:
	[]

real	0m3,551s
user	0m3,503s
sys	0m0,023s
********************
/home/jakob/Documents/abstracton/benchmarks/dodo/Berkeley.json
s
exclusiveunowned
Running as unit: run-rf67ad8351a6443e2a94bae633d21bf1f.scope; invocation ID: ac9e462b492f40c7ada428056aec692e
using Siphon interpretation
computing ind...
automaton for ind has 1288 states.
minimized automaton for ind has 5 states.
...done.
computing complement of preach...
automaton for complement of preach has 5 states.
minimized automaton for complement of preach has 3 states.
...done.
trying to prove abstract safety...
...done.
Result: [0]
This means that the following properties could be separated from the initial configurations:
	[]
While the following properties could not be separated from the initial configurations:
	[exclusiveunowned]

real	0m2,236s
user	0m2,182s
sys	0m0,021s
********************
/home/jakob/Documents/abstracton/benchmarks/dodo/Berkeley.json
f
exclusiveunowned
Running as unit: run-r3d78a01a611941f29c4cab1c1407926b.scope; invocation ID: dfe9d7483f8140f5ad348a55a9059d10
using Flow interpretation
computing ind...
automaton for ind has 17198 states.
minimized automaton for ind has 7 states.
...done.
computing complement of preach...
automaton for complement of preach has 5 states.
minimized automaton for complement of preach has 3 states.
...done.
trying to prove abstract safety...
...done.
Result: [0]
This means that the following properties could be separated from the initial configurations:
	[]
While the following properties could not be separated from the initial configurations:
	[exclusiveunowned]

real	0m43,813s
user	0m43,664s
sys	0m0,093s
********************
2 of 61
/home/jakob/Documents/abstracton/benchmarks/dodo/Berkeley.json
t
exclusivenonexclusive
Running as unit: run-r7f43cfb6040143e7871e6b2f4d2ebe95.scope; invocation ID: 8cee3e5527174675a1b7108675c45034
using Trap interpretation
computing ind...
automaton for ind has 988 states.
minimized automaton for ind has 10 states.
...done.
computing complement of preach...
automaton for complement of preach has 462 states.
minimized automaton for complement of preach has 38 states.
...done.
trying to prove abstract safety...
...done.
Result: [1]
This means that the following properties could be separated from the initial configurations:
	[exclusivenonexclusive]
While the following properties could not be separated from the initial configurations:
	[]

real	0m3,358s
user	0m3,325s
sys	0m0,018s
********************
/home/jakob/Documents/abstracton/benchmarks/dodo/Berkeley.json
s
exclusivenonexclusive
Running as unit: run-ra274e120368c4ecb86e47928ed9b335f.scope; invocation ID: 8d22d6f2094d4bbb9daae6090b4fc9bc
using Siphon interpretation
computing ind...
automaton for ind has 1288 states.
minimized automaton for ind has 5 states.
...done.
computing complement of preach...
automaton for complement of preach has 5 states.
minimized automaton for complement of preach has 3 states.
...done.
trying to prove abstract safety...
...done.
Result: [0]
This means that the following properties could be separated from the initial configurations:
	[]
While the following properties could not be separated from the initial configurations:
	[exclusivenonexclusive]

real	0m2,171s
user	0m2,129s
sys	0m0,020s
********************
/home/jakob/Documents/abstracton/benchmarks/dodo/Berkeley.json
f
exclusivenonexclusive
Running as unit: run-r91aead18a00e43579c0dd73d3985a3a7.scope; invocation ID: d76ed83e341a4bbfb0eb5b11499f1a2a
using Flow interpretation
computing ind...
automaton for ind has 17198 states.
minimized automaton for ind has 7 states.
...done.
computing complement of preach...
automaton for complement of preach has 5 states.
minimized automaton for complement of preach has 3 states.
...done.
trying to prove abstract safety...
...done.
Result: [0]
This means that the following properties could be separated from the initial configurations:
	[]
While the following properties could not be separated from the initial configurations:
	[exclusivenonexclusive]

real	0m43,598s
user	0m43,444s
sys	0m0,092s
********************
3 of 61
/home/jakob/Documents/abstracton/benchmarks/dodo/Berkeley.json
t
deadlock
Running as unit: run-rd689149dd8284fd7ac8c747a79dce505.scope; invocation ID: 7647e2bcb48845bca5e01fceee921127
using Trap interpretation
computing ind...
automaton for ind has 988 states.
minimized automaton for ind has 10 states.
...done.
computing complement of preach...
automaton for complement of preach has 462 states.
minimized automaton for complement of preach has 38 states.
...done.
trying to prove abstract safety...
...done.
Result: [1]
This means that the following properties could be separated from the initial configurations:
	[deadlock]
While the following properties could not be separated from the initial configurations:
	[]

real	0m3,318s
user	0m3,282s
sys	0m0,021s
********************
/home/jakob/Documents/abstracton/benchmarks/dodo/Berkeley.json
s
deadlock
Running as unit: run-r2132443889ff4e93aff0cdc14f403c29.scope; invocation ID: 8b3a8d69556b4e4bacc1ee3f2ea1314b
using Siphon interpretation
computing ind...
automaton for ind has 1288 states.
minimized automaton for ind has 5 states.
...done.
computing complement of preach...
automaton for complement of preach has 5 states.
minimized automaton for complement of preach has 3 states.
...done.
trying to prove abstract safety...
...done.
Result: [1]
This means that the following properties could be separated from the initial configurations:
	[deadlock]
While the following properties could not be separated from the initial configurations:
	[]

real	0m2,160s
user	0m2,129s
sys	0m0,011s
********************
/home/jakob/Documents/abstracton/benchmarks/dodo/Berkeley.json
f
deadlock
Running as unit: run-rebdcf6b65dca47fda417bcfb02d45b42.scope; invocation ID: e6e0cb4938b24ee8a65c27a4e17a3aa6
using Flow interpretation
computing ind...
automaton for ind has 17198 states.
minimized automaton for ind has 7 states.
...done.
computing complement of preach...
automaton for complement of preach has 5 states.
minimized automaton for complement of preach has 3 states.
...done.
trying to prove abstract safety...
...done.
Result: [1]
This means that the following properties could be separated from the initial configurations:
	[deadlock]
While the following properties could not be separated from the initial configurations:
	[]

real	0m43,317s
user	0m43,200s
sys	0m0,083s
********************
4 of 61
/home/jakob/Documents/abstracton/benchmarks/dodo/Burns.json
t
nomutex
Running as unit: run-rcc57c5bd69174db5956badc296434338.scope; invocation ID: 9254e821badb4174936bc6831302bf85
using Trap interpretation
computing ind...
automaton for ind has 531 states.
minimized automaton for ind has 7 states.
...done.
computing complement of preach...
automaton for complement of preach has 410 states.
minimized automaton for complement of preach has 30 states.
...done.
trying to prove abstract safety...
...done.
Result: [1]
This means that the following properties could be separated from the initial configurations:
	[nomutex]
While the following properties could not be separated from the initial configurations:
	[]

real	3m34,714s
user	3m33,857s
sys	0m0,636s
********************
/home/jakob/Documents/abstracton/benchmarks/dodo/Burns.json
s
nomutex
Running as unit: run-r8e1017c8d1794b94ad5213ba6a7d568b.scope; invocation ID: 535c45e8276e493c8ab9a6aa3c50e958
using Siphon interpretation
computing ind...
automaton for ind has 475 states.
minimized automaton for ind has 3 states.
...done.
computing complement of preach...
automaton for complement of preach has 0 states.
minimized automaton for complement of preach has 0 states.
...done.
trying to prove abstract safety...
...done.
Result: [0]
This means that the following properties could be separated from the initial configurations:
	[]
While the following properties could not be separated from the initial configurations:
	[nomutex]

real	1m49,203s
user	1m48,768s
sys	0m0,378s
********************
/home/jakob/Documents/abstracton/benchmarks/dodo/Burns.json
f
nomutex
Running as unit: run-r3638d679b80d4ff88ddd8ad1838b809d.scope; invocation ID: 057db35a4329422db0bed864186c974b
using Flow interpretation
computing ind...
automaton for ind has 4436 states.
minimized automaton for ind has 5 states.
...done.
computing complement of preach...
automaton for complement of preach has 0 states.
minimized automaton for complement of preach has 0 states.
...done.
trying to prove abstract safety...
...done.
Result: [0]
This means that the following properties could be separated from the initial configurations:
	[]
While the following properties could not be separated from the initial configurations:
	[nomutex]

real	8m56,717s
user	8m54,889s
sys	0m1,536s
********************
5 of 61
/home/jakob/Documents/abstracton/benchmarks/dodo/Burns.json
t
deadlock
Running as unit: run-r13a412b785c84e97928b07098c411f30.scope; invocation ID: a8d79b9784b945659299807704123834
using Trap interpretation
computing ind...
automaton for ind has 531 states.
minimized automaton for ind has 7 states.
...done.
computing complement of preach...
automaton for complement of preach has 410 states.
minimized automaton for complement of preach has 30 states.
...done.
trying to prove abstract safety...
...done.
Result: [1]
This means that the following properties could be separated from the initial configurations:
	[deadlock]
While the following properties could not be separated from the initial configurations:
	[]

real	3m36,695s
user	3m35,907s
sys	0m0,587s
********************
/home/jakob/Documents/abstracton/benchmarks/dodo/Burns.json
s
deadlock
Running as unit: run-r349abb5c878f461c8394f5be22ac7130.scope; invocation ID: 63bb20b2f9ac489b862d168799683d7b
using Siphon interpretation
computing ind...
automaton for ind has 475 states.
minimized automaton for ind has 3 states.
...done.
computing complement of preach...
automaton for complement of preach has 0 states.
minimized automaton for complement of preach has 0 states.
...done.
trying to prove abstract safety...
...done.
Result: [1]
This means that the following properties could be separated from the initial configurations:
	[deadlock]
While the following properties could not be separated from the initial configurations:
	[]

real	1m48,121s
user	1m47,630s
sys	0m0,379s
********************
/home/jakob/Documents/abstracton/benchmarks/dodo/Burns.json
f
deadlock
Running as unit: run-r9ea9d50d0dae40849991c66665dff1f6.scope; invocation ID: 9d039c41c7ba4de492348eaccc974c59
using Flow interpretation
computing ind...
automaton for ind has 4436 states.
minimized automaton for ind has 5 states.
...done.
computing complement of preach...
automaton for complement of preach has 0 states.
minimized automaton for complement of preach has 0 states.
...done.
trying to prove abstract safety...
...done.
Result: [1]
This means that the following properties could be separated from the initial configurations:
	[deadlock]
While the following properties could not be separated from the initial configurations:
	[]

real	8m50,386s
user	8m48,551s
sys	0m1,518s
********************
6 of 61
/home/jakob/Documents/abstracton/benchmarks/dodo/Dijkstra-Scholten.json
t
twob
Running as unit: run-r442144dc4c0e42a6acf17d730e277d54.scope; invocation ID: 36b9cfae750b4c378624b4dfa533c492
using Trap interpretation
computing ind...
automaton for ind has 99 states.
minimized automaton for ind has 8 states.
...done.
computing complement of preach...
automaton for complement of preach has 428 states.
minimized automaton for complement of preach has 33 states.
...done.
trying to prove abstract safety...
...done.
Result: [1]
This means that the following properties could be separated from the initial configurations:
	[twob]
While the following properties could not be separated from the initial configurations:
	[]

real	0m1,248s
user	0m1,213s
sys	0m0,019s
********************
/home/jakob/Documents/abstracton/benchmarks/dodo/Dijkstra-Scholten.json
s
twob
Running as unit: run-r8b84f87acc624632911ca57760cda4e0.scope; invocation ID: 0d91f0854b154fdfbc9caf9b2914c04d
using Siphon interpretation
computing ind...
automaton for ind has 99 states.
minimized automaton for ind has 8 states.
...done.
computing complement of preach...
automaton for complement of preach has 222 states.
minimized automaton for complement of preach has 24 states.
...done.
trying to prove abstract safety...
...done.
Result: [0]
This means that the following properties could be separated from the initial configurations:
	[]
While the following properties could not be separated from the initial configurations:
	[twob]

real	0m0,596s
user	0m0,571s
sys	0m0,011s
********************
/home/jakob/Documents/abstracton/benchmarks/dodo/Dijkstra-Scholten.json
f
twob
Running as unit: run-r8b91f218f2834d4b9a8020ae0f4fc8f0.scope; invocation ID: f6cb6a8fa08c455c9106d639d902b93c
using Flow interpretation
computing ind...
automaton for ind has 1268 states.
minimized automaton for ind has 23 states.
...done.
computing complement of preach...
automaton for complement of preach has 1114 states.
minimized automaton for complement of preach has 33 states.
...done.
trying to prove abstract safety...
...done.
Result: [1]
This means that the following properties could be separated from the initial configurations:
	[twob]
While the following properties could not be separated from the initial configurations:
	[]

real	0m58,176s
user	0m57,909s
sys	0m0,222s
********************
7 of 61
/home/jakob/Documents/abstracton/benchmarks/dodo/Dijkstra-Scholten.json
t
twod
Running as unit: run-r519675ba1cde4e2ea000356cc1d74a17.scope; invocation ID: 4222a5a6257e443b989f0e9108dc6dd0
using Trap interpretation
computing ind...
automaton for ind has 99 states.
minimized automaton for ind has 8 states.
...done.
computing complement of preach...
automaton for complement of preach has 428 states.
minimized automaton for complement of preach has 33 states.
...done.
trying to prove abstract safety...
...done.
Result: [1]
This means that the following properties could be separated from the initial configurations:
	[twod]
While the following properties could not be separated from the initial configurations:
	[]

real	0m1,230s
user	0m1,198s
sys	0m0,022s
********************
/home/jakob/Documents/abstracton/benchmarks/dodo/Dijkstra-Scholten.json
s
twod
Running as unit: run-r26befb7174b5401e9adaeb63ce39798b.scope; invocation ID: c7840f393f684563947c7cf22c586f98
using Siphon interpretation
computing ind...
automaton for ind has 99 states.
minimized automaton for ind has 8 states.
...done.
computing complement of preach...
automaton for complement of preach has 222 states.
minimized automaton for complement of preach has 24 states.
...done.
trying to prove abstract safety...
...done.
Result: [0]
This means that the following properties could be separated from the initial configurations:
	[]
While the following properties could not be separated from the initial configurations:
	[twod]

real	0m0,598s
user	0m0,574s
sys	0m0,014s
********************
/home/jakob/Documents/abstracton/benchmarks/dodo/Dijkstra-Scholten.json
f
twod
Running as unit: run-r318bf5f25e5a43b0a0cb3449e04edb9e.scope; invocation ID: 55eba09ac36e4844a458033dc15f49f3
using Flow interpretation
computing ind...
automaton for ind has 1268 states.
minimized automaton for ind has 23 states.
...done.
computing complement of preach...
automaton for complement of preach has 1114 states.
minimized automaton for complement of preach has 33 states.
...done.
trying to prove abstract safety...
...done.
Result: [1]
This means that the following properties could be separated from the initial configurations:
	[twod]
While the following properties could not be separated from the initial configurations:
	[]

real	0m58,423s
user	0m58,146s
sys	0m0,231s
********************
8 of 61
/home/jakob/Documents/abstracton/benchmarks/dodo/Dijkstra-Scholten.json
t
deadlock
Running as unit: run-r0de567098ee040afbea1cc2d5c03dc48.scope; invocation ID: cf41dd19747349a4bae05f0e670fd243
using Trap interpretation
computing ind...
automaton for ind has 99 states.
minimized automaton for ind has 8 states.
...done.
computing complement of preach...
automaton for complement of preach has 428 states.
minimized automaton for complement of preach has 33 states.
...done.
trying to prove abstract safety...
...done.
Result: [1]
This means that the following properties could be separated from the initial configurations:
	[deadlock]
While the following properties could not be separated from the initial configurations:
	[]

real	0m1,250s
user	0m1,216s
sys	0m0,018s
********************
/home/jakob/Documents/abstracton/benchmarks/dodo/Dijkstra-Scholten.json
s
deadlock
Running as unit: run-r2a09e177a7644f99a2b7cb38bb003f3a.scope; invocation ID: ec8fa5d422644bfaae53fe015556357e
using Siphon interpretation
computing ind...
automaton for ind has 99 states.
minimized automaton for ind has 8 states.
...done.
computing complement of preach...
automaton for complement of preach has 222 states.
minimized automaton for complement of preach has 24 states.
...done.
trying to prove abstract safety...
...done.
Result: [0]
This means that the following properties could be separated from the initial configurations:
	[]
While the following properties could not be separated from the initial configurations:
	[deadlock]

real	0m0,616s
user	0m0,593s
sys	0m0,011s
********************
/home/jakob/Documents/abstracton/benchmarks/dodo/Dijkstra-Scholten.json
f
deadlock
Running as unit: run-rd7c4f034e8f94f8a933cf3b883fb590d.scope; invocation ID: faa72e73567e49fbb70b3019203eb91f
using Flow interpretation
computing ind...
automaton for ind has 1268 states.
minimized automaton for ind has 23 states.
...done.
computing complement of preach...
automaton for complement of preach has 1114 states.
minimized automaton for complement of preach has 33 states.
...done.
trying to prove abstract safety...
...done.
Result: [1]
This means that the following properties could be separated from the initial configurations:
	[deadlock]
While the following properties could not be separated from the initial configurations:
	[]

real	0m58,329s
user	0m58,070s
sys	0m0,219s
********************
9 of 61
/home/jakob/Documents/abstracton/benchmarks/dodo/Dijkstra-ring.json
t
nomutex
Running as unit: run-r62613a8eda284298b52c9ae4999fed6e.scope; invocation ID: 2b30f6eb091b40708eb38213e4120415
using Trap interpretation
computing ind...

real	20m0,222s
user	19m57,608s
sys	0m1,781s
********************
/home/jakob/Documents/abstracton/benchmarks/dodo/Dijkstra-ring.json
s
nomutex
Running as unit: run-r8ab0f8e21bcf48e98a5bef8931b2d475.scope; invocation ID: 99db8ecd50684e9791e2fe798f030038
using Siphon interpretation
computing ind...

real	20m0,142s
user	19m58,356s
sys	0m1,013s
********************
/home/jakob/Documents/abstracton/benchmarks/dodo/Dijkstra-ring.json
f
nomutex
Running as unit: run-r9f5b8acd9be64255a8e059af7d454adc.scope; invocation ID: bd60de83c63c4feca24626129f93b789
using Flow interpretation
computing ind...

real	20m0,289s
user	19m57,118s
sys	0m2,434s
********************
10 of 61
/home/jakob/Documents/abstracton/benchmarks/dodo/Dijkstra-ring.json
t
deadlock
Running as unit: run-r6a1afaab4a4e43a8bdbb8e8d742bb607.scope; invocation ID: 3c44e9209eaf4633ba0adffc4481791f
using Trap interpretation
computing ind...

real	20m0,236s
user	19m57,634s
sys	0m1,857s
********************
/home/jakob/Documents/abstracton/benchmarks/dodo/Dijkstra-ring.json
s
deadlock
Running as unit: run-r7614e18f5bbb49e3be43684876587afa.scope; invocation ID: e2645c417fd4407bb2994d94a3e7ca09
using Siphon interpretation
computing ind...

real	20m0,153s
user	19m58,574s
sys	0m0,963s
********************
/home/jakob/Documents/abstracton/benchmarks/dodo/Dijkstra-ring.json
f
deadlock
Running as unit: run-re9bc37978ac34f39a54bac6bcb948feb.scope; invocation ID: 4e2b5cd3b1df41058cf29b0c28c70a1b
using Flow interpretation
computing ind...

real	20m0,313s
user	19m56,833s
sys	0m2,521s
********************
11 of 61
/home/jakob/Documents/abstracton/benchmarks/dodo/DijkstraMutEx.json
t
nomutex
Running as unit: run-r6fd2adac9f2b487193cb001d222583f9.scope; invocation ID: 8d2e687f383e4865945144d75e5f0d90
using Trap interpretation

real	20m1,174s
user	19m49,648s
sys	0m10,523s
********************
/home/jakob/Documents/abstracton/benchmarks/dodo/DijkstraMutEx.json
s
nomutex
Running as unit: run-rbc7c11af6bb94614a50556cf6fd0e8ec.scope; invocation ID: 3419f4614f674146b98e794badd0cb7c
using Siphon interpretation

real	20m1,295s
user	19m49,686s
sys	0m10,567s
********************
/home/jakob/Documents/abstracton/benchmarks/dodo/DijkstraMutEx.json
f
nomutex
Running as unit: run-raf1508182def4b949030ce6c1466b994.scope; invocation ID: 12f90efe2e37400ab5f724d3e39d7f60
using Flow interpretation

real	20m1,249s
user	19m50,018s
sys	0m10,371s
********************
12 of 61
/home/jakob/Documents/abstracton/benchmarks/dodo/DijkstraMutEx.json
t
deadlock
Running as unit: run-rf9bd5c7251fb445d82ef885650fdb509.scope; invocation ID: 00e62ce669e847f68d43cf6b657dec60
using Trap interpretation

real	20m1,266s
user	19m49,547s
sys	0m10,670s
********************
/home/jakob/Documents/abstracton/benchmarks/dodo/DijkstraMutEx.json
s
deadlock
Running as unit: run-r10363dc61ce843b29a0694b6877e0c1a.scope; invocation ID: 555c69013c2e49d0854d4b1a635ad093
using Siphon interpretation

real	20m1,371s
user	19m49,472s
sys	0m10,946s
********************
/home/jakob/Documents/abstracton/benchmarks/dodo/DijkstraMutEx.json
f
deadlock
Running as unit: run-rdd8830dc14a7440f843a6c0d611f0d7f.scope; invocation ID: 9d0f1926cba64c62a4996e6e8da9a500
using Flow interpretation

real	20m1,286s
user	19m49,706s
sys	0m10,725s
********************
13 of 61
/home/jakob/Documents/abstracton/benchmarks/dodo/FutureBus.json
t
pendingrightsecond
Running as unit: run-ra2807c9c4500411da63f12363d5fe849.scope; invocation ID: 3ad7d0040a744e21a62bea7b0321c1d9
using Trap interpretation
computing ind...

real	20m0,904s
user	19m53,611s
sys	0m6,549s
********************
/home/jakob/Documents/abstracton/benchmarks/dodo/FutureBus.json
s
pendingrightsecond
Running as unit: run-r0cccc1f425ae4dd9b716dd2220f90ede.scope; invocation ID: fe69483c0ea4453d94169ba086983819
using Siphon interpretation
computing ind...

real	20m0,688s
user	19m54,453s
sys	0m5,337s
********************
/home/jakob/Documents/abstracton/benchmarks/dodo/FutureBus.json
f
pendingrightsecond
Running as unit: run-r98af688cd8474758ad2e994e258999db.scope; invocation ID: 12829c68ec6e4904986bc301a8d2f501
using Flow interpretation
computing ind...

real	20m0,983s
user	19m52,522s
sys	0m7,777s
********************
14 of 61
/home/jakob/Documents/abstracton/benchmarks/dodo/FutureBus.json
t
sharedexclusive
Running as unit: run-rfce09c59d6e6481987978d5f0ed19b1a.scope; invocation ID: 787317ef15594d8197fbb27544bb494e
using Trap interpretation
computing ind...

real	20m0,815s
user	19m53,717s
sys	0m6,367s
********************
/home/jakob/Documents/abstracton/benchmarks/dodo/FutureBus.json
s
sharedexclusive
Running as unit: run-r62e830ac7d354958be27d65435247e67.scope; invocation ID: d25fe2dfb38f4012af9452db5b67eb09
using Siphon interpretation
computing ind...

real	20m0,692s
user	19m54,623s
sys	0m5,319s
********************
/home/jakob/Documents/abstracton/benchmarks/dodo/FutureBus.json
f
sharedexclusive
Running as unit: run-r268400bb115b4ffe8b2c39cde21fa148.scope; invocation ID: dd21245c62364d6cab0cad47534dbe75
using Flow interpretation
computing ind...

real	20m0,969s
user	19m52,495s
sys	0m7,644s
********************
15 of 61
/home/jakob/Documents/abstracton/benchmarks/dodo/FutureBus.json
t
secondpending
Running as unit: run-rcca8492ce1a74a959c67527a3a34d22e.scope; invocation ID: 7a5abb63d3724e3b84ba8b545d7d028a
using Trap interpretation
computing ind...

real	20m0,896s
user	19m53,373s
sys	0m6,571s
********************
/home/jakob/Documents/abstracton/benchmarks/dodo/FutureBus.json
s
secondpending
Running as unit: run-r1edebe259d9c456b8b956bb4d92276ca.scope; invocation ID: d2f9ccf0a7b04d9bb5ffda26943b3e9a
using Siphon interpretation
computing ind...

real	20m0,688s
user	19m54,665s
sys	0m5,279s
********************
/home/jakob/Documents/abstracton/benchmarks/dodo/FutureBus.json
f
secondpending
Running as unit: run-r1f63d2f4cf3e48e1a7fbfdc1861c90a2.scope; invocation ID: bc6320748fdf4ba4a36767e2397253fa
using Flow interpretation
computing ind...

real	20m0,955s
user	19m52,541s
sys	0m7,734s
********************
16 of 61
/home/jakob/Documents/abstracton/benchmarks/dodo/FutureBus.json
t
exclusiveexclusive
Running as unit: run-rfb9d3f1c3a5749c09c7628e1d7f8611b.scope; invocation ID: 1ae3f37d7f7b47bdb3d6ea1e1f28c0cb
using Trap interpretation
computing ind...

real	20m0,896s
user	19m53,663s
sys	0m6,484s
********************
/home/jakob/Documents/abstracton/benchmarks/dodo/FutureBus.json
s
exclusiveexclusive
Running as unit: run-r618f4f9190b54f8f815c6bc357522303.scope; invocation ID: ae608928a312469e92e1348c0e79b853
using Siphon interpretation
computing ind...

real	20m0,705s
user	19m54,743s
sys	0m5,309s
********************
/home/jakob/Documents/abstracton/benchmarks/dodo/FutureBus.json
f
exclusiveexclusive
Running as unit: run-r4e87a10b377b4dfdae0088dc46e02483.scope; invocation ID: 9dff2b65cc30419ba9a9cab4e7387ec7
using Flow interpretation
computing ind...

real	20m0,977s
user	19m52,464s
sys	0m7,803s
********************
17 of 61
/home/jakob/Documents/abstracton/benchmarks/dodo/FutureBus.json
t
deadlock
Running as unit: run-r43c82801d33f43b8b1c48d154c6a3ab5.scope; invocation ID: e347007d2fbe4984a3fa52e37a73c21a
using Trap interpretation
computing ind...

real	20m0,832s
user	19m53,280s
sys	0m6,569s
********************
/home/jakob/Documents/abstracton/benchmarks/dodo/FutureBus.json
s
deadlock
Running as unit: run-re12d1d93228c4588954573594c1e9fd7.scope; invocation ID: 8714be770c7a4893b77cd6c854bd2e5d
using Siphon interpretation
computing ind...

real	20m0,699s
user	19m54,561s
sys	0m5,374s
********************
/home/jakob/Documents/abstracton/benchmarks/dodo/FutureBus.json
f
deadlock
Running as unit: run-r75924f8854914f42b41989d8904fa426.scope; invocation ID: fd0cc72f7c5d4e078e30e3b4e7029474
using Flow interpretation
computing ind...

real	20m1,014s
user	19m52,265s
sys	0m7,910s
********************
18 of 61
/home/jakob/Documents/abstracton/benchmarks/dodo/Herman.json
t
notoken
Running as unit: run-r32b3c777b98c44358cc06c10fb9565c8.scope; invocation ID: 2c814c2c555c45d188aab55bba69d979
using Trap interpretation
computing ind...
automaton for ind has 48 states.
minimized automaton for ind has 6 states.
...done.
computing complement of preach...
automaton for complement of preach has 11 states.
minimized automaton for complement of preach has 7 states.
...done.
trying to prove abstract safety...
...done.
Result: [1]
This means that the following properties could be separated from the initial configurations:
	[notoken]
While the following properties could not be separated from the initial configurations:
	[]

real	0m0,110s
user	0m0,088s
sys	0m0,012s
********************
/home/jakob/Documents/abstracton/benchmarks/dodo/Herman.json
s
notoken
Running as unit: run-re5884dad7c354992a4b771246f3237eb.scope; invocation ID: 1bccb9f79c85449cbf926197e3faa64c
using Siphon interpretation
computing ind...
automaton for ind has 57 states.
minimized automaton for ind has 6 states.
...done.
computing complement of preach...
automaton for complement of preach has 8 states.
minimized automaton for complement of preach has 7 states.
...done.
trying to prove abstract safety...
...done.
Result: [0]
This means that the following properties could be separated from the initial configurations:
	[]
While the following properties could not be separated from the initial configurations:
	[notoken]

real	0m0,083s
user	0m0,060s
sys	0m0,007s
********************
/home/jakob/Documents/abstracton/benchmarks/dodo/Herman.json
f
notoken
Running as unit: run-r6fb99d80f58a4b0fa8c1232cd656bcb2.scope; invocation ID: 7b9861c2b4664588ae6d5ac8418c132a
using Flow interpretation
computing ind...
automaton for ind has 200 states.
minimized automaton for ind has 7 states.
...done.
computing complement of preach...
automaton for complement of preach has 4 states.
minimized automaton for complement of preach has 4 states.
...done.
trying to prove abstract safety...
...done.
Result: [0]
This means that the following properties could be separated from the initial configurations:
	[]
While the following properties could not be separated from the initial configurations:
	[notoken]

real	0m0,198s
user	0m0,178s
sys	0m0,011s
********************
19 of 61
/home/jakob/Documents/abstracton/benchmarks/dodo/Illinois.json
t
dirtydirty
Running as unit: run-rdf810176a63b4cfd8a9d56360ad11896.scope; invocation ID: 42b1682a682441aebb3d7fb725dda473
using Trap interpretation
computing ind...
automaton for ind has 5618 states.
minimized automaton for ind has 12 states.
...done.
computing complement of preach...
automaton for complement of preach has 234 states.
minimized automaton for complement of preach has 60 states.
...done.
trying to prove abstract safety...
...done.
Result: [0]
This means that the following properties could be separated from the initial configurations:
	[]
While the following properties could not be separated from the initial configurations:
	[dirtydirty]

real	0m10,294s
user	0m10,236s
sys	0m0,029s
********************
/home/jakob/Documents/abstracton/benchmarks/dodo/Illinois.json
s
dirtydirty
Running as unit: run-rd93e937b8ebb4899af42889facd46cd0.scope; invocation ID: 73c4fec03c384ba0a80b63dd26bed8a1
using Siphon interpretation
computing ind...
automaton for ind has 4054 states.
minimized automaton for ind has 5 states.
...done.
computing complement of preach...
automaton for complement of preach has 5 states.
minimized automaton for complement of preach has 3 states.
...done.
trying to prove abstract safety...
...done.
Result: [0]
This means that the following properties could be separated from the initial configurations:
	[]
While the following properties could not be separated from the initial configurations:
	[dirtydirty]

real	0m6,688s
user	0m6,645s
sys	0m0,025s
********************
/home/jakob/Documents/abstracton/benchmarks/dodo/Illinois.json
f
dirtydirty
Running as unit: run-r585ea3ed3a444ce7999c594b8b6b688c.scope; invocation ID: 2428389ed96e4d74957b48bc2f71919d
using Flow interpretation
computing ind...
automaton for ind has 80496 states.
minimized automaton for ind has 7 states.
...done.
computing complement of preach...
automaton for complement of preach has 5 states.
minimized automaton for complement of preach has 3 states.
...done.
trying to prove abstract safety...
...done.
Result: [0]
This means that the following properties could be separated from the initial configurations:
	[]
While the following properties could not be separated from the initial configurations:
	[dirtydirty]

real	7m52,445s
user	7m51,623s
sys	0m0,434s
********************
20 of 61
/home/jakob/Documents/abstracton/benchmarks/dodo/Illinois.json
t
dirtyshared
Running as unit: run-rb4d6e9f59b1c469188f6c764cd169885.scope; invocation ID: defb4910415745988415dc09ff1fbc43
using Trap interpretation
computing ind...
automaton for ind has 5618 states.
minimized automaton for ind has 12 states.
...done.
computing complement of preach...
automaton for complement of preach has 234 states.
minimized automaton for complement of preach has 60 states.
...done.
trying to prove abstract safety...
...done.
Result: [0]
This means that the following properties could be separated from the initial configurations:
	[]
While the following properties could not be separated from the initial configurations:
	[dirtyshared]

real	0m10,182s
user	0m10,123s
sys	0m0,033s
********************
/home/jakob/Documents/abstracton/benchmarks/dodo/Illinois.json
s
dirtyshared
Running as unit: run-r9181816385614b329a3159bd7011a96a.scope; invocation ID: 1dda8019735e4870be33f7a5b8a65c23
using Siphon interpretation
computing ind...
automaton for ind has 4054 states.
minimized automaton for ind has 5 states.
...done.
computing complement of preach...
automaton for complement of preach has 5 states.
minimized automaton for complement of preach has 3 states.
...done.
trying to prove abstract safety...
...done.
Result: [0]
This means that the following properties could be separated from the initial configurations:
	[]
While the following properties could not be separated from the initial configurations:
	[dirtyshared]

real	0m6,766s
user	0m6,721s
sys	0m0,030s
********************
/home/jakob/Documents/abstracton/benchmarks/dodo/Illinois.json
f
dirtyshared
Running as unit: run-r3991c1360a97453fa76a6a4780987476.scope; invocation ID: 061e4be735d04bc39ded6cc3f209c65c
using Flow interpretation
computing ind...
automaton for ind has 80496 states.
minimized automaton for ind has 7 states.
...done.
computing complement of preach...
automaton for complement of preach has 5 states.
minimized automaton for complement of preach has 3 states.
...done.
trying to prove abstract safety...
...done.
Result: [0]
This means that the following properties could be separated from the initial configurations:
	[]
While the following properties could not be separated from the initial configurations:
	[dirtyshared]

real	7m53,051s
user	7m52,192s
sys	0m0,450s
********************
21 of 61
/home/jakob/Documents/abstracton/benchmarks/dodo/Illinois.json
t
deadlock
Running as unit: run-re8f99b7f434740469dd62c7f33df5a33.scope; invocation ID: 1c53059fe4e544269ca1e904c2813cc3
using Trap interpretation
computing ind...
automaton for ind has 5618 states.
minimized automaton for ind has 12 states.
...done.
computing complement of preach...
automaton for complement of preach has 234 states.
minimized automaton for complement of preach has 60 states.
...done.
trying to prove abstract safety...
...done.
Result: [1]
This means that the following properties could be separated from the initial configurations:
	[deadlock]
While the following properties could not be separated from the initial configurations:
	[]

real	0m10,158s
user	0m10,097s
sys	0m0,034s
********************
/home/jakob/Documents/abstracton/benchmarks/dodo/Illinois.json
s
deadlock
Running as unit: run-re1b5339f58bf4fa8b81c37ce0c92abdd.scope; invocation ID: 8894684a89944a3fbf90789ed207ae24
using Siphon interpretation
computing ind...
automaton for ind has 4054 states.
minimized automaton for ind has 5 states.
...done.
computing complement of preach...
automaton for complement of preach has 5 states.
minimized automaton for complement of preach has 3 states.
...done.
trying to prove abstract safety...
...done.
Result: [1]
This means that the following properties could be separated from the initial configurations:
	[deadlock]
While the following properties could not be separated from the initial configurations:
	[]

real	0m6,680s
user	0m6,633s
sys	0m0,030s
********************
/home/jakob/Documents/abstracton/benchmarks/dodo/Illinois.json
f
deadlock
Running as unit: run-r2ed094ebc7fc49bfadd5359999e79b19.scope; invocation ID: def93e8a10144ffba95193873fc3ec74
using Flow interpretation
computing ind...
automaton for ind has 80496 states.
minimized automaton for ind has 7 states.
...done.
computing complement of preach...
automaton for complement of preach has 5 states.
minimized automaton for complement of preach has 3 states.
...done.
trying to prove abstract safety...
...done.
Result: [1]
This means that the following properties could be separated from the initial configurations:
	[deadlock]
While the following properties could not be separated from the initial configurations:
	[]

real	7m50,364s
user	7m49,670s
sys	0m0,403s
********************
22 of 61
/home/jakob/Documents/abstracton/benchmarks/dodo/Israeli-Jafon.json
t
notoken
Running as unit: run-rd7593cb0a6354b6ea1fccf0d777f262f.scope; invocation ID: c743b273c33f4699992fa19c3d4f9788
using Trap interpretation
computing ind...
automaton for ind has 41 states.
minimized automaton for ind has 6 states.
...done.
computing complement of preach...
automaton for complement of preach has 11 states.
minimized automaton for complement of preach has 7 states.
...done.
trying to prove abstract safety...
...done.
Result: [1]
This means that the following properties could be separated from the initial configurations:
	[notoken]
While the following properties could not be separated from the initial configurations:
	[]

real	0m0,105s
user	0m0,079s
sys	0m0,011s
********************
/home/jakob/Documents/abstracton/benchmarks/dodo/Israeli-Jafon.json
s
notoken
Running as unit: run-r4b0f51808a0443a388695c202b96d9ab.scope; invocation ID: d3938f5e41eb4d139d3474648b5bf6d4
using Siphon interpretation
computing ind...
automaton for ind has 41 states.
minimized automaton for ind has 6 states.
...done.
computing complement of preach...
automaton for complement of preach has 8 states.
minimized automaton for complement of preach has 7 states.
...done.
trying to prove abstract safety...
...done.
Result: [0]
This means that the following properties could be separated from the initial configurations:
	[]
While the following properties could not be separated from the initial configurations:
	[notoken]

real	0m0,067s
user	0m0,042s
sys	0m0,008s
********************
/home/jakob/Documents/abstracton/benchmarks/dodo/Israeli-Jafon.json
f
notoken
Running as unit: run-r880f85cf76ad41acb8e31f21e562b648.scope; invocation ID: b6323fa145bf4a319ccb85a135d9a9af
using Flow interpretation
computing ind...
automaton for ind has 151 states.
minimized automaton for ind has 7 states.
...done.
computing complement of preach...
automaton for complement of preach has 4 states.
minimized automaton for complement of preach has 4 states.
...done.
trying to prove abstract safety...
...done.
Result: [0]
This means that the following properties could be separated from the initial configurations:
	[]
While the following properties could not be separated from the initial configurations:
	[notoken]

real	0m0,151s
user	0m0,125s
sys	0m0,011s
********************
23 of 61
/home/jakob/Documents/abstracton/benchmarks/dodo/MESI.json
t
modifiedmodified
Running as unit: run-rb05bc3077a3949ee8194a06828fdc6f7.scope; invocation ID: c57bfa681a78444192f847a4a7b622e2
using Trap interpretation
computing ind...
automaton for ind has 349 states.
minimized automaton for ind has 6 states.
...done.
computing complement of preach...
automaton for complement of preach has 175 states.
minimized automaton for complement of preach has 21 states.
...done.
trying to prove abstract safety...
...done.
Result: [1]
This means that the following properties could be separated from the initial configurations:
	[modifiedmodified]
While the following properties could not be separated from the initial configurations:
	[]

real	0m2,168s
user	0m2,132s
sys	0m0,024s
********************
/home/jakob/Documents/abstracton/benchmarks/dodo/MESI.json
s
modifiedmodified
Running as unit: run-r584b375f97674deaa6b48fcbb8ceaa54.scope; invocation ID: 31f1b146656348fcb73f7445b8ff3be2
using Siphon interpretation
computing ind...
automaton for ind has 677 states.
minimized automaton for ind has 3 states.
...done.
computing complement of preach...
automaton for complement of preach has 0 states.
minimized automaton for complement of preach has 0 states.
...done.
trying to prove abstract safety...
...done.
Result: [0]
This means that the following properties could be separated from the initial configurations:
	[]
While the following properties could not be separated from the initial configurations:
	[modifiedmodified]

real	0m1,424s
user	0m1,388s
sys	0m0,017s
********************
/home/jakob/Documents/abstracton/benchmarks/dodo/MESI.json
f
modifiedmodified
Running as unit: run-ref302a597e2944a6a44d0480e06c11fd.scope; invocation ID: 373d096dd78f41e9846d639fd9d5eb23
using Flow interpretation
computing ind...
automaton for ind has 5255 states.
minimized automaton for ind has 5 states.
...done.
computing complement of preach...
automaton for complement of preach has 0 states.
minimized automaton for complement of preach has 0 states.
...done.
trying to prove abstract safety...
...done.
Result: [0]
This means that the following properties could be separated from the initial configurations:
	[]
While the following properties could not be separated from the initial configurations:
	[modifiedmodified]

real	0m11,734s
user	0m11,685s
sys	0m0,033s
********************
24 of 61
/home/jakob/Documents/abstracton/benchmarks/dodo/MESI.json
t
sharedmodified
Running as unit: run-reba59da3b40b487881478824a60e6c58.scope; invocation ID: af101493d8c840f9ab586dafd5b36e6e
using Trap interpretation
computing ind...
automaton for ind has 349 states.
minimized automaton for ind has 6 states.
...done.
computing complement of preach...
automaton for complement of preach has 175 states.
minimized automaton for complement of preach has 21 states.
...done.
trying to prove abstract safety...
...done.
Result: [1]
This means that the following properties could be separated from the initial configurations:
	[sharedmodified]
While the following properties could not be separated from the initial configurations:
	[]

real	0m2,201s
user	0m2,167s
sys	0m0,018s
********************
/home/jakob/Documents/abstracton/benchmarks/dodo/MESI.json
s
sharedmodified
Running as unit: run-rce8e95653e424b8fbd7c4caf69de1733.scope; invocation ID: bbde5e17315f4d81981c67f5875c537d
using Siphon interpretation
computing ind...
automaton for ind has 677 states.
minimized automaton for ind has 3 states.
...done.
computing complement of preach...
automaton for complement of preach has 0 states.
minimized automaton for complement of preach has 0 states.
...done.
trying to prove abstract safety...
...done.
Result: [0]
This means that the following properties could be separated from the initial configurations:
	[]
While the following properties could not be separated from the initial configurations:
	[sharedmodified]

real	0m1,451s
user	0m1,423s
sys	0m0,016s
********************
/home/jakob/Documents/abstracton/benchmarks/dodo/MESI.json
f
sharedmodified
Running as unit: run-rfe92bf8a7f724cde8bdc56cabaf84faf.scope; invocation ID: 98a9798318684b16ba97d41b4375d43b
using Flow interpretation
computing ind...
automaton for ind has 5255 states.
minimized automaton for ind has 5 states.
...done.
computing complement of preach...
automaton for complement of preach has 0 states.
minimized automaton for complement of preach has 0 states.
...done.
trying to prove abstract safety...
...done.
Result: [0]
This means that the following properties could be separated from the initial configurations:
	[]
While the following properties could not be separated from the initial configurations:
	[sharedmodified]

real	0m12,117s
user	0m12,071s
sys	0m0,027s
********************
25 of 61
/home/jakob/Documents/abstracton/benchmarks/dodo/MESI.json
t
deadlock
Running as unit: run-racfadc09edf544ae89a99fe1f71a1254.scope; invocation ID: 0b895ddf943b470e9ad14b67ad9c48f5
using Trap interpretation
computing ind...
automaton for ind has 349 states.
minimized automaton for ind has 6 states.
...done.
computing complement of preach...
automaton for complement of preach has 175 states.
minimized automaton for complement of preach has 21 states.
...done.
trying to prove abstract safety...
...done.
Result: [1]
This means that the following properties could be separated from the initial configurations:
	[deadlock]
While the following properties could not be separated from the initial configurations:
	[]

real	0m2,207s
user	0m2,179s
sys	0m0,015s
********************
/home/jakob/Documents/abstracton/benchmarks/dodo/MESI.json
s
deadlock
Running as unit: run-rdbd7e048e79b4796b74cde1d42efd374.scope; invocation ID: c2474e72af68489d8e8b8cb9386e934e
using Siphon interpretation
computing ind...
automaton for ind has 677 states.
minimized automaton for ind has 3 states.
...done.
computing complement of preach...
automaton for complement of preach has 0 states.
minimized automaton for complement of preach has 0 states.
...done.
trying to prove abstract safety...
...done.
Result: [1]
This means that the following properties could be separated from the initial configurations:
	[deadlock]
While the following properties could not be separated from the initial configurations:
	[]

real	0m1,447s
user	0m1,416s
sys	0m0,018s
********************
/home/jakob/Documents/abstracton/benchmarks/dodo/MESI.json
f
deadlock
Running as unit: run-rd07ae9b98e1745f4aec85684df964b97.scope; invocation ID: dc130389bc7944f08aa3bc0bbffc36b6
using Flow interpretation
computing ind...
automaton for ind has 5255 states.
minimized automaton for ind has 5 states.
...done.
computing complement of preach...
automaton for complement of preach has 0 states.
minimized automaton for complement of preach has 0 states.
...done.
trying to prove abstract safety...
...done.
Result: [1]
This means that the following properties could be separated from the initial configurations:
	[deadlock]
While the following properties could not be separated from the initial configurations:
	[]

real	0m11,787s
user	0m11,729s
sys	0m0,037s
********************
26 of 61
/home/jakob/Documents/abstracton/benchmarks/dodo/MOESI.json
t
modifiedmodified
Running as unit: run-r565d8afc00d24c1f823669f11e78618b.scope; invocation ID: 0e5cdd440fdf4cd9b8a6d5d485e2a5e0
using Trap interpretation
computing ind...
automaton for ind has 1051 states.
minimized automaton for ind has 13 states.
...done.
computing complement of preach...
automaton for complement of preach has 1220 states.
minimized automaton for complement of preach has 49 states.
...done.
trying to prove abstract safety...
...done.
Result: [1]
This means that the following properties could be separated from the initial configurations:
	[modifiedmodified]
While the following properties could not be separated from the initial configurations:
	[]

real	0m21,003s
user	0m20,879s
sys	0m0,080s
********************
/home/jakob/Documents/abstracton/benchmarks/dodo/MOESI.json
s
modifiedmodified
Running as unit: run-r6c95955c4ee249029931b4db82422f87.scope; invocation ID: ddcabdbc33a446b38dbb2c5dcd5d4407
using Siphon interpretation
computing ind...
automaton for ind has 1335 states.
minimized automaton for ind has 5 states.
...done.
computing complement of preach...
automaton for complement of preach has 6 states.
minimized automaton for complement of preach has 3 states.
...done.
trying to prove abstract safety...
...done.
Result: [0]
This means that the following properties could be separated from the initial configurations:
	[]
While the following properties could not be separated from the initial configurations:
	[modifiedmodified]

real	0m11,420s
user	0m11,324s
sys	0m0,067s
********************
/home/jakob/Documents/abstracton/benchmarks/dodo/MOESI.json
f
modifiedmodified
Running as unit: run-r6debbb8e1d624c2a9a06cf5718afacaf.scope; invocation ID: d9c113e1c3db4e2f892a6b9eaf681287
using Flow interpretation
computing ind...
automaton for ind has 17532 states.
minimized automaton for ind has 7 states.
...done.
computing complement of preach...
automaton for complement of preach has 6 states.
minimized automaton for complement of preach has 3 states.
...done.
trying to prove abstract safety...
...done.
Result: [0]
This means that the following properties could be separated from the initial configurations:
	[]
While the following properties could not be separated from the initial configurations:
	[modifiedmodified]

real	1m42,481s
user	1m42,204s
sys	0m0,211s
********************
27 of 61
/home/jakob/Documents/abstracton/benchmarks/dodo/MOESI.json
t
exclusiveexclusive
Running as unit: run-rfc3caa7af06a4bdfabe6c9ee008c8746.scope; invocation ID: 2ac6111c4970457a98146abb0f6e0e3c
using Trap interpretation
computing ind...
automaton for ind has 1051 states.
minimized automaton for ind has 13 states.
...done.
computing complement of preach...
automaton for complement of preach has 1220 states.
minimized automaton for complement of preach has 49 states.
...done.
trying to prove abstract safety...
...done.
Result: [1]
This means that the following properties could be separated from the initial configurations:
	[exclusiveexclusive]
While the following properties could not be separated from the initial configurations:
	[]

real	0m20,864s
user	0m20,778s
sys	0m0,060s
********************
/home/jakob/Documents/abstracton/benchmarks/dodo/MOESI.json
s
exclusiveexclusive
Running as unit: run-rafe13683090d42dd8821764b95faa42f.scope; invocation ID: 90b878638b034155a4db880924d637e5
using Siphon interpretation
computing ind...
automaton for ind has 1335 states.
minimized automaton for ind has 5 states.
...done.
computing complement of preach...
automaton for complement of preach has 6 states.
minimized automaton for complement of preach has 3 states.
...done.
trying to prove abstract safety...
...done.
Result: [0]
This means that the following properties could be separated from the initial configurations:
	[]
While the following properties could not be separated from the initial configurations:
	[exclusiveexclusive]

real	0m11,568s
user	0m11,486s
sys	0m0,060s
********************
/home/jakob/Documents/abstracton/benchmarks/dodo/MOESI.json
f
exclusiveexclusive
Running as unit: run-r60564e62e7ad4c60b1ab976bc2a00b3b.scope; invocation ID: c78649ffbfa743bfb8f85a4ef5de75e4
using Flow interpretation
computing ind...
automaton for ind has 17532 states.
minimized automaton for ind has 7 states.
...done.
computing complement of preach...
automaton for complement of preach has 6 states.
minimized automaton for complement of preach has 3 states.
...done.
trying to prove abstract safety...
...done.
Result: [0]
This means that the following properties could be separated from the initial configurations:
	[]
While the following properties could not be separated from the initial configurations:
	[exclusiveexclusive]

real	1m43,553s
user	1m43,253s
sys	0m0,219s
********************
28 of 61
/home/jakob/Documents/abstracton/benchmarks/dodo/MOESI.json
t
sharedexclusive
Running as unit: run-rfab05893ad974294aaa1a8596d9c5899.scope; invocation ID: ac34663f70fa4041be7ffa941449fad5
using Trap interpretation
computing ind...
automaton for ind has 1051 states.
minimized automaton for ind has 13 states.
...done.
computing complement of preach...
automaton for complement of preach has 1220 states.
minimized automaton for complement of preach has 49 states.
...done.
trying to prove abstract safety...
...done.
Result: [1]
This means that the following properties could be separated from the initial configurations:
	[sharedexclusive]
While the following properties could not be separated from the initial configurations:
	[]

real	0m20,990s
user	0m20,900s
sys	0m0,059s
********************
/home/jakob/Documents/abstracton/benchmarks/dodo/MOESI.json
s
sharedexclusive
Running as unit: run-rcd099c6d8ae042748147428c40e2eba8.scope; invocation ID: caaec9fc18fb46adae5393ea09083def
using Siphon interpretation
computing ind...
automaton for ind has 1335 states.
minimized automaton for ind has 5 states.
...done.
computing complement of preach...
automaton for complement of preach has 6 states.
minimized automaton for complement of preach has 3 states.
...done.
trying to prove abstract safety...
...done.
Result: [0]
This means that the following properties could be separated from the initial configurations:
	[]
While the following properties could not be separated from the initial configurations:
	[sharedexclusive]

real	0m11,372s
user	0m11,311s
sys	0m0,045s
********************
/home/jakob/Documents/abstracton/benchmarks/dodo/MOESI.json
f
sharedexclusive
Running as unit: run-r3672e63dee164755968e3dfb8982e78c.scope; invocation ID: b4f275c526024e8792b52df38c5e03d1
using Flow interpretation
computing ind...
automaton for ind has 17532 states.
minimized automaton for ind has 7 states.
...done.
computing complement of preach...
automaton for complement of preach has 6 states.
minimized automaton for complement of preach has 3 states.
...done.
trying to prove abstract safety...
...done.
Result: [0]
This means that the following properties could be separated from the initial configurations:
	[]
While the following properties could not be separated from the initial configurations:
	[sharedexclusive]

real	1m42,771s
user	1m42,472s
sys	0m0,239s
********************
29 of 61
/home/jakob/Documents/abstracton/benchmarks/dodo/MOESI.json
t
ownedexclusive
Running as unit: run-re91832b44ec849a6a5255ca60b1694d8.scope; invocation ID: c1c7bd24ed164d11884252de2515d083
using Trap interpretation
computing ind...
automaton for ind has 1051 states.
minimized automaton for ind has 13 states.
...done.
computing complement of preach...
automaton for complement of preach has 1220 states.
minimized automaton for complement of preach has 49 states.
...done.
trying to prove abstract safety...
...done.
Result: [1]
This means that the following properties could be separated from the initial configurations:
	[ownedexclusive]
While the following properties could not be separated from the initial configurations:
	[]

real	0m20,727s
user	0m20,644s
sys	0m0,056s
********************
/home/jakob/Documents/abstracton/benchmarks/dodo/MOESI.json
s
ownedexclusive
Running as unit: run-r8002c6b3b6284138bf5ed1dc28720a1d.scope; invocation ID: 544189844a0a4d5f9d81a133601ab73f
using Siphon interpretation
computing ind...
automaton for ind has 1335 states.
minimized automaton for ind has 5 states.
...done.
computing complement of preach...
automaton for complement of preach has 6 states.
minimized automaton for complement of preach has 3 states.
...done.
trying to prove abstract safety...
...done.
Result: [0]
This means that the following properties could be separated from the initial configurations:
	[]
While the following properties could not be separated from the initial configurations:
	[ownedexclusive]

real	0m11,605s
user	0m11,533s
sys	0m0,052s
********************
/home/jakob/Documents/abstracton/benchmarks/dodo/MOESI.json
f
ownedexclusive
Running as unit: run-r40c34e29cf4d4037b235bc1a23610cb2.scope; invocation ID: 801b4f517fc7427cb7756155a57d5aa9
using Flow interpretation
computing ind...
automaton for ind has 17532 states.
minimized automaton for ind has 7 states.
...done.
computing complement of preach...
automaton for complement of preach has 6 states.
minimized automaton for complement of preach has 3 states.
...done.
trying to prove abstract safety...
...done.
Result: [0]
This means that the following properties could be separated from the initial configurations:
	[]
While the following properties could not be separated from the initial configurations:
	[ownedexclusive]

real	1m44,075s
user	1m43,703s
sys	0m0,257s
********************
30 of 61
/home/jakob/Documents/abstracton/benchmarks/dodo/MOESI.json
t
exclusivemodified
Running as unit: run-r36a5f62a7796408582dcefcb1c7538e0.scope; invocation ID: d14802df4f274ba992ddb6894208be34
using Trap interpretation
computing ind...
automaton for ind has 1051 states.
minimized automaton for ind has 13 states.
...done.
computing complement of preach...
automaton for complement of preach has 1220 states.
minimized automaton for complement of preach has 49 states.
...done.
trying to prove abstract safety...
...done.
Result: [1]
This means that the following properties could be separated from the initial configurations:
	[exclusivemodified]
While the following properties could not be separated from the initial configurations:
	[]

real	0m20,782s
user	0m20,691s
sys	0m0,068s
********************
/home/jakob/Documents/abstracton/benchmarks/dodo/MOESI.json
s
exclusivemodified
Running as unit: run-r05b3ef8294fd4a9d910366816955e412.scope; invocation ID: 82debb9f96b04b27abf9d587e0904d85
using Siphon interpretation
computing ind...
automaton for ind has 1335 states.
minimized automaton for ind has 5 states.
...done.
computing complement of preach...
automaton for complement of preach has 6 states.
minimized automaton for complement of preach has 3 states.
...done.
trying to prove abstract safety...
...done.
Result: [0]
This means that the following properties could be separated from the initial configurations:
	[]
While the following properties could not be separated from the initial configurations:
	[exclusivemodified]

real	0m11,626s
user	0m11,549s
sys	0m0,055s
********************
/home/jakob/Documents/abstracton/benchmarks/dodo/MOESI.json
f
exclusivemodified
Running as unit: run-r84cf82810a3e4c50b62da6fa148f794d.scope; invocation ID: cd5981410128402bb241e1fbd74917cc
using Flow interpretation
computing ind...
automaton for ind has 17532 states.
minimized automaton for ind has 7 states.
...done.
computing complement of preach...
automaton for complement of preach has 6 states.
minimized automaton for complement of preach has 3 states.
...done.
trying to prove abstract safety...
...done.
Result: [0]
This means that the following properties could be separated from the initial configurations:
	[]
While the following properties could not be separated from the initial configurations:
	[exclusivemodified]

real	1m42,759s
user	1m42,468s
sys	0m0,224s
********************
31 of 61
/home/jakob/Documents/abstracton/benchmarks/dodo/MOESI.json
t
ownedmodified
Running as unit: run-r4d6e38abf1f348df996ec69fcfbb071c.scope; invocation ID: 27adda8a2e1949639e8c727d97c7ef2d
using Trap interpretation
computing ind...
automaton for ind has 1051 states.
minimized automaton for ind has 13 states.
...done.
computing complement of preach...
automaton for complement of preach has 1220 states.
minimized automaton for complement of preach has 49 states.
...done.
trying to prove abstract safety...
...done.
Result: [1]
This means that the following properties could be separated from the initial configurations:
	[ownedmodified]
While the following properties could not be separated from the initial configurations:
	[]

real	0m21,070s
user	0m20,959s
sys	0m0,072s
********************
/home/jakob/Documents/abstracton/benchmarks/dodo/MOESI.json
s
ownedmodified
Running as unit: run-r57a9e87362cc4646906f1d412c287303.scope; invocation ID: 11c129e04179461f89157eae8a3f22f9
using Siphon interpretation
computing ind...
automaton for ind has 1335 states.
minimized automaton for ind has 5 states.
...done.
computing complement of preach...
automaton for complement of preach has 6 states.
minimized automaton for complement of preach has 3 states.
...done.
trying to prove abstract safety...
...done.
Result: [0]
This means that the following properties could be separated from the initial configurations:
	[]
While the following properties could not be separated from the initial configurations:
	[ownedmodified]

real	0m11,527s
user	0m11,436s
sys	0m0,068s
********************
/home/jakob/Documents/abstracton/benchmarks/dodo/MOESI.json
f
ownedmodified
Running as unit: run-rbb353b054e51435bba604d75e3f68868.scope; invocation ID: ebd1579c2c89447d866f73f06dd22382
using Flow interpretation
computing ind...
automaton for ind has 17532 states.
minimized automaton for ind has 7 states.
...done.
computing complement of preach...
automaton for complement of preach has 6 states.
minimized automaton for complement of preach has 3 states.
...done.
trying to prove abstract safety...
...done.
Result: [0]
This means that the following properties could be separated from the initial configurations:
	[]
While the following properties could not be separated from the initial configurations:
	[ownedmodified]

real	1m42,946s
user	1m42,611s
sys	0m0,217s
********************
32 of 61
/home/jakob/Documents/abstracton/benchmarks/dodo/MOESI.json
t
sharedmodified
Running as unit: run-r5d0318671d554ab3ae7b83d990c85279.scope; invocation ID: 5fd2a8f77f2843d6977e9c882365e9d7
using Trap interpretation
computing ind...
automaton for ind has 1051 states.
minimized automaton for ind has 13 states.
...done.
computing complement of preach...
automaton for complement of preach has 1220 states.
minimized automaton for complement of preach has 49 states.
...done.
trying to prove abstract safety...
...done.
Result: [1]
This means that the following properties could be separated from the initial configurations:
	[sharedmodified]
While the following properties could not be separated from the initial configurations:
	[]

real	0m20,832s
user	0m20,744s
sys	0m0,068s
********************
/home/jakob/Documents/abstracton/benchmarks/dodo/MOESI.json
s
sharedmodified
Running as unit: run-r828bf8c257124ce29e322e84e02b6bf5.scope; invocation ID: bfb517bd3cad45ce8c80ec3e25777fc9
using Siphon interpretation
computing ind...
automaton for ind has 1335 states.
minimized automaton for ind has 5 states.
...done.
computing complement of preach...
automaton for complement of preach has 6 states.
minimized automaton for complement of preach has 3 states.
...done.
trying to prove abstract safety...
...done.
Result: [0]
This means that the following properties could be separated from the initial configurations:
	[]
While the following properties could not be separated from the initial configurations:
	[sharedmodified]

real	0m11,701s
user	0m11,628s
sys	0m0,056s
********************
/home/jakob/Documents/abstracton/benchmarks/dodo/MOESI.json
f
sharedmodified
Running as unit: run-r2e70382a32554528af1aaead880634c9.scope; invocation ID: d4d8569e7af749309d4cc821df879e3a
using Flow interpretation
computing ind...
automaton for ind has 17532 states.
minimized automaton for ind has 7 states.
...done.
computing complement of preach...
automaton for complement of preach has 6 states.
minimized automaton for complement of preach has 3 states.
...done.
trying to prove abstract safety...
...done.
Result: [0]
This means that the following properties could be separated from the initial configurations:
	[]
While the following properties could not be separated from the initial configurations:
	[sharedmodified]

real	1m43,348s
user	1m43,064s
sys	0m0,216s
********************
33 of 61
/home/jakob/Documents/abstracton/benchmarks/dodo/MOESI.json
t
deadlock
Running as unit: run-r29b28e6c629d456287687357080d8768.scope; invocation ID: 565925eb4ed9406390ff9e4caa76e340
using Trap interpretation
computing ind...
automaton for ind has 1051 states.
minimized automaton for ind has 13 states.
...done.
computing complement of preach...
automaton for complement of preach has 1220 states.
minimized automaton for complement of preach has 49 states.
...done.
trying to prove abstract safety...
...done.
Result: [1]
This means that the following properties could be separated from the initial configurations:
	[deadlock]
While the following properties could not be separated from the initial configurations:
	[]

real	0m20,747s
user	0m20,650s
sys	0m0,067s
********************
/home/jakob/Documents/abstracton/benchmarks/dodo/MOESI.json
s
deadlock
Running as unit: run-r3d4dea888aab47d18891defc60ea9800.scope; invocation ID: a23a976d8e034c18a9c4e3597f645920
using Siphon interpretation
computing ind...
automaton for ind has 1335 states.
minimized automaton for ind has 5 states.
...done.
computing complement of preach...
automaton for complement of preach has 6 states.
minimized automaton for complement of preach has 3 states.
...done.
trying to prove abstract safety...
...done.
Result: [1]
This means that the following properties could be separated from the initial configurations:
	[deadlock]
While the following properties could not be separated from the initial configurations:
	[]

real	0m11,633s
user	0m11,558s
sys	0m0,057s
********************
/home/jakob/Documents/abstracton/benchmarks/dodo/MOESI.json
f
deadlock
Running as unit: run-r63d1eba589ca445ea9ab6a36b15ae97a.scope; invocation ID: fa2bacac149348d9a64f6b6f86f6b3a2
using Flow interpretation
computing ind...
automaton for ind has 17532 states.
minimized automaton for ind has 7 states.
...done.
computing complement of preach...
automaton for complement of preach has 6 states.
minimized automaton for complement of preach has 3 states.
...done.
trying to prove abstract safety...
...done.
Result: [1]
This means that the following properties could be separated from the initial configurations:
	[deadlock]
While the following properties could not be separated from the initial configurations:
	[]

real	1m42,512s
user	1m42,228s
sys	0m0,208s
********************
34 of 61
/home/jakob/Documents/abstracton/benchmarks/dodo/Szymanski.json
t
nomutex
Running as unit: run-r81555fb968004e72a5c9526f9098464b.scope; invocation ID: 2dc86e7d49f847709eeb7076a202552f
using Trap interpretation

real	20m2,843s
user	19m37,154s
sys	0m24,710s
********************
/home/jakob/Documents/abstracton/benchmarks/dodo/Szymanski.json
s
nomutex
Running as unit: run-r240f0798fa11427baef6bd503f1eac1d.scope; invocation ID: b67e3fec201649bfb20917c3b6cff1f7
using Siphon interpretation

real	20m3,060s
user	19m37,282s
sys	0m24,776s
********************
/home/jakob/Documents/abstracton/benchmarks/dodo/Szymanski.json
f
nomutex
Running as unit: run-rc0da2a461f6c4aae8d883696af948d8c.scope; invocation ID: 6097530608364758bd838f59bc50b928
using Flow interpretation

real	20m2,982s
user	19m37,582s
sys	0m24,564s
********************
35 of 61
/home/jakob/Documents/abstracton/benchmarks/dodo/Szymanski.json
t
deadlock
Running as unit: run-raa01c9fc1dc04dd68e357f1737037ae8.scope; invocation ID: a11f07928ebc4380a67a7d2c24089d77
using Trap interpretation

real	20m2,862s
user	19m37,450s
sys	0m24,636s
********************
/home/jakob/Documents/abstracton/benchmarks/dodo/Szymanski.json
s
deadlock
Running as unit: run-r22ce1545122b475d9670c1a17fda3f53.scope; invocation ID: f56fd3afb23344089c887aad556db331
using Siphon interpretation

real	20m2,969s
user	19m37,363s
sys	0m24,524s
********************
/home/jakob/Documents/abstracton/benchmarks/dodo/Szymanski.json
f
deadlock
Running as unit: run-r26e558b11fd34e77aa1d8507bb4f8eb4.scope; invocation ID: 324d8b3df5db4610a6ecd2241677fb12
using Flow interpretation

real	20m2,901s
user	19m37,792s
sys	0m24,183s
********************
36 of 61
/home/jakob/Documents/abstracton/benchmarks/dodo/atomic-dining-philosophers.json
t
deadlock
Running as unit: run-r5ba8a3e10e6c4e8b86045511667c78d6.scope; invocation ID: 058ebb26870a4050994accb3ad0d61fb
using Trap interpretation
computing ind...
automaton for ind has 629 states.
minimized automaton for ind has 26 states.
...done.
computing complement of preach...
automaton for complement of preach has 1043 states.
minimized automaton for complement of preach has 207 states.
...done.
trying to prove abstract safety...
...done.
Result: [1]
This means that the following properties could be separated from the initial configurations:
	[deadlock]
While the following properties could not be separated from the initial configurations:
	[]

real	0m2,986s
user	0m2,897s
sys	0m0,057s
********************
/home/jakob/Documents/abstracton/benchmarks/dodo/atomic-dining-philosophers.json
s
deadlock
Running as unit: run-ra1608e6cf1174f52810887306dd879f0.scope; invocation ID: d6587d9453ca48ba8b2211affdeed671
using Siphon interpretation
computing ind...
automaton for ind has 629 states.
minimized automaton for ind has 26 states.
...done.
computing complement of preach...
automaton for complement of preach has 527 states.
minimized automaton for complement of preach has 161 states.
...done.
trying to prove abstract safety...
...done.
Result: [0]
This means that the following properties could be separated from the initial configurations:
	[]
While the following properties could not be separated from the initial configurations:
	[deadlock]

real	0m1,521s
user	0m1,486s
sys	0m0,016s
********************
/home/jakob/Documents/abstracton/benchmarks/dodo/atomic-dining-philosophers.json
f
deadlock
Running as unit: run-r49bf154e002f4aafaab70c1a1eb6df7d.scope; invocation ID: 9a0c02c5a9f74fbab31b0c2e48862467
using Flow interpretation
computing ind...
automaton for ind has 4050 states.
minimized automaton for ind has 59 states.
...done.
computing complement of preach...
automaton for complement of preach has 1955 states.
minimized automaton for complement of preach has 1102 states.
...done.
trying to prove abstract safety...
...done.
Result: [0]
This means that the following properties could be separated from the initial configurations:
	[]
While the following properties could not be separated from the initial configurations:
	[deadlock]

real	4m23,415s
user	4m22,210s
sys	0m0,912s
********************
37 of 61
/home/jakob/Documents/abstracton/benchmarks/dodo/bakery.json
t
nomutex
Running as unit: run-ra00c39c9b0194fe38417ae228b5246ec.scope; invocation ID: ff559a30d2dc4a8c9a9831eb95b42bb7
using Trap interpretation
computing ind...
automaton for ind has 47 states.
minimized automaton for ind has 7 states.
...done.
computing complement of preach...
automaton for complement of preach has 196 states.
minimized automaton for complement of preach has 34 states.
...done.
trying to prove abstract safety...
...done.
Result: [1]
This means that the following properties could be separated from the initial configurations:
	[nomutex]
While the following properties could not be separated from the initial configurations:
	[]

real	0m0,206s
user	0m0,177s
sys	0m0,012s
********************
/home/jakob/Documents/abstracton/benchmarks/dodo/bakery.json
s
nomutex
Running as unit: run-rea13cfcb98b64e22a347204a7bacbe2c.scope; invocation ID: 2ad27bd952324c5a9c9e642918f0fc1e
using Siphon interpretation
computing ind...
automaton for ind has 61 states.
minimized automaton for ind has 4 states.
...done.
computing complement of preach...
automaton for complement of preach has 15 states.
minimized automaton for complement of preach has 5 states.
...done.
trying to prove abstract safety...
...done.
Result: [0]
This means that the following properties could be separated from the initial configurations:
	[]
While the following properties could not be separated from the initial configurations:
	[nomutex]

real	0m0,092s
user	0m0,067s
sys	0m0,010s
********************
/home/jakob/Documents/abstracton/benchmarks/dodo/bakery.json
f
nomutex
Running as unit: run-raa337dab50354451a355e749d42e4510.scope; invocation ID: aba6266220b04ff9808ac8bc3a1c10b7
using Flow interpretation
computing ind...
automaton for ind has 566 states.
minimized automaton for ind has 9 states.
...done.
computing complement of preach...
automaton for complement of preach has 53 states.
minimized automaton for complement of preach has 9 states.
...done.
trying to prove abstract safety...
...done.
Result: [0]
This means that the following properties could be separated from the initial configurations:
	[]
While the following properties could not be separated from the initial configurations:
	[nomutex]

real	0m0,390s
user	0m0,363s
sys	0m0,011s
********************
38 of 61
/home/jakob/Documents/abstracton/benchmarks/dodo/dining-cryptographers.json
t
internal
Running as unit: run-r49d8ccb539894814a09c22d6435b85d4.scope; invocation ID: 1867c72292be4e7da4c9363868c0e5c9
using Trap interpretation
computing ind...

real	20m0,266s
user	19m58,239s
sys	0m1,376s
********************
/home/jakob/Documents/abstracton/benchmarks/dodo/dining-cryptographers.json
s
internal
Running as unit: run-rd64843f4fafd4cd384dad358f90e28ac.scope; invocation ID: 4e0e09ffe25a4e3687df3dc8ed3fd687
using Siphon interpretation
computing ind...

real	20m0,146s
user	19m58,584s
sys	0m0,779s
********************
/home/jakob/Documents/abstracton/benchmarks/dodo/dining-cryptographers.json
f
internal
Running as unit: run-r4be26ad47da54cfd8d0202f2aa908b25.scope; invocation ID: 9db5611ef7b8421eae68dea39c3a322b
using Flow interpretation
computing ind...

real	20m0,308s
user	19m57,603s
sys	0m1,880s
********************
39 of 61
/home/jakob/Documents/abstracton/benchmarks/dodo/dining-cryptographers.json
t
external
Running as unit: run-ra57db903f95f415cafabd3caee74d5dd.scope; invocation ID: fa6d5e010f814720a45730b09e5b34fa
using Trap interpretation
computing ind...

real	20m0,230s
user	19m57,724s
sys	0m1,480s
********************
/home/jakob/Documents/abstracton/benchmarks/dodo/dining-cryptographers.json
s
external
Running as unit: run-r7fe5982535764897940b144560884e02.scope; invocation ID: 7525a569ab9845e6816d96e0d5a64d45
using Siphon interpretation
computing ind...

real	20m0,139s
user	19m58,686s
sys	0m0,764s
********************
/home/jakob/Documents/abstracton/benchmarks/dodo/dining-cryptographers.json
f
external
Running as unit: run-rf57af4c160df4d2d959693e71ca67943.scope; invocation ID: 73b0541e15b44b9186d36686742088b1
using Flow interpretation
computing ind...

real	20m0,306s
user	19m57,864s
sys	0m1,844s
********************
40 of 61
/home/jakob/Documents/abstracton/benchmarks/dodo/dragon.json
t
dirtydirty
Running as unit: run-r941939284d2f43cf9eda6b5df8dd817f.scope; invocation ID: 4dfb1a2dba5e4f609f82a2de305b2c83
using Trap interpretation
computing ind...
automaton for ind has 11601 states.
minimized automaton for ind has 37 states.
...done.
computing complement of preach...
automaton for complement of preach has 4148 states.
minimized automaton for complement of preach has 143 states.
...done.
trying to prove abstract safety...
...done.
Result: [1]
This means that the following properties could be separated from the initial configurations:
	[dirtydirty]
While the following properties could not be separated from the initial configurations:
	[]

real	1m34,205s
user	1m33,926s
sys	0m0,199s
********************
/home/jakob/Documents/abstracton/benchmarks/dodo/dragon.json
s
dirtydirty
Running as unit: run-rd395e1c7ac874ee4a6e38a75ee41782a.scope; invocation ID: 5f0f7900015d4e30a642b0dc00ebac34
using Siphon interpretation
computing ind...
automaton for ind has 11079 states.
minimized automaton for ind has 5 states.
...done.
computing complement of preach...
automaton for complement of preach has 13 states.
minimized automaton for complement of preach has 5 states.
...done.
trying to prove abstract safety...
...done.
Result: [0]
This means that the following properties could be separated from the initial configurations:
	[]
While the following properties could not be separated from the initial configurations:
	[dirtydirty]

real	0m58,608s
user	0m58,402s
sys	0m0,160s
********************
/home/jakob/Documents/abstracton/benchmarks/dodo/dragon.json
f
dirtydirty
Running as unit: run-r863890c5c8834f119dc19c0e03049ae6.scope; invocation ID: 22dbbe69610a4b5596dab5a045979205
using Flow interpretation
computing ind...

real	20m0,119s
user	19m58,371s
sys	0m0,725s
********************
41 of 61
/home/jakob/Documents/abstracton/benchmarks/dodo/dragon.json
t
exclusiveexclusive
Running as unit: run-rb1e4f9f839f34bde81964af834922c0e.scope; invocation ID: 4983732018524cf1a9d4105498a95181
using Trap interpretation
computing ind...
automaton for ind has 11601 states.
minimized automaton for ind has 37 states.
...done.
computing complement of preach...
automaton for complement of preach has 4148 states.
minimized automaton for complement of preach has 143 states.
...done.
trying to prove abstract safety...
...done.
Result: [1]
This means that the following properties could be separated from the initial configurations:
	[exclusiveexclusive]
While the following properties could not be separated from the initial configurations:
	[]

real	1m34,108s
user	1m33,756s
sys	0m0,207s
********************
/home/jakob/Documents/abstracton/benchmarks/dodo/dragon.json
s
exclusiveexclusive
Running as unit: run-r4e2177e9363b49f199f29e5f2d33bb81.scope; invocation ID: b79631206cd44589a80bb85e248501c9
using Siphon interpretation
computing ind...
automaton for ind has 11079 states.
minimized automaton for ind has 5 states.
...done.
computing complement of preach...
automaton for complement of preach has 13 states.
minimized automaton for complement of preach has 5 states.
...done.
trying to prove abstract safety...
...done.
Result: [0]
This means that the following properties could be separated from the initial configurations:
	[]
While the following properties could not be separated from the initial configurations:
	[exclusiveexclusive]

real	0m58,385s
user	0m58,204s
sys	0m0,141s
********************
/home/jakob/Documents/abstracton/benchmarks/dodo/dragon.json
f
exclusiveexclusive
Running as unit: run-rdee303e8c0864d50b8e9f730a2b63b25.scope; invocation ID: e4604c8efd2445368562e27656ca841d
using Flow interpretation
computing ind...

real	89m33,831s
user	19m52,324s
sys	0m1,088s
********************
42 of 61
/home/jakob/Documents/abstracton/benchmarks/dodo/dragon.json
t
dirtysharedexclusive
Running as unit: run-raae446ae56634e098b1432d4b5fd7584.scope; invocation ID: 793fe57c768c4e759012db29f97c80fc
using Trap interpretation
computing ind...
automaton for ind has 11601 states.
minimized automaton for ind has 37 states.
...done.
computing complement of preach...
automaton for complement of preach has 4148 states.
minimized automaton for complement of preach has 143 states.
...done.
trying to prove abstract safety...
...done.
Result: [1]
This means that the following properties could be separated from the initial configurations:
	[dirtysharedexclusive]
While the following properties could not be separated from the initial configurations:
	[]

real	1m31,774s
user	1m31,522s
sys	0m0,192s
********************
/home/jakob/Documents/abstracton/benchmarks/dodo/dragon.json
s
dirtysharedexclusive
Running as unit: run-rb5b9eadc577c44c6b6b0defe34e930b0.scope; invocation ID: 128942fd26bf471b895baac971e12083
using Siphon interpretation
computing ind...
automaton for ind has 11079 states.
minimized automaton for ind has 5 states.
...done.
computing complement of preach...
automaton for complement of preach has 13 states.
minimized automaton for complement of preach has 5 states.
...done.
trying to prove abstract safety...
...done.
Result: [0]
This means that the following properties could be separated from the initial configurations:
	[]
While the following properties could not be separated from the initial configurations:
	[dirtysharedexclusive]

real	0m56,964s
user	0m56,762s
sys	0m0,136s
********************
/home/jakob/Documents/abstracton/benchmarks/dodo/dragon.json
f
dirtysharedexclusive
Running as unit: run-r1678b6c811b34d518755d6b08b6d6fb3.scope; invocation ID: 5d5a2fa3214149c7883debf46d271ccf
using Flow interpretation
computing ind...

real	20m0,974s
user	19m58,161s
sys	0m1,003s
********************
43 of 61
/home/jakob/Documents/abstracton/benchmarks/dodo/dragon.json
t
exclusiveshared
Running as unit: run-re3efbf052aca48af85de95edd84e9c73.scope; invocation ID: 7c7af319213642fe8db606a0777984f7
using Trap interpretation
computing ind...
automaton for ind has 11601 states.
minimized automaton for ind has 37 states.
...done.
computing complement of preach...
automaton for complement of preach has 4148 states.
minimized automaton for complement of preach has 143 states.
...done.
trying to prove abstract safety...
...done.
Result: [1]
This means that the following properties could be separated from the initial configurations:
	[exclusiveshared]
While the following properties could not be separated from the initial configurations:
	[]

real	1m31,533s
user	1m31,294s
sys	0m0,194s
********************
/home/jakob/Documents/abstracton/benchmarks/dodo/dragon.json
s
exclusiveshared
Running as unit: run-rb46ff895c6c64eab96de8edade2b87f7.scope; invocation ID: 5d6f960f0ece46aca4fc6f78c4a5880a
using Siphon interpretation
computing ind...
automaton for ind has 11079 states.
minimized automaton for ind has 5 states.
...done.
computing complement of preach...
automaton for complement of preach has 13 states.
minimized automaton for complement of preach has 5 states.
...done.
trying to prove abstract safety...
...done.
Result: [0]
This means that the following properties could be separated from the initial configurations:
	[]
While the following properties could not be separated from the initial configurations:
	[exclusiveshared]

real	0m57,388s
user	0m57,199s
sys	0m0,154s
********************
/home/jakob/Documents/abstracton/benchmarks/dodo/dragon.json
f
exclusiveshared
Running as unit: run-rcc534c1ee3514c1cbbd31f194f07ad11.scope; invocation ID: 79a8637830b540bbb79ce634b780c06c
using Flow interpretation
computing ind...

real	20m0,117s
user	19m58,734s
sys	0m0,706s
********************
44 of 61
/home/jakob/Documents/abstracton/benchmarks/dodo/dragon.json
t
exclusivedirty
Running as unit: run-r62f7a6382b0f410b934122cf91bed5ac.scope; invocation ID: 807f3e9585af44e79d9a31211e236e92
using Trap interpretation
computing ind...
automaton for ind has 11601 states.
minimized automaton for ind has 37 states.
...done.
computing complement of preach...
automaton for complement of preach has 4148 states.
minimized automaton for complement of preach has 143 states.
...done.
trying to prove abstract safety...
...done.
Result: [1]
This means that the following properties could be separated from the initial configurations:
	[exclusivedirty]
While the following properties could not be separated from the initial configurations:
	[]

real	1m31,137s
user	1m30,884s
sys	0m0,196s
********************
/home/jakob/Documents/abstracton/benchmarks/dodo/dragon.json
s
exclusivedirty
Running as unit: run-r3cf220ec775c4c28950cfe635cdecfa0.scope; invocation ID: daf843a1186e44bab0027a71d1628464
using Siphon interpretation
computing ind...
automaton for ind has 11079 states.
minimized automaton for ind has 5 states.
...done.
computing complement of preach...
automaton for complement of preach has 13 states.
minimized automaton for complement of preach has 5 states.
...done.
trying to prove abstract safety...
...done.
Result: [0]
This means that the following properties could be separated from the initial configurations:
	[]
While the following properties could not be separated from the initial configurations:
	[exclusivedirty]

real	0m57,379s
user	0m57,185s
sys	0m0,148s
********************
/home/jakob/Documents/abstracton/benchmarks/dodo/dragon.json
f
exclusivedirty
Running as unit: run-r0b1dc0193db84d778057c780a9b4d48e.scope; invocation ID: 0994345157ea4f3cad698df253980eac
using Flow interpretation
computing ind...

real	20m0,113s
user	19m58,727s
sys	0m0,870s
********************
45 of 61
/home/jakob/Documents/abstracton/benchmarks/dodo/dragon.json
t
shareddirty
Running as unit: run-rc3e73542af40451081dcc9ef07174f43.scope; invocation ID: a69bcab78e83499ba34a2350c0297e7b
using Trap interpretation
computing ind...
automaton for ind has 11601 states.
minimized automaton for ind has 37 states.
...done.
computing complement of preach...
automaton for complement of preach has 4148 states.
minimized automaton for complement of preach has 143 states.
...done.
trying to prove abstract safety...
...done.
Result: [1]
This means that the following properties could be separated from the initial configurations:
	[shareddirty]
While the following properties could not be separated from the initial configurations:
	[]

real	1m31,351s
user	1m31,101s
sys	0m0,195s
********************
/home/jakob/Documents/abstracton/benchmarks/dodo/dragon.json
s
shareddirty
Running as unit: run-r40709a93f90741eb957c25576e234069.scope; invocation ID: 06d4152130cf4704bcecb998d2eefdff
using Siphon interpretation
computing ind...
automaton for ind has 11079 states.
minimized automaton for ind has 5 states.
...done.
computing complement of preach...
automaton for complement of preach has 13 states.
minimized automaton for complement of preach has 5 states.
...done.
trying to prove abstract safety...
...done.
Result: [0]
This means that the following properties could be separated from the initial configurations:
	[]
While the following properties could not be separated from the initial configurations:
	[shareddirty]

real	0m56,835s
user	0m56,658s
sys	0m0,149s
********************
/home/jakob/Documents/abstracton/benchmarks/dodo/dragon.json
f
shareddirty
Running as unit: run-r5332dc29105045ed959cc4385d427792.scope; invocation ID: 1879d95f366e496cb8c1d5f590b30dc9
using Flow interpretation
computing ind...

real	20m0,111s
user	19m58,787s
sys	0m0,752s
********************
46 of 61
/home/jakob/Documents/abstracton/benchmarks/dodo/dragon.json
t
dirtyshareddirty
Running as unit: run-ra0b99887bbfa4ae58b4d093165e058de.scope; invocation ID: 44dfa6dd2fc84d4f9adffa16753b71b9
using Trap interpretation
computing ind...
automaton for ind has 11601 states.
minimized automaton for ind has 37 states.
...done.
computing complement of preach...
automaton for complement of preach has 4148 states.
minimized automaton for complement of preach has 143 states.
...done.
trying to prove abstract safety...
...done.
Result: [0]
This means that the following properties could be separated from the initial configurations:
	[]
While the following properties could not be separated from the initial configurations:
	[dirtyshareddirty]

real	1m31,544s
user	1m31,318s
sys	0m0,177s
********************
/home/jakob/Documents/abstracton/benchmarks/dodo/dragon.json
s
dirtyshareddirty
Running as unit: run-rf6d75db43ecd426696f6412e86590251.scope; invocation ID: 63e43cff65fb487ca8e8937a98437084
using Siphon interpretation
computing ind...
automaton for ind has 11079 states.
minimized automaton for ind has 5 states.
...done.
computing complement of preach...
automaton for complement of preach has 13 states.
minimized automaton for complement of preach has 5 states.
...done.
trying to prove abstract safety...
...done.
Result: [0]
This means that the following properties could be separated from the initial configurations:
	[]
While the following properties could not be separated from the initial configurations:
	[dirtyshareddirty]

real	0m57,135s
user	0m56,946s
sys	0m0,142s
********************
/home/jakob/Documents/abstracton/benchmarks/dodo/dragon.json
f
dirtyshareddirty
Running as unit: run-r5a69bfd3392a49f1b2dba734d0274a6d.scope; invocation ID: 871f63ed12b8402c8da5fb8733e04059
using Flow interpretation
computing ind...

real	20m0,112s
user	19m58,597s
sys	0m0,837s
********************
47 of 61
/home/jakob/Documents/abstracton/benchmarks/dodo/dragon.json
t
deadlock
Running as unit: run-r47836e53cf50449091494decaa9113da.scope; invocation ID: 3ed157d994de49aca27aee9ab3dee9ac
using Trap interpretation
computing ind...
automaton for ind has 11601 states.
minimized automaton for ind has 37 states.
...done.
computing complement of preach...
automaton for complement of preach has 4148 states.
minimized automaton for complement of preach has 143 states.
...done.
trying to prove abstract safety...
...done.
Result: [1]
This means that the following properties could be separated from the initial configurations:
	[deadlock]
While the following properties could not be separated from the initial configurations:
	[]

real	1m31,179s
user	1m30,959s
sys	0m0,169s
********************
/home/jakob/Documents/abstracton/benchmarks/dodo/dragon.json
s
deadlock
Running as unit: run-r29c20835a70c479bbe0937f8f84f61f1.scope; invocation ID: 759d3f91e10e4fa7960c723ccc212e78
using Siphon interpretation
computing ind...
automaton for ind has 11079 states.
minimized automaton for ind has 5 states.
...done.
computing complement of preach...
automaton for complement of preach has 13 states.
minimized automaton for complement of preach has 5 states.
...done.
trying to prove abstract safety...
...done.
Result: [1]
This means that the following properties could be separated from the initial configurations:
	[deadlock]
While the following properties could not be separated from the initial configurations:
	[]

real	0m57,047s
user	0m56,850s
sys	0m0,149s
********************
/home/jakob/Documents/abstracton/benchmarks/dodo/dragon.json
f
deadlock
Running as unit: run-r04bc9fbf09ae49f4ab0fc36e706683be.scope; invocation ID: 1456c8d4fe99485c9c90ba39a9ba124c
using Flow interpretation
computing ind...

real	20m0,128s
user	19m58,491s
sys	0m0,862s
********************
48 of 61
/home/jakob/Documents/abstracton/benchmarks/dodo/firefly.json
t
dirtydirty
Running as unit: run-r909ce29332a4432faa8dee0e5810b433.scope; invocation ID: 70b2b3de8cdd447391c22e5056b51468
using Trap interpretation
computing ind...
automaton for ind has 2261 states.
minimized automaton for ind has 6 states.
...done.
computing complement of preach...
automaton for complement of preach has 57 states.
minimized automaton for complement of preach has 11 states.
...done.
trying to prove abstract safety...
...done.
Result: [0]
This means that the following properties could be separated from the initial configurations:
	[]
While the following properties could not be separated from the initial configurations:
	[dirtydirty]

real	0m6,650s
user	0m6,594s
sys	0m0,031s
********************
/home/jakob/Documents/abstracton/benchmarks/dodo/firefly.json
s
dirtydirty
Running as unit: run-r661d97f5ac72411e8b7097c9847b277b.scope; invocation ID: f1f8e9007e7e42e5ae2c8e583ffcfefb
using Siphon interpretation
computing ind...
automaton for ind has 3631 states.
minimized automaton for ind has 5 states.
...done.
computing complement of preach...
automaton for complement of preach has 5 states.
minimized automaton for complement of preach has 3 states.
...done.
trying to prove abstract safety...
...done.
Result: [0]
This means that the following properties could be separated from the initial configurations:
	[]
While the following properties could not be separated from the initial configurations:
	[dirtydirty]

real	0m5,756s
user	0m5,706s
sys	0m0,033s
********************
/home/jakob/Documents/abstracton/benchmarks/dodo/firefly.json
f
dirtydirty
Running as unit: run-rd40fbcc8ff8641e29b0e627f0f8e64e0.scope; invocation ID: 0cd5d37d9e644c039ad096199a34abec
using Flow interpretation
computing ind...
automaton for ind has 24942 states.
minimized automaton for ind has 7 states.
...done.
computing complement of preach...
automaton for complement of preach has 5 states.
minimized automaton for complement of preach has 3 states.
...done.
trying to prove abstract safety...
...done.
Result: [0]
This means that the following properties could be separated from the initial configurations:
	[]
While the following properties could not be separated from the initial configurations:
	[dirtydirty]

real	1m34,504s
user	1m34,267s
sys	0m0,169s
********************
49 of 61
/home/jakob/Documents/abstracton/benchmarks/dodo/firefly.json
t
exclusiveexclusive
Running as unit: run-r3248354cc6a2484aa0a98b8ec35f3749.scope; invocation ID: 6793177eef174c1db501be4e2839722f
using Trap interpretation
computing ind...
automaton for ind has 2261 states.
minimized automaton for ind has 6 states.
...done.
computing complement of preach...
automaton for complement of preach has 57 states.
minimized automaton for complement of preach has 11 states.
...done.
trying to prove abstract safety...
...done.
Result: [0]
This means that the following properties could be separated from the initial configurations:
	[]
While the following properties could not be separated from the initial configurations:
	[exclusiveexclusive]

real	0m6,549s
user	0m6,494s
sys	0m0,032s
********************
/home/jakob/Documents/abstracton/benchmarks/dodo/firefly.json
s
exclusiveexclusive
Running as unit: run-r315b267e71734c60993a73e5de184d31.scope; invocation ID: 265f7ae190f146e6925837688b684a26
using Siphon interpretation
computing ind...
automaton for ind has 3631 states.
minimized automaton for ind has 5 states.
...done.
computing complement of preach...
automaton for complement of preach has 5 states.
minimized automaton for complement of preach has 3 states.
...done.
trying to prove abstract safety...
...done.
Result: [0]
This means that the following properties could be separated from the initial configurations:
	[]
While the following properties could not be separated from the initial configurations:
	[exclusiveexclusive]

real	0m5,719s
user	0m5,668s
sys	0m0,034s
********************
/home/jakob/Documents/abstracton/benchmarks/dodo/firefly.json
f
exclusiveexclusive
Running as unit: run-rf72554ed8f5e45bc8ef93def714a5e81.scope; invocation ID: bfff2fdf853249bfadcbd60bc3ea8741
using Flow interpretation
computing ind...
automaton for ind has 24942 states.
minimized automaton for ind has 7 states.
...done.
computing complement of preach...
automaton for complement of preach has 5 states.
minimized automaton for complement of preach has 3 states.
...done.
trying to prove abstract safety...
...done.
Result: [0]
This means that the following properties could be separated from the initial configurations:
	[]
While the following properties could not be separated from the initial configurations:
	[exclusiveexclusive]

real	1m34,046s
user	1m33,793s
sys	0m0,159s
********************
50 of 61
/home/jakob/Documents/abstracton/benchmarks/dodo/firefly.json
t
dirtyshared
Running as unit: run-re801367225d346f79b74f126c9c409b5.scope; invocation ID: 450e8cc85b1b4b26937548bcdd0ddc03
using Trap interpretation
computing ind...
automaton for ind has 2261 states.
minimized automaton for ind has 6 states.
...done.
computing complement of preach...
automaton for complement of preach has 57 states.
minimized automaton for complement of preach has 11 states.
...done.
trying to prove abstract safety...
...done.
Result: [0]
This means that the following properties could be separated from the initial configurations:
	[]
While the following properties could not be separated from the initial configurations:
	[dirtyshared]

real	0m6,561s
user	0m6,503s
sys	0m0,036s
********************
/home/jakob/Documents/abstracton/benchmarks/dodo/firefly.json
s
dirtyshared
Running as unit: run-r3f58825d3fa24ec69db7e48fb70df7a6.scope; invocation ID: 0ef904d1f5374876a996e07b8385abb3
using Siphon interpretation
computing ind...
automaton for ind has 3631 states.
minimized automaton for ind has 5 states.
...done.
computing complement of preach...
automaton for complement of preach has 5 states.
minimized automaton for complement of preach has 3 states.
...done.
trying to prove abstract safety...
...done.
Result: [0]
This means that the following properties could be separated from the initial configurations:
	[]
While the following properties could not be separated from the initial configurations:
	[dirtyshared]

real	0m5,818s
user	0m5,763s
sys	0m0,028s
********************
/home/jakob/Documents/abstracton/benchmarks/dodo/firefly.json
f
dirtyshared
Running as unit: run-rd64eaf0bb71146f5adc3a62549160675.scope; invocation ID: ceb18837923e4c4793120f12751b94f2
using Flow interpretation
computing ind...
automaton for ind has 24942 states.
minimized automaton for ind has 7 states.
...done.
computing complement of preach...
automaton for complement of preach has 5 states.
minimized automaton for complement of preach has 3 states.
...done.
trying to prove abstract safety...
...done.
Result: [0]
This means that the following properties could be separated from the initial configurations:
	[]
While the following properties could not be separated from the initial configurations:
	[dirtyshared]

real	1m33,456s
user	1m33,228s
sys	0m0,130s
********************
51 of 61
/home/jakob/Documents/abstracton/benchmarks/dodo/firefly.json
t
dirtyexclusive
Running as unit: run-rc9370fa1a21149fcb8a6dd2d72d1203f.scope; invocation ID: be5053914d164c46a53bf08da52f6167
using Trap interpretation
computing ind...
automaton for ind has 2261 states.
minimized automaton for ind has 6 states.
...done.
computing complement of preach...
automaton for complement of preach has 57 states.
minimized automaton for complement of preach has 11 states.
...done.
trying to prove abstract safety...
...done.
Result: [0]
This means that the following properties could be separated from the initial configurations:
	[]
While the following properties could not be separated from the initial configurations:
	[dirtyexclusive]

real	0m6,448s
user	0m6,399s
sys	0m0,032s
********************
/home/jakob/Documents/abstracton/benchmarks/dodo/firefly.json
s
dirtyexclusive
Running as unit: run-rd4408fbbf1e7413dbccd52af75fc1d01.scope; invocation ID: dc76e5a63893441ca58cabadace510da
using Siphon interpretation
computing ind...
automaton for ind has 3631 states.
minimized automaton for ind has 5 states.
...done.
computing complement of preach...
automaton for complement of preach has 5 states.
minimized automaton for complement of preach has 3 states.
...done.
trying to prove abstract safety...
...done.
Result: [0]
This means that the following properties could be separated from the initial configurations:
	[]
While the following properties could not be separated from the initial configurations:
	[dirtyexclusive]

real	0m5,820s
user	0m5,770s
sys	0m0,029s
********************
/home/jakob/Documents/abstracton/benchmarks/dodo/firefly.json
f
dirtyexclusive
Running as unit: run-r068d2e29d4494da6accaa9374723dc23.scope; invocation ID: a2723dd94b844a229b3ee344ece27bd9
using Flow interpretation
computing ind...
automaton for ind has 24942 states.
minimized automaton for ind has 7 states.
...done.
computing complement of preach...
automaton for complement of preach has 5 states.
minimized automaton for complement of preach has 3 states.
...done.
trying to prove abstract safety...
...done.
Result: [0]
This means that the following properties could be separated from the initial configurations:
	[]
While the following properties could not be separated from the initial configurations:
	[dirtyexclusive]

real	1m34,018s
user	1m33,836s
sys	0m0,126s
********************
52 of 61
/home/jakob/Documents/abstracton/benchmarks/dodo/firefly.json
t
deadlock
Running as unit: run-r2f3de25ad57d4b74addab4aa08493d2d.scope; invocation ID: e5a4fdaff97245a282de71c4b6ffe89c
using Trap interpretation
computing ind...
automaton for ind has 2261 states.
minimized automaton for ind has 6 states.
...done.
computing complement of preach...
automaton for complement of preach has 57 states.
minimized automaton for complement of preach has 11 states.
...done.
trying to prove abstract safety...
...done.
Result: [1]
This means that the following properties could be separated from the initial configurations:
	[deadlock]
While the following properties could not be separated from the initial configurations:
	[]

real	0m6,548s
user	0m6,490s
sys	0m0,034s
********************
/home/jakob/Documents/abstracton/benchmarks/dodo/firefly.json
s
deadlock
Running as unit: run-r4c7dd22e64ba49a58b6e0540398060ee.scope; invocation ID: cf4b6e35aa824f849b55e6420fcd8a20
using Siphon interpretation
computing ind...
automaton for ind has 3631 states.
minimized automaton for ind has 5 states.
...done.
computing complement of preach...
automaton for complement of preach has 5 states.
minimized automaton for complement of preach has 3 states.
...done.
trying to prove abstract safety...
...done.
Result: [1]
This means that the following properties could be separated from the initial configurations:
	[deadlock]
While the following properties could not be separated from the initial configurations:
	[]

real	0m5,697s
user	0m5,645s
sys	0m0,034s
********************
/home/jakob/Documents/abstracton/benchmarks/dodo/firefly.json
f
deadlock
Running as unit: run-r2a769ea0654f41f19cb69731f2da5b8e.scope; invocation ID: 24d01064e9de46ccb810f4123bf9bec2
using Flow interpretation
computing ind...
automaton for ind has 24942 states.
minimized automaton for ind has 7 states.
...done.
computing complement of preach...
automaton for complement of preach has 5 states.
minimized automaton for complement of preach has 3 states.
...done.
trying to prove abstract safety...
...done.
Result: [1]
This means that the following properties could be separated from the initial configurations:
	[deadlock]
While the following properties could not be separated from the initial configurations:
	[]

real	1m34,186s
user	1m33,994s
sys	0m0,117s
********************
53 of 61
/home/jakob/Documents/abstracton/benchmarks/dodo/left-dining-philosophers.json
t
deadlock
Running as unit: run-r720dbcf74a274246a65193b6b71e9817.scope; invocation ID: bcdb94a28977489dbb66dc93614cfa73
using Trap interpretation
computing ind...
automaton for ind has 5678 states.
minimized automaton for ind has 41 states.
...done.
computing complement of preach...
automaton for complement of preach has 6441 states.
minimized automaton for complement of preach has 282 states.
...done.
trying to prove abstract safety...
...done.
Result: [0]
This means that the following properties could be separated from the initial configurations:
	[]
While the following properties could not be separated from the initial configurations:
	[deadlock]

real	4m26,550s
user	4m25,467s
sys	0m0,902s
********************
/home/jakob/Documents/abstracton/benchmarks/dodo/left-dining-philosophers.json
s
deadlock
Running as unit: run-r7016f9d3a6d64b7dabca2b41206fc30c.scope; invocation ID: dbf21a8030a844b6a38dc3ea9ec01b60
using Siphon interpretation
computing ind...
automaton for ind has 5673 states.
minimized automaton for ind has 42 states.
...done.
computing complement of preach...
automaton for complement of preach has 2916 states.
minimized automaton for complement of preach has 210 states.
...done.
trying to prove abstract safety...
...done.
Result: [0]
This means that the following properties could be separated from the initial configurations:
	[]
While the following properties could not be separated from the initial configurations:
	[deadlock]

real	2m21,417s
user	2m20,725s
sys	0m0,564s
********************
/home/jakob/Documents/abstracton/benchmarks/dodo/left-dining-philosophers.json
f
deadlock
Running as unit: run-r6e4fbf8a3cfe4761a5c54c1cc8c750a2.scope; invocation ID: bc33dfb3478b426895d6f7cbc38f417d
using Flow interpretation
computing ind...
automaton for ind has 44692 states.
minimized automaton for ind has 74 states.
...done.
computing complement of preach...
automaton for complement of preach has 6612 states.

real	20m0,169s
user	19m57,223s
sys	0m2,241s
********************
54 of 61
/home/jakob/Documents/abstracton/benchmarks/dodo/lehmann-rabin.json
t
deadlock
Running as unit: run-r19b8bdf8d7cd45d482991655ce2c4fdb.scope; invocation ID: fc7581df68c646549bf9e6a34ae40d76
using Trap interpretation
computing ind...
automaton for ind has 3030 states.
minimized automaton for ind has 13 states.
...done.
computing complement of preach...
automaton for complement of preach has 1556 states.
minimized automaton for complement of preach has 50 states.
...done.
trying to prove abstract safety...
...done.
Result: [1]
This means that the following properties could be separated from the initial configurations:
	[deadlock]
While the following properties could not be separated from the initial configurations:
	[]

real	2m38,065s
user	2m37,271s
sys	0m0,574s
********************
/home/jakob/Documents/abstracton/benchmarks/dodo/lehmann-rabin.json
s
deadlock
Running as unit: run-r7dba768dc81a49b68051f3bbea53665b.scope; invocation ID: 04b9b707699942e39bb740cc2b079d2f
using Siphon interpretation
computing ind...
automaton for ind has 3030 states.
minimized automaton for ind has 13 states.
...done.
computing complement of preach...
automaton for complement of preach has 784 states.
minimized automaton for complement of preach has 38 states.
...done.
trying to prove abstract safety...
...done.
Result: [0]
This means that the following properties could be separated from the initial configurations:
	[]
While the following properties could not be separated from the initial configurations:
	[deadlock]

real	1m22,637s
user	1m22,202s
sys	0m0,370s
********************
/home/jakob/Documents/abstracton/benchmarks/dodo/lehmann-rabin.json
f
deadlock
Running as unit: run-r95a156b0a7f64827a3296947172b280e.scope; invocation ID: cc3d96e5e963497fac9378dc67ce7caa
using Flow interpretation
computing ind...
automaton for ind has 17748 states.
minimized automaton for ind has 27 states.
...done.
computing complement of preach...
automaton for complement of preach has 1661 states.
minimized automaton for complement of preach has 115 states.
...done.
trying to prove abstract safety...
...done.
Result: [0]
This means that the following properties could be separated from the initial configurations:
	[]
While the following properties could not be separated from the initial configurations:
	[deadlock]

real	9m23,881s
user	9m21,755s
sys	0m1,670s
********************
55 of 61
/home/jakob/Documents/abstracton/benchmarks/dodo/synapse.json
t
dirtydirty
Running as unit: run-rd015a163af104f95873284ef0cf23b7e.scope; invocation ID: 10793317a6524b269b15a930abaec504
using Trap interpretation
computing ind...
automaton for ind has 61 states.
minimized automaton for ind has 5 states.
...done.
computing complement of preach...
automaton for complement of preach has 65 states.
minimized automaton for complement of preach has 12 states.
...done.
trying to prove abstract safety...
...done.
Result: [1]
This means that the following properties could be separated from the initial configurations:
	[dirtydirty]
While the following properties could not be separated from the initial configurations:
	[]

real	0m0,282s
user	0m0,249s
sys	0m0,011s
********************
/home/jakob/Documents/abstracton/benchmarks/dodo/synapse.json
s
dirtydirty
Running as unit: run-r1f1d22b7489141e3ae3bd2e385141d88.scope; invocation ID: 8e042d159c1c49a596f0a4f71dc5622c
using Siphon interpretation
computing ind...
automaton for ind has 58 states.
minimized automaton for ind has 3 states.
...done.
computing complement of preach...
automaton for complement of preach has 0 states.
minimized automaton for complement of preach has 0 states.
...done.
trying to prove abstract safety...
...done.
Result: [0]
This means that the following properties could be separated from the initial configurations:
	[]
While the following properties could not be separated from the initial configurations:
	[dirtydirty]

real	0m0,166s
user	0m0,139s
sys	0m0,009s
********************
/home/jakob/Documents/abstracton/benchmarks/dodo/synapse.json
f
dirtydirty
Running as unit: run-r782dc8a85bae444f8ab641851bdf9294.scope; invocation ID: 247aa710967e452c8d64d02a57e66680
using Flow interpretation
computing ind...
automaton for ind has 214 states.
minimized automaton for ind has 5 states.
...done.
computing complement of preach...
automaton for complement of preach has 0 states.
minimized automaton for complement of preach has 0 states.
...done.
trying to prove abstract safety...
...done.
Result: [0]
This means that the following properties could be separated from the initial configurations:
	[]
While the following properties could not be separated from the initial configurations:
	[dirtydirty]

real	0m0,510s
user	0m0,482s
sys	0m0,015s
********************
56 of 61
/home/jakob/Documents/abstracton/benchmarks/dodo/synapse.json
t
dirtyvalid
Running as unit: run-r7a8725ba80714dd88375a2f2afd558bf.scope; invocation ID: ff18007210e84a5f96476819c3302ac6
using Trap interpretation
computing ind...
automaton for ind has 61 states.
minimized automaton for ind has 5 states.
...done.
computing complement of preach...
automaton for complement of preach has 65 states.
minimized automaton for complement of preach has 12 states.
...done.
trying to prove abstract safety...
...done.
Result: [1]
This means that the following properties could be separated from the initial configurations:
	[dirtyvalid]
While the following properties could not be separated from the initial configurations:
	[]

real	0m0,247s
user	0m0,224s
sys	0m0,011s
********************
/home/jakob/Documents/abstracton/benchmarks/dodo/synapse.json
s
dirtyvalid
Running as unit: run-r0217837f840444fe859bb4400445a60a.scope; invocation ID: 8f0aedebe8a5484b837afbd4a8730737
using Siphon interpretation
computing ind...
automaton for ind has 58 states.
minimized automaton for ind has 3 states.
...done.
computing complement of preach...
automaton for complement of preach has 0 states.
minimized automaton for complement of preach has 0 states.
...done.
trying to prove abstract safety...
...done.
Result: [0]
This means that the following properties could be separated from the initial configurations:
	[]
While the following properties could not be separated from the initial configurations:
	[dirtyvalid]

real	0m0,133s
user	0m0,111s
sys	0m0,012s
********************
/home/jakob/Documents/abstracton/benchmarks/dodo/synapse.json
f
dirtyvalid
Running as unit: run-r9215966fb58c4839b9148c6dc4b423c9.scope; invocation ID: 25ab7582c9a44e50a1183e86e78eb981
using Flow interpretation
computing ind...
automaton for ind has 214 states.
minimized automaton for ind has 5 states.
...done.
computing complement of preach...
automaton for complement of preach has 0 states.
minimized automaton for complement of preach has 0 states.
...done.
trying to prove abstract safety...
...done.
Result: [0]
This means that the following properties could be separated from the initial configurations:
	[]
While the following properties could not be separated from the initial configurations:
	[dirtyvalid]

real	0m0,504s
user	0m0,481s
sys	0m0,011s
********************
57 of 61
/home/jakob/Documents/abstracton/benchmarks/dodo/synapse.json
t
deadlock
Running as unit: run-r82df05573ff547afb7dde3f200e467fd.scope; invocation ID: 5f7bac45b028451982c995718e49b809
using Trap interpretation
computing ind...
automaton for ind has 61 states.
minimized automaton for ind has 5 states.
...done.
computing complement of preach...
automaton for complement of preach has 65 states.
minimized automaton for complement of preach has 12 states.
...done.
trying to prove abstract safety...
...done.
Result: [1]
This means that the following properties could be separated from the initial configurations:
	[deadlock]
While the following properties could not be separated from the initial configurations:
	[]

real	0m0,256s
user	0m0,228s
sys	0m0,015s
********************
/home/jakob/Documents/abstracton/benchmarks/dodo/synapse.json
s
deadlock
Running as unit: run-r751ac4ec3553484399d90786cdb27c0d.scope; invocation ID: 3401c0dcd8dc47d5bfc9b8176ae33b1c
using Siphon interpretation
computing ind...
automaton for ind has 58 states.
minimized automaton for ind has 3 states.
...done.
computing complement of preach...
automaton for complement of preach has 0 states.
minimized automaton for complement of preach has 0 states.
...done.
trying to prove abstract safety...
...done.
Result: [1]
This means that the following properties could be separated from the initial configurations:
	[deadlock]
While the following properties could not be separated from the initial configurations:
	[]

real	0m0,147s
user	0m0,118s
sys	0m0,010s
********************
/home/jakob/Documents/abstracton/benchmarks/dodo/synapse.json
f
deadlock
Running as unit: run-r9197773e34fc4e9ca40d73f0de077eb9.scope; invocation ID: 9c641ddb0db94cb9bea17a4a659bfaaf
using Flow interpretation
computing ind...
automaton for ind has 214 states.
minimized automaton for ind has 5 states.
...done.
computing complement of preach...
automaton for complement of preach has 0 states.
minimized automaton for complement of preach has 0 states.
...done.
trying to prove abstract safety...
...done.
Result: [1]
This means that the following properties could be separated from the initial configurations:
	[deadlock]
While the following properties could not be separated from the initial configurations:
	[]

real	0m0,538s
user	0m0,512s
sys	0m0,011s
********************
58 of 61
/home/jakob/Documents/abstracton/benchmarks/dodo/token-passing-no-invariant.json
t
notoken
Running as unit: run-r8805b8a8b13146eb84dd3bd81c0f0457.scope; invocation ID: d6f2eb255d0e4d92b248c27fd4e4d0a3
using Trap interpretation
computing ind...
automaton for ind has 14 states.
minimized automaton for ind has 5 states.
...done.
computing complement of preach...
automaton for complement of preach has 30 states.
minimized automaton for complement of preach has 9 states.
...done.
trying to prove abstract safety...
...done.
Result: [1]
This means that the following properties could be separated from the initial configurations:
	[notoken]
While the following properties could not be separated from the initial configurations:
	[]

real	0m0,075s
user	0m0,037s
sys	0m0,012s
********************
/home/jakob/Documents/abstracton/benchmarks/dodo/token-passing-no-invariant.json
s
notoken
Running as unit: run-rfa23714e7a3f417485a77e7f5a158042.scope; invocation ID: a91516c1942a4e03b8d7fe9c2ebefad8
using Siphon interpretation
computing ind...
automaton for ind has 14 states.
minimized automaton for ind has 5 states.
...done.
computing complement of preach...
automaton for complement of preach has 22 states.
minimized automaton for complement of preach has 9 states.
...done.
trying to prove abstract safety...
...done.
Result: [0]
This means that the following properties could be separated from the initial configurations:
	[]
While the following properties could not be separated from the initial configurations:
	[notoken]

real	0m0,044s
user	0m0,024s
sys	0m0,007s
********************
/home/jakob/Documents/abstracton/benchmarks/dodo/token-passing-no-invariant.json
f
notoken
Running as unit: run-rc1d75843187c45a5a09a44805f6f9610.scope; invocation ID: f394c52d7ea9470ca826ac2cca5fe829
using Flow interpretation
computing ind...
automaton for ind has 104 states.
minimized automaton for ind has 13 states.
...done.
computing complement of preach...
automaton for complement of preach has 114 states.
minimized automaton for complement of preach has 25 states.
...done.
trying to prove abstract safety...
...done.
Result: [1]
This means that the following properties could be separated from the initial configurations:
	[notoken]
While the following properties could not be separated from the initial configurations:
	[]

real	0m0,102s
user	0m0,082s
sys	0m0,010s
********************
59 of 61
/home/jakob/Documents/abstracton/benchmarks/dodo/token-passing-no-invariant.json
t
manytoken
Running as unit: run-r419460bf40614cc38e751182ab3af7f5.scope; invocation ID: 5d852088a491475093d77f16ebf271c8
using Trap interpretation
computing ind...
automaton for ind has 14 states.
minimized automaton for ind has 5 states.
...done.
computing complement of preach...
automaton for complement of preach has 30 states.
minimized automaton for complement of preach has 9 states.
...done.
trying to prove abstract safety...
...done.
Result: [0]
This means that the following properties could be separated from the initial configurations:
	[]
While the following properties could not be separated from the initial configurations:
	[manytoken]

real	0m0,059s
user	0m0,036s
sys	0m0,010s
********************
/home/jakob/Documents/abstracton/benchmarks/dodo/token-passing-no-invariant.json
s
manytoken
Running as unit: run-r96b1891a15c7459eb11dc60727482e2c.scope; invocation ID: e413acec467d4a9f8adcfaa263c74814
using Siphon interpretation
computing ind...
automaton for ind has 14 states.
minimized automaton for ind has 5 states.
...done.
computing complement of preach...
automaton for complement of preach has 22 states.
minimized automaton for complement of preach has 9 states.
...done.
trying to prove abstract safety...
...done.
Result: [0]
This means that the following properties could be separated from the initial configurations:
	[]
While the following properties could not be separated from the initial configurations:
	[manytoken]

real	0m0,052s
user	0m0,021s
sys	0m0,010s
********************
/home/jakob/Documents/abstracton/benchmarks/dodo/token-passing-no-invariant.json
f
manytoken
Running as unit: run-r16a8c22bd61e4651b51411127543b267.scope; invocation ID: e395aa1f833b4405a9d578b5aa33377e
using Flow interpretation
computing ind...
automaton for ind has 104 states.
minimized automaton for ind has 13 states.
...done.
computing complement of preach...
automaton for complement of preach has 114 states.
minimized automaton for complement of preach has 25 states.
...done.
trying to prove abstract safety...
...done.
Result: [1]
This means that the following properties could be separated from the initial configurations:
	[manytoken]
While the following properties could not be separated from the initial configurations:
	[]

real	0m0,108s
user	0m0,085s
sys	0m0,009s
********************
60 of 61
/home/jakob/Documents/abstracton/benchmarks/dodo/token-passing.json
t
notoken
Running as unit: run-re90dc0d2a8a74d44ae42193c9bd4ddf0.scope; invocation ID: 5a406f09be1f45cda0cb3ad85af4f44d
using Trap interpretation
computing ind...
automaton for ind has 12 states.
minimized automaton for ind has 6 states.
...done.
computing complement of preach...
automaton for complement of preach has 70 states.
minimized automaton for complement of preach has 14 states.
...done.
trying to prove abstract safety...
...done.
Result: [1]
This means that the following properties could be separated from the initial configurations:
	[notoken]
While the following properties could not be separated from the initial configurations:
	[]

real	0m0,083s
user	0m0,057s
sys	0m0,007s
********************
/home/jakob/Documents/abstracton/benchmarks/dodo/token-passing.json
s
notoken
Running as unit: run-r21018365934841bea8c30bfca3835bd2.scope; invocation ID: d57b16493c004651af8eb717377664a9
using Siphon interpretation
computing ind...
automaton for ind has 13 states.
minimized automaton for ind has 6 states.
...done.
computing complement of preach...
automaton for complement of preach has 60 states.
minimized automaton for complement of preach has 13 states.
...done.
trying to prove abstract safety...
...done.
Result: [0]
This means that the following properties could be separated from the initial configurations:
	[]
While the following properties could not be separated from the initial configurations:
	[notoken]

real	0m0,053s
user	0m0,036s
sys	0m0,008s
********************
/home/jakob/Documents/abstracton/benchmarks/dodo/token-passing.json
f
notoken
Running as unit: run-r81a71bdf59d74970b58cdf99701b5dba.scope; invocation ID: 2de4206c13f3476ca32f20fbdeba527c
using Flow interpretation
computing ind...
automaton for ind has 67 states.
minimized automaton for ind has 16 states.
...done.
computing complement of preach...
automaton for complement of preach has 542 states.
minimized automaton for complement of preach has 12 states.
...done.
trying to prove abstract safety...
...done.
Result: [1]
This means that the following properties could be separated from the initial configurations:
	[notoken]
While the following properties could not be separated from the initial configurations:
	[]

real	0m10,170s
user	0m10,069s
sys	0m0,078s
********************
61 of 61
/home/jakob/Documents/abstracton/benchmarks/dodo/token-passing.json
t
manytoken
Running as unit: run-r1007656baa044d138544a68e8c062d5e.scope; invocation ID: 41c8e65fcd1e430491b40c129d3314b2
using Trap interpretation
computing ind...
automaton for ind has 12 states.
minimized automaton for ind has 6 states.
...done.
computing complement of preach...
automaton for complement of preach has 70 states.
minimized automaton for complement of preach has 14 states.
...done.
trying to prove abstract safety...
...done.
Result: [1]
This means that the following properties could be separated from the initial configurations:
	[manytoken]
While the following properties could not be separated from the initial configurations:
	[]

real	0m0,076s
user	0m0,052s
sys	0m0,010s
********************
/home/jakob/Documents/abstracton/benchmarks/dodo/token-passing.json
s
manytoken
Running as unit: run-r5ec7ab5384b84bcfbbc3a9297b70f9e0.scope; invocation ID: 97b33a45552d48658641274c85557163
using Siphon interpretation
computing ind...
automaton for ind has 13 states.
minimized automaton for ind has 6 states.
...done.
computing complement of preach...
automaton for complement of preach has 60 states.
minimized automaton for complement of preach has 13 states.
...done.
trying to prove abstract safety...
...done.
Result: [0]
This means that the following properties could be separated from the initial configurations:
	[]
While the following properties could not be separated from the initial configurations:
	[manytoken]

real	0m0,060s
user	0m0,038s
sys	0m0,008s
********************
/home/jakob/Documents/abstracton/benchmarks/dodo/token-passing.json
f
manytoken
Running as unit: run-r8988084ad0334795ac08b7503985e931.scope; invocation ID: c032d0280d1447ef93a03068657a5737
using Flow interpretation
computing ind...
automaton for ind has 67 states.
minimized automaton for ind has 16 states.
...done.
computing complement of preach...
automaton for complement of preach has 542 states.
minimized automaton for complement of preach has 12 states.
...done.
trying to prove abstract safety...
...done.
Result: [1]
This means that the following properties could be separated from the initial configurations:
	[manytoken]
While the following properties could not be separated from the initial configurations:
	[]

real	0m9,656s
user	0m9,538s
sys	0m0,100s
********************
