0 of 61
/home/jakob/Documents/abstracton/benchmarks/dodo/Berkeley.json
t
exclusiveexclusive
Running as unit: run-r9de07a4db2cf453ab58c85e266f13dfa.scope; invocation ID: a42af6b54dea4f5e947e662b2dc9d254
Time needed for parsing json file: 2281[µs]
alphabet size: 4
using Trap interpretation
Time needed for constructing Trap interpretation transducer: 2296[µs]
computing ind...
Time needed for constructing complement of ind: 4336[µs]
Time needed for computing ind: 164651[µs]
Time needed for minimizing ind: 18354[µs]
Time needed for computing ind (total): 187457[µs]
automaton for ind has 10 states.
...done.
computing complement of preach...
Time needed for constructing identity on ind: 377[µs]
Time needed for computing product v_id of abstraction framework with identity on ind: 14625[µs]
Time needed for computing product of v_id with complement of abstraction framework: 66899[µs]
Time needed for computing complement of preach: 258309[µs]
automaton for complement of preach has 462 states.
...of which, 14 states are at level 0.
Time needed for trimming complement of preach: 1752[µs]
...done.
trying to prove abstract safety...
Time needed for constructing transducer for unsafe property: 10[µs]
Time needed for constructing transducer for (initial, unsafe) pairs: 230[µs]
Time needed for constructing transducer for complement of (initial, unsafe) pairs: 453[µs]
Time needed for building union of complements of preach and (initial, unsafe)-transducer: 529[µs]
Time needed for checking universality using lazy algorithm: 4339[µs]
Time needed for checking abstract safety: 5703[µs]
...done.
Result: [0]
This means that the following properties could be separated from the initial configurations:
	[]
While the following properties could not be separated from the initial configurations:
	[exclusiveexclusive]

real	0m0,489s
user	0m0,453s
sys	0m0,019s
********************
/home/jakob/Documents/abstracton/benchmarks/dodo/Berkeley.json
s
exclusiveexclusive
Running as unit: run-rde7be26ca7ef46c1913189f094bf54a0.scope; invocation ID: ddba3167df814576978c1709508b6581
Time needed for parsing json file: 2144[µs]
alphabet size: 4
using Siphon interpretation
Time needed for constructing Siphon interpretation transducer: 1084[µs]
computing ind...
Time needed for constructing complement of ind: 1809[µs]
Time needed for computing ind: 25475[µs]
Time needed for minimizing ind: 6761[µs]
Time needed for computing ind (total): 34140[µs]
automaton for ind has 5 states.
...done.
computing complement of preach...
Time needed for constructing identity on ind: 205[µs]
Time needed for computing product v_id of abstraction framework with identity on ind: 2485[µs]
Time needed for computing product of v_id with complement of abstraction framework: 615[µs]
Time needed for computing complement of preach: 34859[µs]
automaton for complement of preach has 5 states.
...of which, 2 states are at level 0.
Time needed for trimming complement of preach: 20[µs]
...done.
trying to prove abstract safety...
Time needed for constructing transducer for unsafe property: 5[µs]
Time needed for constructing transducer for (initial, unsafe) pairs: 128[µs]
Time needed for constructing transducer for complement of (initial, unsafe) pairs: 271[µs]
Time needed for building union of complements of preach and (initial, unsafe)-transducer: 49[µs]
terminate called after throwing an instance of 'std::bad_alloc'
  what():  std::bad_alloc
/usr/bin/timeout: the monitored command dumped core
./bench_for_dodo_comparison.sh: line 83: 1038229 Aborted                 systemd-run --user --scope -p MemoryMax=32G -p MemorySwapMax=7G timeout $TIMEOUT "${parentdir}/solve_dodo" -i $MODE -p $PROPERTY $FILE --measure-time --universality-alg lazy

real	13m14,191s
user	11m36,852s
sys	1m18,164s
********************
/home/jakob/Documents/abstracton/benchmarks/dodo/Berkeley.json
f
exclusiveexclusive
Running as unit: run-r8b650a0417b64fdeb152a340d5532a38.scope; invocation ID: 630b280297404ad8a4f352648f469c32
Time needed for parsing json file: 3073[µs]
alphabet size: 4
using Flow interpretation
Time needed for constructing Flow interpretation transducer: 3069[µs]
computing ind...
Time needed for constructing complement of ind: 4705[µs]
Time needed for computing ind: 916092[µs]
Time needed for minimizing ind: 87686[µs]
Time needed for computing ind (total): 1008782[µs]
automaton for ind has 7 states.
...done.
computing complement of preach...
Time needed for constructing identity on ind: 279[µs]
Time needed for computing product v_id of abstraction framework with identity on ind: 5071[µs]
Time needed for computing product of v_id with complement of abstraction framework: 1241[µs]
Time needed for computing complement of preach: 1017272[µs]
automaton for complement of preach has 5 states.
...of which, 2 states are at level 0.
Time needed for trimming complement of preach: 33[µs]
...done.
trying to prove abstract safety...
Time needed for constructing transducer for unsafe property: 6[µs]
Time needed for constructing transducer for (initial, unsafe) pairs: 178[µs]
Time needed for constructing transducer for complement of (initial, unsafe) pairs: 297[µs]
Time needed for building union of complements of preach and (initial, unsafe)-transducer: 55[µs]
terminate called after throwing an instance of 'std::bad_alloc'
  what():  std::bad_alloc
/usr/bin/timeout: the monitored command dumped core
./bench_for_dodo_comparison.sh: line 83: 1040961 Aborted                 systemd-run --user --scope -p MemoryMax=32G -p MemorySwapMax=7G timeout $TIMEOUT "${parentdir}/solve_dodo" -i $MODE -p $PROPERTY $FILE --measure-time --universality-alg lazy

real	12m33,691s
user	11m28,420s
sys	1m1,363s
********************
1 of 61
/home/jakob/Documents/abstracton/benchmarks/dodo/Berkeley.json
t
exclusiveunowned
Running as unit: run-rc92492d20fb840149497bb2209e4de7d.scope; invocation ID: 69a8e2520b2941f4876e2aa8c6747cb2
Time needed for parsing json file: 3566[µs]
alphabet size: 4
using Trap interpretation
Time needed for constructing Trap interpretation transducer: 4774[µs]
computing ind...
Time needed for constructing complement of ind: 5474[µs]
Time needed for computing ind: 151472[µs]
Time needed for minimizing ind: 15220[µs]
Time needed for computing ind (total): 172449[µs]
automaton for ind has 10 states.
...done.
computing complement of preach...
Time needed for constructing identity on ind: 381[µs]
Time needed for computing product v_id of abstraction framework with identity on ind: 14637[µs]
Time needed for computing product of v_id with complement of abstraction framework: 60703[µs]
Time needed for computing complement of preach: 244634[µs]
automaton for complement of preach has 462 states.
...of which, 14 states are at level 0.
Time needed for trimming complement of preach: 969[µs]
...done.
trying to prove abstract safety...
Time needed for constructing transducer for unsafe property: 7[µs]
Time needed for constructing transducer for (initial, unsafe) pairs: 200[µs]
Time needed for constructing transducer for complement of (initial, unsafe) pairs: 390[µs]
Time needed for building union of complements of preach and (initial, unsafe)-transducer: 338[µs]
Time needed for checking universality using lazy algorithm: 3818[µs]
Time needed for checking abstract safety: 4875[µs]
...done.
Result: [1]
This means that the following properties could be separated from the initial configurations:
	[exclusiveunowned]
While the following properties could not be separated from the initial configurations:
	[]

real	0m0,459s
user	0m0,419s
sys	0m0,025s
********************
/home/jakob/Documents/abstracton/benchmarks/dodo/Berkeley.json
s
exclusiveunowned
Running as unit: run-ra9fd1e87c54b4fa7afcab287a4ddeb4d.scope; invocation ID: bbda1a9d167f49a7b55ef9da46b4638e
Time needed for parsing json file: 1842[µs]
alphabet size: 4
using Siphon interpretation
Time needed for constructing Siphon interpretation transducer: 861[µs]
computing ind...
Time needed for constructing complement of ind: 1457[µs]
Time needed for computing ind: 22469[µs]
Time needed for minimizing ind: 6704[µs]
Time needed for computing ind (total): 30698[µs]
automaton for ind has 5 states.
...done.
computing complement of preach...
Time needed for constructing identity on ind: 186[µs]
Time needed for computing product v_id of abstraction framework with identity on ind: 2428[µs]
Time needed for computing product of v_id with complement of abstraction framework: 608[µs]
Time needed for computing complement of preach: 33158[µs]
automaton for complement of preach has 5 states.
...of which, 2 states are at level 0.
Time needed for trimming complement of preach: 15[µs]
...done.
trying to prove abstract safety...
Time needed for constructing transducer for unsafe property: 10[µs]
Time needed for constructing transducer for (initial, unsafe) pairs: 148[µs]
Time needed for constructing transducer for complement of (initial, unsafe) pairs: 353[µs]
Time needed for building union of complements of preach and (initial, unsafe)-transducer: 58[µs]
terminate called after throwing an instance of 'std::bad_alloc'
  what():  std::bad_alloc
/usr/bin/timeout: the monitored command dumped core
./bench_for_dodo_comparison.sh: line 83: 1043256 Aborted                 systemd-run --user --scope -p MemoryMax=32G -p MemorySwapMax=7G timeout $TIMEOUT "${parentdir}/solve_dodo" -i $MODE -p $PROPERTY $FILE --measure-time --universality-alg lazy

real	13m20,185s
user	12m21,210s
sys	0m57,103s
********************
/home/jakob/Documents/abstracton/benchmarks/dodo/Berkeley.json
f
exclusiveunowned
Running as unit: run-r6b7098c3bbc84422837bb4256bb1d7be.scope; invocation ID: a4e7248fed4840b398f885fa902fe533
Time needed for parsing json file: 3112[µs]
alphabet size: 4
using Flow interpretation
Time needed for constructing Flow interpretation transducer: 2881[µs]
computing ind...
Time needed for constructing complement of ind: 4588[µs]
Time needed for computing ind: 967485[µs]
Time needed for minimizing ind: 86840[µs]
Time needed for computing ind (total): 1059232[µs]
automaton for ind has 7 states.
...done.
computing complement of preach...
Time needed for constructing identity on ind: 257[µs]
Time needed for computing product v_id of abstraction framework with identity on ind: 4696[µs]
Time needed for computing product of v_id with complement of abstraction framework: 1134[µs]
Time needed for computing complement of preach: 981685[µs]
automaton for complement of preach has 5 states.
...of which, 2 states are at level 0.
Time needed for trimming complement of preach: 17[µs]
...done.
trying to prove abstract safety...
Time needed for constructing transducer for unsafe property: 18[µs]
Time needed for constructing transducer for (initial, unsafe) pairs: 145[µs]
Time needed for constructing transducer for complement of (initial, unsafe) pairs: 364[µs]
Time needed for building union of complements of preach and (initial, unsafe)-transducer: 64[µs]
terminate called after throwing an instance of 'std::bad_alloc'
  what():  std::bad_alloc
/usr/bin/timeout: the monitored command dumped core
./bench_for_dodo_comparison.sh: line 83: 1045479 Aborted                 systemd-run --user --scope -p MemoryMax=32G -p MemorySwapMax=7G timeout $TIMEOUT "${parentdir}/solve_dodo" -i $MODE -p $PROPERTY $FILE --measure-time --universality-alg lazy

real	13m19,174s
user	12m22,096s
sys	0m55,380s
********************
2 of 61
/home/jakob/Documents/abstracton/benchmarks/dodo/Berkeley.json
t
exclusivenonexclusive
Running as unit: run-r720e98aad60a4626b670ab7590c79113.scope; invocation ID: 37ff7c87bf3a48fa81afd60ea577aefa
Time needed for parsing json file: 2456[µs]
alphabet size: 4
using Trap interpretation
Time needed for constructing Trap interpretation transducer: 3236[µs]
computing ind...
Time needed for constructing complement of ind: 4199[µs]
Time needed for computing ind: 182721[µs]
Time needed for minimizing ind: 19319[µs]
Time needed for computing ind (total): 206522[µs]
automaton for ind has 10 states.
...done.
computing complement of preach...
Time needed for constructing identity on ind: 705[µs]
Time needed for computing product v_id of abstraction framework with identity on ind: 19033[µs]
Time needed for computing product of v_id with complement of abstraction framework: 62030[µs]
Time needed for computing complement of preach: 275800[µs]
automaton for complement of preach has 462 states.
...of which, 14 states are at level 0.
Time needed for trimming complement of preach: 966[µs]
...done.
trying to prove abstract safety...
Time needed for constructing transducer for unsafe property: 7[µs]
Time needed for constructing transducer for (initial, unsafe) pairs: 189[µs]
Time needed for constructing transducer for complement of (initial, unsafe) pairs: 390[µs]
Time needed for building union of complements of preach and (initial, unsafe)-transducer: 321[µs]
Time needed for checking universality using lazy algorithm: 3651[µs]
Time needed for checking abstract safety: 4672[µs]
...done.
Result: [1]
This means that the following properties could be separated from the initial configurations:
	[exclusivenonexclusive]
While the following properties could not be separated from the initial configurations:
	[]

real	0m0,520s
user	0m0,490s
sys	0m0,016s
********************
/home/jakob/Documents/abstracton/benchmarks/dodo/Berkeley.json
s
exclusivenonexclusive
Running as unit: run-r50ad380b85d04fd4a17613456ab4712f.scope; invocation ID: aab94bb53b3e4d569413c418b3da36c5
Time needed for parsing json file: 1875[µs]
alphabet size: 4
using Siphon interpretation
Time needed for constructing Siphon interpretation transducer: 862[µs]
computing ind...
Time needed for constructing complement of ind: 1472[µs]
Time needed for computing ind: 22238[µs]
Time needed for minimizing ind: 6644[µs]
Time needed for computing ind (total): 30426[µs]
automaton for ind has 5 states.
...done.
computing complement of preach...
Time needed for constructing identity on ind: 198[µs]
Time needed for computing product v_id of abstraction framework with identity on ind: 2504[µs]
Time needed for computing product of v_id with complement of abstraction framework: 612[µs]
Time needed for computing complement of preach: 32218[µs]
automaton for complement of preach has 5 states.
...of which, 2 states are at level 0.
Time needed for trimming complement of preach: 15[µs]
...done.
trying to prove abstract safety...
Time needed for constructing transducer for unsafe property: 10[µs]
Time needed for constructing transducer for (initial, unsafe) pairs: 147[µs]
Time needed for constructing transducer for complement of (initial, unsafe) pairs: 340[µs]
Time needed for building union of complements of preach and (initial, unsafe)-transducer: 57[µs]
Time needed for checking universality using lazy algorithm: 63[µs]
Time needed for checking abstract safety: 667[µs]
...done.
Result: [0]
This means that the following properties could be separated from the initial configurations:
	[]
While the following properties could not be separated from the initial configurations:
	[exclusivenonexclusive]

real	0m0,090s
user	0m0,067s
sys	0m0,010s
********************
/home/jakob/Documents/abstracton/benchmarks/dodo/Berkeley.json
f
exclusivenonexclusive
Running as unit: run-rf88070aefea24bc0a9c3d9ea9ddd6c27.scope; invocation ID: cf0f753937a0497fa1a1ebab2425209d
Time needed for parsing json file: 2009[µs]
alphabet size: 4
using Flow interpretation
Time needed for constructing Flow interpretation transducer: 1962[µs]
computing ind...
Time needed for constructing complement of ind: 4510[µs]
Time needed for computing ind: 892223[µs]
Time needed for minimizing ind: 76877[µs]
Time needed for computing ind (total): 973751[µs]
automaton for ind has 7 states.
...done.
computing complement of preach...
Time needed for constructing identity on ind: 256[µs]
Time needed for computing product v_id of abstraction framework with identity on ind: 4422[µs]
Time needed for computing product of v_id with complement of abstraction framework: 1103[µs]
Time needed for computing complement of preach: 973238[µs]
automaton for complement of preach has 5 states.
...of which, 2 states are at level 0.
Time needed for trimming complement of preach: 16[µs]
...done.
trying to prove abstract safety...
Time needed for constructing transducer for unsafe property: 18[µs]
Time needed for constructing transducer for (initial, unsafe) pairs: 141[µs]
Time needed for constructing transducer for complement of (initial, unsafe) pairs: 357[µs]
Time needed for building union of complements of preach and (initial, unsafe)-transducer: 60[µs]
Time needed for checking universality using lazy algorithm: 66[µs]
Time needed for checking abstract safety: 702[µs]
...done.
Result: [0]
This means that the following properties could be separated from the initial configurations:
	[]
While the following properties could not be separated from the initial configurations:
	[exclusivenonexclusive]

real	0m1,983s
user	0m1,953s
sys	0m0,010s
********************
3 of 61
/home/jakob/Documents/abstracton/benchmarks/dodo/Berkeley.json
t
deadlock
Running as unit: run-ra7bd7eb86ada4032be6a055f3b381d93.scope; invocation ID: 1632f4c6a1eb41faaa77c16c3efd7f30
Time needed for parsing json file: 1850[µs]
alphabet size: 4
using Trap interpretation
Time needed for constructing Trap interpretation transducer: 2117[µs]
computing ind...
Time needed for constructing complement of ind: 4120[µs]
Time needed for computing ind: 159103[µs]
Time needed for minimizing ind: 14814[µs]
Time needed for computing ind (total): 178141[µs]
automaton for ind has 10 states.
...done.
computing complement of preach...
Time needed for constructing identity on ind: 406[µs]
Time needed for computing product v_id of abstraction framework with identity on ind: 15028[µs]
Time needed for computing product of v_id with complement of abstraction framework: 58885[µs]
Time needed for computing complement of preach: 244066[µs]
automaton for complement of preach has 462 states.
...of which, 14 states are at level 0.
Time needed for trimming complement of preach: 907[µs]
...done.
trying to prove abstract safety...
Time needed for constructing transducer for unsafe property: 12[µs]
Time needed for constructing transducer for (initial, unsafe) pairs: 172[µs]
Time needed for constructing transducer for complement of (initial, unsafe) pairs: 38[µs]
Time needed for building union of complements of preach and (initial, unsafe)-transducer: 285[µs]
Time needed for checking universality using lazy algorithm: 3525[µs]
Time needed for checking abstract safety: 4160[µs]
...done.
Result: [1]
This means that the following properties could be separated from the initial configurations:
	[deadlock]
While the following properties could not be separated from the initial configurations:
	[]

real	0m0,457s
user	0m0,421s
sys	0m0,023s
********************
/home/jakob/Documents/abstracton/benchmarks/dodo/Berkeley.json
s
deadlock
Running as unit: run-r073ed2b1a5de432abefafbe130237719.scope; invocation ID: b2cf9aabb63d40358c99f75e5f50b8ff
Time needed for parsing json file: 2010[µs]
alphabet size: 4
using Siphon interpretation
Time needed for constructing Siphon interpretation transducer: 898[µs]
computing ind...
Time needed for constructing complement of ind: 1487[µs]
Time needed for computing ind: 23672[µs]
Time needed for minimizing ind: 6659[µs]
Time needed for computing ind (total): 31891[µs]
automaton for ind has 5 states.
...done.
computing complement of preach...
Time needed for constructing identity on ind: 199[µs]
Time needed for computing product v_id of abstraction framework with identity on ind: 2460[µs]
Time needed for computing product of v_id with complement of abstraction framework: 636[µs]
Time needed for computing complement of preach: 33420[µs]
automaton for complement of preach has 5 states.
...of which, 2 states are at level 0.
Time needed for trimming complement of preach: 16[µs]
...done.
trying to prove abstract safety...
Time needed for constructing transducer for unsafe property: 12[µs]
Time needed for constructing transducer for (initial, unsafe) pairs: 141[µs]
Time needed for constructing transducer for complement of (initial, unsafe) pairs: 35[µs]
Time needed for building union of complements of preach and (initial, unsafe)-transducer: 27[µs]
Time needed for checking universality using lazy algorithm: 59[µs]
Time needed for checking abstract safety: 337[µs]
...done.
Result: [1]
This means that the following properties could be separated from the initial configurations:
	[deadlock]
While the following properties could not be separated from the initial configurations:
	[]

real	0m0,099s
user	0m0,071s
sys	0m0,009s
********************
/home/jakob/Documents/abstracton/benchmarks/dodo/Berkeley.json
f
deadlock
Running as unit: run-r02acbccdc6dd45b3b5eb422c8e67eb0e.scope; invocation ID: 0fb69518fabb41e6b87dd32995195778
Time needed for parsing json file: 2070[µs]
alphabet size: 4
using Flow interpretation
Time needed for constructing Flow interpretation transducer: 1883[µs]
computing ind...
Time needed for constructing complement of ind: 4464[µs]
Time needed for computing ind: 904951[µs]
Time needed for minimizing ind: 77584[µs]
Time needed for computing ind (total): 987132[µs]
automaton for ind has 7 states.
...done.
computing complement of preach...
Time needed for constructing identity on ind: 252[µs]
Time needed for computing product v_id of abstraction framework with identity on ind: 4441[µs]
Time needed for computing product of v_id with complement of abstraction framework: 1086[µs]
Time needed for computing complement of preach: 988940[µs]
automaton for complement of preach has 5 states.
...of which, 2 states are at level 0.
Time needed for trimming complement of preach: 33[µs]
...done.
trying to prove abstract safety...
Time needed for constructing transducer for unsafe property: 13[µs]
Time needed for constructing transducer for (initial, unsafe) pairs: 125[µs]
Time needed for constructing transducer for complement of (initial, unsafe) pairs: 36[µs]
Time needed for building union of complements of preach and (initial, unsafe)-transducer: 30[µs]
Time needed for checking universality using lazy algorithm: 59[µs]
Time needed for checking abstract safety: 310[µs]
...done.
Result: [1]
This means that the following properties could be separated from the initial configurations:
	[deadlock]
While the following properties could not be separated from the initial configurations:
	[]

real	0m2,007s
user	0m1,983s
sys	0m0,009s
********************
4 of 61
/home/jakob/Documents/abstracton/benchmarks/dodo/Burns.json
t
nomutex
Running as unit: run-rba87a4e879f8446c8b9a74de6a21a1a6.scope; invocation ID: f371230102134642bff453d4f4a57d15
Time needed for parsing json file: 1998[µs]
alphabet size: 6
using Trap interpretation
Time needed for constructing Trap interpretation transducer: 11632[µs]
computing ind...
Time needed for constructing complement of ind: 10338[µs]
Time needed for computing ind: 169851[µs]
Time needed for minimizing ind: 25635[µs]
Time needed for computing ind (total): 205923[µs]
automaton for ind has 7 states.
...done.
computing complement of preach...
Time needed for constructing identity on ind: 907[µs]
Time needed for computing product v_id of abstraction framework with identity on ind: 57496[µs]
Time needed for computing product of v_id with complement of abstraction framework: 281669[µs]
Time needed for computing complement of preach: 551997[µs]
automaton for complement of preach has 410 states.
...of which, 8 states are at level 0.
Time needed for trimming complement of preach: 1200[µs]
...done.
trying to prove abstract safety...
Time needed for constructing transducer for unsafe property: 10[µs]
Time needed for constructing transducer for (initial, unsafe) pairs: 239[µs]
Time needed for constructing transducer for complement of (initial, unsafe) pairs: 409[µs]
Time needed for building union of complements of preach and (initial, unsafe)-transducer: 479[µs]
Time needed for checking universality using lazy algorithm: 3307[µs]
Time needed for checking abstract safety: 4625[µs]
...done.
Result: [1]
This means that the following properties could be separated from the initial configurations:
	[nomutex]
While the following properties could not be separated from the initial configurations:
	[]

real	0m0,806s
user	0m0,729s
sys	0m0,067s
********************
/home/jakob/Documents/abstracton/benchmarks/dodo/Burns.json
s
nomutex
Running as unit: run-rdcfad20881764a53bd4fd9202ac382d9.scope; invocation ID: b188677243404db69e1da45503ea5a4a
Time needed for parsing json file: 1484[µs]
alphabet size: 6
using Siphon interpretation
Time needed for constructing Siphon interpretation transducer: 3842[µs]
computing ind...
Time needed for constructing complement of ind: 3926[µs]
Time needed for computing ind: 16058[µs]
Time needed for minimizing ind: 6796[µs]
Time needed for computing ind (total): 26860[µs]
automaton for ind has 3 states.
...done.
computing complement of preach...
Time needed for constructing identity on ind: 481[µs]
Time needed for computing product v_id of abstraction framework with identity on ind: 7566[µs]
Time needed for computing product of v_id with complement of abstraction framework: 863[µs]
Time needed for computing complement of preach: 36973[µs]
automaton for complement of preach has 0 states.
...of which, 0 states are at level 0.
Time needed for trimming complement of preach: 4[µs]
...done.
trying to prove abstract safety...
Time needed for constructing transducer for unsafe property: 8[µs]
Time needed for constructing transducer for (initial, unsafe) pairs: 170[µs]
Time needed for constructing transducer for complement of (initial, unsafe) pairs: 337[µs]
Time needed for building union of complements of preach and (initial, unsafe)-transducer: 58[µs]
terminate called after throwing an instance of 'std::bad_alloc'
  what():  std::bad_alloc
/usr/bin/timeout: the monitored command dumped core
./bench_for_dodo_comparison.sh: line 83: 1047631 Aborted                 systemd-run --user --scope -p MemoryMax=32G -p MemorySwapMax=7G timeout $TIMEOUT "${parentdir}/solve_dodo" -i $MODE -p $PROPERTY $FILE --measure-time --universality-alg lazy

real	11m38,466s
user	10m37,834s
sys	0m59,105s
********************
/home/jakob/Documents/abstracton/benchmarks/dodo/Burns.json
f
nomutex
Running as unit: run-re7b681f96db3423185558c1a3d5d91dd.scope; invocation ID: f4068b9ce9894c73bf0e2d61b542e752
Time needed for parsing json file: 2083[µs]
alphabet size: 6
using Flow interpretation
Time needed for constructing Flow interpretation transducer: 10887[µs]
computing ind...
Time needed for constructing complement of ind: 9582[µs]
Time needed for computing ind: 470251[µs]
Time needed for minimizing ind: 70577[µs]
Time needed for computing ind (total): 550694[µs]
automaton for ind has 5 states.
...done.
computing complement of preach...
Time needed for constructing identity on ind: 660[µs]
Time needed for computing product v_id of abstraction framework with identity on ind: 19310[µs]
Time needed for computing product of v_id with complement of abstraction framework: 1682[µs]
Time needed for computing complement of preach: 583579[µs]
automaton for complement of preach has 0 states.
...of which, 0 states are at level 0.
Time needed for trimming complement of preach: 6[µs]
...done.
trying to prove abstract safety...
Time needed for constructing transducer for unsafe property: 6[µs]
Time needed for constructing transducer for (initial, unsafe) pairs: 210[µs]
Time needed for constructing transducer for complement of (initial, unsafe) pairs: 346[µs]
Time needed for building union of complements of preach and (initial, unsafe)-transducer: 58[µs]

real	20m2,582s
user	19m8,251s
sys	0m53,890s
********************
5 of 61
/home/jakob/Documents/abstracton/benchmarks/dodo/Burns.json
t
deadlock
Running as unit: run-rbd5084cd42324e16b2038f409b6173e8.scope; invocation ID: 1d6737c7c21a4bc9af2d14be1d6d2ead
Time needed for parsing json file: 2079[µs]
alphabet size: 6
using Trap interpretation
Time needed for constructing Trap interpretation transducer: 12806[µs]
computing ind...
Time needed for constructing complement of ind: 10173[µs]
Time needed for computing ind: 183179[µs]
Time needed for minimizing ind: 25837[µs]
Time needed for computing ind (total): 219485[µs]
automaton for ind has 7 states.
...done.
computing complement of preach...
Time needed for constructing identity on ind: 966[µs]
Time needed for computing product v_id of abstraction framework with identity on ind: 66609[µs]
Time needed for computing product of v_id with complement of abstraction framework: 288196[µs]
Time needed for computing complement of preach: 573761[µs]
automaton for complement of preach has 410 states.
...of which, 8 states are at level 0.
Time needed for trimming complement of preach: 1158[µs]
...done.
trying to prove abstract safety...
Time needed for constructing transducer for unsafe property: 12[µs]
Time needed for constructing transducer for (initial, unsafe) pairs: 147[µs]
Time needed for constructing transducer for complement of (initial, unsafe) pairs: 49[µs]
Time needed for building union of complements of preach and (initial, unsafe)-transducer: 386[µs]
Time needed for checking universality using lazy algorithm: 2388[µs]
Time needed for checking abstract safety: 3156[µs]
...done.
Result: [1]
This means that the following properties could be separated from the initial configurations:
	[deadlock]
While the following properties could not be separated from the initial configurations:
	[]

real	0m0,846s
user	0m0,771s
sys	0m0,059s
********************
/home/jakob/Documents/abstracton/benchmarks/dodo/Burns.json
s
deadlock
Running as unit: run-rfb4f371206664b1680a6b388362c8db7.scope; invocation ID: 218ce487187c40f89c45e61bd14bc039
Time needed for parsing json file: 1480[µs]
alphabet size: 6
using Siphon interpretation
Time needed for constructing Siphon interpretation transducer: 3920[µs]
computing ind...
Time needed for constructing complement of ind: 4101[µs]
Time needed for computing ind: 15577[µs]
Time needed for minimizing ind: 7467[µs]
Time needed for computing ind (total): 27221[µs]
automaton for ind has 3 states.
...done.
computing complement of preach...
Time needed for constructing identity on ind: 497[µs]
Time needed for computing product v_id of abstraction framework with identity on ind: 7718[µs]
Time needed for computing product of v_id with complement of abstraction framework: 895[µs]
Time needed for computing complement of preach: 37269[µs]
automaton for complement of preach has 0 states.
...of which, 0 states are at level 0.
Time needed for trimming complement of preach: 5[µs]
...done.
trying to prove abstract safety...
Time needed for constructing transducer for unsafe property: 9[µs]
Time needed for constructing transducer for (initial, unsafe) pairs: 129[µs]
Time needed for constructing transducer for complement of (initial, unsafe) pairs: 43[µs]
Time needed for building union of complements of preach and (initial, unsafe)-transducer: 51[µs]
Time needed for checking universality using lazy algorithm: 54[µs]
Time needed for checking abstract safety: 347[µs]
...done.
Result: [1]
This means that the following properties could be separated from the initial configurations:
	[deadlock]
While the following properties could not be separated from the initial configurations:
	[]

real	0m0,093s
user	0m0,078s
sys	0m0,006s
********************
/home/jakob/Documents/abstracton/benchmarks/dodo/Burns.json
f
deadlock
Running as unit: run-rb5ec77b8f1194945b3e52b947c000bee.scope; invocation ID: d69ef1f7de354ea2af4be4b58b1336b2
Time needed for parsing json file: 1547[µs]
alphabet size: 6
using Flow interpretation
Time needed for constructing Flow interpretation transducer: 9718[µs]
computing ind...
Time needed for constructing complement of ind: 9648[µs]
Time needed for computing ind: 471907[µs]
Time needed for minimizing ind: 71766[µs]
Time needed for computing ind (total): 553462[µs]
automaton for ind has 5 states.
...done.
computing complement of preach...
Time needed for constructing identity on ind: 705[µs]
Time needed for computing product v_id of abstraction framework with identity on ind: 18427[µs]
Time needed for computing product of v_id with complement of abstraction framework: 1725[µs]
Time needed for computing complement of preach: 572132[µs]
automaton for complement of preach has 0 states.
...of which, 0 states are at level 0.
Time needed for trimming complement of preach: 8[µs]
...done.
trying to prove abstract safety...
Time needed for constructing transducer for unsafe property: 15[µs]
Time needed for constructing transducer for (initial, unsafe) pairs: 174[µs]
Time needed for constructing transducer for complement of (initial, unsafe) pairs: 40[µs]
Time needed for building union of complements of preach and (initial, unsafe)-transducer: 33[µs]
Time needed for checking universality using lazy algorithm: 48[µs]
Time needed for checking abstract safety: 355[µs]
...done.
Result: [1]
This means that the following properties could be separated from the initial configurations:
	[deadlock]
While the following properties could not be separated from the initial configurations:
	[]

real	0m1,164s
user	0m1,132s
sys	0m0,017s
********************
6 of 61
/home/jakob/Documents/abstracton/benchmarks/dodo/Dijkstra-Scholten.json
t
twob
Running as unit: run-r03686d465ad541de87c451fee2a6b548.scope; invocation ID: f186456717ba4007b2b83463ecf9c418
Time needed for parsing json file: 1674[µs]
alphabet size: 4
using Trap interpretation
Time needed for constructing Trap interpretation transducer: 2240[µs]
computing ind...
Time needed for constructing complement of ind: 1279[µs]
Time needed for computing ind: 26532[µs]
Time needed for minimizing ind: 7150[µs]
Time needed for computing ind (total): 35059[µs]
automaton for ind has 8 states.
...done.
computing complement of preach...
Time needed for constructing identity on ind: 289[µs]
Time needed for computing product v_id of abstraction framework with identity on ind: 13335[µs]
Time needed for computing product of v_id with complement of abstraction framework: 53592[µs]
Time needed for computing complement of preach: 103934[µs]
automaton for complement of preach has 428 states.
...of which, 12 states are at level 0.
Time needed for trimming complement of preach: 816[µs]
...done.
trying to prove abstract safety...
Time needed for constructing transducer for unsafe property: 5[µs]
Time needed for constructing transducer for (initial, unsafe) pairs: 147[µs]
Time needed for constructing transducer for complement of (initial, unsafe) pairs: 300[µs]
Time needed for building union of complements of preach and (initial, unsafe)-transducer: 301[µs]
Time needed for checking universality using lazy algorithm: 5016[µs]
Time needed for checking abstract safety: 5872[µs]
...done.
Result: [1]
This means that the following properties could be separated from the initial configurations:
	[twob]
While the following properties could not be separated from the initial configurations:
	[]

real	0m0,171s
user	0m0,147s
sys	0m0,015s
********************
/home/jakob/Documents/abstracton/benchmarks/dodo/Dijkstra-Scholten.json
s
twob
Running as unit: run-r179fac0d932142589527880c9588a322.scope; invocation ID: 3dd269b51d3240eab0397ae5c1d3746c
Time needed for parsing json file: 1163[µs]
alphabet size: 4
using Siphon interpretation
Time needed for constructing Siphon interpretation transducer: 833[µs]
computing ind...
Time needed for constructing complement of ind: 486[µs]
Time needed for computing ind: 2918[µs]
Time needed for minimizing ind: 2136[µs]
Time needed for computing ind (total): 5598[µs]
automaton for ind has 8 states.
...done.
computing complement of preach...
Time needed for constructing identity on ind: 418[µs]
Time needed for computing product v_id of abstraction framework with identity on ind: 4340[µs]
Time needed for computing product of v_id with complement of abstraction framework: 6548[µs]
Time needed for computing complement of preach: 17620[µs]
automaton for complement of preach has 222 states.
...of which, 12 states are at level 0.
Time needed for trimming complement of preach: 525[µs]
...done.
trying to prove abstract safety...
Time needed for constructing transducer for unsafe property: 8[µs]
Time needed for constructing transducer for (initial, unsafe) pairs: 136[µs]
Time needed for constructing transducer for complement of (initial, unsafe) pairs: 317[µs]
Time needed for building union of complements of preach and (initial, unsafe)-transducer: 232[µs]

real	20m2,327s
user	19m8,694s
sys	0m52,914s
********************
/home/jakob/Documents/abstracton/benchmarks/dodo/Dijkstra-Scholten.json
f
twob
Running as unit: run-r90b574ace7d8469cb26890795069b0c2.scope; invocation ID: 38497516617d4b4d8110d596678b0b4d
Time needed for parsing json file: 1892[µs]
alphabet size: 4
using Flow interpretation
Time needed for constructing Flow interpretation transducer: 3282[µs]
computing ind...
Time needed for constructing complement of ind: 1599[µs]
Time needed for computing ind: 72204[µs]
Time needed for minimizing ind: 18568[µs]
Time needed for computing ind (total): 92609[µs]
automaton for ind has 23 states.
...done.
computing complement of preach...
Time needed for constructing identity on ind: 758[µs]
Time needed for computing product v_id of abstraction framework with identity on ind: 25803[µs]
Time needed for computing product of v_id with complement of abstraction framework: 34511[µs]
Time needed for computing complement of preach: 149426[µs]
automaton for complement of preach has 1114 states.
...of which, 65 states are at level 0.
Time needed for trimming complement of preach: 3050[µs]
...done.
trying to prove abstract safety...
Time needed for constructing transducer for unsafe property: 7[µs]
Time needed for constructing transducer for (initial, unsafe) pairs: 161[µs]
Time needed for constructing transducer for complement of (initial, unsafe) pairs: 308[µs]
Time needed for building union of complements of preach and (initial, unsafe)-transducer: 1015[µs]
Time needed for checking universality using lazy algorithm: 7812218[µs]
Time needed for checking abstract safety: 7814218[µs]
...done.
Result: [1]
This means that the following properties could be separated from the initial configurations:
	[twob]
While the following properties could not be separated from the initial configurations:
	[]

real	0m8,125s
user	0m7,929s
sys	0m0,173s
********************
7 of 61
/home/jakob/Documents/abstracton/benchmarks/dodo/Dijkstra-Scholten.json
t
twod
Running as unit: run-r3a624eb2bcc6438e93f4f64cd449b39c.scope; invocation ID: fd70855b71224924baf9fbd68cbeff29
Time needed for parsing json file: 1308[µs]
alphabet size: 4
using Trap interpretation
Time needed for constructing Trap interpretation transducer: 2602[µs]
computing ind...
Time needed for constructing complement of ind: 1382[µs]
Time needed for computing ind: 28487[µs]
Time needed for minimizing ind: 7085[µs]
Time needed for computing ind (total): 37055[µs]
automaton for ind has 8 states.
...done.
computing complement of preach...
Time needed for constructing identity on ind: 290[µs]
Time needed for computing product v_id of abstraction framework with identity on ind: 19077[µs]
Time needed for computing product of v_id with complement of abstraction framework: 63931[µs]
Time needed for computing complement of preach: 119865[µs]
automaton for complement of preach has 428 states.
...of which, 12 states are at level 0.
Time needed for trimming complement of preach: 962[µs]
...done.
trying to prove abstract safety...
Time needed for constructing transducer for unsafe property: 8[µs]
Time needed for constructing transducer for (initial, unsafe) pairs: 225[µs]
Time needed for constructing transducer for complement of (initial, unsafe) pairs: 339[µs]
Time needed for building union of complements of preach and (initial, unsafe)-transducer: 397[µs]
Time needed for checking universality using lazy algorithm: 5969[µs]
Time needed for checking abstract safety: 7116[µs]
...done.
Result: [1]
This means that the following properties could be separated from the initial configurations:
	[twod]
While the following properties could not be separated from the initial configurations:
	[]

real	0m0,202s
user	0m0,157s
sys	0m0,026s
********************
/home/jakob/Documents/abstracton/benchmarks/dodo/Dijkstra-Scholten.json
s
twod
Running as unit: run-r56b3491c30a9429cb87b9053d7c36a71.scope; invocation ID: 26d5c77c8eb542598051b0b8dbeedbf3
Time needed for parsing json file: 1184[µs]
alphabet size: 4
using Siphon interpretation
Time needed for constructing Siphon interpretation transducer: 890[µs]
computing ind...
Time needed for constructing complement of ind: 530[µs]
Time needed for computing ind: 3068[µs]
Time needed for minimizing ind: 2419[µs]
Time needed for computing ind (total): 6078[µs]
automaton for ind has 8 states.
...done.
computing complement of preach...
Time needed for constructing identity on ind: 477[µs]
Time needed for computing product v_id of abstraction framework with identity on ind: 5131[µs]
Time needed for computing product of v_id with complement of abstraction framework: 7145[µs]
Time needed for computing complement of preach: 19738[µs]
automaton for complement of preach has 222 states.
...of which, 12 states are at level 0.
Time needed for trimming complement of preach: 625[µs]
...done.
trying to prove abstract safety...
Time needed for constructing transducer for unsafe property: 7[µs]
Time needed for constructing transducer for (initial, unsafe) pairs: 175[µs]
Time needed for constructing transducer for complement of (initial, unsafe) pairs: 403[µs]
Time needed for building union of complements of preach and (initial, unsafe)-transducer: 250[µs]

real	20m1,687s
user	19m4,925s
sys	0m52,889s
********************
/home/jakob/Documents/abstracton/benchmarks/dodo/Dijkstra-Scholten.json
f
twod
Running as unit: run-rc5bbfe940ad848d785e9a6c28f8cf34f.scope; invocation ID: 98a25871ec1d4942a4ae7c463aa1e377
Time needed for parsing json file: 1792[µs]
alphabet size: 4
using Flow interpretation
Time needed for constructing Flow interpretation transducer: 3381[µs]
computing ind...
Time needed for constructing complement of ind: 1662[µs]
Time needed for computing ind: 73267[µs]
Time needed for minimizing ind: 20220[µs]
Time needed for computing ind (total): 95446[µs]
automaton for ind has 23 states.
...done.
computing complement of preach...
Time needed for constructing identity on ind: 856[µs]
Time needed for computing product v_id of abstraction framework with identity on ind: 27169[µs]
Time needed for computing product of v_id with complement of abstraction framework: 32495[µs]
Time needed for computing complement of preach: 153654[µs]
automaton for complement of preach has 1114 states.
...of which, 65 states are at level 0.
Time needed for trimming complement of preach: 3195[µs]
...done.
trying to prove abstract safety...
Time needed for constructing transducer for unsafe property: 9[µs]
Time needed for constructing transducer for (initial, unsafe) pairs: 233[µs]
Time needed for constructing transducer for complement of (initial, unsafe) pairs: 470[µs]
Time needed for building union of complements of preach and (initial, unsafe)-transducer: 1304[µs]
Time needed for checking universality using lazy algorithm: 7740538[µs]
Time needed for checking abstract safety: 7742924[µs]
...done.
Result: [1]
This means that the following properties could be separated from the initial configurations:
	[twod]
While the following properties could not be separated from the initial configurations:
	[]

real	0m8,094s
user	0m7,900s
sys	0m0,176s
********************
8 of 61
/home/jakob/Documents/abstracton/benchmarks/dodo/Dijkstra-Scholten.json
t
deadlock
Running as unit: run-rd6a8cb13723d41db84786658dd0ef6dd.scope; invocation ID: cd54b1712e8f4fdf804f9dcc03653b3f
Time needed for parsing json file: 1196[µs]
alphabet size: 4
using Trap interpretation
Time needed for constructing Trap interpretation transducer: 2627[µs]
computing ind...
Time needed for constructing complement of ind: 1737[µs]
Time needed for computing ind: 27418[µs]
Time needed for minimizing ind: 7080[µs]
Time needed for computing ind (total): 36349[µs]
automaton for ind has 8 states.
...done.
computing complement of preach...
Time needed for constructing identity on ind: 328[µs]
Time needed for computing product v_id of abstraction framework with identity on ind: 13820[µs]
Time needed for computing product of v_id with complement of abstraction framework: 56291[µs]
Time needed for computing complement of preach: 106150[µs]
automaton for complement of preach has 428 states.
...of which, 12 states are at level 0.
Time needed for trimming complement of preach: 829[µs]
...done.
trying to prove abstract safety...
Time needed for constructing transducer for unsafe property: 16[µs]
Time needed for constructing transducer for (initial, unsafe) pairs: 222[µs]
Time needed for constructing transducer for complement of (initial, unsafe) pairs: 419[µs]
Time needed for building union of complements of preach and (initial, unsafe)-transducer: 330[µs]
Time needed for checking universality using lazy algorithm: 4671[µs]
Time needed for checking abstract safety: 5858[µs]
...done.
Result: [1]
This means that the following properties could be separated from the initial configurations:
	[deadlock]
While the following properties could not be separated from the initial configurations:
	[]

real	0m0,179s
user	0m0,145s
sys	0m0,021s
********************
/home/jakob/Documents/abstracton/benchmarks/dodo/Dijkstra-Scholten.json
s
deadlock
Running as unit: run-recb07dd9598c4c59a5d1260d9851d195.scope; invocation ID: 8cb6315a3c49400585e5613835647033
Time needed for parsing json file: 1299[µs]
alphabet size: 4
using Siphon interpretation
Time needed for constructing Siphon interpretation transducer: 952[µs]
computing ind...
Time needed for constructing complement of ind: 556[µs]
Time needed for computing ind: 2957[µs]
Time needed for minimizing ind: 2235[µs]
Time needed for computing ind (total): 5822[µs]
automaton for ind has 8 states.
...done.
computing complement of preach...
Time needed for constructing identity on ind: 543[µs]
Time needed for computing product v_id of abstraction framework with identity on ind: 4596[µs]
Time needed for computing product of v_id with complement of abstraction framework: 7652[µs]
Time needed for computing complement of preach: 20710[µs]
automaton for complement of preach has 222 states.
...of which, 12 states are at level 0.
Time needed for trimming complement of preach: 577[µs]
...done.
trying to prove abstract safety...
Time needed for constructing transducer for unsafe property: 18[µs]
Time needed for constructing transducer for (initial, unsafe) pairs: 232[µs]
Time needed for constructing transducer for complement of (initial, unsafe) pairs: 417[µs]
Time needed for building union of complements of preach and (initial, unsafe)-transducer: 261[µs]
Time needed for checking universality using lazy algorithm: 2858[µs]
Time needed for checking abstract safety: 3914[µs]
...done.
Result: [0]
This means that the following properties could be separated from the initial configurations:
	[]
While the following properties could not be separated from the initial configurations:
	[deadlock]

real	0m0,061s
user	0m0,036s
sys	0m0,009s
********************
/home/jakob/Documents/abstracton/benchmarks/dodo/Dijkstra-Scholten.json
f
deadlock
Running as unit: run-r0ebc53013b9d4c1f8fda4322e25a7ec0.scope; invocation ID: 6828db76d4dc47299119d4a4eba664dd
Time needed for parsing json file: 1188[µs]
alphabet size: 4
using Flow interpretation
Time needed for constructing Flow interpretation transducer: 2302[µs]
computing ind...
Time needed for constructing complement of ind: 1490[µs]
Time needed for computing ind: 70770[µs]
Time needed for minimizing ind: 19260[µs]
Time needed for computing ind (total): 91638[µs]
automaton for ind has 23 states.
...done.
computing complement of preach...
Time needed for constructing identity on ind: 816[µs]
Time needed for computing product v_id of abstraction framework with identity on ind: 25433[µs]
Time needed for computing product of v_id with complement of abstraction framework: 32092[µs]
Time needed for computing complement of preach: 151222[µs]
automaton for complement of preach has 1114 states.
...of which, 65 states are at level 0.
Time needed for trimming complement of preach: 2839[µs]
...done.
trying to prove abstract safety...
Time needed for constructing transducer for unsafe property: 11[µs]
Time needed for constructing transducer for (initial, unsafe) pairs: 230[µs]
Time needed for constructing transducer for complement of (initial, unsafe) pairs: 415[µs]
Time needed for building union of complements of preach and (initial, unsafe)-transducer: 1035[µs]
Time needed for checking universality using lazy algorithm: 7872326[µs]
Time needed for checking abstract safety: 7874464[µs]
...done.
Result: [1]
This means that the following properties could be separated from the initial configurations:
	[deadlock]
While the following properties could not be separated from the initial configurations:
	[]

real	0m8,180s
user	0m8,011s
sys	0m0,152s
********************
9 of 61
/home/jakob/Documents/abstracton/benchmarks/dodo/Dijkstra-ring.json
t
nomutex
Running as unit: run-r24a78faa65d34a0da4cee8f39c82a454.scope; invocation ID: c69fc86c73404fbbbf8c74d6dc11a6b3
Time needed for parsing json file: 6666[µs]
alphabet size: 12
using Trap interpretation
Time needed for constructing Trap interpretation transducer: 1420821[µs]
computing ind...
Time needed for constructing complement of ind: 2428774[µs]

real	20m0,246s
user	19m58,109s
sys	0m1,763s
********************
/home/jakob/Documents/abstracton/benchmarks/dodo/Dijkstra-ring.json
s
nomutex
Running as unit: run-r984a6d802b6f408fac73b2c76d2f35ba.scope; invocation ID: cad3834b55f2484f941dfcf84a73f539
Time needed for parsing json file: 5957[µs]
alphabet size: 12
using Siphon interpretation
Time needed for constructing Siphon interpretation transducer: 426043[µs]
computing ind...
Time needed for constructing complement of ind: 830011[µs]
Time needed for computing ind: 120901430[µs]
Time needed for minimizing ind: 29892782[µs]
Time needed for computing ind (total): 151626753[µs]
automaton for ind has 14 states.
...done.
computing complement of preach...
Time needed for constructing identity on ind: 122582[µs]
Time needed for computing product v_id of abstraction framework with identity on ind: 9379904[µs]
Time needed for computing product of v_id with complement of abstraction framework: 714822[µs]
Time needed for computing complement of preach: 160638715[µs]
automaton for complement of preach has 4370 states.
...of which, 22 states are at level 0.
Time needed for trimming complement of preach: 25611[µs]
...done.
trying to prove abstract safety...
Time needed for constructing transducer for unsafe property: 12[µs]
Time needed for constructing transducer for (initial, unsafe) pairs: 274[µs]
Time needed for constructing transducer for complement of (initial, unsafe) pairs: 713[µs]
Time needed for building union of complements of preach and (initial, unsafe)-transducer: 9758[µs]
Time needed for checking universality using lazy algorithm: 153856[µs]
Time needed for checking abstract safety: 166979[µs]
...done.
Result: [0]
This means that the following properties could be separated from the initial configurations:
	[]
While the following properties could not be separated from the initial configurations:
	[nomutex]

real	5m13,121s
user	5m11,333s
sys	0m1,693s
********************
/home/jakob/Documents/abstracton/benchmarks/dodo/Dijkstra-ring.json
f
nomutex
Running as unit: run-r18075dbb7698443682e741f958e9f8e9.scope; invocation ID: 9c2fe5a56bba4c9fb2178216373916bd
Time needed for parsing json file: 5956[µs]
alphabet size: 12
using Flow interpretation
Time needed for constructing Flow interpretation transducer: 1227107[µs]
computing ind...
Time needed for constructing complement of ind: 2404635[µs]

real	20m0,238s
user	19m58,128s
sys	0m1,763s
********************
10 of 61
/home/jakob/Documents/abstracton/benchmarks/dodo/Dijkstra-ring.json
t
deadlock
Running as unit: run-r63958cb4877a4beeb15fd6e83bcc2018.scope; invocation ID: bcc5175ffd5b4ea68fa00f8f2ad0bfb4
Time needed for parsing json file: 6190[µs]
alphabet size: 12
using Trap interpretation
Time needed for constructing Trap interpretation transducer: 1469279[µs]
computing ind...
Time needed for constructing complement of ind: 2514478[µs]

real	20m0,243s
user	19m58,163s
sys	0m1,733s
********************
/home/jakob/Documents/abstracton/benchmarks/dodo/Dijkstra-ring.json
s
deadlock
Running as unit: run-rde0ff1c52f894982bcdd11342fd6bb0e.scope; invocation ID: d6a49cf3b94b4135a2f6fe8156a929d0
Time needed for parsing json file: 6025[µs]
alphabet size: 12
using Siphon interpretation
Time needed for constructing Siphon interpretation transducer: 425878[µs]
computing ind...
Time needed for constructing complement of ind: 849173[µs]
Time needed for computing ind: 120347254[µs]
Time needed for minimizing ind: 30294996[µs]
Time needed for computing ind (total): 151494014[µs]
automaton for ind has 14 states.
...done.
computing complement of preach...
Time needed for constructing identity on ind: 126132[µs]
Time needed for computing product v_id of abstraction framework with identity on ind: 9404374[µs]
Time needed for computing product of v_id with complement of abstraction framework: 725298[µs]
Time needed for computing complement of preach: 160236991[µs]
automaton for complement of preach has 4370 states.
...of which, 22 states are at level 0.
Time needed for trimming complement of preach: 26656[µs]
...done.
trying to prove abstract safety...
Time needed for constructing transducer for unsafe property: 81[µs]
Time needed for constructing transducer for (initial, unsafe) pairs: 1219[µs]
Time needed for constructing transducer for complement of (initial, unsafe) pairs: 1799[µs]
Time needed for building union of complements of preach and (initial, unsafe)-transducer: 9768[µs]
Time needed for checking universality using lazy algorithm: 149817[µs]
Time needed for checking abstract safety: 164947[µs]
...done.
Result: [0]
This means that the following properties could be separated from the initial configurations:
	[]
While the following properties could not be separated from the initial configurations:
	[deadlock]

real	5m12,584s
user	5m10,710s
sys	0m1,770s
********************
/home/jakob/Documents/abstracton/benchmarks/dodo/Dijkstra-ring.json
f
deadlock
Running as unit: run-r145b26f9f54045a2a65554c2bf6297c0.scope; invocation ID: fc372916c50a470c8f3054beafef812f
Time needed for parsing json file: 5961[µs]
alphabet size: 12
using Flow interpretation
Time needed for constructing Flow interpretation transducer: 1189916[µs]
computing ind...
Time needed for constructing complement of ind: 2392776[µs]

real	20m0,241s
user	19m58,027s
sys	0m1,838s
********************
11 of 61
/home/jakob/Documents/abstracton/benchmarks/dodo/DijkstraMutEx.json
t
nomutex
Running as unit: run-r2d0b5e5ee44142fca59c08bf1b1a4a80.scope; invocation ID: 760a66641fbd4f39853c6c592856886c
Time needed for parsing json file: 44224[µs]
alphabet size: 24
using Trap interpretation

real	20m30,914s
user	3m5,675s
sys	0m58,828s
********************
/home/jakob/Documents/abstracton/benchmarks/dodo/DijkstraMutEx.json
s
nomutex
Running as unit: run-r57582ec8802d4e008a8688d485607728.scope; invocation ID: 0a7369b32340442ab637b26e5d841af4
Time needed for parsing json file: 46949[µs]
alphabet size: 24
using Siphon interpretation

real	20m38,238s
user	3m8,632s
sys	0m59,006s
********************
/home/jakob/Documents/abstracton/benchmarks/dodo/DijkstraMutEx.json
f
nomutex
Running as unit: run-re0b79bfca7b044dbaa7f05371a3d53fe.scope; invocation ID: 7636f804ff2e48a488d85ed4ed785ba2
Time needed for parsing json file: 46323[µs]
alphabet size: 24
using Flow interpretation

real	20m54,369s
user	3m10,891s
sys	0m58,392s
********************
12 of 61
/home/jakob/Documents/abstracton/benchmarks/dodo/DijkstraMutEx.json
t
deadlock
Running as unit: run-r4b63cf7235e146f2bdd96fbb28161c8f.scope; invocation ID: d2a924f518804f0b804c20fa57438120
Time needed for parsing json file: 47258[µs]
alphabet size: 24
using Trap interpretation

real	20m16,174s
user	3m7,427s
sys	0m57,838s
********************
/home/jakob/Documents/abstracton/benchmarks/dodo/DijkstraMutEx.json
s
deadlock
Running as unit: run-r3c6464bd4de641549e5728863f5dc75c.scope; invocation ID: 44b9def14b9e4aa1b9de9368e523b481
Time needed for parsing json file: 51358[µs]
alphabet size: 24
using Siphon interpretation

real	20m35,054s
user	3m10,990s
sys	1m1,215s
********************
/home/jakob/Documents/abstracton/benchmarks/dodo/DijkstraMutEx.json
f
deadlock
Running as unit: run-r357c7779ee5e49dba0562a6a92bc7c07.scope; invocation ID: ce2fe70e70104087bd5aab27c2cfd4ee
Time needed for parsing json file: 53336[µs]
alphabet size: 24
using Flow interpretation

real	20m37,435s
user	3m11,998s
sys	0m58,969s
********************
13 of 61
/home/jakob/Documents/abstracton/benchmarks/dodo/FutureBus.json
t
pendingrightsecond
Running as unit: run-rc8c726af3a934579a453081120eb5bb3.scope; invocation ID: 54fcfbd5046d46c3a8a16fae15254f3d
Time needed for parsing json file: 23692[µs]
alphabet size: 9
using Trap interpretation
Time needed for constructing Trap interpretation transducer: 189601[µs]
computing ind...
Time needed for constructing complement of ind: 644414[µs]

real	20m0,143s
user	19m58,685s
sys	0m1,129s
********************
/home/jakob/Documents/abstracton/benchmarks/dodo/FutureBus.json
s
pendingrightsecond
Running as unit: run-rba235821b0734be493e3e64c951a7da2.scope; invocation ID: 495d32ad42b249bfb429148e3462c6ba
Time needed for parsing json file: 15166[µs]
alphabet size: 9
using Siphon interpretation
Time needed for constructing Siphon interpretation transducer: 40000[µs]
computing ind...
Time needed for constructing complement of ind: 187694[µs]

real	20m0,330s
user	19m57,507s
sys	0m2,485s
********************
/home/jakob/Documents/abstracton/benchmarks/dodo/FutureBus.json
f
pendingrightsecond
Running as unit: run-r482390b3e5aa4172869b055abd27ab06.scope; invocation ID: 3cb428543e084776b14707b8dc69af86
Time needed for parsing json file: 16131[µs]
alphabet size: 9
using Flow interpretation
Time needed for constructing Flow interpretation transducer: 112697[µs]
computing ind...
Time needed for constructing complement of ind: 661720[µs]

real	20m0,173s
user	19m58,455s
sys	0m1,390s
********************
14 of 61
/home/jakob/Documents/abstracton/benchmarks/dodo/FutureBus.json
t
sharedexclusive
Running as unit: run-r271b232a59704741b3f148a75fdb64f9.scope; invocation ID: 1d0df38da3714a8b84f12538acc339fd
Time needed for parsing json file: 15383[µs]
alphabet size: 9
using Trap interpretation
Time needed for constructing Trap interpretation transducer: 141644[µs]
computing ind...
Time needed for constructing complement of ind: 543513[µs]

real	20m0,144s
user	19m58,541s
sys	0m1,279s
********************
/home/jakob/Documents/abstracton/benchmarks/dodo/FutureBus.json
s
sharedexclusive
Running as unit: run-r481a875bbaf3408c918c9385ff0187f8.scope; invocation ID: de79574d822a4867a3a177c88a7a702f
Time needed for parsing json file: 15295[µs]
alphabet size: 9
using Siphon interpretation
Time needed for constructing Siphon interpretation transducer: 39211[µs]
computing ind...
Time needed for constructing complement of ind: 185797[µs]

real	20m0,320s
user	19m57,690s
sys	0m2,294s
********************
/home/jakob/Documents/abstracton/benchmarks/dodo/FutureBus.json
f
sharedexclusive
Running as unit: run-r8af9389f306d456aa27586c1ce796994.scope; invocation ID: b6de791457c1417a90cada3fbb512ca1
Time needed for parsing json file: 14412[µs]
alphabet size: 9
using Flow interpretation
Time needed for constructing Flow interpretation transducer: 106370[µs]
computing ind...
Time needed for constructing complement of ind: 625588[µs]

real	20m0,166s
user	19m58,494s
sys	0m1,335s
********************
15 of 61
/home/jakob/Documents/abstracton/benchmarks/dodo/FutureBus.json
t
secondpending
Running as unit: run-rff2565f3ef5d43009c51d58922ca49c6.scope; invocation ID: dc828273c5bb456a83ce555aab419834
Time needed for parsing json file: 14583[µs]
alphabet size: 9
using Trap interpretation
Time needed for constructing Trap interpretation transducer: 134982[µs]
computing ind...
Time needed for constructing complement of ind: 569592[µs]

real	20m0,147s
user	19m58,610s
sys	0m1,201s
********************
/home/jakob/Documents/abstracton/benchmarks/dodo/FutureBus.json
s
secondpending
Running as unit: run-r30eb9940ecb145b59ded20d19cae3e91.scope; invocation ID: e35e2fd282114b7ea8c103706362949e
Time needed for parsing json file: 15262[µs]
alphabet size: 9
using Siphon interpretation
Time needed for constructing Siphon interpretation transducer: 41412[µs]
computing ind...
Time needed for constructing complement of ind: 188085[µs]

real	20m0,321s
user	19m57,449s
sys	0m2,530s
********************
/home/jakob/Documents/abstracton/benchmarks/dodo/FutureBus.json
f
secondpending
Running as unit: run-r9a092472fdba4613b08269f7a9dc75e4.scope; invocation ID: 477e8cb7a12c4964aeef5ff4061a0b51
Time needed for parsing json file: 14773[µs]
alphabet size: 9
using Flow interpretation
Time needed for constructing Flow interpretation transducer: 102731[µs]
computing ind...
Time needed for constructing complement of ind: 630544[µs]

real	20m0,169s
user	19m58,476s
sys	0m1,350s
********************
16 of 61
/home/jakob/Documents/abstracton/benchmarks/dodo/FutureBus.json
t
exclusiveexclusive
Running as unit: run-r651dc602c2834f759f681bd0df388167.scope; invocation ID: 5269e41b77554d84a78cc7133aa6ad33
Time needed for parsing json file: 14860[µs]
alphabet size: 9
using Trap interpretation
Time needed for constructing Trap interpretation transducer: 132128[µs]
computing ind...
Time needed for constructing complement of ind: 563603[µs]

real	20m0,156s
user	19m58,643s
sys	0m1,179s
********************
/home/jakob/Documents/abstracton/benchmarks/dodo/FutureBus.json
s
exclusiveexclusive
Running as unit: run-r0ef7312f175e43f7a5f95c49101b2265.scope; invocation ID: 4ac49ce555974c0fbe6c43adc8fd7ff3
Time needed for parsing json file: 16383[µs]
alphabet size: 9
using Siphon interpretation
Time needed for constructing Siphon interpretation transducer: 38426[µs]
computing ind...
Time needed for constructing complement of ind: 202141[µs]

real	20m0,326s
user	19m57,547s
sys	0m2,434s
********************
/home/jakob/Documents/abstracton/benchmarks/dodo/FutureBus.json
f
exclusiveexclusive
Running as unit: run-r3651b74f1f8647a0b82cbe9f09bd91b7.scope; invocation ID: fd543225023848dbb0a67188889c325f
Time needed for parsing json file: 15077[µs]
alphabet size: 9
using Flow interpretation
Time needed for constructing Flow interpretation transducer: 105512[µs]
computing ind...
Time needed for constructing complement of ind: 610923[µs]

real	20m0,169s
user	19m58,466s
sys	0m1,378s
********************
17 of 61
/home/jakob/Documents/abstracton/benchmarks/dodo/FutureBus.json
t
deadlock
Running as unit: run-rc4f5792f29f54a0a9d7e1bcf00b66da4.scope; invocation ID: 8ce4e3f85b5f494e85cbcda3f8fe60d8
Time needed for parsing json file: 15373[µs]
alphabet size: 9
using Trap interpretation
Time needed for constructing Trap interpretation transducer: 140680[µs]
computing ind...
Time needed for constructing complement of ind: 539492[µs]

real	20m0,147s
user	19m58,680s
sys	0m1,154s
********************
/home/jakob/Documents/abstracton/benchmarks/dodo/FutureBus.json
s
deadlock
Running as unit: run-rfa691053f4a040b5aa0b272901df3963.scope; invocation ID: 836a6a09dcce431bb4534de13af5ea3d
Time needed for parsing json file: 15622[µs]
alphabet size: 9
using Siphon interpretation
Time needed for constructing Siphon interpretation transducer: 37466[µs]
computing ind...
Time needed for constructing complement of ind: 186553[µs]

real	20m0,314s
user	19m57,585s
sys	0m2,403s
********************
/home/jakob/Documents/abstracton/benchmarks/dodo/FutureBus.json
f
deadlock
Running as unit: run-r43c8364e39584aed9e6646cdc8a430d6.scope; invocation ID: 4947c087e3a7492ea03f2c27904d3b47
Time needed for parsing json file: 15070[µs]
alphabet size: 9
using Flow interpretation
Time needed for constructing Flow interpretation transducer: 103280[µs]
computing ind...
Time needed for constructing complement of ind: 604232[µs]

real	20m0,166s
user	19m58,325s
sys	0m1,462s
********************
18 of 61
/home/jakob/Documents/abstracton/benchmarks/dodo/Herman.json
t
notoken
Running as unit: run-rfed6a6cdcec24c6485599745a93d2e67.scope; invocation ID: 1307ba1d68344de788b27671d22b3ed7
Time needed for parsing json file: 1244[µs]
alphabet size: 2
using Trap interpretation
Time needed for constructing Trap interpretation transducer: 574[µs]
computing ind...
Time needed for constructing complement of ind: 614[µs]
Time needed for computing ind: 14030[µs]
Time needed for minimizing ind: 1624[µs]
Time needed for computing ind (total): 16365[µs]
automaton for ind has 6 states.
...done.
computing complement of preach...
Time needed for constructing identity on ind: 77[µs]
Time needed for computing product v_id of abstraction framework with identity on ind: 1637[µs]
Time needed for computing product of v_id with complement of abstraction framework: 3209[µs]
Time needed for computing complement of preach: 21241[µs]
automaton for complement of preach has 11 states.
...of which, 4 states are at level 0.
Time needed for trimming complement of preach: 105[µs]
...done.
trying to prove abstract safety...
Time needed for constructing transducer for unsafe property: 4[µs]
Time needed for constructing transducer for (initial, unsafe) pairs: 139[µs]
Time needed for constructing transducer for complement of (initial, unsafe) pairs: 214[µs]
Time needed for building union of complements of preach and (initial, unsafe)-transducer: 39[µs]
Time needed for checking universality using lazy algorithm: 54[µs]
Time needed for checking abstract safety: 529[µs]
...done.
Result: [1]
This means that the following properties could be separated from the initial configurations:
	[notoken]
While the following properties could not be separated from the initial configurations:
	[]

real	0m0,057s
user	0m0,042s
sys	0m0,010s
********************
/home/jakob/Documents/abstracton/benchmarks/dodo/Herman.json
s
notoken
Running as unit: run-r2782eb0fd6dd467cb106be0df81ef5a9.scope; invocation ID: 083184b348db479ead4f4bfc1940dd9a
Time needed for parsing json file: 939[µs]
alphabet size: 2
using Siphon interpretation
Time needed for constructing Siphon interpretation transducer: 309[µs]
computing ind...
Time needed for constructing complement of ind: 225[µs]
Time needed for computing ind: 2888[µs]
Time needed for minimizing ind: 1181[µs]
Time needed for computing ind (total): 4355[µs]
automaton for ind has 6 states.
...done.
computing complement of preach...
Time needed for constructing identity on ind: 73[µs]
Time needed for computing product v_id of abstraction framework with identity on ind: 738[µs]
Time needed for computing product of v_id with complement of abstraction framework: 510[µs]
Time needed for computing complement of preach: 5763[µs]
automaton for complement of preach has 8 states.
...of which, 4 states are at level 0.
Time needed for trimming complement of preach: 45[µs]
...done.
trying to prove abstract safety...
Time needed for constructing transducer for unsafe property: 4[µs]
Time needed for constructing transducer for (initial, unsafe) pairs: 130[µs]
Time needed for constructing transducer for complement of (initial, unsafe) pairs: 222[µs]
Time needed for building union of complements of preach and (initial, unsafe)-transducer: 64[µs]
Time needed for checking universality using lazy algorithm: 46[µs]
Time needed for checking abstract safety: 539[µs]
...done.
Result: [0]
This means that the following properties could be separated from the initial configurations:
	[]
While the following properties could not be separated from the initial configurations:
	[notoken]

real	0m0,041s
user	0m0,018s
sys	0m0,006s
********************
/home/jakob/Documents/abstracton/benchmarks/dodo/Herman.json
f
notoken
Running as unit: run-r43af61a93d324f279f11d9f3a124a84c.scope; invocation ID: 76d8f8dcdec14a29952dc40a727b50b3
Time needed for parsing json file: 967[µs]
alphabet size: 2
using Flow interpretation
Time needed for constructing Flow interpretation transducer: 511[µs]
computing ind...
Time needed for constructing complement of ind: 601[µs]
Time needed for computing ind: 27444[µs]
Time needed for minimizing ind: 4174[µs]
Time needed for computing ind (total): 32323[µs]
automaton for ind has 7 states.
...done.
computing complement of preach...
Time needed for constructing identity on ind: 142[µs]
Time needed for computing product v_id of abstraction framework with identity on ind: 1787[µs]
Time needed for computing product of v_id with complement of abstraction framework: 985[µs]
Time needed for computing complement of preach: 40307[µs]
automaton for complement of preach has 4 states.
...of which, 2 states are at level 0.
Time needed for trimming complement of preach: 32[µs]
...done.
trying to prove abstract safety...
Time needed for constructing transducer for unsafe property: 4[µs]
Time needed for constructing transducer for (initial, unsafe) pairs: 179[µs]
Time needed for constructing transducer for complement of (initial, unsafe) pairs: 328[µs]
Time needed for building union of complements of preach and (initial, unsafe)-transducer: 78[µs]
Time needed for checking universality using lazy algorithm: 45[µs]
Time needed for checking abstract safety: 718[µs]
...done.
Result: [0]
This means that the following properties could be separated from the initial configurations:
	[]
While the following properties could not be separated from the initial configurations:
	[notoken]

real	0m0,101s
user	0m0,076s
sys	0m0,013s
********************
19 of 61
/home/jakob/Documents/abstracton/benchmarks/dodo/Illinois.json
t
dirtydirty
Running as unit: run-rbb7c88ed9ecf42269602cefa9057cff3.scope; invocation ID: 3dd2989e7739497280da69637d2eb0e8
Time needed for parsing json file: 2556[µs]
alphabet size: 4
using Trap interpretation
Time needed for constructing Trap interpretation transducer: 2183[µs]
computing ind...
Time needed for constructing complement of ind: 6601[µs]
Time needed for computing ind: 1321025[µs]
Time needed for minimizing ind: 62235[µs]
Time needed for computing ind (total): 1390029[µs]
automaton for ind has 12 states.
...done.
computing complement of preach...
Time needed for constructing identity on ind: 426[µs]
Time needed for computing product v_id of abstraction framework with identity on ind: 15778[µs]
Time needed for computing product of v_id with complement of abstraction framework: 71810[µs]
Time needed for computing complement of preach: 1453293[µs]
automaton for complement of preach has 234 states.
...of which, 18 states are at level 0.
Time needed for trimming complement of preach: 582[µs]
...done.
trying to prove abstract safety...
Time needed for constructing transducer for unsafe property: 6[µs]
Time needed for constructing transducer for (initial, unsafe) pairs: 163[µs]
Time needed for constructing transducer for complement of (initial, unsafe) pairs: 330[µs]
Time needed for building union of complements of preach and (initial, unsafe)-transducer: 218[µs]

real	20m1,934s
user	18m59,482s
sys	0m54,519s
********************
/home/jakob/Documents/abstracton/benchmarks/dodo/Illinois.json
s
dirtydirty
Running as unit: run-r3e336da10de648aeb1d917ee69656dce.scope; invocation ID: 6752cd55a0794be1a4a7a36559395867
Time needed for parsing json file: 3525[µs]
alphabet size: 4
using Siphon interpretation
Time needed for constructing Siphon interpretation transducer: 2187[µs]
computing ind...
Time needed for constructing complement of ind: 2890[µs]
Time needed for computing ind: 145592[µs]
Time needed for minimizing ind: 26600[µs]
Time needed for computing ind (total): 175354[µs]
automaton for ind has 5 states.
...done.
computing complement of preach...
Time needed for constructing identity on ind: 182[µs]
Time needed for computing product v_id of abstraction framework with identity on ind: 2167[µs]
Time needed for computing product of v_id with complement of abstraction framework: 633[µs]
Time needed for computing complement of preach: 154155[µs]
automaton for complement of preach has 5 states.
...of which, 2 states are at level 0.
Time needed for trimming complement of preach: 16[µs]
...done.
trying to prove abstract safety...
Time needed for constructing transducer for unsafe property: 5[µs]
Time needed for constructing transducer for (initial, unsafe) pairs: 124[µs]
Time needed for constructing transducer for complement of (initial, unsafe) pairs: 271[µs]
Time needed for building union of complements of preach and (initial, unsafe)-transducer: 51[µs]
terminate called after throwing an instance of 'std::bad_alloc'
  what():  std::bad_alloc
/usr/bin/timeout: the monitored command dumped core
./bench_for_dodo_comparison.sh: line 83: 1125554 Aborted                 systemd-run --user --scope -p MemoryMax=32G -p MemorySwapMax=7G timeout $TIMEOUT "${parentdir}/solve_dodo" -i $MODE -p $PROPERTY $FILE --measure-time --universality-alg lazy

real	12m34,419s
user	11m30,730s
sys	1m0,275s
********************
/home/jakob/Documents/abstracton/benchmarks/dodo/Illinois.json
f
dirtydirty
Running as unit: run-r07801e32c8b44bc58cf2a5d425c9e5da.scope; invocation ID: 3d5a687f95f44810b4b3a41907134909
Time needed for parsing json file: 3287[µs]
alphabet size: 4
using Flow interpretation
Time needed for constructing Flow interpretation transducer: 2988[µs]
computing ind...
Time needed for constructing complement of ind: 8148[µs]
Time needed for computing ind: 8809255[µs]
Time needed for minimizing ind: 407878[µs]
Time needed for computing ind (total): 9225618[µs]
automaton for ind has 7 states.
...done.
computing complement of preach...
Time needed for constructing identity on ind: 290[µs]
Time needed for computing product v_id of abstraction framework with identity on ind: 5124[µs]
Time needed for computing product of v_id with complement of abstraction framework: 1202[µs]
Time needed for computing complement of preach: 9221696[µs]
automaton for complement of preach has 5 states.
...of which, 2 states are at level 0.
Time needed for trimming complement of preach: 18[µs]
...done.
trying to prove abstract safety...
Time needed for constructing transducer for unsafe property: 10[µs]
Time needed for constructing transducer for (initial, unsafe) pairs: 129[µs]
Time needed for constructing transducer for complement of (initial, unsafe) pairs: 306[µs]
Time needed for building union of complements of preach and (initial, unsafe)-transducer: 58[µs]
terminate called after throwing an instance of 'std::bad_alloc'
  what():  std::bad_alloc
/usr/bin/timeout: the monitored command dumped core
./bench_for_dodo_comparison.sh: line 83: 1127365 Aborted                 systemd-run --user --scope -p MemoryMax=32G -p MemorySwapMax=7G timeout $TIMEOUT "${parentdir}/solve_dodo" -i $MODE -p $PROPERTY $FILE --measure-time --universality-alg lazy

real	12m56,404s
user	11m52,749s
sys	1m0,931s
********************
20 of 61
/home/jakob/Documents/abstracton/benchmarks/dodo/Illinois.json
t
dirtyshared
Running as unit: run-rbeaa4fe22fec4c7cbe7c14cfb1de799b.scope; invocation ID: 3aba9a4472f143338028bd5a3ab422ba
Time needed for parsing json file: 3212[µs]
alphabet size: 4
using Trap interpretation
Time needed for constructing Trap interpretation transducer: 3205[µs]
computing ind...
Time needed for constructing complement of ind: 7088[µs]
Time needed for computing ind: 1225570[µs]
Time needed for minimizing ind: 65856[µs]
Time needed for computing ind (total): 1298829[µs]
automaton for ind has 12 states.
...done.
computing complement of preach...
Time needed for constructing identity on ind: 466[µs]
Time needed for computing product v_id of abstraction framework with identity on ind: 15860[µs]
Time needed for computing product of v_id with complement of abstraction framework: 75461[µs]
Time needed for computing complement of preach: 1397488[µs]
automaton for complement of preach has 234 states.
...of which, 18 states are at level 0.
Time needed for trimming complement of preach: 726[µs]
...done.
trying to prove abstract safety...
Time needed for constructing transducer for unsafe property: 7[µs]
Time needed for constructing transducer for (initial, unsafe) pairs: 182[µs]
Time needed for constructing transducer for complement of (initial, unsafe) pairs: 408[µs]
Time needed for building union of complements of preach and (initial, unsafe)-transducer: 257[µs]

real	20m1,727s
user	19m15,525s
sys	0m45,824s
********************
/home/jakob/Documents/abstracton/benchmarks/dodo/Illinois.json
s
dirtyshared
Running as unit: run-r74a96c3c48b648cbb084b00a54544344.scope; invocation ID: 517e7bfc9d8140268ffadce3046b5710
Time needed for parsing json file: 3325[µs]
alphabet size: 4
using Siphon interpretation
Time needed for constructing Siphon interpretation transducer: 2196[µs]
computing ind...
Time needed for constructing complement of ind: 2538[µs]
Time needed for computing ind: 136103[µs]
Time needed for minimizing ind: 20961[µs]
Time needed for computing ind (total): 159727[µs]
automaton for ind has 5 states.
...done.
computing complement of preach...
Time needed for constructing identity on ind: 201[µs]
Time needed for computing product v_id of abstraction framework with identity on ind: 2075[µs]
Time needed for computing product of v_id with complement of abstraction framework: 753[µs]
Time needed for computing complement of preach: 153059[µs]
automaton for complement of preach has 5 states.
...of which, 2 states are at level 0.
Time needed for trimming complement of preach: 17[µs]
...done.
trying to prove abstract safety...
Time needed for constructing transducer for unsafe property: 6[µs]
Time needed for constructing transducer for (initial, unsafe) pairs: 148[µs]
Time needed for constructing transducer for complement of (initial, unsafe) pairs: 418[µs]
Time needed for building union of complements of preach and (initial, unsafe)-transducer: 69[µs]
Time needed for checking universality using lazy algorithm: 74[µs]
Time needed for checking abstract safety: 794[µs]
...done.
Result: [0]
This means that the following properties could be separated from the initial configurations:
	[]
While the following properties could not be separated from the initial configurations:
	[dirtyshared]

real	0m0,352s
user	0m0,321s
sys	0m0,010s
********************
/home/jakob/Documents/abstracton/benchmarks/dodo/Illinois.json
f
dirtyshared
Running as unit: run-r4356ed9d594742a1a1caf13d957b4b30.scope; invocation ID: c194869600524ee894c15eb0ee091a37
Time needed for parsing json file: 2411[µs]
alphabet size: 4
using Flow interpretation
Time needed for constructing Flow interpretation transducer: 1846[µs]
computing ind...
Time needed for constructing complement of ind: 7673[µs]
Time needed for computing ind: 8882769[µs]
Time needed for minimizing ind: 417873[µs]
Time needed for computing ind (total): 9308563[µs]
automaton for ind has 7 states.
...done.
computing complement of preach...
Time needed for constructing identity on ind: 299[µs]
Time needed for computing product v_id of abstraction framework with identity on ind: 5327[µs]
Time needed for computing product of v_id with complement of abstraction framework: 1147[µs]
Time needed for computing complement of preach: 9273350[µs]
automaton for complement of preach has 5 states.
...of which, 2 states are at level 0.
Time needed for trimming complement of preach: 36[µs]
...done.
trying to prove abstract safety...
Time needed for constructing transducer for unsafe property: 8[µs]
Time needed for constructing transducer for (initial, unsafe) pairs: 149[µs]
Time needed for constructing transducer for complement of (initial, unsafe) pairs: 377[µs]
Time needed for building union of complements of preach and (initial, unsafe)-transducer: 64[µs]
Time needed for checking universality using lazy algorithm: 68[µs]
Time needed for checking abstract safety: 738[µs]
...done.
Result: [0]
This means that the following properties could be separated from the initial configurations:
	[]
While the following properties could not be separated from the initial configurations:
	[dirtyshared]

real	0m18,613s
user	0m18,564s
sys	0m0,033s
********************
21 of 61
/home/jakob/Documents/abstracton/benchmarks/dodo/Illinois.json
t
deadlock
Running as unit: run-ra2da928ae60b4fefb9e8cca084014dee.scope; invocation ID: cf33cb22ed40485dada00d4f246825a9
Time needed for parsing json file: 2514[µs]
alphabet size: 4
using Trap interpretation
Time needed for constructing Trap interpretation transducer: 2247[µs]
computing ind...
Time needed for constructing complement of ind: 8575[µs]
Time needed for computing ind: 1242295[µs]
Time needed for minimizing ind: 60525[µs]
Time needed for computing ind (total): 1311561[µs]
automaton for ind has 12 states.
...done.
computing complement of preach...
Time needed for constructing identity on ind: 423[µs]
Time needed for computing product v_id of abstraction framework with identity on ind: 15659[µs]
Time needed for computing product of v_id with complement of abstraction framework: 74142[µs]
Time needed for computing complement of preach: 1395101[µs]
automaton for complement of preach has 234 states.
...of which, 18 states are at level 0.
Time needed for trimming complement of preach: 618[µs]
...done.
trying to prove abstract safety...
Time needed for constructing transducer for unsafe property: 18[µs]
Time needed for constructing transducer for (initial, unsafe) pairs: 182[µs]
Time needed for constructing transducer for complement of (initial, unsafe) pairs: 43[µs]
Time needed for building union of complements of preach and (initial, unsafe)-transducer: 204[µs]
Time needed for checking universality using lazy algorithm: 3035[µs]
Time needed for checking abstract safety: 3593[µs]
...done.
Result: [1]
This means that the following properties could be separated from the initial configurations:
	[deadlock]
While the following properties could not be separated from the initial configurations:
	[]

real	0m2,748s
user	0m2,706s
sys	0m0,024s
********************
/home/jakob/Documents/abstracton/benchmarks/dodo/Illinois.json
s
deadlock
Running as unit: run-r0a63865553f54d39975cc1fe0afecab7.scope; invocation ID: 008cb38dc263460ea8ff644f58ca1665
Time needed for parsing json file: 2352[µs]
alphabet size: 4
using Siphon interpretation
Time needed for constructing Siphon interpretation transducer: 857[µs]
computing ind...
Time needed for constructing complement of ind: 2314[µs]
Time needed for computing ind: 127953[µs]
Time needed for minimizing ind: 21823[µs]
Time needed for computing ind (total): 152204[µs]
automaton for ind has 5 states.
...done.
computing complement of preach...
Time needed for constructing identity on ind: 186[µs]
Time needed for computing product v_id of abstraction framework with identity on ind: 1949[µs]
Time needed for computing product of v_id with complement of abstraction framework: 624[µs]
Time needed for computing complement of preach: 148673[µs]
automaton for complement of preach has 5 states.
...of which, 2 states are at level 0.
Time needed for trimming complement of preach: 24[µs]
...done.
trying to prove abstract safety...
Time needed for constructing transducer for unsafe property: 16[µs]
Time needed for constructing transducer for (initial, unsafe) pairs: 142[µs]
Time needed for constructing transducer for complement of (initial, unsafe) pairs: 35[µs]
Time needed for building union of complements of preach and (initial, unsafe)-transducer: 31[µs]
Time needed for checking universality using lazy algorithm: 58[µs]
Time needed for checking abstract safety: 334[µs]
...done.
Result: [1]
This means that the following properties could be separated from the initial configurations:
	[deadlock]
While the following properties could not be separated from the initial configurations:
	[]

real	0m0,330s
user	0m0,304s
sys	0m0,012s
********************
/home/jakob/Documents/abstracton/benchmarks/dodo/Illinois.json
f
deadlock
Running as unit: run-rc247a9112de14cfbbacfebde28cb4b10.scope; invocation ID: 159675d158f24012ba85d923493a683a
Time needed for parsing json file: 2497[µs]
alphabet size: 4
using Flow interpretation
Time needed for constructing Flow interpretation transducer: 1941[µs]
computing ind...
Time needed for constructing complement of ind: 7893[µs]
Time needed for computing ind: 8934033[µs]
Time needed for minimizing ind: 418017[µs]
Time needed for computing ind (total): 9360163[µs]
automaton for ind has 7 states.
...done.
computing complement of preach...
Time needed for constructing identity on ind: 278[µs]
Time needed for computing product v_id of abstraction framework with identity on ind: 4978[µs]
Time needed for computing product of v_id with complement of abstraction framework: 1160[µs]
Time needed for computing complement of preach: 9358976[µs]
automaton for complement of preach has 5 states.
...of which, 2 states are at level 0.
Time needed for trimming complement of preach: 19[µs]
...done.
trying to prove abstract safety...
Time needed for constructing transducer for unsafe property: 17[µs]
Time needed for constructing transducer for (initial, unsafe) pairs: 160[µs]
Time needed for constructing transducer for complement of (initial, unsafe) pairs: 39[µs]
Time needed for building union of complements of preach and (initial, unsafe)-transducer: 32[µs]
Time needed for checking universality using lazy algorithm: 62[µs]
Time needed for checking abstract safety: 396[µs]
...done.
Result: [1]
This means that the following properties could be separated from the initial configurations:
	[deadlock]
While the following properties could not be separated from the initial configurations:
	[]

real	0m18,758s
user	0m18,696s
sys	0m0,038s
********************
22 of 61
/home/jakob/Documents/abstracton/benchmarks/dodo/Israeli-Jafon.json
t
notoken
Running as unit: run-r25abe1f7f71b4427a42323e23027f04e.scope; invocation ID: 58c2398a860242bd841123ecc2d16f0c
Time needed for parsing json file: 1324[µs]
alphabet size: 2
using Trap interpretation
Time needed for constructing Trap interpretation transducer: 576[µs]
computing ind...
Time needed for constructing complement of ind: 541[µs]
Time needed for computing ind: 5198[µs]
Time needed for minimizing ind: 937[µs]
Time needed for computing ind (total): 6724[µs]
automaton for ind has 6 states.
...done.
computing complement of preach...
Time needed for constructing identity on ind: 70[µs]
Time needed for computing product v_id of abstraction framework with identity on ind: 1498[µs]
Time needed for computing product of v_id with complement of abstraction framework: 3399[µs]
Time needed for computing complement of preach: 11835[µs]
automaton for complement of preach has 11 states.
...of which, 4 states are at level 0.
Time needed for trimming complement of preach: 37[µs]
...done.
trying to prove abstract safety...
Time needed for constructing transducer for unsafe property: 3[µs]
Time needed for constructing transducer for (initial, unsafe) pairs: 137[µs]
Time needed for constructing transducer for complement of (initial, unsafe) pairs: 211[µs]
Time needed for building union of complements of preach and (initial, unsafe)-transducer: 39[µs]
Time needed for checking universality using lazy algorithm: 53[µs]
Time needed for checking abstract safety: 498[µs]
...done.
Result: [1]
This means that the following properties could be separated from the initial configurations:
	[notoken]
While the following properties could not be separated from the initial configurations:
	[]

real	0m0,043s
user	0m0,022s
sys	0m0,010s
********************
/home/jakob/Documents/abstracton/benchmarks/dodo/Israeli-Jafon.json
s
notoken
Running as unit: run-rd274a16c901b4a50976f652726f97f0c.scope; invocation ID: 3bd4682972784223b1ea411d45d80c9d
Time needed for parsing json file: 844[µs]
alphabet size: 2
using Siphon interpretation
Time needed for constructing Siphon interpretation transducer: 338[µs]
computing ind...
Time needed for constructing complement of ind: 217[µs]
Time needed for computing ind: 1242[µs]
Time needed for minimizing ind: 740[µs]
Time needed for computing ind (total): 2246[µs]
automaton for ind has 6 states.
...done.
computing complement of preach...
Time needed for constructing identity on ind: 72[µs]
Time needed for computing product v_id of abstraction framework with identity on ind: 792[µs]
Time needed for computing product of v_id with complement of abstraction framework: 496[µs]
Time needed for computing complement of preach: 3759[µs]
automaton for complement of preach has 8 states.
...of which, 4 states are at level 0.
Time needed for trimming complement of preach: 38[µs]
...done.
trying to prove abstract safety...
Time needed for constructing transducer for unsafe property: 3[µs]
Time needed for constructing transducer for (initial, unsafe) pairs: 124[µs]
Time needed for constructing transducer for complement of (initial, unsafe) pairs: 220[µs]
Time needed for building union of complements of preach and (initial, unsafe)-transducer: 50[µs]
Time needed for checking universality using lazy algorithm: 41[µs]
Time needed for checking abstract safety: 533[µs]
...done.
Result: [0]
This means that the following properties could be separated from the initial configurations:
	[]
While the following properties could not be separated from the initial configurations:
	[notoken]

real	0m0,030s
user	0m0,011s
sys	0m0,008s
********************
/home/jakob/Documents/abstracton/benchmarks/dodo/Israeli-Jafon.json
f
notoken
Running as unit: run-r1eb47f0db6fa4479805a72dda4663f0d.scope; invocation ID: 3c1003611e564ecd9d748dcc559efd5c
Time needed for parsing json file: 829[µs]
alphabet size: 2
using Flow interpretation
Time needed for constructing Flow interpretation transducer: 473[µs]
computing ind...
Time needed for constructing complement of ind: 554[µs]
Time needed for computing ind: 8916[µs]
Time needed for minimizing ind: 2157[µs]
Time needed for computing ind (total): 11691[µs]
automaton for ind has 7 states.
...done.
computing complement of preach...
Time needed for constructing identity on ind: 77[µs]
Time needed for computing product v_id of abstraction framework with identity on ind: 1345[µs]
Time needed for computing product of v_id with complement of abstraction framework: 603[µs]
Time needed for computing complement of preach: 13813[µs]
automaton for complement of preach has 4 states.
...of which, 2 states are at level 0.
Time needed for trimming complement of preach: 19[µs]
...done.
trying to prove abstract safety...
Time needed for constructing transducer for unsafe property: 3[µs]
Time needed for constructing transducer for (initial, unsafe) pairs: 116[µs]
Time needed for constructing transducer for complement of (initial, unsafe) pairs: 209[µs]
Time needed for building union of complements of preach and (initial, unsafe)-transducer: 34[µs]
Time needed for checking universality using lazy algorithm: 31[µs]
Time needed for checking abstract safety: 443[µs]
...done.
Result: [0]
This means that the following properties could be separated from the initial configurations:
	[]
While the following properties could not be separated from the initial configurations:
	[notoken]

real	0m0,054s
user	0m0,030s
sys	0m0,008s
********************
23 of 61
/home/jakob/Documents/abstracton/benchmarks/dodo/MESI.json
t
modifiedmodified
Running as unit: run-r0d57b73230a94af88dc9131d8b978dd1.scope; invocation ID: d3f63e7e35da4139bb8e7988a5c767ce
Time needed for parsing json file: 1669[µs]
alphabet size: 4
using Trap interpretation
Time needed for constructing Trap interpretation transducer: 2295[µs]
computing ind...
Time needed for constructing complement of ind: 3249[µs]
Time needed for computing ind: 53447[µs]
Time needed for minimizing ind: 7003[µs]
Time needed for computing ind (total): 63794[µs]
automaton for ind has 6 states.
...done.
computing complement of preach...
Time needed for constructing identity on ind: 221[µs]
Time needed for computing product v_id of abstraction framework with identity on ind: 8689[µs]
Time needed for computing product of v_id with complement of abstraction framework: 36794[µs]
Time needed for computing complement of preach: 107444[µs]
automaton for complement of preach has 175 states.
...of which, 7 states are at level 0.
Time needed for trimming complement of preach: 433[µs]
...done.
trying to prove abstract safety...
Time needed for constructing transducer for unsafe property: 6[µs]
Time needed for constructing transducer for (initial, unsafe) pairs: 170[µs]
Time needed for constructing transducer for complement of (initial, unsafe) pairs: 333[µs]
Time needed for building union of complements of preach and (initial, unsafe)-transducer: 189[µs]
Time needed for checking universality using lazy algorithm: 1059[µs]
Time needed for checking abstract safety: 1857[µs]
...done.
Result: [1]
This means that the following properties could be separated from the initial configurations:
	[modifiedmodified]
While the following properties could not be separated from the initial configurations:
	[]

real	0m0,200s
user	0m0,177s
sys	0m0,012s
********************
/home/jakob/Documents/abstracton/benchmarks/dodo/MESI.json
s
modifiedmodified
Running as unit: run-rb78a314489b7413e8f1cfe2744abee77.scope; invocation ID: 071369fa027541cc94c2b0c9f7256e25
Time needed for parsing json file: 1458[µs]
alphabet size: 4
using Siphon interpretation
Time needed for constructing Siphon interpretation transducer: 844[µs]
computing ind...
Time needed for constructing complement of ind: 1176[µs]
Time needed for computing ind: 10304[µs]
Time needed for minimizing ind: 3493[µs]
Time needed for computing ind (total): 15033[µs]
automaton for ind has 3 states.
...done.
computing complement of preach...
Time needed for constructing identity on ind: 120[µs]
Time needed for computing product v_id of abstraction framework with identity on ind: 1460[µs]
Time needed for computing product of v_id with complement of abstraction framework: 335[µs]
Time needed for computing complement of preach: 16731[µs]
automaton for complement of preach has 0 states.
...of which, 0 states are at level 0.
Time needed for trimming complement of preach: 4[µs]
...done.
trying to prove abstract safety...
Time needed for constructing transducer for unsafe property: 5[µs]
Time needed for constructing transducer for (initial, unsafe) pairs: 133[µs]
Time needed for constructing transducer for complement of (initial, unsafe) pairs: 303[µs]
Time needed for building union of complements of preach and (initial, unsafe)-transducer: 51[µs]
terminate called after throwing an instance of 'std::bad_alloc'
  what():  std::bad_alloc
/usr/bin/timeout: the monitored command dumped core
./bench_for_dodo_comparison.sh: line 83: 1132510 Aborted                 systemd-run --user --scope -p MemoryMax=32G -p MemorySwapMax=7G timeout $TIMEOUT "${parentdir}/solve_dodo" -i $MODE -p $PROPERTY $FILE --measure-time --universality-alg lazy

real	11m37,841s
user	10m39,460s
sys	0m56,862s
********************
/home/jakob/Documents/abstracton/benchmarks/dodo/MESI.json
f
modifiedmodified
Running as unit: run-rda0729c5fb804186b6f5dfccb5f267cd.scope; invocation ID: 66a4aa744f2b4d5d8481290795ced71a
Time needed for parsing json file: 2278[µs]
alphabet size: 4
using Flow interpretation
Time needed for constructing Flow interpretation transducer: 3066[µs]
computing ind...
Time needed for constructing complement of ind: 3841[µs]
Time needed for computing ind: 202483[µs]
Time needed for minimizing ind: 24429[µs]
Time needed for computing ind (total): 231022[µs]
automaton for ind has 5 states.
...done.
computing complement of preach...
Time needed for constructing identity on ind: 192[µs]
Time needed for computing product v_id of abstraction framework with identity on ind: 3072[µs]
Time needed for computing product of v_id with complement of abstraction framework: 725[µs]
Time needed for computing complement of preach: 230624[µs]
automaton for complement of preach has 0 states.
...of which, 0 states are at level 0.
Time needed for trimming complement of preach: 7[µs]
...done.
trying to prove abstract safety...
Time needed for constructing transducer for unsafe property: 7[µs]
Time needed for constructing transducer for (initial, unsafe) pairs: 157[µs]
Time needed for constructing transducer for complement of (initial, unsafe) pairs: 286[µs]
Time needed for building union of complements of preach and (initial, unsafe)-transducer: 67[µs]
terminate called after throwing an instance of 'std::bad_alloc'
  what():  std::bad_alloc
/usr/bin/timeout: the monitored command dumped core
./bench_for_dodo_comparison.sh: line 83: 1134185 Aborted                 systemd-run --user --scope -p MemoryMax=32G -p MemorySwapMax=7G timeout $TIMEOUT "${parentdir}/solve_dodo" -i $MODE -p $PROPERTY $FILE --measure-time --universality-alg lazy

real	11m45,572s
user	10m40,424s
sys	1m0,363s
********************
24 of 61
/home/jakob/Documents/abstracton/benchmarks/dodo/MESI.json
t
sharedmodified
Running as unit: run-r3925c0532169493b9efe2a3941d041de.scope; invocation ID: edbbe78022ee4d30965cc109a3fafcec
Time needed for parsing json file: 2237[µs]
alphabet size: 4
using Trap interpretation
Time needed for constructing Trap interpretation transducer: 3309[µs]
computing ind...
Time needed for constructing complement of ind: 3514[µs]
Time needed for computing ind: 53332[µs]
Time needed for minimizing ind: 7120[µs]
Time needed for computing ind (total): 64182[µs]
automaton for ind has 6 states.
...done.
computing complement of preach...
Time needed for constructing identity on ind: 207[µs]
Time needed for computing product v_id of abstraction framework with identity on ind: 8808[µs]
Time needed for computing product of v_id with complement of abstraction framework: 33809[µs]
Time needed for computing complement of preach: 104683[µs]
automaton for complement of preach has 175 states.
...of which, 7 states are at level 0.
Time needed for trimming complement of preach: 436[µs]
...done.
trying to prove abstract safety...
Time needed for constructing transducer for unsafe property: 8[µs]
Time needed for constructing transducer for (initial, unsafe) pairs: 192[µs]
Time needed for constructing transducer for complement of (initial, unsafe) pairs: 366[µs]
Time needed for building union of complements of preach and (initial, unsafe)-transducer: 193[µs]
Time needed for checking universality using lazy algorithm: 989[µs]
Time needed for checking abstract safety: 1826[µs]
...done.
Result: [1]
This means that the following properties could be separated from the initial configurations:
	[sharedmodified]
While the following properties could not be separated from the initial configurations:
	[]

real	0m0,208s
user	0m0,172s
sys	0m0,016s
********************
/home/jakob/Documents/abstracton/benchmarks/dodo/MESI.json
s
sharedmodified
Running as unit: run-re66ed25e40f84618bc168791aa83fb98.scope; invocation ID: 493fd8076321481fbd979b2a34708d10
Time needed for parsing json file: 1384[µs]
alphabet size: 4
using Siphon interpretation
Time needed for constructing Siphon interpretation transducer: 806[µs]
computing ind...
Time needed for constructing complement of ind: 1086[µs]
Time needed for computing ind: 9407[µs]
Time needed for minimizing ind: 3674[µs]
Time needed for computing ind (total): 14244[µs]
automaton for ind has 3 states.
...done.
computing complement of preach...
Time needed for constructing identity on ind: 118[µs]
Time needed for computing product v_id of abstraction framework with identity on ind: 1462[µs]
Time needed for computing product of v_id with complement of abstraction framework: 372[µs]
Time needed for computing complement of preach: 16764[µs]
automaton for complement of preach has 0 states.
...of which, 0 states are at level 0.
Time needed for trimming complement of preach: 7[µs]
...done.
trying to prove abstract safety...
Time needed for constructing transducer for unsafe property: 10[µs]
Time needed for constructing transducer for (initial, unsafe) pairs: 157[µs]
Time needed for constructing transducer for complement of (initial, unsafe) pairs: 356[µs]
Time needed for building union of complements of preach and (initial, unsafe)-transducer: 78[µs]
terminate called after throwing an instance of 'std::bad_alloc'
  what():  std::bad_alloc
/usr/bin/timeout: the monitored command dumped core
./bench_for_dodo_comparison.sh: line 83: 1136098 Aborted                 systemd-run --user --scope -p MemoryMax=32G -p MemorySwapMax=7G timeout $TIMEOUT "${parentdir}/solve_dodo" -i $MODE -p $PROPERTY $FILE --measure-time --universality-alg lazy

real	11m41,643s
user	10m45,527s
sys	0m54,533s
********************
/home/jakob/Documents/abstracton/benchmarks/dodo/MESI.json
f
sharedmodified
Running as unit: run-r1983f6d43e2e4e5cb0db913e4c5cfb2d.scope; invocation ID: d19ca844659144e79863b55a1b1ecdc8
Time needed for parsing json file: 2291[µs]
alphabet size: 4
using Flow interpretation
Time needed for constructing Flow interpretation transducer: 3143[µs]
computing ind...
Time needed for constructing complement of ind: 3891[µs]
Time needed for computing ind: 219243[µs]
Time needed for minimizing ind: 25983[µs]
Time needed for computing ind (total): 249396[µs]
automaton for ind has 5 states.
...done.
computing complement of preach...
Time needed for constructing identity on ind: 170[µs]
Time needed for computing product v_id of abstraction framework with identity on ind: 3200[µs]
Time needed for computing product of v_id with complement of abstraction framework: 719[µs]
Time needed for computing complement of preach: 229388[µs]
automaton for complement of preach has 0 states.
...of which, 0 states are at level 0.
Time needed for trimming complement of preach: 4[µs]
...done.
trying to prove abstract safety...
Time needed for constructing transducer for unsafe property: 16[µs]
Time needed for constructing transducer for (initial, unsafe) pairs: 149[µs]
Time needed for constructing transducer for complement of (initial, unsafe) pairs: 370[µs]
Time needed for building union of complements of preach and (initial, unsafe)-transducer: 57[µs]
terminate called after throwing an instance of 'std::bad_alloc'
  what():  std::bad_alloc
/usr/bin/timeout: the monitored command dumped core
./bench_for_dodo_comparison.sh: line 83: 1138030 Aborted                 systemd-run --user --scope -p MemoryMax=32G -p MemorySwapMax=7G timeout $TIMEOUT "${parentdir}/solve_dodo" -i $MODE -p $PROPERTY $FILE --measure-time --universality-alg lazy

real	11m41,185s
user	10m43,930s
sys	0m55,686s
********************
25 of 61
/home/jakob/Documents/abstracton/benchmarks/dodo/MESI.json
t
deadlock
Running as unit: run-raea0fb3b6df241238848fcdbc750a1a5.scope; invocation ID: 697f89fc01e749e39251d56f9e10bd00
Time needed for parsing json file: 2197[µs]
alphabet size: 4
using Trap interpretation
Time needed for constructing Trap interpretation transducer: 3228[µs]
computing ind...
Time needed for constructing complement of ind: 3395[µs]
Time needed for computing ind: 53561[µs]
Time needed for minimizing ind: 7177[µs]
Time needed for computing ind (total): 64354[µs]
automaton for ind has 6 states.
...done.
computing complement of preach...
Time needed for constructing identity on ind: 221[µs]
Time needed for computing product v_id of abstraction framework with identity on ind: 9603[µs]
Time needed for computing product of v_id with complement of abstraction framework: 35539[µs]
Time needed for computing complement of preach: 109686[µs]
automaton for complement of preach has 175 states.
...of which, 7 states are at level 0.
Time needed for trimming complement of preach: 371[µs]
...done.
trying to prove abstract safety...
Time needed for constructing transducer for unsafe property: 10[µs]
Time needed for constructing transducer for (initial, unsafe) pairs: 130[µs]
Time needed for constructing transducer for complement of (initial, unsafe) pairs: 46[µs]
Time needed for building union of complements of preach and (initial, unsafe)-transducer: 148[µs]
Time needed for checking universality using lazy algorithm: 949[µs]
Time needed for checking abstract safety: 1367[µs]
...done.
Result: [1]
This means that the following properties could be separated from the initial configurations:
	[deadlock]
While the following properties could not be separated from the initial configurations:
	[]

real	0m0,213s
user	0m0,179s
sys	0m0,013s
********************
/home/jakob/Documents/abstracton/benchmarks/dodo/MESI.json
s
deadlock
Running as unit: run-rb44cfeceed384706a03a9d5b7946333d.scope; invocation ID: 4fa6098e226e4b54a0414d6596f60071
Time needed for parsing json file: 1671[µs]
alphabet size: 4
using Siphon interpretation
Time needed for constructing Siphon interpretation transducer: 925[µs]
computing ind...
Time needed for constructing complement of ind: 1235[µs]
Time needed for computing ind: 10685[µs]
Time needed for minimizing ind: 3677[µs]
Time needed for computing ind (total): 15685[µs]
automaton for ind has 3 states.
...done.
computing complement of preach...
Time needed for constructing identity on ind: 129[µs]
Time needed for computing product v_id of abstraction framework with identity on ind: 1540[µs]
Time needed for computing product of v_id with complement of abstraction framework: 369[µs]
Time needed for computing complement of preach: 17582[µs]
automaton for complement of preach has 0 states.
...of which, 0 states are at level 0.
Time needed for trimming complement of preach: 4[µs]
...done.
trying to prove abstract safety...
Time needed for constructing transducer for unsafe property: 9[µs]
Time needed for constructing transducer for (initial, unsafe) pairs: 103[µs]
Time needed for constructing transducer for complement of (initial, unsafe) pairs: 35[µs]
Time needed for building union of complements of preach and (initial, unsafe)-transducer: 28[µs]
Time needed for checking universality using lazy algorithm: 37[µs]
Time needed for checking abstract safety: 257[µs]
...done.
Result: [1]
This means that the following properties could be separated from the initial configurations:
	[deadlock]
While the following properties could not be separated from the initial configurations:
	[]

real	0m0,065s
user	0m0,040s
sys	0m0,007s
********************
/home/jakob/Documents/abstracton/benchmarks/dodo/MESI.json
f
deadlock
Running as unit: run-ra67d523357c2471daf973844ca5b4c81.scope; invocation ID: 30465333333f41ed83193f5146c77d4a
Time needed for parsing json file: 1474[µs]
alphabet size: 4
using Flow interpretation
Time needed for constructing Flow interpretation transducer: 1958[µs]
computing ind...
Time needed for constructing complement of ind: 3470[µs]
Time needed for computing ind: 205189[µs]
Time needed for minimizing ind: 23367[µs]
Time needed for computing ind (total): 232132[µs]
automaton for ind has 5 states.
...done.
computing complement of preach...
Time needed for constructing identity on ind: 245[µs]
Time needed for computing product v_id of abstraction framework with identity on ind: 3035[µs]
Time needed for computing product of v_id with complement of abstraction framework: 675[µs]
Time needed for computing complement of preach: 236399[µs]
automaton for complement of preach has 0 states.
...of which, 0 states are at level 0.
Time needed for trimming complement of preach: 4[µs]
...done.
trying to prove abstract safety...
Time needed for constructing transducer for unsafe property: 14[µs]
Time needed for constructing transducer for (initial, unsafe) pairs: 110[µs]
Time needed for constructing transducer for complement of (initial, unsafe) pairs: 32[µs]
Time needed for building union of complements of preach and (initial, unsafe)-transducer: 28[µs]
Time needed for checking universality using lazy algorithm: 34[µs]
Time needed for checking abstract safety: 258[µs]
...done.
Result: [1]
This means that the following properties could be separated from the initial configurations:
	[deadlock]
While the following properties could not be separated from the initial configurations:
	[]

real	0m0,499s
user	0m0,476s
sys	0m0,007s
********************
26 of 61
/home/jakob/Documents/abstracton/benchmarks/dodo/MOESI.json
t
modifiedmodified
Running as unit: run-r1611b529883545df88ffa6742c9e2897.scope; invocation ID: 2d9bfdd88f7340c8b60ebd37fe2574a5
Time needed for parsing json file: 3179[µs]
alphabet size: 5
using Trap interpretation
Time needed for constructing Trap interpretation transducer: 5092[µs]
computing ind...
Time needed for constructing complement of ind: 8369[µs]
Time needed for computing ind: 163229[µs]
Time needed for minimizing ind: 19863[µs]
Time needed for computing ind (total): 191611[µs]
automaton for ind has 13 states.
...done.
computing complement of preach...
Time needed for constructing identity on ind: 921[µs]
Time needed for computing product v_id of abstraction framework with identity on ind: 52699[µs]
Time needed for computing product of v_id with complement of abstraction framework: 241685[µs]
Time needed for computing complement of preach: 478803[µs]
automaton for complement of preach has 1220 states.
...of which, 20 states are at level 0.
Time needed for trimming complement of preach: 3443[µs]
...done.
trying to prove abstract safety...
Time needed for constructing transducer for unsafe property: 7[µs]
Time needed for constructing transducer for (initial, unsafe) pairs: 197[µs]
Time needed for constructing transducer for complement of (initial, unsafe) pairs: 430[µs]
Time needed for building union of complements of preach and (initial, unsafe)-transducer: 1175[µs]
Time needed for checking universality using lazy algorithm: 24597[µs]
Time needed for checking abstract safety: 26854[µs]
...done.
Result: [1]
This means that the following properties could be separated from the initial configurations:
	[modifiedmodified]
While the following properties could not be separated from the initial configurations:
	[]

real	0m0,736s
user	0m0,665s
sys	0m0,060s
********************
/home/jakob/Documents/abstracton/benchmarks/dodo/MOESI.json
s
modifiedmodified
Running as unit: run-r415db4ca6133403aa928ac3a786becb5.scope; invocation ID: e601b3bb799340b0a1ae787c6425816d
Time needed for parsing json file: 2760[µs]
alphabet size: 5
using Siphon interpretation
Time needed for constructing Siphon interpretation transducer: 1722[µs]
computing ind...
Time needed for constructing complement of ind: 2789[µs]
Time needed for computing ind: 19565[µs]
Time needed for minimizing ind: 6460[µs]
Time needed for computing ind (total): 28880[µs]
automaton for ind has 5 states.
...done.
computing complement of preach...
Time needed for constructing identity on ind: 353[µs]
Time needed for computing product v_id of abstraction framework with identity on ind: 5778[µs]
Time needed for computing product of v_id with complement of abstraction framework: 1224[µs]
Time needed for computing complement of preach: 35844[µs]
automaton for complement of preach has 6 states.
...of which, 2 states are at level 0.
Time needed for trimming complement of preach: 22[µs]
...done.
trying to prove abstract safety...
Time needed for constructing transducer for unsafe property: 13[µs]
Time needed for constructing transducer for (initial, unsafe) pairs: 209[µs]
Time needed for constructing transducer for complement of (initial, unsafe) pairs: 458[µs]
Time needed for building union of complements of preach and (initial, unsafe)-transducer: 95[µs]
terminate called after throwing an instance of 'std::bad_alloc'
  what():  std::bad_alloc
/usr/bin/timeout: the monitored command dumped core
./bench_for_dodo_comparison.sh: line 83: 1139781 Aborted                 systemd-run --user --scope -p MemoryMax=32G -p MemorySwapMax=7G timeout $TIMEOUT "${parentdir}/solve_dodo" -i $MODE -p $PROPERTY $FILE --measure-time --universality-alg lazy

real	13m7,068s
user	12m3,941s
sys	0m59,400s
********************
/home/jakob/Documents/abstracton/benchmarks/dodo/MOESI.json
f
modifiedmodified
Running as unit: run-re4ae01a86252453a95d6c9c713471475.scope; invocation ID: bc0540383cb341b9878eb389b3c211c9
Time needed for parsing json file: 3704[µs]
alphabet size: 5
using Flow interpretation
Time needed for constructing Flow interpretation transducer: 5530[µs]
computing ind...
Time needed for constructing complement of ind: 9909[µs]
Time needed for computing ind: 734591[µs]
Time needed for minimizing ind: 75726[µs]
Time needed for computing ind (total): 820553[µs]
automaton for ind has 7 states.
...done.
computing complement of preach...
Time needed for constructing identity on ind: 507[µs]
Time needed for computing product v_id of abstraction framework with identity on ind: 21547[µs]
Time needed for computing product of v_id with complement of abstraction framework: 1707[µs]
Time needed for computing complement of preach: 823060[µs]
automaton for complement of preach has 6 states.
...of which, 2 states are at level 0.
Time needed for trimming complement of preach: 33[µs]
...done.
trying to prove abstract safety...
Time needed for constructing transducer for unsafe property: 7[µs]
Time needed for constructing transducer for (initial, unsafe) pairs: 155[µs]
Time needed for constructing transducer for complement of (initial, unsafe) pairs: 354[µs]
Time needed for building union of complements of preach and (initial, unsafe)-transducer: 61[µs]
terminate called after throwing an instance of 'std::bad_alloc'
  what():  std::bad_alloc
/usr/bin/timeout: the monitored command dumped core
./bench_for_dodo_comparison.sh: line 83: 1141666 Aborted                 systemd-run --user --scope -p MemoryMax=32G -p MemorySwapMax=7G timeout $TIMEOUT "${parentdir}/solve_dodo" -i $MODE -p $PROPERTY $FILE --measure-time --universality-alg lazy

real	13m11,033s
user	12m10,430s
sys	0m58,297s
********************
27 of 61
/home/jakob/Documents/abstracton/benchmarks/dodo/MOESI.json
t
exclusiveexclusive
Running as unit: run-re316e321884e402c90235a8a5edd4483.scope; invocation ID: 7f82199e4ca944c28cbbfd1b1d76b2a3
Time needed for parsing json file: 3343[µs]
alphabet size: 5
using Trap interpretation
Time needed for constructing Trap interpretation transducer: 6225[µs]
computing ind...
Time needed for constructing complement of ind: 8214[µs]
Time needed for computing ind: 157998[µs]
Time needed for minimizing ind: 19672[µs]
Time needed for computing ind (total): 186277[µs]
automaton for ind has 13 states.
...done.
computing complement of preach...
Time needed for constructing identity on ind: 883[µs]
Time needed for computing product v_id of abstraction framework with identity on ind: 55574[µs]
Time needed for computing product of v_id with complement of abstraction framework: 258946[µs]
Time needed for computing complement of preach: 503143[µs]
automaton for complement of preach has 1220 states.
...of which, 20 states are at level 0.
Time needed for trimming complement of preach: 3152[µs]
...done.
trying to prove abstract safety...
Time needed for constructing transducer for unsafe property: 7[µs]
Time needed for constructing transducer for (initial, unsafe) pairs: 188[µs]
Time needed for constructing transducer for complement of (initial, unsafe) pairs: 387[µs]
Time needed for building union of complements of preach and (initial, unsafe)-transducer: 1038[µs]
Time needed for checking universality using lazy algorithm: 24659[µs]
Time needed for checking abstract safety: 26756[µs]
...done.
Result: [1]
This means that the following properties could be separated from the initial configurations:
	[exclusiveexclusive]
While the following properties could not be separated from the initial configurations:
	[]

real	0m0,762s
user	0m0,688s
sys	0m0,057s
********************
/home/jakob/Documents/abstracton/benchmarks/dodo/MOESI.json
s
exclusiveexclusive
Running as unit: run-ree7de78f8fc540619813aca9bc0173da.scope; invocation ID: 3877c3ff256244168989ba741ec99b5d
Time needed for parsing json file: 2650[µs]
alphabet size: 5
using Siphon interpretation
Time needed for constructing Siphon interpretation transducer: 1751[µs]
computing ind...
Time needed for constructing complement of ind: 2983[µs]
Time needed for computing ind: 19305[µs]
Time needed for minimizing ind: 6278[µs]
Time needed for computing ind (total): 28646[µs]
automaton for ind has 5 states.
...done.
computing complement of preach...
Time needed for constructing identity on ind: 374[µs]
Time needed for computing product v_id of abstraction framework with identity on ind: 5857[µs]
Time needed for computing product of v_id with complement of abstraction framework: 866[µs]
Time needed for computing complement of preach: 35985[µs]
automaton for complement of preach has 6 states.
...of which, 2 states are at level 0.
Time needed for trimming complement of preach: 19[µs]
...done.
trying to prove abstract safety...
Time needed for constructing transducer for unsafe property: 11[µs]
Time needed for constructing transducer for (initial, unsafe) pairs: 124[µs]
Time needed for constructing transducer for complement of (initial, unsafe) pairs: 303[µs]
Time needed for building union of complements of preach and (initial, unsafe)-transducer: 54[µs]
terminate called after throwing an instance of 'std::bad_alloc'
  what():  std::bad_alloc
/usr/bin/timeout: the monitored command dumped core
./bench_for_dodo_comparison.sh: line 83: 1143539 Aborted                 systemd-run --user --scope -p MemoryMax=32G -p MemorySwapMax=7G timeout $TIMEOUT "${parentdir}/solve_dodo" -i $MODE -p $PROPERTY $FILE --measure-time --universality-alg lazy

real	13m7,512s
user	12m9,131s
sys	0m56,689s
********************
/home/jakob/Documents/abstracton/benchmarks/dodo/MOESI.json
f
exclusiveexclusive
Running as unit: run-r89b81b6efb6441bb96b22ffd0f487d3e.scope; invocation ID: 12371cca00364fae8b6d1f0bb9d3fdd8
Time needed for parsing json file: 3536[µs]
alphabet size: 5
using Flow interpretation
Time needed for constructing Flow interpretation transducer: 5541[µs]
computing ind...
Time needed for constructing complement of ind: 8920[µs]
Time needed for computing ind: 713656[µs]
Time needed for minimizing ind: 75415[µs]
Time needed for computing ind (total): 798301[µs]
automaton for ind has 7 states.
...done.
computing complement of preach...
Time needed for constructing identity on ind: 504[µs]
Time needed for computing product v_id of abstraction framework with identity on ind: 21790[µs]
Time needed for computing product of v_id with complement of abstraction framework: 1727[µs]
Time needed for computing complement of preach: 816125[µs]
automaton for complement of preach has 6 states.
...of which, 2 states are at level 0.
Time needed for trimming complement of preach: 33[µs]
...done.
trying to prove abstract safety...
Time needed for constructing transducer for unsafe property: 7[µs]
Time needed for constructing transducer for (initial, unsafe) pairs: 161[µs]
Time needed for constructing transducer for complement of (initial, unsafe) pairs: 342[µs]
Time needed for building union of complements of preach and (initial, unsafe)-transducer: 60[µs]
terminate called after throwing an instance of 'std::bad_alloc'
  what():  std::bad_alloc
/usr/bin/timeout: the monitored command dumped core
./bench_for_dodo_comparison.sh: line 83: 1145387 Aborted                 systemd-run --user --scope -p MemoryMax=32G -p MemorySwapMax=7G timeout $TIMEOUT "${parentdir}/solve_dodo" -i $MODE -p $PROPERTY $FILE --measure-time --universality-alg lazy

real	13m6,966s
user	12m8,785s
sys	0m56,626s
********************
28 of 61
/home/jakob/Documents/abstracton/benchmarks/dodo/MOESI.json
t
sharedexclusive
Running as unit: run-r2524035b2f534c8c80659f0ebc736b4b.scope; invocation ID: 9271385ff3184d8a81fb6572c4e26c09
Time needed for parsing json file: 3564[µs]
alphabet size: 5
using Trap interpretation
Time needed for constructing Trap interpretation transducer: 7341[µs]
computing ind...
Time needed for constructing complement of ind: 8471[µs]
Time needed for computing ind: 156926[µs]
Time needed for minimizing ind: 19697[µs]
Time needed for computing ind (total): 185392[µs]
automaton for ind has 13 states.
...done.
computing complement of preach...
Time needed for constructing identity on ind: 952[µs]
Time needed for computing product v_id of abstraction framework with identity on ind: 61126[µs]
Time needed for computing product of v_id with complement of abstraction framework: 245434[µs]
Time needed for computing complement of preach: 498705[µs]
automaton for complement of preach has 1220 states.
...of which, 20 states are at level 0.
Time needed for trimming complement of preach: 2977[µs]
...done.
trying to prove abstract safety...
Time needed for constructing transducer for unsafe property: 8[µs]
Time needed for constructing transducer for (initial, unsafe) pairs: 196[µs]
Time needed for constructing transducer for complement of (initial, unsafe) pairs: 432[µs]
Time needed for building union of complements of preach and (initial, unsafe)-transducer: 997[µs]
Time needed for checking universality using lazy algorithm: 25246[µs]
Time needed for checking abstract safety: 27171[µs]
...done.
Result: [1]
This means that the following properties could be separated from the initial configurations:
	[sharedexclusive]
While the following properties could not be separated from the initial configurations:
	[]

real	0m0,759s
user	0m0,681s
sys	0m0,055s
********************
/home/jakob/Documents/abstracton/benchmarks/dodo/MOESI.json
s
sharedexclusive
Running as unit: run-ra68b3b3ebd764666a9826d561e159012.scope; invocation ID: 33baa6a53c3541b88cea68d88df8d9b8
Time needed for parsing json file: 2785[µs]
alphabet size: 5
using Siphon interpretation
Time needed for constructing Siphon interpretation transducer: 1728[µs]
computing ind...
Time needed for constructing complement of ind: 3006[µs]
Time needed for computing ind: 19700[µs]
Time needed for minimizing ind: 6289[µs]
Time needed for computing ind (total): 29079[µs]
automaton for ind has 5 states.
...done.
computing complement of preach...
Time needed for constructing identity on ind: 354[µs]
Time needed for computing product v_id of abstraction framework with identity on ind: 5761[µs]
Time needed for computing product of v_id with complement of abstraction framework: 887[µs]
Time needed for computing complement of preach: 35704[µs]
automaton for complement of preach has 6 states.
...of which, 2 states are at level 0.
Time needed for trimming complement of preach: 29[µs]
...done.
trying to prove abstract safety...
Time needed for constructing transducer for unsafe property: 9[µs]
Time needed for constructing transducer for (initial, unsafe) pairs: 161[µs]
Time needed for constructing transducer for complement of (initial, unsafe) pairs: 413[µs]
Time needed for building union of complements of preach and (initial, unsafe)-transducer: 90[µs]
terminate called after throwing an instance of 'std::bad_alloc'
  what():  std::bad_alloc
/usr/bin/timeout: the monitored command dumped core
./bench_for_dodo_comparison.sh: line 83: 1147356 Aborted                 systemd-run --user --scope -p MemoryMax=32G -p MemorySwapMax=7G timeout $TIMEOUT "${parentdir}/solve_dodo" -i $MODE -p $PROPERTY $FILE --measure-time --universality-alg lazy

real	12m29,646s
user	11m32,279s
sys	0m55,706s
********************
/home/jakob/Documents/abstracton/benchmarks/dodo/MOESI.json
f
sharedexclusive
Running as unit: run-ra0a4bcd90eea466182bfb4063ecce037.scope; invocation ID: 5b748439460f4e9a8fec097d311a825e
Time needed for parsing json file: 3697[µs]
alphabet size: 5
using Flow interpretation
Time needed for constructing Flow interpretation transducer: 5133[µs]
computing ind...
Time needed for constructing complement of ind: 8510[µs]
Time needed for computing ind: 708676[µs]
Time needed for minimizing ind: 73944[µs]
Time needed for computing ind (total): 791430[µs]
automaton for ind has 7 states.
...done.
computing complement of preach...
Time needed for constructing identity on ind: 576[µs]
Time needed for computing product v_id of abstraction framework with identity on ind: 21259[µs]
Time needed for computing product of v_id with complement of abstraction framework: 1761[µs]
Time needed for computing complement of preach: 841484[µs]
automaton for complement of preach has 6 states.
...of which, 2 states are at level 0.
Time needed for trimming complement of preach: 34[µs]
...done.
trying to prove abstract safety...
Time needed for constructing transducer for unsafe property: 7[µs]
Time needed for constructing transducer for (initial, unsafe) pairs: 167[µs]
Time needed for constructing transducer for complement of (initial, unsafe) pairs: 443[µs]
Time needed for building union of complements of preach and (initial, unsafe)-transducer: 82[µs]
terminate called after throwing an instance of 'std::bad_alloc'
  what():  std::bad_alloc
/usr/bin/timeout: the monitored command dumped core
./bench_for_dodo_comparison.sh: line 83: 1149152 Aborted                 systemd-run --user --scope -p MemoryMax=32G -p MemorySwapMax=7G timeout $TIMEOUT "${parentdir}/solve_dodo" -i $MODE -p $PROPERTY $FILE --measure-time --universality-alg lazy

real	12m37,232s
user	11m34,937s
sys	0m59,208s
********************
29 of 61
/home/jakob/Documents/abstracton/benchmarks/dodo/MOESI.json
t
ownedexclusive
Running as unit: run-ra8d31a4dc17841e39981bea26066b32e.scope; invocation ID: 905101cf905744f980890f9102adefc3
Time needed for parsing json file: 3835[µs]
alphabet size: 5
using Trap interpretation
Time needed for constructing Trap interpretation transducer: 6651[µs]
computing ind...
Time needed for constructing complement of ind: 8721[µs]
Time needed for computing ind: 166392[µs]
Time needed for minimizing ind: 19116[µs]
Time needed for computing ind (total): 194514[µs]
automaton for ind has 13 states.
...done.
computing complement of preach...
Time needed for constructing identity on ind: 1072[µs]
Time needed for computing product v_id of abstraction framework with identity on ind: 51467[µs]
Time needed for computing product of v_id with complement of abstraction framework: 244014[µs]
Time needed for computing complement of preach: 487000[µs]
automaton for complement of preach has 1220 states.
...of which, 20 states are at level 0.
Time needed for trimming complement of preach: 3223[µs]
...done.
trying to prove abstract safety...
Time needed for constructing transducer for unsafe property: 9[µs]
Time needed for constructing transducer for (initial, unsafe) pairs: 209[µs]
Time needed for constructing transducer for complement of (initial, unsafe) pairs: 477[µs]
Time needed for building union of complements of preach and (initial, unsafe)-transducer: 1032[µs]
Time needed for checking universality using lazy algorithm: 23793[µs]
Time needed for checking abstract safety: 25762[µs]
...done.
Result: [1]
This means that the following properties could be separated from the initial configurations:
	[ownedexclusive]
While the following properties could not be separated from the initial configurations:
	[]

real	0m0,762s
user	0m0,685s
sys	0m0,054s
********************
/home/jakob/Documents/abstracton/benchmarks/dodo/MOESI.json
s
ownedexclusive
Running as unit: run-r9d2efbd4da29411492e15b4ac1c746f8.scope; invocation ID: 77fb3b87f08744f3a98f48025fef5e27
Time needed for parsing json file: 2876[µs]
alphabet size: 5
using Siphon interpretation
Time needed for constructing Siphon interpretation transducer: 1822[µs]
computing ind...
Time needed for constructing complement of ind: 2957[µs]
Time needed for computing ind: 20832[µs]
Time needed for minimizing ind: 6448[µs]
Time needed for computing ind (total): 30333[µs]
automaton for ind has 5 states.
...done.
computing complement of preach...
Time needed for constructing identity on ind: 350[µs]
Time needed for computing product v_id of abstraction framework with identity on ind: 5978[µs]
Time needed for computing product of v_id with complement of abstraction framework: 913[µs]
Time needed for computing complement of preach: 36239[µs]
automaton for complement of preach has 6 states.
...of which, 2 states are at level 0.
Time needed for trimming complement of preach: 19[µs]
...done.
trying to prove abstract safety...
Time needed for constructing transducer for unsafe property: 7[µs]
Time needed for constructing transducer for (initial, unsafe) pairs: 148[µs]
Time needed for constructing transducer for complement of (initial, unsafe) pairs: 412[µs]
Time needed for building union of complements of preach and (initial, unsafe)-transducer: 68[µs]
Time needed for checking universality using lazy algorithm: 87[µs]
Time needed for checking abstract safety: 803[µs]
...done.
Result: [0]
This means that the following properties could be separated from the initial configurations:
	[]
While the following properties could not be separated from the initial configurations:
	[ownedexclusive]

real	0m0,101s
user	0m0,073s
sys	0m0,011s
********************
/home/jakob/Documents/abstracton/benchmarks/dodo/MOESI.json
f
ownedexclusive
Running as unit: run-r97031c9d80b048abb5891143bb0c2c44.scope; invocation ID: 0f1c0fef2b4d4ab4b9465fe37e1bfac3
Time needed for parsing json file: 2698[µs]
alphabet size: 5
using Flow interpretation
Time needed for constructing Flow interpretation transducer: 4114[µs]
computing ind...
Time needed for constructing complement of ind: 8376[µs]
Time needed for computing ind: 720415[µs]
Time needed for minimizing ind: 73950[µs]
Time needed for computing ind (total): 802889[µs]
automaton for ind has 7 states.
...done.
computing complement of preach...
Time needed for constructing identity on ind: 494[µs]
Time needed for computing product v_id of abstraction framework with identity on ind: 11632[µs]
Time needed for computing product of v_id with complement of abstraction framework: 1506[µs]
Time needed for computing complement of preach: 806428[µs]
automaton for complement of preach has 6 states.
...of which, 2 states are at level 0.
Time needed for trimming complement of preach: 32[µs]
...done.
trying to prove abstract safety...
Time needed for constructing transducer for unsafe property: 7[µs]
Time needed for constructing transducer for (initial, unsafe) pairs: 161[µs]
Time needed for constructing transducer for complement of (initial, unsafe) pairs: 397[µs]
Time needed for building union of complements of preach and (initial, unsafe)-transducer: 67[µs]
Time needed for checking universality using lazy algorithm: 75[µs]
Time needed for checking abstract safety: 774[µs]
...done.
Result: [0]
This means that the following properties could be separated from the initial configurations:
	[]
While the following properties could not be separated from the initial configurations:
	[ownedexclusive]

real	0m1,639s
user	0m1,614s
sys	0m0,014s
********************
30 of 61
/home/jakob/Documents/abstracton/benchmarks/dodo/MOESI.json
t
exclusivemodified
Running as unit: run-r60086e7ca4a4451fa627ffaeca1f6cfd.scope; invocation ID: 1daee0fcfcf445be92860c695645c2b0
Time needed for parsing json file: 2596[µs]
alphabet size: 5
using Trap interpretation
Time needed for constructing Trap interpretation transducer: 4634[µs]
computing ind...
Time needed for constructing complement of ind: 7732[µs]
Time needed for computing ind: 160258[µs]
Time needed for minimizing ind: 19234[µs]
Time needed for computing ind (total): 187333[µs]
automaton for ind has 13 states.
...done.
computing complement of preach...
Time needed for constructing identity on ind: 998[µs]
Time needed for computing product v_id of abstraction framework with identity on ind: 51835[µs]
Time needed for computing product of v_id with complement of abstraction framework: 240570[µs]
Time needed for computing complement of preach: 475498[µs]
automaton for complement of preach has 1220 states.
...of which, 20 states are at level 0.
Time needed for trimming complement of preach: 3199[µs]
...done.
trying to prove abstract safety...
Time needed for constructing transducer for unsafe property: 9[µs]
Time needed for constructing transducer for (initial, unsafe) pairs: 186[µs]
Time needed for constructing transducer for complement of (initial, unsafe) pairs: 441[µs]
Time needed for building union of complements of preach and (initial, unsafe)-transducer: 1071[µs]
Time needed for checking universality using lazy algorithm: 25014[µs]
Time needed for checking abstract safety: 26955[µs]
...done.
Result: [1]
This means that the following properties could be separated from the initial configurations:
	[exclusivemodified]
While the following properties could not be separated from the initial configurations:
	[]

real	0m0,728s
user	0m0,667s
sys	0m0,051s
********************
/home/jakob/Documents/abstracton/benchmarks/dodo/MOESI.json
s
exclusivemodified
Running as unit: run-r6d7f3bb8de0643979030523d6c4438a1.scope; invocation ID: f5509d2c7ec94cf8a767f849ec8b72c3
Time needed for parsing json file: 2703[µs]
alphabet size: 5
using Siphon interpretation
Time needed for constructing Siphon interpretation transducer: 1616[µs]
computing ind...
Time needed for constructing complement of ind: 2795[µs]
Time needed for computing ind: 19228[µs]
Time needed for minimizing ind: 6431[µs]
Time needed for computing ind (total): 28520[µs]
automaton for ind has 5 states.
...done.
computing complement of preach...
Time needed for constructing identity on ind: 417[µs]
Time needed for computing product v_id of abstraction framework with identity on ind: 5864[µs]
Time needed for computing product of v_id with complement of abstraction framework: 898[µs]
Time needed for computing complement of preach: 35496[µs]
automaton for complement of preach has 6 states.
...of which, 2 states are at level 0.
Time needed for trimming complement of preach: 18[µs]
...done.
trying to prove abstract safety...
Time needed for constructing transducer for unsafe property: 7[µs]
Time needed for constructing transducer for (initial, unsafe) pairs: 172[µs]
Time needed for constructing transducer for complement of (initial, unsafe) pairs: 383[µs]
Time needed for building union of complements of preach and (initial, unsafe)-transducer: 65[µs]
terminate called after throwing an instance of 'std::bad_alloc'
  what():  std::bad_alloc
/usr/bin/timeout: the monitored command dumped core
./bench_for_dodo_comparison.sh: line 83: 1151009 Aborted                 systemd-run --user --scope -p MemoryMax=32G -p MemorySwapMax=7G timeout $TIMEOUT "${parentdir}/solve_dodo" -i $MODE -p $PROPERTY $FILE --measure-time --universality-alg lazy

real	12m46,432s
user	11m43,339s
sys	0m59,568s
********************
/home/jakob/Documents/abstracton/benchmarks/dodo/MOESI.json
f
exclusivemodified
Running as unit: run-ra5e1cdb27c774bc6b74878ed2ef09a64.scope; invocation ID: 223fe87a32024843a2597e8506a2bf6e
Time needed for parsing json file: 3506[µs]
alphabet size: 5
using Flow interpretation
Time needed for constructing Flow interpretation transducer: 5318[µs]
computing ind...
Time needed for constructing complement of ind: 8666[µs]
Time needed for computing ind: 711306[µs]
Time needed for minimizing ind: 76971[µs]
Time needed for computing ind (total): 797249[µs]
automaton for ind has 7 states.
...done.
computing complement of preach...
Time needed for constructing identity on ind: 499[µs]
Time needed for computing product v_id of abstraction framework with identity on ind: 21448[µs]
Time needed for computing product of v_id with complement of abstraction framework: 1765[µs]
Time needed for computing complement of preach: 816838[µs]
automaton for complement of preach has 6 states.
...of which, 2 states are at level 0.
Time needed for trimming complement of preach: 34[µs]
...done.
trying to prove abstract safety...
Time needed for constructing transducer for unsafe property: 8[µs]
Time needed for constructing transducer for (initial, unsafe) pairs: 183[µs]
Time needed for constructing transducer for complement of (initial, unsafe) pairs: 444[µs]
Time needed for building union of complements of preach and (initial, unsafe)-transducer: 70[µs]
terminate called after throwing an instance of 'std::bad_alloc'
  what():  std::bad_alloc
/usr/bin/timeout: the monitored command dumped core
./bench_for_dodo_comparison.sh: line 83: 1152876 Aborted                 systemd-run --user --scope -p MemoryMax=32G -p MemorySwapMax=7G timeout $TIMEOUT "${parentdir}/solve_dodo" -i $MODE -p $PROPERTY $FILE --measure-time --universality-alg lazy

real	12m34,081s
user	11m34,862s
sys	0m57,611s
********************
31 of 61
/home/jakob/Documents/abstracton/benchmarks/dodo/MOESI.json
t
ownedmodified
Running as unit: run-r421e9b4b390e4839b543ff26648dda96.scope; invocation ID: b545c28b0ecc44be9de56b5befd8040e
Time needed for parsing json file: 3657[µs]
alphabet size: 5
using Trap interpretation
Time needed for constructing Trap interpretation transducer: 5950[µs]
computing ind...
Time needed for constructing complement of ind: 7860[µs]
Time needed for computing ind: 155664[µs]
Time needed for minimizing ind: 19121[µs]
Time needed for computing ind (total): 182895[µs]
automaton for ind has 13 states.
...done.
computing complement of preach...
Time needed for constructing identity on ind: 898[µs]
Time needed for computing product v_id of abstraction framework with identity on ind: 53447[µs]
Time needed for computing product of v_id with complement of abstraction framework: 244008[µs]
Time needed for computing complement of preach: 479014[µs]
automaton for complement of preach has 1220 states.
...of which, 20 states are at level 0.
Time needed for trimming complement of preach: 3192[µs]
...done.
trying to prove abstract safety...
Time needed for constructing transducer for unsafe property: 14[µs]
Time needed for constructing transducer for (initial, unsafe) pairs: 220[µs]
Time needed for constructing transducer for complement of (initial, unsafe) pairs: 448[µs]
Time needed for building union of complements of preach and (initial, unsafe)-transducer: 1055[µs]
Time needed for checking universality using lazy algorithm: 24090[µs]
Time needed for checking abstract safety: 26123[µs]
...done.
Result: [1]
This means that the following properties could be separated from the initial configurations:
	[ownedmodified]
While the following properties could not be separated from the initial configurations:
	[]

real	0m0,727s
user	0m0,668s
sys	0m0,048s
********************
/home/jakob/Documents/abstracton/benchmarks/dodo/MOESI.json
s
ownedmodified
Running as unit: run-r76a99045815748fd9a8f5a239311c80d.scope; invocation ID: f8f58038637941a08b7d3f966dfa17cc
Time needed for parsing json file: 2979[µs]
alphabet size: 5
using Siphon interpretation
Time needed for constructing Siphon interpretation transducer: 1761[µs]
computing ind...
Time needed for constructing complement of ind: 2794[µs]
Time needed for computing ind: 19644[µs]
Time needed for minimizing ind: 6546[µs]
Time needed for computing ind (total): 29069[µs]
automaton for ind has 5 states.
...done.
computing complement of preach...
Time needed for constructing identity on ind: 413[µs]
Time needed for computing product v_id of abstraction framework with identity on ind: 6402[µs]
Time needed for computing product of v_id with complement of abstraction framework: 939[µs]
Time needed for computing complement of preach: 37831[µs]
automaton for complement of preach has 6 states.
...of which, 2 states are at level 0.
Time needed for trimming complement of preach: 19[µs]
...done.
trying to prove abstract safety...
Time needed for constructing transducer for unsafe property: 8[µs]
Time needed for constructing transducer for (initial, unsafe) pairs: 155[µs]
Time needed for constructing transducer for complement of (initial, unsafe) pairs: 423[µs]
Time needed for building union of complements of preach and (initial, unsafe)-transducer: 70[µs]
Time needed for checking universality using lazy algorithm: 79[µs]
Time needed for checking abstract safety: 809[µs]
...done.
Result: [0]
This means that the following properties could be separated from the initial configurations:
	[]
While the following properties could not be separated from the initial configurations:
	[ownedmodified]

real	0m0,099s
user	0m0,074s
sys	0m0,010s
********************
/home/jakob/Documents/abstracton/benchmarks/dodo/MOESI.json
f
ownedmodified
Running as unit: run-rd5e82ccad2eb40c1a60bdd87963a249b.scope; invocation ID: 9118b5d459804090b8704cd389480fd2
Time needed for parsing json file: 2686[µs]
alphabet size: 5
using Flow interpretation
Time needed for constructing Flow interpretation transducer: 4325[µs]
computing ind...
Time needed for constructing complement of ind: 8430[µs]
Time needed for computing ind: 714535[µs]
Time needed for minimizing ind: 77576[µs]
Time needed for computing ind (total): 800709[µs]
automaton for ind has 7 states.
...done.
computing complement of preach...
Time needed for constructing identity on ind: 544[µs]
Time needed for computing product v_id of abstraction framework with identity on ind: 12562[µs]
Time needed for computing product of v_id with complement of abstraction framework: 1659[µs]
Time needed for computing complement of preach: 814546[µs]
automaton for complement of preach has 6 states.
...of which, 2 states are at level 0.
Time needed for trimming complement of preach: 38[µs]
...done.
trying to prove abstract safety...
Time needed for constructing transducer for unsafe property: 8[µs]
Time needed for constructing transducer for (initial, unsafe) pairs: 208[µs]
Time needed for constructing transducer for complement of (initial, unsafe) pairs: 427[µs]
Time needed for building union of complements of preach and (initial, unsafe)-transducer: 71[µs]
Time needed for checking universality using lazy algorithm: 79[µs]
Time needed for checking abstract safety: 886[µs]
...done.
Result: [0]
This means that the following properties could be separated from the initial configurations:
	[]
While the following properties could not be separated from the initial configurations:
	[ownedmodified]

real	0m1,648s
user	0m1,619s
sys	0m0,016s
********************
32 of 61
/home/jakob/Documents/abstracton/benchmarks/dodo/MOESI.json
t
sharedmodified
Running as unit: run-rd0b20485af104beea95dbda9f63c3aa2.scope; invocation ID: 4f6584b8f8b64c908347bc7a8e29fd0a
Time needed for parsing json file: 2631[µs]
alphabet size: 5
using Trap interpretation
Time needed for constructing Trap interpretation transducer: 4955[µs]
computing ind...
Time needed for constructing complement of ind: 7813[µs]
Time needed for computing ind: 161151[µs]
Time needed for minimizing ind: 20097[µs]
Time needed for computing ind (total): 189179[µs]
automaton for ind has 13 states.
...done.
computing complement of preach...
Time needed for constructing identity on ind: 904[µs]
Time needed for computing product v_id of abstraction framework with identity on ind: 51082[µs]
Time needed for computing product of v_id with complement of abstraction framework: 240561[µs]
Time needed for computing complement of preach: 480936[µs]
automaton for complement of preach has 1220 states.
...of which, 20 states are at level 0.
Time needed for trimming complement of preach: 3212[µs]
...done.
trying to prove abstract safety...
Time needed for constructing transducer for unsafe property: 9[µs]
Time needed for constructing transducer for (initial, unsafe) pairs: 197[µs]
Time needed for constructing transducer for complement of (initial, unsafe) pairs: 520[µs]
Time needed for building union of complements of preach and (initial, unsafe)-transducer: 1118[µs]
Time needed for checking universality using lazy algorithm: 23772[µs]
Time needed for checking abstract safety: 25835[µs]
...done.
Result: [1]
This means that the following properties could be separated from the initial configurations:
	[sharedmodified]
While the following properties could not be separated from the initial configurations:
	[]

real	0m0,738s
user	0m0,670s
sys	0m0,056s
********************
/home/jakob/Documents/abstracton/benchmarks/dodo/MOESI.json
s
sharedmodified
Running as unit: run-rb45f70b9df3b43358f6a78888a0076b2.scope; invocation ID: ab746c4dc5f2423ea5d920076858aa72
Time needed for parsing json file: 2785[µs]
alphabet size: 5
using Siphon interpretation
Time needed for constructing Siphon interpretation transducer: 1779[µs]
computing ind...
Time needed for constructing complement of ind: 3189[µs]
Time needed for computing ind: 19950[µs]
Time needed for minimizing ind: 6739[µs]
Time needed for computing ind (total): 29978[µs]
automaton for ind has 5 states.
...done.
computing complement of preach...
Time needed for constructing identity on ind: 374[µs]
Time needed for computing product v_id of abstraction framework with identity on ind: 6079[µs]
Time needed for computing product of v_id with complement of abstraction framework: 925[µs]
Time needed for computing complement of preach: 38117[µs]
automaton for complement of preach has 6 states.
...of which, 2 states are at level 0.
Time needed for trimming complement of preach: 19[µs]
...done.
trying to prove abstract safety...
Time needed for constructing transducer for unsafe property: 8[µs]
Time needed for constructing transducer for (initial, unsafe) pairs: 157[µs]
Time needed for constructing transducer for complement of (initial, unsafe) pairs: 419[µs]
Time needed for building union of complements of preach and (initial, unsafe)-transducer: 70[µs]
terminate called after throwing an instance of 'std::bad_alloc'
  what():  std::bad_alloc
/usr/bin/timeout: the monitored command dumped core
./bench_for_dodo_comparison.sh: line 83: 1154717 Aborted                 systemd-run --user --scope -p MemoryMax=32G -p MemorySwapMax=7G timeout $TIMEOUT "${parentdir}/solve_dodo" -i $MODE -p $PROPERTY $FILE --measure-time --universality-alg lazy

real	12m37,766s
user	11m34,976s
sys	0m59,203s
********************
/home/jakob/Documents/abstracton/benchmarks/dodo/MOESI.json
f
sharedmodified
Running as unit: run-rf3c7dcbeba5d49aba4f41a62ad8133a7.scope; invocation ID: 8e46af43c5524466b8b110b375f5528a
Time needed for parsing json file: 3492[µs]
alphabet size: 5
using Flow interpretation
Time needed for constructing Flow interpretation transducer: 5346[µs]
computing ind...
Time needed for constructing complement of ind: 8710[µs]
Time needed for computing ind: 728970[µs]
Time needed for minimizing ind: 74627[µs]
Time needed for computing ind (total): 812641[µs]
automaton for ind has 7 states.
...done.
computing complement of preach...
Time needed for constructing identity on ind: 497[µs]
Time needed for computing product v_id of abstraction framework with identity on ind: 21046[µs]
Time needed for computing product of v_id with complement of abstraction framework: 1699[µs]
Time needed for computing complement of preach: 871524[µs]
automaton for complement of preach has 6 states.
...of which, 2 states are at level 0.
Time needed for trimming complement of preach: 34[µs]
...done.
trying to prove abstract safety...
Time needed for constructing transducer for unsafe property: 8[µs]
Time needed for constructing transducer for (initial, unsafe) pairs: 182[µs]
Time needed for constructing transducer for complement of (initial, unsafe) pairs: 421[µs]
Time needed for building union of complements of preach and (initial, unsafe)-transducer: 70[µs]
terminate called after throwing an instance of 'std::bad_alloc'
  what():  std::bad_alloc
/usr/bin/timeout: the monitored command dumped core
./bench_for_dodo_comparison.sh: line 83: 1156533 Aborted                 systemd-run --user --scope -p MemoryMax=32G -p MemorySwapMax=7G timeout $TIMEOUT "${parentdir}/solve_dodo" -i $MODE -p $PROPERTY $FILE --measure-time --universality-alg lazy

real	12m41,454s
user	11m36,905s
sys	0m59,939s
********************
33 of 61
/home/jakob/Documents/abstracton/benchmarks/dodo/MOESI.json
t
deadlock
Running as unit: run-r746faecc36f9439cac17f9a325f9436a.scope; invocation ID: a73c7d1df700413db62b811ef8260e11
Time needed for parsing json file: 5000[µs]
alphabet size: 5
using Trap interpretation
Time needed for constructing Trap interpretation transducer: 7784[µs]
computing ind...
Time needed for constructing complement of ind: 8114[µs]
Time needed for computing ind: 205677[µs]
Time needed for minimizing ind: 21245[µs]
Time needed for computing ind (total): 235366[µs]
automaton for ind has 13 states.
...done.
computing complement of preach...
Time needed for constructing identity on ind: 1193[µs]
Time needed for computing product v_id of abstraction framework with identity on ind: 59350[µs]
Time needed for computing product of v_id with complement of abstraction framework: 270195[µs]
Time needed for computing complement of preach: 538507[µs]
automaton for complement of preach has 1220 states.
...of which, 20 states are at level 0.
Time needed for trimming complement of preach: 4382[µs]
...done.
trying to prove abstract safety...
Time needed for constructing transducer for unsafe property: 12[µs]
Time needed for constructing transducer for (initial, unsafe) pairs: 138[µs]
Time needed for constructing transducer for complement of (initial, unsafe) pairs: 42[µs]
Time needed for building union of complements of preach and (initial, unsafe)-transducer: 1060[µs]
Time needed for checking universality using lazy algorithm: 24260[µs]
Time needed for checking abstract safety: 25840[µs]
...done.
Result: [1]
This means that the following properties could be separated from the initial configurations:
	[deadlock]
While the following properties could not be separated from the initial configurations:
	[]

real	0m0,850s
user	0m0,778s
sys	0m0,058s
********************
/home/jakob/Documents/abstracton/benchmarks/dodo/MOESI.json
s
deadlock
Running as unit: run-r47c6d60374ed4cf0a0bd29232bd9d901.scope; invocation ID: b23dcea8abaa4b74ba0918941ad49bcc
Time needed for parsing json file: 3206[µs]
alphabet size: 5
using Siphon interpretation
Time needed for constructing Siphon interpretation transducer: 2363[µs]
computing ind...
Time needed for constructing complement of ind: 3986[µs]
Time needed for computing ind: 20087[µs]
Time needed for minimizing ind: 6466[µs]
Time needed for computing ind (total): 30635[µs]
automaton for ind has 5 states.
...done.
computing complement of preach...
Time needed for constructing identity on ind: 369[µs]
Time needed for computing product v_id of abstraction framework with identity on ind: 5955[µs]
Time needed for computing product of v_id with complement of abstraction framework: 935[µs]
Time needed for computing complement of preach: 36909[µs]
automaton for complement of preach has 6 states.
...of which, 2 states are at level 0.
Time needed for trimming complement of preach: 18[µs]
...done.
trying to prove abstract safety...
Time needed for constructing transducer for unsafe property: 9[µs]
Time needed for constructing transducer for (initial, unsafe) pairs: 95[µs]
Time needed for constructing transducer for complement of (initial, unsafe) pairs: 37[µs]
Time needed for building union of complements of preach and (initial, unsafe)-transducer: 32[µs]
Time needed for checking universality using lazy algorithm: 70[µs]
Time needed for checking abstract safety: 294[µs]
...done.
Result: [1]
This means that the following properties could be separated from the initial configurations:
	[deadlock]
While the following properties could not be separated from the initial configurations:
	[]

real	0m0,099s
user	0m0,077s
sys	0m0,009s
********************
/home/jakob/Documents/abstracton/benchmarks/dodo/MOESI.json
f
deadlock
Running as unit: run-r5ec02ee990d347bb87df1c078e157662.scope; invocation ID: aea55d899cc9434e8b345b3caf09c9d7
Time needed for parsing json file: 2709[µs]
alphabet size: 5
using Flow interpretation
Time needed for constructing Flow interpretation transducer: 4292[µs]
computing ind...
Time needed for constructing complement of ind: 9149[µs]
Time needed for computing ind: 720345[µs]
Time needed for minimizing ind: 76726[µs]
Time needed for computing ind (total): 806407[µs]
automaton for ind has 7 states.
...done.
computing complement of preach...
Time needed for constructing identity on ind: 528[µs]
Time needed for computing product v_id of abstraction framework with identity on ind: 12258[µs]
Time needed for computing product of v_id with complement of abstraction framework: 1659[µs]
Time needed for computing complement of preach: 813551[µs]
automaton for complement of preach has 6 states.
...of which, 2 states are at level 0.
Time needed for trimming complement of preach: 42[µs]
...done.
trying to prove abstract safety...
Time needed for constructing transducer for unsafe property: 13[µs]
Time needed for constructing transducer for (initial, unsafe) pairs: 123[µs]
Time needed for constructing transducer for complement of (initial, unsafe) pairs: 39[µs]
Time needed for building union of complements of preach and (initial, unsafe)-transducer: 32[µs]
Time needed for checking universality using lazy algorithm: 70[µs]
Time needed for checking abstract safety: 329[µs]
...done.
Result: [1]
This means that the following properties could be separated from the initial configurations:
	[deadlock]
While the following properties could not be separated from the initial configurations:
	[]

real	0m1,652s
user	0m1,626s
sys	0m0,013s
********************
34 of 61
/home/jakob/Documents/abstracton/benchmarks/dodo/Szymanski.json
t
nomutex
Running as unit: run-rf925af12b12e40e0bf90daa979ff078f.scope; invocation ID: 5ffe26a487ad4de8b36f8746ee64d92f
Time needed for parsing json file: 173462[µs]
alphabet size: 50
using Trap interpretation

real	24m13,828s
user	1m53,530s
sys	0m51,444s
********************
/home/jakob/Documents/abstracton/benchmarks/dodo/Szymanski.json
s
nomutex
Running as unit: run-rf6693998edd343268822747edb53e6a0.scope; invocation ID: b4b40ab589f14e5b857718542fa941f7
Time needed for parsing json file: 200108[µs]
alphabet size: 50
using Siphon interpretation

real	22m31,482s
user	1m57,051s
sys	0m57,904s
********************
/home/jakob/Documents/abstracton/benchmarks/dodo/Szymanski.json
f
nomutex
Running as unit: run-r271e1add876747f58317dd1d24a74660.scope; invocation ID: 760a32b437d746dab4c1a633d81e8eb3
Time needed for parsing json file: 225547[µs]
alphabet size: 50
using Flow interpretation

real	33m16,653s
user	2m7,784s
sys	0m45,864s
********************
35 of 61
/home/jakob/Documents/abstracton/benchmarks/dodo/Szymanski.json
t
deadlock
Running as unit: run-r1e58aa347c454da88510f90c24bde1cf.scope; invocation ID: 1af91e3711234201aee63856f3b17c45
Time needed for parsing json file: 9474940[µs]
alphabet size: 50
using Trap interpretation

real	22m38,641s
user	2m6,971s
sys	0m52,123s
********************
/home/jakob/Documents/abstracton/benchmarks/dodo/Szymanski.json
s
deadlock
Running as unit: run-rf5a14255dd4a405e96584b6216586695.scope; invocation ID: 2b0e503676054307aadf3551d8f744ca
Time needed for parsing json file: 296596[µs]
alphabet size: 50
using Siphon interpretation

real	26m57,162s
user	2m2,231s
sys	0m57,379s
********************
/home/jakob/Documents/abstracton/benchmarks/dodo/Szymanski.json
f
deadlock
Running as unit: run-ra20d8831144f4231b98ed42302468754.scope; invocation ID: 1775994094844b3dba8d61da085cf087
Time needed for parsing json file: 206978[µs]
alphabet size: 50
using Flow interpretation

real	23m5,130s
user	1m57,997s
sys	0m56,001s
********************
36 of 61
/home/jakob/Documents/abstracton/benchmarks/dodo/atomic-dining-philosophers.json
t
deadlock
Running as unit: run-r76c486ffb75e4df38ae95950bf573b09.scope; invocation ID: 922935cc568148ae882b1a8b14751012
Time needed for parsing json file: 2552[µs]
alphabet size: 4
using Trap interpretation
Time needed for constructing Trap interpretation transducer: 3761[µs]
computing ind...
Time needed for constructing complement of ind: 3646[µs]
Time needed for computing ind: 132611[µs]
Time needed for minimizing ind: 21047[µs]
Time needed for computing ind (total): 157612[µs]
automaton for ind has 26 states.
...done.
computing complement of preach...
Time needed for constructing identity on ind: 1021[µs]
Time needed for computing product v_id of abstraction framework with identity on ind: 48454[µs]
Time needed for computing product of v_id with complement of abstraction framework: 204293[µs]
Time needed for computing complement of preach: 373032[µs]
automaton for complement of preach has 1043 states.
...of which, 47 states are at level 0.
Time needed for trimming complement of preach: 2550[µs]
...done.
trying to prove abstract safety...
Time needed for constructing transducer for unsafe property: 22[µs]
Time needed for constructing transducer for (initial, unsafe) pairs: 487[µs]
Time needed for constructing transducer for complement of (initial, unsafe) pairs: 1035[µs]
Time needed for building union of complements of preach and (initial, unsafe)-transducer: 1424[µs]
Time needed for checking universality using lazy algorithm: 66292[µs]
Time needed for checking abstract safety: 69637[µs]
...done.
Result: [1]
This means that the following properties could be separated from the initial configurations:
	[deadlock]
While the following properties could not be separated from the initial configurations:
	[]

real	0m0,652s
user	0m0,579s
sys	0m0,047s
********************
/home/jakob/Documents/abstracton/benchmarks/dodo/atomic-dining-philosophers.json
s
deadlock
Running as unit: run-r6e05c250414648d592e2a13e160bc99b.scope; invocation ID: d8604c01c55a4c3da603cee47ee0bf49
Time needed for parsing json file: 1666[µs]
alphabet size: 4
using Siphon interpretation
Time needed for constructing Siphon interpretation transducer: 985[µs]
computing ind...
Time needed for constructing complement of ind: 875[µs]
Time needed for computing ind: 18499[µs]
Time needed for minimizing ind: 8716[µs]
Time needed for computing ind (total): 28174[µs]
automaton for ind has 26 states.
...done.
computing complement of preach...
Time needed for constructing identity on ind: 1246[µs]
Time needed for computing product v_id of abstraction framework with identity on ind: 15494[µs]
Time needed for computing product of v_id with complement of abstraction framework: 14526[µs]
Time needed for computing complement of preach: 58905[µs]
automaton for complement of preach has 527 states.
...of which, 47 states are at level 0.
Time needed for trimming complement of preach: 1337[µs]
...done.
trying to prove abstract safety...
Time needed for constructing transducer for unsafe property: 31[µs]
Time needed for constructing transducer for (initial, unsafe) pairs: 417[µs]
Time needed for constructing transducer for complement of (initial, unsafe) pairs: 815[µs]
Time needed for building union of complements of preach and (initial, unsafe)-transducer: 484[µs]
Time needed for checking universality using lazy algorithm: 15948[µs]
Time needed for checking abstract safety: 17884[µs]
...done.
Result: [0]
This means that the following properties could be separated from the initial configurations:
	[]
While the following properties could not be separated from the initial configurations:
	[deadlock]

real	0m0,135s
user	0m0,110s
sys	0m0,011s
********************
/home/jakob/Documents/abstracton/benchmarks/dodo/atomic-dining-philosophers.json
f
deadlock
Running as unit: run-r24d2400b09024854828068fdfeb717a1.scope; invocation ID: 4727c8b7a95b4c729767dd71e9ddb84b
Time needed for parsing json file: 1396[µs]
alphabet size: 4
using Flow interpretation
Time needed for constructing Flow interpretation transducer: 1836[µs]
computing ind...
Time needed for constructing complement of ind: 2565[µs]
Time needed for computing ind: 333803[µs]
Time needed for minimizing ind: 60605[µs]
Time needed for computing ind (total): 397137[µs]
automaton for ind has 59 states.
...done.
computing complement of preach...
Time needed for constructing identity on ind: 2180[µs]
Time needed for computing product v_id of abstraction framework with identity on ind: 75310[µs]
Time needed for computing product of v_id with complement of abstraction framework: 72328[µs]
Time needed for computing complement of preach: 505671[µs]
automaton for complement of preach has 1955 states.
...of which, 171 states are at level 0.
Time needed for trimming complement of preach: 6204[µs]
...done.
trying to prove abstract safety...
Time needed for constructing transducer for unsafe property: 38[µs]
Time needed for constructing transducer for (initial, unsafe) pairs: 623[µs]
Time needed for constructing transducer for complement of (initial, unsafe) pairs: 980[µs]
Time needed for building union of complements of preach and (initial, unsafe)-transducer: 2497[µs]
Time needed for checking universality using lazy algorithm: 10453552[µs]
Time needed for checking abstract safety: 10458631[µs]
...done.
Result: [0]
This means that the following properties could be separated from the initial configurations:
	[]
While the following properties could not be separated from the initial configurations:
	[deadlock]

real	0m11,429s
user	0m11,164s
sys	0m0,217s
********************
37 of 61
/home/jakob/Documents/abstracton/benchmarks/dodo/bakery.json
t
nomutex
Running as unit: run-r859f10ac1dd74ca0b80add53f96b33a6.scope; invocation ID: 158baba3355746929e69921a54ace89e
Time needed for parsing json file: 910[µs]
alphabet size: 3
using Trap interpretation
Time needed for constructing Trap interpretation transducer: 1095[µs]
computing ind...
Time needed for constructing complement of ind: 490[µs]
Time needed for computing ind: 10588[µs]
Time needed for minimizing ind: 3049[µs]
Time needed for computing ind (total): 14187[µs]
automaton for ind has 7 states.
...done.
computing complement of preach...
Time needed for constructing identity on ind: 149[µs]
Time needed for computing product v_id of abstraction framework with identity on ind: 5051[µs]
Time needed for computing product of v_id with complement of abstraction framework: 15062[µs]
Time needed for computing complement of preach: 35392[µs]
automaton for complement of preach has 196 states.
...of which, 10 states are at level 0.
Time needed for trimming complement of preach: 399[µs]
...done.
trying to prove abstract safety...
Time needed for constructing transducer for unsafe property: 5[µs]
Time needed for constructing transducer for (initial, unsafe) pairs: 146[µs]
Time needed for constructing transducer for complement of (initial, unsafe) pairs: 337[µs]
Time needed for building union of complements of preach and (initial, unsafe)-transducer: 166[µs]
Time needed for checking universality using lazy algorithm: 2940[µs]
Time needed for checking abstract safety: 3682[µs]
...done.
Result: [1]
This means that the following properties could be separated from the initial configurations:
	[nomutex]
While the following properties could not be separated from the initial configurations:
	[]

real	0m0,088s
user	0m0,057s
sys	0m0,010s
********************
/home/jakob/Documents/abstracton/benchmarks/dodo/bakery.json
s
nomutex
Running as unit: run-r74b7005af8bc494192481c3d54fec48f.scope; invocation ID: c5521709bae44dfdaf0459bb6dda7a26
Time needed for parsing json file: 704[µs]
alphabet size: 3
using Siphon interpretation
Time needed for constructing Siphon interpretation transducer: 510[µs]
computing ind...
Time needed for constructing complement of ind: 149[µs]
Time needed for computing ind: 1489[µs]
Time needed for minimizing ind: 1369[µs]
Time needed for computing ind (total): 3058[µs]
automaton for ind has 4 states.
...done.
computing complement of preach...
Time needed for constructing identity on ind: 102[µs]
Time needed for computing product v_id of abstraction framework with identity on ind: 1174[µs]
Time needed for computing product of v_id with complement of abstraction framework: 789[µs]
Time needed for computing complement of preach: 5455[µs]
automaton for complement of preach has 15 states.
...of which, 3 states are at level 0.
Time needed for trimming complement of preach: 77[µs]
...done.
trying to prove abstract safety...
Time needed for constructing transducer for unsafe property: 10[µs]
Time needed for constructing transducer for (initial, unsafe) pairs: 162[µs]
Time needed for constructing transducer for complement of (initial, unsafe) pairs: 345[µs]
Time needed for building union of complements of preach and (initial, unsafe)-transducer: 95[µs]
terminate called after throwing an instance of 'std::bad_alloc'
  what():  std::bad_alloc
/usr/bin/timeout: the monitored command dumped core
./bench_for_dodo_comparison.sh: line 83: 1163599 Aborted                 systemd-run --user --scope -p MemoryMax=32G -p MemorySwapMax=7G timeout $TIMEOUT "${parentdir}/solve_dodo" -i $MODE -p $PROPERTY $FILE --measure-time --universality-alg lazy

real	13m1,622s
user	12m4,040s
sys	0m56,015s
********************
/home/jakob/Documents/abstracton/benchmarks/dodo/bakery.json
f
nomutex
Running as unit: run-r3bf5e774cb744865a5bf0df3acd5bdaa.scope; invocation ID: 3a39bb795a2749c9af180f0dc3e4988f
Time needed for parsing json file: 1622[µs]
alphabet size: 3
using Flow interpretation
Time needed for constructing Flow interpretation transducer: 2075[µs]
computing ind...
Time needed for constructing complement of ind: 560[µs]
Time needed for computing ind: 51514[µs]
Time needed for minimizing ind: 18221[µs]
Time needed for computing ind (total): 70595[µs]
automaton for ind has 9 states.
...done.
computing complement of preach...
Time needed for constructing identity on ind: 194[µs]
Time needed for computing product v_id of abstraction framework with identity on ind: 3508[µs]
Time needed for computing product of v_id with complement of abstraction framework: 2330[µs]
Time needed for computing complement of preach: 72496[µs]
automaton for complement of preach has 53 states.
...of which, 8 states are at level 0.
Time needed for trimming complement of preach: 139[µs]
...done.
trying to prove abstract safety...
Time needed for constructing transducer for unsafe property: 5[µs]
Time needed for constructing transducer for (initial, unsafe) pairs: 142[µs]
Time needed for constructing transducer for complement of (initial, unsafe) pairs: 288[µs]
Time needed for building union of complements of preach and (initial, unsafe)-transducer: 96[µs]
terminate called after throwing an instance of 'std::bad_alloc'
  what():  std::bad_alloc
/usr/bin/timeout: the monitored command dumped core
./bench_for_dodo_comparison.sh: line 83: 1165460 Aborted                 systemd-run --user --scope -p MemoryMax=32G -p MemorySwapMax=7G timeout $TIMEOUT "${parentdir}/solve_dodo" -i $MODE -p $PROPERTY $FILE --measure-time --universality-alg lazy

real	14m43,661s
user	13m46,950s
sys	0m55,011s
********************
38 of 61
/home/jakob/Documents/abstracton/benchmarks/dodo/dining-cryptographers.json
t
internal
Running as unit: run-r53d0cab057c0401f8180882d7f6f530f.scope; invocation ID: cfd0db67a5e14ff5a67d2e976925c28c
Time needed for parsing json file: 4951[µs]
alphabet size: 12
using Trap interpretation
Time needed for constructing Trap interpretation transducer: 1457672[µs]
computing ind...
Time needed for constructing complement of ind: 1312180[µs]
Time needed for computing ind: 153024642[µs]
Time needed for minimizing ind: 19944555[µs]
Time needed for computing ind (total): 174284867[µs]
automaton for ind has 17 states.
...done.
computing complement of preach...
Time needed for constructing identity on ind: 148936[µs]
Time needed for computing product v_id of abstraction framework with identity on ind: 37089779[µs]
Time needed for computing product of v_id with complement of abstraction framework: 465788904[µs]
Time needed for computing complement of preach: 679167923[µs]
automaton for complement of preach has 188736 states.
...of which, 28 states are at level 0.
Time needed for trimming complement of preach: 1157696[µs]
...done.
trying to prove abstract safety...
Time needed for constructing transducer for unsafe property: 61[µs]
Time needed for constructing transducer for (initial, unsafe) pairs: 58850[µs]
Time needed for constructing transducer for complement of (initial, unsafe) pairs: 3306[µs]
Time needed for building union of complements of preach and (initial, unsafe)-transducer: 553706[µs]
Time needed for checking universality using lazy algorithm: 4328113[µs]
Time needed for checking abstract safety: 5145545[µs]
...done.
Result: [1]
This means that the following properties could be separated from the initial configurations:
	[internal]
While the following properties could not be separated from the initial configurations:
	[]

real	14m23,987s
user	13m55,538s
sys	0m23,502s
********************
/home/jakob/Documents/abstracton/benchmarks/dodo/dining-cryptographers.json
s
internal
Running as unit: run-rd2c9dfdf3f3240f6aa311b9199c20ca7.scope; invocation ID: 768528cba1c94ad1864bd5080552b273
Time needed for parsing json file: 4103[µs]
alphabet size: 12
using Siphon interpretation
Time needed for constructing Siphon interpretation transducer: 419002[µs]
computing ind...
Time needed for constructing complement of ind: 463830[µs]
Time needed for computing ind: 7122290[µs]
Time needed for minimizing ind: 2461664[µs]
Time needed for computing ind (total): 10049594[µs]
automaton for ind has 17 states.
...done.
computing complement of preach...
Time needed for constructing identity on ind: 145581[µs]
Time needed for computing product v_id of abstraction framework with identity on ind: 12675130[µs]
Time needed for computing product of v_id with complement of abstraction framework: 13955213[µs]
Time needed for computing complement of preach: 37045861[µs]
automaton for complement of preach has 99836 states.
...of which, 28 states are at level 0.
Time needed for trimming complement of preach: 578930[µs]
...done.
trying to prove abstract safety...
Time needed for constructing transducer for unsafe property: 33[µs]
Time needed for constructing transducer for (initial, unsafe) pairs: 502[µs]
Time needed for constructing transducer for complement of (initial, unsafe) pairs: 1675[µs]
Time needed for building union of complements of preach and (initial, unsafe)-transducer: 259662[µs]
Time needed for checking universality using lazy algorithm: 1918592[µs]
Time needed for checking abstract safety: 2251778[µs]
...done.
Result: [1]
This means that the following properties could be separated from the initial configurations:
	[internal]
While the following properties could not be separated from the initial configurations:
	[]

real	0m50,725s
user	0m49,204s
sys	0m1,487s
********************
/home/jakob/Documents/abstracton/benchmarks/dodo/dining-cryptographers.json
f
internal
Running as unit: run-r607c87875a20461094057cb0be2a68ef.scope; invocation ID: e7ac1987b0034f57964be8af9fadd8ea
Time needed for parsing json file: 4043[µs]
alphabet size: 12
using Flow interpretation
Time needed for constructing Flow interpretation transducer: 1177866[µs]
computing ind...
Time needed for constructing complement of ind: 1224622[µs]
Time needed for computing ind: 373316122[µs]
Time needed for minimizing ind: 46436868[µs]
Time needed for computing ind (total): 420981548[µs]
automaton for ind has 73 states.
...done.
computing complement of preach...
Time needed for constructing identity on ind: 648179[µs]
Time needed for computing product v_id of abstraction framework with identity on ind: 125075264[µs]
Time needed for computing product of v_id with complement of abstraction framework: 129778255[µs]
Time needed for computing complement of preach: 677046560[µs]
automaton for complement of preach has 984056 states.
...of which, 260 states are at level 0.
Time needed for trimming complement of preach: 5710437[µs]
...done.
trying to prove abstract safety...
Time needed for constructing transducer for unsafe property: 21[µs]
Time needed for constructing transducer for (initial, unsafe) pairs: 612[µs]
Time needed for constructing transducer for complement of (initial, unsafe) pairs: 1709[µs]
Time needed for building union of complements of preach and (initial, unsafe)-transducer: 2335237[µs]

real	20m1,786s
user	19m46,702s
sys	0m14,733s
********************
39 of 61
/home/jakob/Documents/abstracton/benchmarks/dodo/dining-cryptographers.json
t
external
Running as unit: run-r6d30d751272f41d7b912920109e05550.scope; invocation ID: 9db60545a3c84dd19da45da7315e5e8b
Time needed for parsing json file: 4158[µs]
alphabet size: 12
using Trap interpretation
Time needed for constructing Trap interpretation transducer: 1440397[µs]
computing ind...
Time needed for constructing complement of ind: 1322087[µs]
Time needed for computing ind: 152516394[µs]
Time needed for minimizing ind: 20078865[µs]
Time needed for computing ind (total): 173920913[µs]
automaton for ind has 17 states.
...done.
computing complement of preach...
Time needed for constructing identity on ind: 149213[µs]
Time needed for computing product v_id of abstraction framework with identity on ind: 36507587[µs]
Time needed for computing product of v_id with complement of abstraction framework: 464454600[µs]
Time needed for computing complement of preach: 677771693[µs]
automaton for complement of preach has 188736 states.
...of which, 28 states are at level 0.
Time needed for trimming complement of preach: 1174857[µs]
...done.
trying to prove abstract safety...
Time needed for constructing transducer for unsafe property: 38242[µs]
Time needed for constructing transducer for (initial, unsafe) pairs: 1596[µs]
Time needed for constructing transducer for complement of (initial, unsafe) pairs: 53730[µs]
Time needed for building union of complements of preach and (initial, unsafe)-transducer: 541865[µs]
Time needed for checking universality using lazy algorithm: 3308791[µs]
Time needed for checking abstract safety: 4091248[µs]
...done.
Result: [1]
This means that the following properties could be separated from the initial configurations:
	[external]
While the following properties could not be separated from the initial configurations:
	[]

real	14m21,162s
user	13m51,910s
sys	0m23,585s
********************
/home/jakob/Documents/abstracton/benchmarks/dodo/dining-cryptographers.json
s
external
Running as unit: run-r80ce4ae3763a4095b50c0053a4cafd56.scope; invocation ID: 797421eb3ff940bbbcda49a522a32bd0
Time needed for parsing json file: 4249[µs]
alphabet size: 12
using Siphon interpretation
Time needed for constructing Siphon interpretation transducer: 454555[µs]
computing ind...
Time needed for constructing complement of ind: 452318[µs]
Time needed for computing ind: 7137768[µs]
Time needed for minimizing ind: 2484320[µs]
Time needed for computing ind (total): 10076096[µs]
automaton for ind has 17 states.
...done.
computing complement of preach...
Time needed for constructing identity on ind: 148303[µs]
Time needed for computing product v_id of abstraction framework with identity on ind: 12542225[µs]
Time needed for computing product of v_id with complement of abstraction framework: 13704075[µs]
Time needed for computing complement of preach: 36731182[µs]
automaton for complement of preach has 99836 states.
...of which, 28 states are at level 0.
Time needed for trimming complement of preach: 580015[µs]
...done.
trying to prove abstract safety...
Time needed for constructing transducer for unsafe property: 6[µs]
Time needed for constructing transducer for (initial, unsafe) pairs: 336[µs]
Time needed for constructing transducer for complement of (initial, unsafe) pairs: 778[µs]
Time needed for building union of complements of preach and (initial, unsafe)-transducer: 264819[µs]
Time needed for checking universality using lazy algorithm: 1531275[µs]
Time needed for checking abstract safety: 1870909[µs]
...done.
Result: [1]
This means that the following properties could be separated from the initial configurations:
	[external]
While the following properties could not be separated from the initial configurations:
	[]

real	0m50,083s
user	0m48,575s
sys	0m1,479s
********************
/home/jakob/Documents/abstracton/benchmarks/dodo/dining-cryptographers.json
f
external
Running as unit: run-rb82c89b91b664cf0866f0dc9fad3e6c7.scope; invocation ID: 9bfd13dc971f4f878c47c38889a283c5
Time needed for parsing json file: 4054[µs]
alphabet size: 12
using Flow interpretation
Time needed for constructing Flow interpretation transducer: 1194577[µs]
computing ind...
Time needed for constructing complement of ind: 1212734[µs]
Time needed for computing ind: 375878691[µs]
Time needed for minimizing ind: 46689038[µs]
Time needed for computing ind (total): 423784559[µs]
automaton for ind has 73 states.
...done.
computing complement of preach...
Time needed for constructing identity on ind: 629149[µs]
Time needed for computing product v_id of abstraction framework with identity on ind: 124679520[µs]
Time needed for computing product of v_id with complement of abstraction framework: 129268216[µs]
Time needed for computing complement of preach: 675285940[µs]
automaton for complement of preach has 984056 states.
...of which, 260 states are at level 0.
Time needed for trimming complement of preach: 5866109[µs]
...done.
trying to prove abstract safety...
Time needed for constructing transducer for unsafe property: 7[µs]
Time needed for constructing transducer for (initial, unsafe) pairs: 369[µs]
Time needed for constructing transducer for complement of (initial, unsafe) pairs: 828[µs]
Time needed for building union of complements of preach and (initial, unsafe)-transducer: 2307809[µs]

real	20m1,785s
user	19m46,709s
sys	0m14,702s
********************
40 of 61
/home/jakob/Documents/abstracton/benchmarks/dodo/dragon.json
t
dirtydirty
Running as unit: run-rd03d6168d6374073881e71d320d874aa.scope; invocation ID: d37f5e2905734bedb956af2beabc95da
Time needed for parsing json file: 5091[µs]
alphabet size: 5
using Trap interpretation
Time needed for constructing Trap interpretation transducer: 4772[µs]
computing ind...
Time needed for constructing complement of ind: 22026[µs]
Time needed for computing ind: 15318997[µs]
Time needed for minimizing ind: 485614[µs]
Time needed for computing ind (total): 15826902[µs]
automaton for ind has 37 states.
...done.
computing complement of preach...
Time needed for constructing identity on ind: 2734[µs]
Time needed for computing product v_id of abstraction framework with identity on ind: 153351[µs]
Time needed for computing product of v_id with complement of abstraction framework: 793476[µs]
Time needed for computing complement of preach: 16686484[µs]
automaton for complement of preach has 4148 states.
...of which, 68 states are at level 0.
Time needed for trimming complement of preach: 11936[µs]
...done.
trying to prove abstract safety...
Time needed for constructing transducer for unsafe property: 9[µs]
Time needed for constructing transducer for (initial, unsafe) pairs: 231[µs]
Time needed for constructing transducer for complement of (initial, unsafe) pairs: 398[µs]
Time needed for building union of complements of preach and (initial, unsafe)-transducer: 3656[µs]
Time needed for checking universality using lazy algorithm: 805383[µs]
Time needed for checking abstract safety: 810642[µs]
...done.
Result: [1]
This means that the following properties could be separated from the initial configurations:
	[dirtydirty]
While the following properties could not be separated from the initial configurations:
	[]

real	0m33,397s
user	0m33,204s
sys	0m0,171s
********************
/home/jakob/Documents/abstracton/benchmarks/dodo/dragon.json
s
dirtydirty
Running as unit: run-r8d88040af3914eb3bcf2c7f6501f770e.scope; invocation ID: e0de9b7ccdf1442c968ec942a3907744
Time needed for parsing json file: 4532[µs]
alphabet size: 5
using Siphon interpretation
Time needed for constructing Siphon interpretation transducer: 1766[µs]
computing ind...
Time needed for constructing complement of ind: 7939[µs]
Time needed for computing ind: 1002427[µs]
Time needed for minimizing ind: 105521[µs]
Time needed for computing ind (total): 1116047[µs]
automaton for ind has 5 states.
...done.
computing complement of preach...
Time needed for constructing identity on ind: 375[µs]
Time needed for computing product v_id of abstraction framework with identity on ind: 4133[µs]
Time needed for computing product of v_id with complement of abstraction framework: 1140[µs]
Time needed for computing complement of preach: 1114525[µs]
automaton for complement of preach has 13 states.
...of which, 2 states are at level 0.
Time needed for trimming complement of preach: 50[µs]
...done.
trying to prove abstract safety...
Time needed for constructing transducer for unsafe property: 7[µs]
Time needed for constructing transducer for (initial, unsafe) pairs: 129[µs]
Time needed for constructing transducer for complement of (initial, unsafe) pairs: 324[µs]
Time needed for building union of complements of preach and (initial, unsafe)-transducer: 61[µs]
terminate called after throwing an instance of 'std::bad_alloc'
  what():  std::bad_alloc
/usr/bin/timeout: the monitored command dumped core
./bench_for_dodo_comparison.sh: line 83: 1178203 Aborted                 systemd-run --user --scope -p MemoryMax=32G -p MemorySwapMax=7G timeout $TIMEOUT "${parentdir}/solve_dodo" -i $MODE -p $PROPERTY $FILE --measure-time --universality-alg lazy

real	12m28,650s
user	11m25,001s
sys	1m0,270s
********************
/home/jakob/Documents/abstracton/benchmarks/dodo/dragon.json
f
dirtydirty
Running as unit: run-r0e9ca9a1392d4d4dabefce5c5e1d0c10.scope; invocation ID: 01e18766bcdf4e189f7b862954cb8228
Time needed for parsing json file: 5267[µs]
alphabet size: 5
using Flow interpretation
Time needed for constructing Flow interpretation transducer: 5495[µs]
computing ind...
Time needed for constructing complement of ind: 24771[µs]
Time needed for computing ind: 137337648[µs]
Time needed for minimizing ind: 3455340[µs]
Time needed for computing ind (total): 140818406[µs]
automaton for ind has 7 states.
...done.
computing complement of preach...
Time needed for constructing identity on ind: 700[µs]
Time needed for computing product v_id of abstraction framework with identity on ind: 12726[µs]
Time needed for computing product of v_id with complement of abstraction framework: 1997[µs]
Time needed for computing complement of preach: 141383346[µs]
automaton for complement of preach has 13 states.
...of which, 2 states are at level 0.
Time needed for trimming complement of preach: 49[µs]
...done.
trying to prove abstract safety...
Time needed for constructing transducer for unsafe property: 8[µs]
Time needed for constructing transducer for (initial, unsafe) pairs: 160[µs]
Time needed for constructing transducer for complement of (initial, unsafe) pairs: 373[µs]
Time needed for building union of complements of preach and (initial, unsafe)-transducer: 71[µs]
terminate called after throwing an instance of 'std::bad_alloc'
  what():  std::bad_alloc
/usr/bin/timeout: the monitored command dumped core
./bench_for_dodo_comparison.sh: line 83: 1179997 Aborted                 systemd-run --user --scope -p MemoryMax=32G -p MemorySwapMax=7G timeout $TIMEOUT "${parentdir}/solve_dodo" -i $MODE -p $PROPERTY $FILE --measure-time --universality-alg lazy

real	17m15,029s
user	16m9,545s
sys	1m1,190s
********************
41 of 61
/home/jakob/Documents/abstracton/benchmarks/dodo/dragon.json
t
exclusiveexclusive
Running as unit: run-re96e58f9eb0242568510dbe65832c03d.scope; invocation ID: 7591517abff145e1ad4a8506696d71b3
Time needed for parsing json file: 5026[µs]
alphabet size: 5
using Trap interpretation
Time needed for constructing Trap interpretation transducer: 5852[µs]
computing ind...
Time needed for constructing complement of ind: 21407[µs]
Time needed for computing ind: 15347380[µs]
Time needed for minimizing ind: 530036[µs]
Time needed for computing ind (total): 15899196[µs]
automaton for ind has 37 states.
...done.
computing complement of preach...
Time needed for constructing identity on ind: 2891[µs]
Time needed for computing product v_id of abstraction framework with identity on ind: 150589[µs]
Time needed for computing product of v_id with complement of abstraction framework: 836293[µs]
Time needed for computing complement of preach: 16959318[µs]
automaton for complement of preach has 4148 states.
...of which, 68 states are at level 0.
Time needed for trimming complement of preach: 11881[µs]
...done.
trying to prove abstract safety...
Time needed for constructing transducer for unsafe property: 9[µs]
Time needed for constructing transducer for (initial, unsafe) pairs: 239[µs]
Time needed for constructing transducer for complement of (initial, unsafe) pairs: 413[µs]
Time needed for building union of complements of preach and (initial, unsafe)-transducer: 3731[µs]
Time needed for checking universality using lazy algorithm: 788860[µs]
Time needed for checking abstract safety: 794442[µs]
...done.
Result: [1]
This means that the following properties could be separated from the initial configurations:
	[exclusiveexclusive]
While the following properties could not be separated from the initial configurations:
	[]

real	0m33,727s
user	0m33,525s
sys	0m0,177s
********************
/home/jakob/Documents/abstracton/benchmarks/dodo/dragon.json
s
exclusiveexclusive
Running as unit: run-r0ae90fb6526044789631fdcf04f2b134.scope; invocation ID: 717f5aa21b8a4659849059ee0520f76f
Time needed for parsing json file: 4208[µs]
alphabet size: 5
using Siphon interpretation
Time needed for constructing Siphon interpretation transducer: 1725[µs]
computing ind...
Time needed for constructing complement of ind: 7777[µs]
Time needed for computing ind: 1016681[µs]
Time needed for minimizing ind: 110633[µs]
Time needed for computing ind (total): 1135279[µs]
automaton for ind has 5 states.
...done.
computing complement of preach...
Time needed for constructing identity on ind: 393[µs]
Time needed for computing product v_id of abstraction framework with identity on ind: 4233[µs]
Time needed for computing product of v_id with complement of abstraction framework: 1193[µs]
Time needed for computing complement of preach: 1117926[µs]
automaton for complement of preach has 13 states.
...of which, 2 states are at level 0.
Time needed for trimming complement of preach: 46[µs]
...done.
trying to prove abstract safety...
Time needed for constructing transducer for unsafe property: 7[µs]
Time needed for constructing transducer for (initial, unsafe) pairs: 137[µs]
Time needed for constructing transducer for complement of (initial, unsafe) pairs: 365[µs]
Time needed for building union of complements of preach and (initial, unsafe)-transducer: 73[µs]
terminate called after throwing an instance of 'std::bad_alloc'
  what():  std::bad_alloc
/usr/bin/timeout: the monitored command dumped core
./bench_for_dodo_comparison.sh: line 83: 1182523 Aborted                 systemd-run --user --scope -p MemoryMax=32G -p MemorySwapMax=7G timeout $TIMEOUT "${parentdir}/solve_dodo" -i $MODE -p $PROPERTY $FILE --measure-time --universality-alg lazy

real	12m25,814s
user	11m21,695s
sys	0m59,918s
********************
/home/jakob/Documents/abstracton/benchmarks/dodo/dragon.json
f
exclusiveexclusive
Running as unit: run-r0e196e846a224b7eb8a017c07a5ec29e.scope; invocation ID: 7b1b0b55fb254706a2cfb01f6059468b
Time needed for parsing json file: 5397[µs]
alphabet size: 5
using Flow interpretation
Time needed for constructing Flow interpretation transducer: 5415[µs]
computing ind...
Time needed for constructing complement of ind: 26417[µs]
Time needed for computing ind: 137515692[µs]
Time needed for minimizing ind: 3484038[µs]
Time needed for computing ind (total): 141026624[µs]
automaton for ind has 7 states.
...done.
computing complement of preach...
Time needed for constructing identity on ind: 587[µs]
Time needed for computing product v_id of abstraction framework with identity on ind: 11785[µs]
Time needed for computing product of v_id with complement of abstraction framework: 1903[µs]
Time needed for computing complement of preach: 141038544[µs]
automaton for complement of preach has 13 states.
...of which, 2 states are at level 0.
Time needed for trimming complement of preach: 46[µs]
...done.
trying to prove abstract safety...
Time needed for constructing transducer for unsafe property: 8[µs]
Time needed for constructing transducer for (initial, unsafe) pairs: 137[µs]
Time needed for constructing transducer for complement of (initial, unsafe) pairs: 344[µs]
Time needed for building union of complements of preach and (initial, unsafe)-transducer: 66[µs]
terminate called after throwing an instance of 'std::bad_alloc'
  what():  std::bad_alloc
/usr/bin/timeout: the monitored command dumped core
./bench_for_dodo_comparison.sh: line 83: 1184301 Aborted                 systemd-run --user --scope -p MemoryMax=32G -p MemorySwapMax=7G timeout $TIMEOUT "${parentdir}/solve_dodo" -i $MODE -p $PROPERTY $FILE --measure-time --universality-alg lazy

real	17m6,118s
user	16m5,342s
sys	0m59,007s
********************
42 of 61
/home/jakob/Documents/abstracton/benchmarks/dodo/dragon.json
t
dirtysharedexclusive
Running as unit: run-r676b3b8318c74970b4af387598b9433d.scope; invocation ID: 67fa5889c27e480ab55fb93d5597a0d8
Time needed for parsing json file: 5391[µs]
alphabet size: 5
using Trap interpretation
Time needed for constructing Trap interpretation transducer: 6379[µs]
computing ind...
Time needed for constructing complement of ind: 24167[µs]
Time needed for computing ind: 15465803[µs]
Time needed for minimizing ind: 492966[µs]
Time needed for computing ind (total): 15983472[µs]
automaton for ind has 37 states.
...done.
computing complement of preach...
Time needed for constructing identity on ind: 2737[µs]
Time needed for computing product v_id of abstraction framework with identity on ind: 150504[µs]
Time needed for computing product of v_id with complement of abstraction framework: 794508[µs]
Time needed for computing complement of preach: 16790429[µs]
automaton for complement of preach has 4148 states.
...of which, 68 states are at level 0.
Time needed for trimming complement of preach: 11822[µs]
...done.
trying to prove abstract safety...
Time needed for constructing transducer for unsafe property: 11[µs]
Time needed for constructing transducer for (initial, unsafe) pairs: 241[µs]
Time needed for constructing transducer for complement of (initial, unsafe) pairs: 484[µs]
Time needed for building union of complements of preach and (initial, unsafe)-transducer: 3588[µs]
Time needed for checking universality using lazy algorithm: 788946[µs]
Time needed for checking abstract safety: 794244[µs]
...done.
Result: [1]
This means that the following properties could be separated from the initial configurations:
	[dirtysharedexclusive]
While the following properties could not be separated from the initial configurations:
	[]

real	0m33,643s
user	0m33,452s
sys	0m0,165s
********************
/home/jakob/Documents/abstracton/benchmarks/dodo/dragon.json
s
dirtysharedexclusive
Running as unit: run-r79c6a01fbdb04146bb583af453cdcc9d.scope; invocation ID: b86d3e376af04df6848e23acc1d9b31b
Time needed for parsing json file: 4668[µs]
alphabet size: 5
using Siphon interpretation
Time needed for constructing Siphon interpretation transducer: 1821[µs]
computing ind...
Time needed for constructing complement of ind: 8242[µs]
Time needed for computing ind: 1020561[µs]
Time needed for minimizing ind: 108418[µs]
Time needed for computing ind (total): 1137390[µs]
automaton for ind has 5 states.
...done.
computing complement of preach...
Time needed for constructing identity on ind: 356[µs]
Time needed for computing product v_id of abstraction framework with identity on ind: 4023[µs]
Time needed for computing product of v_id with complement of abstraction framework: 1132[µs]
Time needed for computing complement of preach: 1124943[µs]
automaton for complement of preach has 13 states.
...of which, 2 states are at level 0.
Time needed for trimming complement of preach: 49[µs]
...done.
trying to prove abstract safety...
Time needed for constructing transducer for unsafe property: 8[µs]
Time needed for constructing transducer for (initial, unsafe) pairs: 161[µs]
Time needed for constructing transducer for complement of (initial, unsafe) pairs: 383[µs]
Time needed for building union of complements of preach and (initial, unsafe)-transducer: 69[µs]
terminate called after throwing an instance of 'std::bad_alloc'
  what():  std::bad_alloc
/usr/bin/timeout: the monitored command dumped core
./bench_for_dodo_comparison.sh: line 83: 1186872 Aborted                 systemd-run --user --scope -p MemoryMax=32G -p MemorySwapMax=7G timeout $TIMEOUT "${parentdir}/solve_dodo" -i $MODE -p $PROPERTY $FILE --measure-time --universality-alg lazy

real	12m15,835s
user	11m13,984s
sys	0m59,048s
********************
/home/jakob/Documents/abstracton/benchmarks/dodo/dragon.json
f
dirtysharedexclusive
Running as unit: run-rb996f5d21e444610ac5cbbc27370d848.scope; invocation ID: 848cbef37aff42d4a9f313873b20b357
Time needed for parsing json file: 5339[µs]
alphabet size: 5
using Flow interpretation
Time needed for constructing Flow interpretation transducer: 4978[µs]
computing ind...
Time needed for constructing complement of ind: 26182[µs]
Time needed for computing ind: 137177381[µs]
Time needed for minimizing ind: 3447757[µs]
Time needed for computing ind (total): 140651744[µs]
automaton for ind has 7 states.
...done.
computing complement of preach...
Time needed for constructing identity on ind: 541[µs]
Time needed for computing product v_id of abstraction framework with identity on ind: 12776[µs]
Time needed for computing product of v_id with complement of abstraction framework: 1934[µs]
Time needed for computing complement of preach: 140708677[µs]
automaton for complement of preach has 13 states.
...of which, 2 states are at level 0.
Time needed for trimming complement of preach: 58[µs]
...done.
trying to prove abstract safety...
Time needed for constructing transducer for unsafe property: 10[µs]
Time needed for constructing transducer for (initial, unsafe) pairs: 175[µs]
Time needed for constructing transducer for complement of (initial, unsafe) pairs: 450[µs]
Time needed for building union of complements of preach and (initial, unsafe)-transducer: 81[µs]
terminate called after throwing an instance of 'std::bad_alloc'
  what():  std::bad_alloc
/usr/bin/timeout: the monitored command dumped core
./bench_for_dodo_comparison.sh: line 83: 1188597 Aborted                 systemd-run --user --scope -p MemoryMax=32G -p MemorySwapMax=7G timeout $TIMEOUT "${parentdir}/solve_dodo" -i $MODE -p $PROPERTY $FILE --measure-time --universality-alg lazy

real	17m2,964s
user	15m54,802s
sys	1m2,478s
********************
43 of 61
/home/jakob/Documents/abstracton/benchmarks/dodo/dragon.json
t
exclusiveshared
Running as unit: run-r6c050e31e8c14fd7b8a6cfd382c60cff.scope; invocation ID: 015aa6a4445e445db79d40d62a5c9ed8
Time needed for parsing json file: 5657[µs]
alphabet size: 5
using Trap interpretation
Time needed for constructing Trap interpretation transducer: 6223[µs]
computing ind...
Time needed for constructing complement of ind: 23579[µs]
Time needed for computing ind: 15259695[µs]
Time needed for minimizing ind: 505996[µs]
Time needed for computing ind (total): 15789657[µs]
automaton for ind has 37 states.
...done.
computing complement of preach...
Time needed for constructing identity on ind: 2859[µs]
Time needed for computing product v_id of abstraction framework with identity on ind: 151703[µs]
Time needed for computing product of v_id with complement of abstraction framework: 806690[µs]
Time needed for computing complement of preach: 16871099[µs]
automaton for complement of preach has 4148 states.
...of which, 68 states are at level 0.
Time needed for trimming complement of preach: 12144[µs]
...done.
trying to prove abstract safety...
Time needed for constructing transducer for unsafe property: 10[µs]
Time needed for constructing transducer for (initial, unsafe) pairs: 224[µs]
Time needed for constructing transducer for complement of (initial, unsafe) pairs: 496[µs]
Time needed for building union of complements of preach and (initial, unsafe)-transducer: 3674[µs]
Time needed for checking universality using lazy algorithm: 771647[µs]
Time needed for checking abstract safety: 777087[µs]
...done.
Result: [1]
This means that the following properties could be separated from the initial configurations:
	[exclusiveshared]
While the following properties could not be separated from the initial configurations:
	[]

real	0m33,514s
user	0m33,331s
sys	0m0,156s
********************
/home/jakob/Documents/abstracton/benchmarks/dodo/dragon.json
s
exclusiveshared
Running as unit: run-r90fb7cc181f9445085dd95df3b1a1495.scope; invocation ID: 4d8976e2127340f082fa719d3deac8bc
Time needed for parsing json file: 4614[µs]
alphabet size: 5
using Siphon interpretation
Time needed for constructing Siphon interpretation transducer: 1734[µs]
computing ind...
Time needed for constructing complement of ind: 8145[µs]
Time needed for computing ind: 1010338[µs]
Time needed for minimizing ind: 106588[µs]
Time needed for computing ind (total): 1125243[µs]
automaton for ind has 5 states.
...done.
computing complement of preach...
Time needed for constructing identity on ind: 372[µs]
Time needed for computing product v_id of abstraction framework with identity on ind: 6064[µs]
Time needed for computing product of v_id with complement of abstraction framework: 1683[µs]
Time needed for computing complement of preach: 1186760[µs]
automaton for complement of preach has 13 states.
...of which, 2 states are at level 0.
Time needed for trimming complement of preach: 55[µs]
...done.
trying to prove abstract safety...
Time needed for constructing transducer for unsafe property: 9[µs]
Time needed for constructing transducer for (initial, unsafe) pairs: 163[µs]
Time needed for constructing transducer for complement of (initial, unsafe) pairs: 480[µs]
Time needed for building union of complements of preach and (initial, unsafe)-transducer: 88[µs]
Time needed for checking universality using lazy algorithm: 80[µs]
Time needed for checking abstract safety: 889[µs]
...done.
Result: [0]
This means that the following properties could be separated from the initial configurations:
	[]
While the following properties could not be separated from the initial configurations:
	[exclusiveshared]

real	0m2,343s
user	0m2,317s
sys	0m0,015s
********************
/home/jakob/Documents/abstracton/benchmarks/dodo/dragon.json
f
exclusiveshared
Running as unit: run-r1991443dc20940f48c00904f1c137159.scope; invocation ID: 180afbb340f24b18aff73cc7f1b9b7ac
Time needed for parsing json file: 4267[µs]
alphabet size: 5
using Flow interpretation
Time needed for constructing Flow interpretation transducer: 4001[µs]
computing ind...
Time needed for constructing complement of ind: 24736[µs]
Time needed for computing ind: 138125917[µs]
Time needed for minimizing ind: 3484086[µs]
Time needed for computing ind (total): 141635045[µs]
automaton for ind has 7 states.
...done.
computing complement of preach...
Time needed for constructing identity on ind: 573[µs]
Time needed for computing product v_id of abstraction framework with identity on ind: 12380[µs]
Time needed for computing product of v_id with complement of abstraction framework: 2062[µs]
Time needed for computing complement of preach: 140538586[µs]
automaton for complement of preach has 13 states.
...of which, 2 states are at level 0.
Time needed for trimming complement of preach: 62[µs]
...done.
trying to prove abstract safety...
Time needed for constructing transducer for unsafe property: 11[µs]
Time needed for constructing transducer for (initial, unsafe) pairs: 214[µs]
Time needed for constructing transducer for complement of (initial, unsafe) pairs: 517[µs]
Time needed for building union of complements of preach and (initial, unsafe)-transducer: 102[µs]
Time needed for checking universality using lazy algorithm: 129[µs]
Time needed for checking abstract safety: 1099[µs]
...done.
Result: [0]
This means that the following properties could be separated from the initial configurations:
	[]
While the following properties could not be separated from the initial configurations:
	[exclusiveshared]

real	4m42,230s
user	4m41,886s
sys	0m0,258s
********************
44 of 61
/home/jakob/Documents/abstracton/benchmarks/dodo/dragon.json
t
exclusivedirty
Running as unit: run-rabc9447464da4545b4806c62c50b2bf6.scope; invocation ID: e0000b175c8a46678400f3c18a39e5cc
Time needed for parsing json file: 4593[µs]
alphabet size: 5
using Trap interpretation
Time needed for constructing Trap interpretation transducer: 4918[µs]
computing ind...
Time needed for constructing complement of ind: 23684[µs]
Time needed for computing ind: 15506089[µs]
Time needed for minimizing ind: 489151[µs]
Time needed for computing ind (total): 16019161[µs]
automaton for ind has 37 states.
...done.
computing complement of preach...
Time needed for constructing identity on ind: 2965[µs]
Time needed for computing product v_id of abstraction framework with identity on ind: 148267[µs]
Time needed for computing product of v_id with complement of abstraction framework: 802211[µs]
Time needed for computing complement of preach: 16805440[µs]
automaton for complement of preach has 4148 states.
...of which, 68 states are at level 0.
Time needed for trimming complement of preach: 12094[µs]
...done.
trying to prove abstract safety...
Time needed for constructing transducer for unsafe property: 11[µs]
Time needed for constructing transducer for (initial, unsafe) pairs: 246[µs]
Time needed for constructing transducer for complement of (initial, unsafe) pairs: 502[µs]
Time needed for building union of complements of preach and (initial, unsafe)-transducer: 3834[µs]
Time needed for checking universality using lazy algorithm: 803451[µs]
Time needed for checking abstract safety: 809052[µs]
...done.
Result: [1]
This means that the following properties could be separated from the initial configurations:
	[exclusivedirty]
While the following properties could not be separated from the initial configurations:
	[]

real	0m33,706s
user	0m33,512s
sys	0m0,172s
********************
/home/jakob/Documents/abstracton/benchmarks/dodo/dragon.json
s
exclusivedirty
Running as unit: run-r6f1e523a88a2473fabef2a2bb064beaa.scope; invocation ID: 4eec18ff34d44f88868090329516c8b8
Time needed for parsing json file: 4559[µs]
alphabet size: 5
using Siphon interpretation
Time needed for constructing Siphon interpretation transducer: 1966[µs]
computing ind...
Time needed for constructing complement of ind: 7919[µs]
Time needed for computing ind: 1001360[µs]
Time needed for minimizing ind: 105074[µs]
Time needed for computing ind (total): 1114549[µs]
automaton for ind has 5 states.
...done.
computing complement of preach...
Time needed for constructing identity on ind: 360[µs]
Time needed for computing product v_id of abstraction framework with identity on ind: 4056[µs]
Time needed for computing product of v_id with complement of abstraction framework: 1126[µs]
Time needed for computing complement of preach: 1121099[µs]
automaton for complement of preach has 13 states.
...of which, 2 states are at level 0.
Time needed for trimming complement of preach: 46[µs]
...done.
trying to prove abstract safety...
Time needed for constructing transducer for unsafe property: 8[µs]
Time needed for constructing transducer for (initial, unsafe) pairs: 143[µs]
Time needed for constructing transducer for complement of (initial, unsafe) pairs: 356[µs]
Time needed for building union of complements of preach and (initial, unsafe)-transducer: 74[µs]
terminate called after throwing an instance of 'std::bad_alloc'
  what():  std::bad_alloc
/usr/bin/timeout: the monitored command dumped core
./bench_for_dodo_comparison.sh: line 83: 1191950 Aborted                 systemd-run --user --scope -p MemoryMax=32G -p MemorySwapMax=7G timeout $TIMEOUT "${parentdir}/solve_dodo" -i $MODE -p $PROPERTY $FILE --measure-time --universality-alg lazy

real	13m7,167s
user	12m10,121s
sys	0m55,490s
********************
/home/jakob/Documents/abstracton/benchmarks/dodo/dragon.json
f
exclusivedirty
Running as unit: run-r235f417ed93d4a4eb0de90718bfa76fb.scope; invocation ID: 0a6764dd7692485bbc077b181051d17b
Time needed for parsing json file: 5297[µs]
alphabet size: 5
using Flow interpretation
Time needed for constructing Flow interpretation transducer: 5181[µs]
computing ind...
Time needed for constructing complement of ind: 25536[µs]
Time needed for computing ind: 137878439[µs]
Time needed for minimizing ind: 3559175[µs]
Time needed for computing ind (total): 141463580[µs]
automaton for ind has 7 states.
...done.
computing complement of preach...
Time needed for constructing identity on ind: 746[µs]
Time needed for computing product v_id of abstraction framework with identity on ind: 12933[µs]
Time needed for computing product of v_id with complement of abstraction framework: 2023[µs]
Time needed for computing complement of preach: 140587721[µs]
automaton for complement of preach has 13 states.
...of which, 2 states are at level 0.
Time needed for trimming complement of preach: 45[µs]
...done.
trying to prove abstract safety...
Time needed for constructing transducer for unsafe property: 9[µs]
Time needed for constructing transducer for (initial, unsafe) pairs: 170[µs]
Time needed for constructing transducer for complement of (initial, unsafe) pairs: 420[µs]
Time needed for building union of complements of preach and (initial, unsafe)-transducer: 76[µs]
terminate called after throwing an instance of 'std::bad_alloc'
  what():  std::bad_alloc
/usr/bin/timeout: the monitored command dumped core
./bench_for_dodo_comparison.sh: line 83: 1193810 Aborted                 systemd-run --user --scope -p MemoryMax=32G -p MemorySwapMax=7G timeout $TIMEOUT "${parentdir}/solve_dodo" -i $MODE -p $PROPERTY $FILE --measure-time --universality-alg lazy

real	17m50,933s
user	16m49,285s
sys	0m58,760s
********************
45 of 61
/home/jakob/Documents/abstracton/benchmarks/dodo/dragon.json
t
shareddirty
Running as unit: run-r47619f1db1c84fe39bde0490f2f81949.scope; invocation ID: 9629a7d979fb40adab88cadf1429c9e8
Time needed for parsing json file: 5391[µs]
alphabet size: 5
using Trap interpretation
Time needed for constructing Trap interpretation transducer: 6131[µs]
computing ind...
Time needed for constructing complement of ind: 30399[µs]
Time needed for computing ind: 15265833[µs]
Time needed for minimizing ind: 500325[µs]
Time needed for computing ind (total): 15796940[µs]
automaton for ind has 37 states.
...done.
computing complement of preach...
Time needed for constructing identity on ind: 2654[µs]
Time needed for computing product v_id of abstraction framework with identity on ind: 158847[µs]
Time needed for computing product of v_id with complement of abstraction framework: 787524[µs]
Time needed for computing complement of preach: 16652423[µs]
automaton for complement of preach has 4148 states.
...of which, 68 states are at level 0.
Time needed for trimming complement of preach: 11867[µs]
...done.
trying to prove abstract safety...
Time needed for constructing transducer for unsafe property: 11[µs]
Time needed for constructing transducer for (initial, unsafe) pairs: 218[µs]
Time needed for constructing transducer for complement of (initial, unsafe) pairs: 492[µs]
Time needed for building union of complements of preach and (initial, unsafe)-transducer: 3610[µs]
Time needed for checking universality using lazy algorithm: 843672[µs]
Time needed for checking abstract safety: 849118[µs]
...done.
Result: [1]
This means that the following properties could be separated from the initial configurations:
	[shareddirty]
While the following properties could not be separated from the initial configurations:
	[]

real	0m33,374s
user	0m33,168s
sys	0m0,174s
********************
/home/jakob/Documents/abstracton/benchmarks/dodo/dragon.json
s
shareddirty
Running as unit: run-r4c4eb5324be1469a94a80c4836f5987b.scope; invocation ID: d56b82a1740a4d0dbe67b9f2d04f4e67
Time needed for parsing json file: 4573[µs]
alphabet size: 5
using Siphon interpretation
Time needed for constructing Siphon interpretation transducer: 1761[µs]
computing ind...
Time needed for constructing complement of ind: 8048[µs]
Time needed for computing ind: 1004269[µs]
Time needed for minimizing ind: 115076[µs]
Time needed for computing ind (total): 1127573[µs]
automaton for ind has 5 states.
...done.
computing complement of preach...
Time needed for constructing identity on ind: 376[µs]
Time needed for computing product v_id of abstraction framework with identity on ind: 6043[µs]
Time needed for computing product of v_id with complement of abstraction framework: 2193[µs]
Time needed for computing complement of preach: 1127396[µs]
automaton for complement of preach has 13 states.
...of which, 2 states are at level 0.
Time needed for trimming complement of preach: 90[µs]
...done.
trying to prove abstract safety...
Time needed for constructing transducer for unsafe property: 13[µs]
Time needed for constructing transducer for (initial, unsafe) pairs: 266[µs]
Time needed for constructing transducer for complement of (initial, unsafe) pairs: 676[µs]
Time needed for building union of complements of preach and (initial, unsafe)-transducer: 83[µs]
Time needed for checking universality using lazy algorithm: 129[µs]
Time needed for checking abstract safety: 1277[µs]
...done.
Result: [0]
This means that the following properties could be separated from the initial configurations:
	[]
While the following properties could not be separated from the initial configurations:
	[shareddirty]

real	0m2,288s
user	0m2,261s
sys	0m0,015s
********************
/home/jakob/Documents/abstracton/benchmarks/dodo/dragon.json
f
shareddirty
Running as unit: run-ra438f7c692ac4bbda950e1f15e2c42b2.scope; invocation ID: ab695f84e14a4ca3a110b9f7f4c730c6
Time needed for parsing json file: 4284[µs]
alphabet size: 5
using Flow interpretation
Time needed for constructing Flow interpretation transducer: 3926[µs]
computing ind...
Time needed for constructing complement of ind: 25070[µs]
Time needed for computing ind: 137876639[µs]
Time needed for minimizing ind: 3475037[µs]
Time needed for computing ind (total): 141377034[µs]
automaton for ind has 7 states.
...done.
computing complement of preach...
Time needed for constructing identity on ind: 594[µs]
Time needed for computing product v_id of abstraction framework with identity on ind: 12563[µs]
Time needed for computing product of v_id with complement of abstraction framework: 1926[µs]
Time needed for computing complement of preach: 141450443[µs]
automaton for complement of preach has 13 states.
...of which, 2 states are at level 0.
Time needed for trimming complement of preach: 49[µs]
...done.
trying to prove abstract safety...
Time needed for constructing transducer for unsafe property: 9[µs]
Time needed for constructing transducer for (initial, unsafe) pairs: 182[µs]
Time needed for constructing transducer for complement of (initial, unsafe) pairs: 421[µs]
Time needed for building union of complements of preach and (initial, unsafe)-transducer: 92[µs]
Time needed for checking universality using lazy algorithm: 101[µs]
Time needed for checking abstract safety: 893[µs]
...done.
Result: [0]
This means that the following properties could be separated from the initial configurations:
	[]
While the following properties could not be separated from the initial configurations:
	[shareddirty]

real	4m42,882s
user	4m42,516s
sys	0m0,280s
********************
46 of 61
/home/jakob/Documents/abstracton/benchmarks/dodo/dragon.json
t
dirtyshareddirty
Running as unit: run-r49021d0a5bd740adb5dd48b2b11f98a3.scope; invocation ID: 8f7e89103a994b1aa591f9e6b87c4e5c
Time needed for parsing json file: 4523[µs]
alphabet size: 5
using Trap interpretation
Time needed for constructing Trap interpretation transducer: 5016[µs]
computing ind...
Time needed for constructing complement of ind: 23132[µs]
Time needed for computing ind: 15376801[µs]
Time needed for minimizing ind: 482777[µs]
Time needed for computing ind (total): 15882928[µs]
automaton for ind has 37 states.
...done.
computing complement of preach...
Time needed for constructing identity on ind: 3078[µs]
Time needed for computing product v_id of abstraction framework with identity on ind: 144099[µs]
Time needed for computing product of v_id with complement of abstraction framework: 788845[µs]
Time needed for computing complement of preach: 16690832[µs]
automaton for complement of preach has 4148 states.
...of which, 68 states are at level 0.
Time needed for trimming complement of preach: 11963[µs]
...done.
trying to prove abstract safety...
Time needed for constructing transducer for unsafe property: 9[µs]
Time needed for constructing transducer for (initial, unsafe) pairs: 223[µs]
Time needed for constructing transducer for complement of (initial, unsafe) pairs: 489[µs]
Time needed for building union of complements of preach and (initial, unsafe)-transducer: 3552[µs]
Time needed for checking universality using lazy algorithm: 648927[µs]
Time needed for checking abstract safety: 654175[µs]
...done.
Result: [0]
This means that the following properties could be separated from the initial configurations:
	[]
While the following properties could not be separated from the initial configurations:
	[dirtyshareddirty]

real	0m33,296s
user	0m33,112s
sys	0m0,165s
********************
/home/jakob/Documents/abstracton/benchmarks/dodo/dragon.json
s
dirtyshareddirty
Running as unit: run-r21a0870d24504d8bbb702fd2cc6abdca.scope; invocation ID: 9b21199cf58448e18a1d651a29117a4f
Time needed for parsing json file: 4578[µs]
alphabet size: 5
using Siphon interpretation
Time needed for constructing Siphon interpretation transducer: 1753[µs]
computing ind...
Time needed for constructing complement of ind: 8056[µs]
Time needed for computing ind: 1007358[µs]
Time needed for minimizing ind: 106022[µs]
Time needed for computing ind (total): 1121607[µs]
automaton for ind has 5 states.
...done.
computing complement of preach...
Time needed for constructing identity on ind: 355[µs]
Time needed for computing product v_id of abstraction framework with identity on ind: 4182[µs]
Time needed for computing product of v_id with complement of abstraction framework: 1189[µs]
Time needed for computing complement of preach: 1144587[µs]
automaton for complement of preach has 13 states.
...of which, 2 states are at level 0.
Time needed for trimming complement of preach: 50[µs]
...done.
trying to prove abstract safety...
Time needed for constructing transducer for unsafe property: 8[µs]
Time needed for constructing transducer for (initial, unsafe) pairs: 161[µs]
Time needed for constructing transducer for complement of (initial, unsafe) pairs: 390[µs]
Time needed for building union of complements of preach and (initial, unsafe)-transducer: 81[µs]
Time needed for checking universality using lazy algorithm: 78[µs]
Time needed for checking abstract safety: 799[µs]
...done.
Result: [0]
This means that the following properties could be separated from the initial configurations:
	[]
While the following properties could not be separated from the initial configurations:
	[dirtyshareddirty]

real	0m2,299s
user	0m2,273s
sys	0m0,013s
********************
/home/jakob/Documents/abstracton/benchmarks/dodo/dragon.json
f
dirtyshareddirty
Running as unit: run-r33f11bb5d88549d486c9cb583733e4ad.scope; invocation ID: e8db1373db3c467287a1d907a318bb51
Time needed for parsing json file: 4302[µs]
alphabet size: 5
using Flow interpretation
Time needed for constructing Flow interpretation transducer: 3826[µs]
computing ind...
Time needed for constructing complement of ind: 24013[µs]
Time needed for computing ind: 138239144[µs]
Time needed for minimizing ind: 3491224[µs]
Time needed for computing ind (total): 141754716[µs]
automaton for ind has 7 states.
...done.
computing complement of preach...
Time needed for constructing identity on ind: 601[µs]
Time needed for computing product v_id of abstraction framework with identity on ind: 12823[µs]
Time needed for computing product of v_id with complement of abstraction framework: 1961[µs]
Time needed for computing complement of preach: 142227428[µs]
automaton for complement of preach has 13 states.
...of which, 2 states are at level 0.
Time needed for trimming complement of preach: 49[µs]
...done.
trying to prove abstract safety...
Time needed for constructing transducer for unsafe property: 9[µs]
Time needed for constructing transducer for (initial, unsafe) pairs: 176[µs]
Time needed for constructing transducer for complement of (initial, unsafe) pairs: 459[µs]
Time needed for building union of complements of preach and (initial, unsafe)-transducer: 81[µs]
Time needed for checking universality using lazy algorithm: 88[µs]
Time needed for checking abstract safety: 918[µs]
...done.
Result: [0]
This means that the following properties could be separated from the initial configurations:
	[]
While the following properties could not be separated from the initial configurations:
	[dirtyshareddirty]

real	4m44,049s
user	4m43,618s
sys	0m0,316s
********************
47 of 61
/home/jakob/Documents/abstracton/benchmarks/dodo/dragon.json
t
deadlock
Running as unit: run-rc45adbc1fa4d459d975f8d1ca10c0e09.scope; invocation ID: 3a006ee3fe6645d0b87f50f325094833
Time needed for parsing json file: 4660[µs]
alphabet size: 5
using Trap interpretation
Time needed for constructing Trap interpretation transducer: 5252[µs]
computing ind...
Time needed for constructing complement of ind: 24834[µs]
Time needed for computing ind: 15200863[µs]
Time needed for minimizing ind: 484983[µs]
Time needed for computing ind (total): 15710924[µs]
automaton for ind has 37 states.
...done.
computing complement of preach...
Time needed for constructing identity on ind: 2725[µs]
Time needed for computing product v_id of abstraction framework with identity on ind: 144076[µs]
Time needed for computing product of v_id with complement of abstraction framework: 798790[µs]
Time needed for computing complement of preach: 16680453[µs]
automaton for complement of preach has 4148 states.
...of which, 68 states are at level 0.
Time needed for trimming complement of preach: 11618[µs]
...done.
trying to prove abstract safety...
Time needed for constructing transducer for unsafe property: 34[µs]
Time needed for constructing transducer for (initial, unsafe) pairs: 267[µs]
Time needed for constructing transducer for complement of (initial, unsafe) pairs: 45[µs]
Time needed for building union of complements of preach and (initial, unsafe)-transducer: 3598[µs]
Time needed for checking universality using lazy algorithm: 780991[µs]
Time needed for checking abstract safety: 785970[µs]
...done.
Result: [1]
This means that the following properties could be separated from the initial configurations:
	[deadlock]
While the following properties could not be separated from the initial configurations:
	[]

real	0m33,248s
user	0m33,080s
sys	0m0,146s
********************
/home/jakob/Documents/abstracton/benchmarks/dodo/dragon.json
s
deadlock
Running as unit: run-r8d6919fed68f43de88a1506ff864b285.scope; invocation ID: 93fcdb3d57f14000af0a1dc88a2c9fdb
Time needed for parsing json file: 4645[µs]
alphabet size: 5
using Siphon interpretation
Time needed for constructing Siphon interpretation transducer: 1776[µs]
computing ind...
Time needed for constructing complement of ind: 8083[µs]
Time needed for computing ind: 1017627[µs]
Time needed for minimizing ind: 109756[µs]
Time needed for computing ind (total): 1135649[µs]
automaton for ind has 5 states.
...done.
computing complement of preach...
Time needed for constructing identity on ind: 437[µs]
Time needed for computing product v_id of abstraction framework with identity on ind: 4357[µs]
Time needed for computing product of v_id with complement of abstraction framework: 1187[µs]
Time needed for computing complement of preach: 1116181[µs]
automaton for complement of preach has 13 states.
...of which, 2 states are at level 0.
Time needed for trimming complement of preach: 43[µs]
...done.
trying to prove abstract safety...
Time needed for constructing transducer for unsafe property: 22[µs]
Time needed for constructing transducer for (initial, unsafe) pairs: 203[µs]
Time needed for constructing transducer for complement of (initial, unsafe) pairs: 44[µs]
Time needed for building union of complements of preach and (initial, unsafe)-transducer: 38[µs]
Time needed for checking universality using lazy algorithm: 74[µs]
Time needed for checking abstract safety: 469[µs]
...done.
Result: [1]
This means that the following properties could be separated from the initial configurations:
	[deadlock]
While the following properties could not be separated from the initial configurations:
	[]

real	0m2,284s
user	0m2,256s
sys	0m0,015s
********************
/home/jakob/Documents/abstracton/benchmarks/dodo/dragon.json
f
deadlock
Running as unit: run-rbe2dfda6751c4280b13233b4ef543b54.scope; invocation ID: 7d84e328de5547aaab74902d11344f93
Time needed for parsing json file: 4518[µs]
alphabet size: 5
using Flow interpretation
Time needed for constructing Flow interpretation transducer: 4056[µs]
computing ind...
Time needed for constructing complement of ind: 28904[µs]
Time needed for computing ind: 137581402[µs]
Time needed for minimizing ind: 3625365[µs]
Time needed for computing ind (total): 141235961[µs]
automaton for ind has 7 states.
...done.
computing complement of preach...
Time needed for constructing identity on ind: 614[µs]
Time needed for computing product v_id of abstraction framework with identity on ind: 12775[µs]
Time needed for computing product of v_id with complement of abstraction framework: 2035[µs]
Time needed for computing complement of preach: 141889182[µs]
automaton for complement of preach has 13 states.
...of which, 2 states are at level 0.
Time needed for trimming complement of preach: 46[µs]
...done.
trying to prove abstract safety...
Time needed for constructing transducer for unsafe property: 23[µs]
Time needed for constructing transducer for (initial, unsafe) pairs: 233[µs]
Time needed for constructing transducer for complement of (initial, unsafe) pairs: 47[µs]
Time needed for building union of complements of preach and (initial, unsafe)-transducer: 43[µs]
Time needed for checking universality using lazy algorithm: 82[µs]
Time needed for checking abstract safety: 522[µs]
...done.
Result: [1]
This means that the following properties could be separated from the initial configurations:
	[deadlock]
While the following properties could not be separated from the initial configurations:
	[]

real	4m43,182s
user	4m42,782s
sys	0m0,289s
********************
48 of 61
/home/jakob/Documents/abstracton/benchmarks/dodo/firefly.json
t
dirtydirty
Running as unit: run-r6174ec689b7f4e9b876e1413d2a4c06a.scope; invocation ID: e411a3e9595a4352b390514777fbcf10
Time needed for parsing json file: 3512[µs]
alphabet size: 4
using Trap interpretation
Time needed for constructing Trap interpretation transducer: 2387[µs]
computing ind...
Time needed for constructing complement of ind: 6462[µs]
Time needed for computing ind: 1041900[µs]
Time needed for minimizing ind: 53489[µs]
Time needed for computing ind (total): 1101985[µs]
automaton for ind has 6 states.
...done.
computing complement of preach...
Time needed for constructing identity on ind: 365[µs]
Time needed for computing product v_id of abstraction framework with identity on ind: 7022[µs]
Time needed for computing product of v_id with complement of abstraction framework: 28834[µs]
Time needed for computing complement of preach: 1193955[µs]
automaton for complement of preach has 57 states.
...of which, 5 states are at level 0.
Time needed for trimming complement of preach: 138[µs]
...done.
trying to prove abstract safety...
Time needed for constructing transducer for unsafe property: 7[µs]
Time needed for constructing transducer for (initial, unsafe) pairs: 160[µs]
Time needed for constructing transducer for complement of (initial, unsafe) pairs: 308[µs]
Time needed for building union of complements of preach and (initial, unsafe)-transducer: 102[µs]

real	20m2,697s
user	19m9,262s
sys	0m53,042s
********************
/home/jakob/Documents/abstracton/benchmarks/dodo/firefly.json
s
dirtydirty
Running as unit: run-r903706afa26549ac95d1969091d9167b.scope; invocation ID: 12aa8c97e3ad4f91b57e9e8ba43504a8
Time needed for parsing json file: 3332[µs]
alphabet size: 4
using Siphon interpretation
Time needed for constructing Siphon interpretation transducer: 2023[µs]
computing ind...
Time needed for constructing complement of ind: 2425[µs]
Time needed for computing ind: 170032[µs]
Time needed for minimizing ind: 26382[µs]
Time needed for computing ind (total): 199097[µs]
automaton for ind has 5 states.
...done.
computing complement of preach...
Time needed for constructing identity on ind: 206[µs]
Time needed for computing product v_id of abstraction framework with identity on ind: 2243[µs]
Time needed for computing product of v_id with complement of abstraction framework: 642[µs]
Time needed for computing complement of preach: 179839[µs]
automaton for complement of preach has 5 states.
...of which, 2 states are at level 0.
Time needed for trimming complement of preach: 16[µs]
...done.
trying to prove abstract safety...
Time needed for constructing transducer for unsafe property: 5[µs]
Time needed for constructing transducer for (initial, unsafe) pairs: 130[µs]
Time needed for constructing transducer for complement of (initial, unsafe) pairs: 279[µs]
Time needed for building union of complements of preach and (initial, unsafe)-transducer: 61[µs]
terminate called after throwing an instance of 'std::bad_alloc'
  what():  std::bad_alloc
/usr/bin/timeout: the monitored command dumped core
./bench_for_dodo_comparison.sh: line 83: 1202072 Aborted                 systemd-run --user --scope -p MemoryMax=32G -p MemorySwapMax=7G timeout $TIMEOUT "${parentdir}/solve_dodo" -i $MODE -p $PROPERTY $FILE --measure-time --universality-alg lazy

real	12m29,303s
user	11m32,468s
sys	0m55,231s
********************
/home/jakob/Documents/abstracton/benchmarks/dodo/firefly.json
f
dirtydirty
Running as unit: run-rf86f1fee731f49a78ad1a093017d01d6.scope; invocation ID: f034764e74e547cfb377682aa55e637e
Time needed for parsing json file: 3497[µs]
alphabet size: 4
using Flow interpretation
Time needed for constructing Flow interpretation transducer: 3025[µs]
computing ind...
Time needed for constructing complement of ind: 6731[µs]
Time needed for computing ind: 3558663[µs]
Time needed for minimizing ind: 175014[µs]
Time needed for computing ind (total): 3740744[µs]
automaton for ind has 7 states.
...done.
computing complement of preach...
Time needed for constructing identity on ind: 255[µs]
Time needed for computing product v_id of abstraction framework with identity on ind: 13831[µs]
Time needed for computing product of v_id with complement of abstraction framework: 1373[µs]
Time needed for computing complement of preach: 3855470[µs]
automaton for complement of preach has 5 states.
...of which, 2 states are at level 0.
Time needed for trimming complement of preach: 40[µs]
...done.
trying to prove abstract safety...
Time needed for constructing transducer for unsafe property: 6[µs]
Time needed for constructing transducer for (initial, unsafe) pairs: 185[µs]
Time needed for constructing transducer for complement of (initial, unsafe) pairs: 410[µs]
Time needed for building union of complements of preach and (initial, unsafe)-transducer: 76[µs]
terminate called after throwing an instance of 'std::bad_alloc'
  what():  std::bad_alloc
/usr/bin/timeout: the monitored command dumped core
./bench_for_dodo_comparison.sh: line 83: 1203853 Aborted                 systemd-run --user --scope -p MemoryMax=32G -p MemorySwapMax=7G timeout $TIMEOUT "${parentdir}/solve_dodo" -i $MODE -p $PROPERTY $FILE --measure-time --universality-alg lazy

real	12m42,276s
user	11m40,635s
sys	0m59,168s
********************
49 of 61
/home/jakob/Documents/abstracton/benchmarks/dodo/firefly.json
t
exclusiveexclusive
Running as unit: run-r93f58202325d41269ab99895fc2b8a1a.scope; invocation ID: 75f7f5bb341f4001b21052b80dbdee3e
Time needed for parsing json file: 3421[µs]
alphabet size: 4
using Trap interpretation
Time needed for constructing Trap interpretation transducer: 3508[µs]
computing ind...
Time needed for constructing complement of ind: 6568[µs]
Time needed for computing ind: 1043107[µs]
Time needed for minimizing ind: 55818[µs]
Time needed for computing ind (total): 1105775[µs]
automaton for ind has 6 states.
...done.
computing complement of preach...
Time needed for constructing identity on ind: 210[µs]
Time needed for computing product v_id of abstraction framework with identity on ind: 15635[µs]
Time needed for computing product of v_id with complement of abstraction framework: 29426[µs]
Time needed for computing complement of preach: 1131379[µs]
automaton for complement of preach has 57 states.
...of which, 5 states are at level 0.
Time needed for trimming complement of preach: 161[µs]
...done.
trying to prove abstract safety...
Time needed for constructing transducer for unsafe property: 7[µs]
Time needed for constructing transducer for (initial, unsafe) pairs: 141[µs]
Time needed for constructing transducer for complement of (initial, unsafe) pairs: 299[µs]
Time needed for building union of complements of preach and (initial, unsafe)-transducer: 86[µs]

real	20m2,575s
user	19m10,866s
sys	0m51,346s
********************
/home/jakob/Documents/abstracton/benchmarks/dodo/firefly.json
s
exclusiveexclusive
Running as unit: run-r8af8f951d26b44dfad3cddc1470205c2.scope; invocation ID: ae69e942055b42b69ad27116fbda05fb
Time needed for parsing json file: 3401[µs]
alphabet size: 4
using Siphon interpretation
Time needed for constructing Siphon interpretation transducer: 1991[µs]
computing ind...
Time needed for constructing complement of ind: 2392[µs]
Time needed for computing ind: 154368[µs]
Time needed for minimizing ind: 25278[µs]
Time needed for computing ind (total): 182274[µs]
automaton for ind has 5 states.
...done.
computing complement of preach...
Time needed for constructing identity on ind: 182[µs]
Time needed for computing product v_id of abstraction framework with identity on ind: 10689[µs]
Time needed for computing product of v_id with complement of abstraction framework: 731[µs]
Time needed for computing complement of preach: 189025[µs]
automaton for complement of preach has 5 states.
...of which, 2 states are at level 0.
Time needed for trimming complement of preach: 17[µs]
...done.
trying to prove abstract safety...
Time needed for constructing transducer for unsafe property: 5[µs]
Time needed for constructing transducer for (initial, unsafe) pairs: 141[µs]
Time needed for constructing transducer for complement of (initial, unsafe) pairs: 304[µs]
Time needed for building union of complements of preach and (initial, unsafe)-transducer: 53[µs]
terminate called after throwing an instance of 'std::bad_alloc'
  what():  std::bad_alloc
/usr/bin/timeout: the monitored command dumped core
./bench_for_dodo_comparison.sh: line 83: 1208722 Aborted                 systemd-run --user --scope -p MemoryMax=32G -p MemorySwapMax=7G timeout $TIMEOUT "${parentdir}/solve_dodo" -i $MODE -p $PROPERTY $FILE --measure-time --universality-alg lazy

real	12m33,844s
user	11m36,712s
sys	0m55,565s
********************
/home/jakob/Documents/abstracton/benchmarks/dodo/firefly.json
f
exclusiveexclusive
Running as unit: run-r6e4a2202dba04635adc4e7f5307680c1.scope; invocation ID: 64129f95e12142a1928805f4d819c4d0
Time needed for parsing json file: 3547[µs]
alphabet size: 4
using Flow interpretation
Time needed for constructing Flow interpretation transducer: 2796[µs]
computing ind...
Time needed for constructing complement of ind: 6650[µs]
Time needed for computing ind: 3556973[µs]
Time needed for minimizing ind: 172838[µs]
Time needed for computing ind (total): 3736785[µs]
automaton for ind has 7 states.
...done.
computing complement of preach...
Time needed for constructing identity on ind: 273[µs]
Time needed for computing product v_id of abstraction framework with identity on ind: 4802[µs]
Time needed for computing product of v_id with complement of abstraction framework: 1179[µs]
Time needed for computing complement of preach: 3740856[µs]
automaton for complement of preach has 5 states.
...of which, 2 states are at level 0.
Time needed for trimming complement of preach: 41[µs]
...done.
trying to prove abstract safety...
Time needed for constructing transducer for unsafe property: 7[µs]
Time needed for constructing transducer for (initial, unsafe) pairs: 156[µs]
Time needed for constructing transducer for complement of (initial, unsafe) pairs: 308[µs]
Time needed for building union of complements of preach and (initial, unsafe)-transducer: 72[µs]
terminate called after throwing an instance of 'std::bad_alloc'
  what():  std::bad_alloc
/usr/bin/timeout: the monitored command dumped core
./bench_for_dodo_comparison.sh: line 83: 1210557 Aborted                 systemd-run --user --scope -p MemoryMax=32G -p MemorySwapMax=7G timeout $TIMEOUT "${parentdir}/solve_dodo" -i $MODE -p $PROPERTY $FILE --measure-time --universality-alg lazy

real	12m40,396s
user	11m39,023s
sys	0m58,769s
********************
50 of 61
/home/jakob/Documents/abstracton/benchmarks/dodo/firefly.json
t
dirtyshared
Running as unit: run-r9542d1ece0504cf9b6c146015e2c48cb.scope; invocation ID: c4fe152b8e4541a38512293e7ebe0716
Time needed for parsing json file: 3775[µs]
alphabet size: 4
using Trap interpretation
Time needed for constructing Trap interpretation transducer: 3383[µs]
computing ind...
Time needed for constructing complement of ind: 6526[µs]
Time needed for computing ind: 1033767[µs]
Time needed for minimizing ind: 51329[µs]
Time needed for computing ind (total): 1091924[µs]
automaton for ind has 6 states.
...done.
computing complement of preach...
Time needed for constructing identity on ind: 227[µs]
Time needed for computing product v_id of abstraction framework with identity on ind: 6418[µs]
Time needed for computing product of v_id with complement of abstraction framework: 27983[µs]
Time needed for computing complement of preach: 1117204[µs]
automaton for complement of preach has 57 states.
...of which, 5 states are at level 0.
Time needed for trimming complement of preach: 140[µs]
...done.
trying to prove abstract safety...
Time needed for constructing transducer for unsafe property: 8[µs]
Time needed for constructing transducer for (initial, unsafe) pairs: 161[µs]
Time needed for constructing transducer for complement of (initial, unsafe) pairs: 361[µs]
Time needed for building union of complements of preach and (initial, unsafe)-transducer: 95[µs]

real	20m2,928s
user	19m0,462s
sys	0m59,249s
********************
/home/jakob/Documents/abstracton/benchmarks/dodo/firefly.json
s
dirtyshared
Running as unit: run-r86e50437d84d43d49aebe650a40b4bc3.scope; invocation ID: ab3984ff68414d1aa3adc799a4446e8c
Time needed for parsing json file: 3410[µs]
alphabet size: 4
using Siphon interpretation
Time needed for constructing Siphon interpretation transducer: 2025[µs]
computing ind...
Time needed for constructing complement of ind: 2406[µs]
Time needed for computing ind: 154626[µs]
Time needed for minimizing ind: 26762[µs]
Time needed for computing ind (total): 184071[µs]
automaton for ind has 5 states.
...done.
computing complement of preach...
Time needed for constructing identity on ind: 266[µs]
Time needed for computing product v_id of abstraction framework with identity on ind: 2877[µs]
Time needed for computing product of v_id with complement of abstraction framework: 977[µs]
Time needed for computing complement of preach: 180651[µs]
automaton for complement of preach has 5 states.
...of which, 2 states are at level 0.
Time needed for trimming complement of preach: 23[µs]
...done.
trying to prove abstract safety...
Time needed for constructing transducer for unsafe property: 20[µs]
Time needed for constructing transducer for (initial, unsafe) pairs: 202[µs]
Time needed for constructing transducer for complement of (initial, unsafe) pairs: 523[µs]
Time needed for building union of complements of preach and (initial, unsafe)-transducer: 109[µs]
Time needed for checking universality using lazy algorithm: 96[µs]
Time needed for checking abstract safety: 1032[µs]
...done.
Result: [0]
This means that the following properties could be separated from the initial configurations:
	[]
While the following properties could not be separated from the initial configurations:
	[dirtyshared]

real	0m0,402s
user	0m0,376s
sys	0m0,008s
********************
/home/jakob/Documents/abstracton/benchmarks/dodo/firefly.json
f
dirtyshared
Running as unit: run-r88e261d65cd5430baea9d3e4f9b0a1d7.scope; invocation ID: b88cb33ef3ec4b85b3b21647980c2d73
Time needed for parsing json file: 2865[µs]
alphabet size: 4
using Flow interpretation
Time needed for constructing Flow interpretation transducer: 1955[µs]
computing ind...
Time needed for constructing complement of ind: 6911[µs]
Time needed for computing ind: 3544185[µs]
Time needed for minimizing ind: 174925[µs]
Time needed for computing ind (total): 3726253[µs]
automaton for ind has 7 states.
...done.
computing complement of preach...
Time needed for constructing identity on ind: 256[µs]
Time needed for computing product v_id of abstraction framework with identity on ind: 4536[µs]
Time needed for computing product of v_id with complement of abstraction framework: 1416[µs]
Time needed for computing complement of preach: 3807878[µs]
automaton for complement of preach has 5 states.
...of which, 2 states are at level 0.
Time needed for trimming complement of preach: 41[µs]
...done.
trying to prove abstract safety...
Time needed for constructing transducer for unsafe property: 9[µs]
Time needed for constructing transducer for (initial, unsafe) pairs: 156[µs]
Time needed for constructing transducer for complement of (initial, unsafe) pairs: 385[µs]
Time needed for building union of complements of preach and (initial, unsafe)-transducer: 63[µs]
Time needed for checking universality using lazy algorithm: 68[µs]
Time needed for checking abstract safety: 738[µs]
...done.
Result: [0]
This means that the following properties could be separated from the initial configurations:
	[]
While the following properties could not be separated from the initial configurations:
	[dirtyshared]

real	0m7,566s
user	0m7,529s
sys	0m0,016s
********************
51 of 61
/home/jakob/Documents/abstracton/benchmarks/dodo/firefly.json
t
dirtyexclusive
Running as unit: run-red1529b45f114d5ea51b21e76842cf25.scope; invocation ID: e2a1ae8707fb44b7b16cc21619fe7802
Time needed for parsing json file: 2760[µs]
alphabet size: 4
using Trap interpretation
Time needed for constructing Trap interpretation transducer: 2269[µs]
computing ind...
Time needed for constructing complement of ind: 6488[µs]
Time needed for computing ind: 1070810[µs]
Time needed for minimizing ind: 52542[µs]
Time needed for computing ind (total): 1130012[µs]
automaton for ind has 6 states.
...done.
computing complement of preach...
Time needed for constructing identity on ind: 222[µs]
Time needed for computing product v_id of abstraction framework with identity on ind: 6372[µs]
Time needed for computing product of v_id with complement of abstraction framework: 27776[µs]
Time needed for computing complement of preach: 1146260[µs]
automaton for complement of preach has 57 states.
...of which, 5 states are at level 0.
Time needed for trimming complement of preach: 138[µs]
...done.
trying to prove abstract safety...
Time needed for constructing transducer for unsafe property: 8[µs]
Time needed for constructing transducer for (initial, unsafe) pairs: 158[µs]
Time needed for constructing transducer for complement of (initial, unsafe) pairs: 373[µs]
Time needed for building union of complements of preach and (initial, unsafe)-transducer: 92[µs]

real	20m2,658s
user	19m2,258s
sys	0m56,900s
********************
/home/jakob/Documents/abstracton/benchmarks/dodo/firefly.json
s
dirtyexclusive
Running as unit: run-rfa9282f2aa47495eb64b8c57ae1314c9.scope; invocation ID: 41bbfa5c8d134c18a37579170bce1fac
Time needed for parsing json file: 3297[µs]
alphabet size: 4
using Siphon interpretation
Time needed for constructing Siphon interpretation transducer: 2075[µs]
computing ind...
Time needed for constructing complement of ind: 2368[µs]
Time needed for computing ind: 162378[µs]
Time needed for minimizing ind: 27656[µs]
Time needed for computing ind (total): 192672[µs]
automaton for ind has 5 states.
...done.
computing complement of preach...
Time needed for constructing identity on ind: 205[µs]
Time needed for computing product v_id of abstraction framework with identity on ind: 10949[µs]
Time needed for computing product of v_id with complement of abstraction framework: 712[µs]
Time needed for computing complement of preach: 194717[µs]
automaton for complement of preach has 5 states.
...of which, 2 states are at level 0.
Time needed for trimming complement of preach: 25[µs]
...done.
trying to prove abstract safety...
Time needed for constructing transducer for unsafe property: 16[µs]
Time needed for constructing transducer for (initial, unsafe) pairs: 162[µs]
Time needed for constructing transducer for complement of (initial, unsafe) pairs: 414[µs]
Time needed for building union of complements of preach and (initial, unsafe)-transducer: 67[µs]
terminate called after throwing an instance of 'std::bad_alloc'
  what():  std::bad_alloc
/usr/bin/timeout: the monitored command dumped core
./bench_for_dodo_comparison.sh: line 83: 1218337 Aborted                 systemd-run --user --scope -p MemoryMax=32G -p MemorySwapMax=7G timeout $TIMEOUT "${parentdir}/solve_dodo" -i $MODE -p $PROPERTY $FILE --measure-time --universality-alg lazy

real	13m13,071s
user	12m13,730s
sys	0m57,675s
********************
/home/jakob/Documents/abstracton/benchmarks/dodo/firefly.json
f
dirtyexclusive
Running as unit: run-r46b03c890419466994db46164a7d2542.scope; invocation ID: 784f21406be84381a70df5de059b2dd5
Time needed for parsing json file: 4157[µs]
alphabet size: 4
using Flow interpretation
Time needed for constructing Flow interpretation transducer: 2879[µs]
computing ind...
Time needed for constructing complement of ind: 6634[µs]
Time needed for computing ind: 3640429[µs]
Time needed for minimizing ind: 172525[µs]
Time needed for computing ind (total): 3819955[µs]
automaton for ind has 7 states.
...done.
computing complement of preach...
Time needed for constructing identity on ind: 311[µs]
Time needed for computing product v_id of abstraction framework with identity on ind: 4817[µs]
Time needed for computing product of v_id with complement of abstraction framework: 1187[µs]
Time needed for computing complement of preach: 3660293[µs]
automaton for complement of preach has 5 states.
...of which, 2 states are at level 0.
Time needed for trimming complement of preach: 48[µs]
...done.
trying to prove abstract safety...
Time needed for constructing transducer for unsafe property: 13[µs]
Time needed for constructing transducer for (initial, unsafe) pairs: 170[µs]
Time needed for constructing transducer for complement of (initial, unsafe) pairs: 406[µs]
Time needed for building union of complements of preach and (initial, unsafe)-transducer: 90[µs]
terminate called after throwing an instance of 'std::bad_alloc'
  what():  std::bad_alloc
/usr/bin/timeout: the monitored command dumped core
./bench_for_dodo_comparison.sh: line 83: 1220247 Aborted                 systemd-run --user --scope -p MemoryMax=32G -p MemorySwapMax=7G timeout $TIMEOUT "${parentdir}/solve_dodo" -i $MODE -p $PROPERTY $FILE --measure-time --universality-alg lazy

real	13m13,474s
user	12m17,533s
sys	0m54,328s
********************
52 of 61
/home/jakob/Documents/abstracton/benchmarks/dodo/firefly.json
t
deadlock
Running as unit: run-rc77eb9830cea44f191ae19e1228ecdc4.scope; invocation ID: cae72ef265a14b37b8d07dde096e62dd
Time needed for parsing json file: 3664[µs]
alphabet size: 4
using Trap interpretation
Time needed for constructing Trap interpretation transducer: 3426[µs]
computing ind...
Time needed for constructing complement of ind: 7020[µs]
Time needed for computing ind: 1028669[µs]
Time needed for minimizing ind: 49570[µs]
Time needed for computing ind (total): 1085541[µs]
automaton for ind has 6 states.
...done.
computing complement of preach...
Time needed for constructing identity on ind: 217[µs]
Time needed for computing product v_id of abstraction framework with identity on ind: 15920[µs]
Time needed for computing product of v_id with complement of abstraction framework: 30468[µs]
Time needed for computing complement of preach: 1136927[µs]
automaton for complement of preach has 57 states.
...of which, 5 states are at level 0.
Time needed for trimming complement of preach: 153[µs]
...done.
trying to prove abstract safety...
Time needed for constructing transducer for unsafe property: 20[µs]
Time needed for constructing transducer for (initial, unsafe) pairs: 210[µs]
Time needed for constructing transducer for complement of (initial, unsafe) pairs: 44[µs]
Time needed for building union of complements of preach and (initial, unsafe)-transducer: 78[µs]
Time needed for checking universality using lazy algorithm: 173[µs]
Time needed for checking abstract safety: 602[µs]
...done.
Result: [1]
This means that the following properties could be separated from the initial configurations:
	[deadlock]
While the following properties could not be separated from the initial configurations:
	[]

real	0m2,262s
user	0m2,215s
sys	0m0,019s
********************
/home/jakob/Documents/abstracton/benchmarks/dodo/firefly.json
s
deadlock
Running as unit: run-rb407d9348368449c8a5ce957c12b9351.scope; invocation ID: bb143ea61bbf4f66951bb613d492f22a
Time needed for parsing json file: 2845[µs]
alphabet size: 4
using Siphon interpretation
Time needed for constructing Siphon interpretation transducer: 877[µs]
computing ind...
Time needed for constructing complement of ind: 2246[µs]
Time needed for computing ind: 153849[µs]
Time needed for minimizing ind: 27370[µs]
Time needed for computing ind (total): 183604[µs]
automaton for ind has 5 states.
...done.
computing complement of preach...
Time needed for constructing identity on ind: 220[µs]
Time needed for computing product v_id of abstraction framework with identity on ind: 2024[µs]
Time needed for computing product of v_id with complement of abstraction framework: 614[µs]
Time needed for computing complement of preach: 184176[µs]
automaton for complement of preach has 5 states.
...of which, 2 states are at level 0.
Time needed for trimming complement of preach: 15[µs]
...done.
trying to prove abstract safety...
Time needed for constructing transducer for unsafe property: 18[µs]
Time needed for constructing transducer for (initial, unsafe) pairs: 195[µs]
Time needed for constructing transducer for complement of (initial, unsafe) pairs: 39[µs]
Time needed for building union of complements of preach and (initial, unsafe)-transducer: 29[µs]
Time needed for checking universality using lazy algorithm: 59[µs]
Time needed for checking abstract safety: 434[µs]
...done.
Result: [1]
This means that the following properties could be separated from the initial configurations:
	[deadlock]
While the following properties could not be separated from the initial configurations:
	[]

real	0m0,398s
user	0m0,373s
sys	0m0,011s
********************
/home/jakob/Documents/abstracton/benchmarks/dodo/firefly.json
f
deadlock
Running as unit: run-r035681a0c9014ee4b83c3145410d0a74.scope; invocation ID: f85d8e9482d2499aaf2db1e39de6c01c
Time needed for parsing json file: 2752[µs]
alphabet size: 4
using Flow interpretation
Time needed for constructing Flow interpretation transducer: 1926[µs]
computing ind...
Time needed for constructing complement of ind: 6795[µs]
Time needed for computing ind: 3527257[µs]
Time needed for minimizing ind: 164764[µs]
Time needed for computing ind (total): 3699006[µs]
automaton for ind has 7 states.
...done.
computing complement of preach...
Time needed for constructing identity on ind: 310[µs]
Time needed for computing product v_id of abstraction framework with identity on ind: 5572[µs]
Time needed for computing product of v_id with complement of abstraction framework: 1372[µs]
Time needed for computing complement of preach: 3787388[µs]
automaton for complement of preach has 5 states.
...of which, 2 states are at level 0.
Time needed for trimming complement of preach: 18[µs]
...done.
trying to prove abstract safety...
Time needed for constructing transducer for unsafe property: 22[µs]
Time needed for constructing transducer for (initial, unsafe) pairs: 229[µs]
Time needed for constructing transducer for complement of (initial, unsafe) pairs: 48[µs]
Time needed for building union of complements of preach and (initial, unsafe)-transducer: 35[µs]
Time needed for checking universality using lazy algorithm: 67[µs]
Time needed for checking abstract safety: 490[µs]
...done.
Result: [1]
This means that the following properties could be separated from the initial configurations:
	[deadlock]
While the following properties could not be separated from the initial configurations:
	[]

real	0m7,524s
user	0m7,484s
sys	0m0,018s
********************
53 of 61
/home/jakob/Documents/abstracton/benchmarks/dodo/left-dining-philosophers.json
t
deadlock
Running as unit: run-r6cf844c9c3f54a34bc0b493f319afb78.scope; invocation ID: 98b7bf6f13b54dd3a680c1227e2cae17
Time needed for parsing json file: 3203[µs]
alphabet size: 6
using Trap interpretation
Time needed for constructing Trap interpretation transducer: 12064[µs]
computing ind...
Time needed for constructing complement of ind: 16224[µs]
Time needed for computing ind: 1399142[µs]
Time needed for minimizing ind: 182002[µs]
Time needed for computing ind (total): 1597648[µs]
automaton for ind has 41 states.
...done.
computing complement of preach...
Time needed for constructing identity on ind: 5711[µs]
Time needed for computing product v_id of abstraction framework with identity on ind: 436296[µs]
Time needed for computing product of v_id with complement of abstraction framework: 2345772[µs]
Time needed for computing complement of preach: 4397682[µs]
automaton for complement of preach has 6441 states.
...of which, 76 states are at level 0.
Time needed for trimming complement of preach: 20178[µs]
...done.
trying to prove abstract safety...
Time needed for constructing transducer for unsafe property: 39[µs]
Time needed for constructing transducer for (initial, unsafe) pairs: 707[µs]
Time needed for constructing transducer for complement of (initial, unsafe) pairs: 1291[µs]
Time needed for building union of complements of preach and (initial, unsafe)-transducer: 7066[µs]

real	20m0,847s
user	19m48,515s
sys	0m11,994s
********************
/home/jakob/Documents/abstracton/benchmarks/dodo/left-dining-philosophers.json
s
deadlock
Running as unit: run-r1d4cec45227445c181dd4e49cd532cff.scope; invocation ID: 213447c3a1d94a489021038c27b72167
Time needed for parsing json file: 2498[µs]
alphabet size: 6
using Siphon interpretation
Time needed for constructing Siphon interpretation transducer: 3977[µs]
computing ind...
Time needed for constructing complement of ind: 5772[µs]
Time needed for computing ind: 195768[µs]
Time needed for minimizing ind: 79548[µs]
Time needed for computing ind (total): 281274[µs]
automaton for ind has 42 states.
...done.
computing complement of preach...
Time needed for constructing identity on ind: 6416[µs]
Time needed for computing product v_id of abstraction framework with identity on ind: 136905[µs]
Time needed for computing product of v_id with complement of abstraction framework: 101338[µs]
Time needed for computing complement of preach: 508657[µs]
automaton for complement of preach has 2916 states.
...of which, 78 states are at level 0.
Time needed for trimming complement of preach: 9838[µs]
...done.
trying to prove abstract safety...
Time needed for constructing transducer for unsafe property: 37[µs]
Time needed for constructing transducer for (initial, unsafe) pairs: 600[µs]
Time needed for constructing transducer for complement of (initial, unsafe) pairs: 1153[µs]
Time needed for building union of complements of preach and (initial, unsafe)-transducer: 3165[µs]
Time needed for checking universality using lazy algorithm: 618223[µs]
Time needed for checking abstract safety: 624110[µs]
...done.
Result: [0]
This means that the following properties could be separated from the initial configurations:
	[]
While the following properties could not be separated from the initial configurations:
	[deadlock]

real	0m1,464s
user	0m1,394s
sys	0m0,056s
********************
/home/jakob/Documents/abstracton/benchmarks/dodo/left-dining-philosophers.json
f
deadlock
Running as unit: run-r893bfe19737a4befa8e533ca5a344439.scope; invocation ID: 7de63a33889945eb81af6bfd0b0e7b56
Time needed for parsing json file: 2347[µs]
alphabet size: 6
using Flow interpretation
Time needed for constructing Flow interpretation transducer: 9815[µs]
computing ind...
Time needed for constructing complement of ind: 15591[µs]
Time needed for computing ind: 5618225[µs]
Time needed for minimizing ind: 775358[µs]
Time needed for computing ind (total): 6409452[µs]
automaton for ind has 74 states.
...done.
computing complement of preach...
Time needed for constructing identity on ind: 11860[µs]
Time needed for computing product v_id of abstraction framework with identity on ind: 471183[µs]
Time needed for computing product of v_id with complement of abstraction framework: 234841[µs]
Time needed for computing complement of preach: 7128508[µs]
automaton for complement of preach has 6612 states.
...of which, 194 states are at level 0.
Time needed for trimming complement of preach: 24130[µs]
...done.
trying to prove abstract safety...
Time needed for constructing transducer for unsafe property: 41[µs]
Time needed for constructing transducer for (initial, unsafe) pairs: 644[µs]
Time needed for constructing transducer for complement of (initial, unsafe) pairs: 1340[µs]
Time needed for building union of complements of preach and (initial, unsafe)-transducer: 8354[µs]
Time needed for checking universality using lazy algorithm: 76002022[µs]
Time needed for checking abstract safety: 76023420[µs]
...done.
Result: [0]
This means that the following properties could be separated from the initial configurations:
	[]
While the following properties could not be separated from the initial configurations:
	[deadlock]

real	1m29,767s
user	1m28,847s
sys	0m0,869s
********************
54 of 61
/home/jakob/Documents/abstracton/benchmarks/dodo/lehmann-rabin.json
t
deadlock
Running as unit: run-r82ec1274b5a647dd93bae33085b3f736.scope; invocation ID: d105c865307948a49e7c9f7750320f13
Time needed for parsing json file: 2368[µs]
alphabet size: 6
using Trap interpretation
Time needed for constructing Trap interpretation transducer: 12218[µs]
computing ind...
Time needed for constructing complement of ind: 13470[µs]
Time needed for computing ind: 650052[µs]
Time needed for minimizing ind: 70957[µs]
Time needed for computing ind (total): 734648[µs]
automaton for ind has 13 states.
...done.
computing complement of preach...
Time needed for constructing identity on ind: 1785[µs]
Time needed for computing product v_id of abstraction framework with identity on ind: 130500[µs]
Time needed for computing product of v_id with complement of abstraction framework: 634816[µs]
Time needed for computing complement of preach: 1494918[µs]
automaton for complement of preach has 1556 states.
...of which, 20 states are at level 0.
Time needed for trimming complement of preach: 4795[µs]
...done.
trying to prove abstract safety...
Time needed for constructing transducer for unsafe property: 31[µs]
Time needed for constructing transducer for (initial, unsafe) pairs: 643[µs]
Time needed for constructing transducer for complement of (initial, unsafe) pairs: 1183[µs]
Time needed for building union of complements of preach and (initial, unsafe)-transducer: 1660[µs]
Time needed for checking universality using lazy algorithm: 20733[µs]
Time needed for checking abstract safety: 24714[µs]
...done.
Result: [1]
This means that the following properties could be separated from the initial configurations:
	[deadlock]
While the following properties could not be separated from the initial configurations:
	[]

real	0m2,320s
user	0m2,189s
sys	0m0,114s
********************
/home/jakob/Documents/abstracton/benchmarks/dodo/lehmann-rabin.json
s
deadlock
Running as unit: run-rdea5afc1dca6438899c69e9c90a274c2.scope; invocation ID: 993b620c4125410185f8152ca6fa935d
Time needed for parsing json file: 3022[µs]
alphabet size: 6
using Siphon interpretation
Time needed for constructing Siphon interpretation transducer: 4471[µs]
computing ind...
Time needed for constructing complement of ind: 4791[µs]
Time needed for computing ind: 125098[µs]
Time needed for minimizing ind: 37590[µs]
Time needed for computing ind (total): 167596[µs]
automaton for ind has 13 states.
...done.
computing complement of preach...
Time needed for constructing identity on ind: 1781[µs]
Time needed for computing product v_id of abstraction framework with identity on ind: 38059[µs]
Time needed for computing product of v_id with complement of abstraction framework: 27209[µs]
Time needed for computing complement of preach: 241477[µs]
automaton for complement of preach has 784 states.
...of which, 20 states are at level 0.
Time needed for trimming complement of preach: 2667[µs]
...done.
trying to prove abstract safety...
Time needed for constructing transducer for unsafe property: 32[µs]
Time needed for constructing transducer for (initial, unsafe) pairs: 562[µs]
Time needed for constructing transducer for complement of (initial, unsafe) pairs: 1015[µs]
Time needed for building union of complements of preach and (initial, unsafe)-transducer: 850[µs]
Time needed for checking universality using lazy algorithm: 7730[µs]
Time needed for checking abstract safety: 10551[µs]
...done.
Result: [0]
This means that the following properties could be separated from the initial configurations:
	[]
While the following properties could not be separated from the initial configurations:
	[deadlock]

real	0m0,461s
user	0m0,425s
sys	0m0,019s
********************
/home/jakob/Documents/abstracton/benchmarks/dodo/lehmann-rabin.json
f
deadlock
Running as unit: run-r97dc21a121ee48c4be47891d273fad66.scope; invocation ID: c4ca62dd55bb4f3fa4c0aa44edf5fd81
Time needed for parsing json file: 1954[µs]
alphabet size: 6
using Flow interpretation
Time needed for constructing Flow interpretation transducer: 9942[µs]
computing ind...
Time needed for constructing complement of ind: 12304[µs]
Time needed for computing ind: 2579483[µs]
Time needed for minimizing ind: 291139[µs]
Time needed for computing ind (total): 2883134[µs]
automaton for ind has 27 states.
...done.
computing complement of preach...
Time needed for constructing identity on ind: 3735[µs]
Time needed for computing product v_id of abstraction framework with identity on ind: 173290[µs]
Time needed for computing product of v_id with complement of abstraction framework: 60786[µs]
Time needed for computing complement of preach: 3039108[µs]
automaton for complement of preach has 1661 states.
...of which, 73 states are at level 0.
Time needed for trimming complement of preach: 5324[µs]
...done.
trying to prove abstract safety...
Time needed for constructing transducer for unsafe property: 31[µs]
Time needed for constructing transducer for (initial, unsafe) pairs: 555[µs]
Time needed for constructing transducer for complement of (initial, unsafe) pairs: 1086[µs]
Time needed for building union of complements of preach and (initial, unsafe)-transducer: 1977[µs]
Time needed for checking universality using lazy algorithm: 130205[µs]
Time needed for checking abstract safety: 134496[µs]
...done.
Result: [0]
This means that the following properties could be separated from the initial configurations:
	[]
While the following properties could not be separated from the initial configurations:
	[deadlock]

real	0m6,103s
user	0m6,036s
sys	0m0,054s
********************
55 of 61
/home/jakob/Documents/abstracton/benchmarks/dodo/synapse.json
t
dirtydirty
Running as unit: run-r40c821b5d6d446c2aa8a72af088689f9.scope; invocation ID: f906b8fb75594e718711cb2ac65aca8e
Time needed for parsing json file: 1211[µs]
alphabet size: 3
using Trap interpretation
Time needed for constructing Trap interpretation transducer: 1158[µs]
computing ind...
Time needed for constructing complement of ind: 1047[µs]
Time needed for computing ind: 2908[µs]
Time needed for minimizing ind: 843[µs]
Time needed for computing ind (total): 4851[µs]
automaton for ind has 5 states.
...done.
computing complement of preach...
Time needed for constructing identity on ind: 106[µs]
Time needed for computing product v_id of abstraction framework with identity on ind: 3458[µs]
Time needed for computing product of v_id with complement of abstraction framework: 9763[µs]
Time needed for computing complement of preach: 18723[µs]
automaton for complement of preach has 65 states.
...of which, 5 states are at level 0.
Time needed for trimming complement of preach: 164[µs]
...done.
trying to prove abstract safety...
Time needed for constructing transducer for unsafe property: 8[µs]
Time needed for constructing transducer for (initial, unsafe) pairs: 147[µs]
Time needed for constructing transducer for complement of (initial, unsafe) pairs: 268[µs]
Time needed for building union of complements of preach and (initial, unsafe)-transducer: 102[µs]
Time needed for checking universality using lazy algorithm: 267[µs]
Time needed for checking abstract safety: 863[µs]
...done.
Result: [1]
This means that the following properties could be separated from the initial configurations:
	[dirtydirty]
While the following properties could not be separated from the initial configurations:
	[]

real	0m0,051s
user	0m0,027s
sys	0m0,012s
********************
/home/jakob/Documents/abstracton/benchmarks/dodo/synapse.json
s
dirtydirty
Running as unit: run-r60fecc368aa74645b09d383035349769.scope; invocation ID: 707d8515895f466bba62be07a3f5b12f
Time needed for parsing json file: 1101[µs]
alphabet size: 3
using Siphon interpretation
Time needed for constructing Siphon interpretation transducer: 591[µs]
computing ind...
Time needed for constructing complement of ind: 360[µs]
Time needed for computing ind: 723[µs]
Time needed for minimizing ind: 520[µs]
Time needed for computing ind (total): 1647[µs]
automaton for ind has 3 states.
...done.
computing complement of preach...
Time needed for constructing identity on ind: 76[µs]
Time needed for computing product v_id of abstraction framework with identity on ind: 795[µs]
Time needed for computing product of v_id with complement of abstraction framework: 287[µs]
Time needed for computing complement of preach: 3102[µs]
automaton for complement of preach has 0 states.
...of which, 0 states are at level 0.
Time needed for trimming complement of preach: 4[µs]
...done.
trying to prove abstract safety...
Time needed for constructing transducer for unsafe property: 8[µs]
Time needed for constructing transducer for (initial, unsafe) pairs: 131[µs]
Time needed for constructing transducer for complement of (initial, unsafe) pairs: 287[µs]
Time needed for building union of complements of preach and (initial, unsafe)-transducer: 49[µs]
terminate called after throwing an instance of 'std::bad_alloc'
  what():  std::bad_alloc
/usr/bin/timeout: the monitored command dumped core
./bench_for_dodo_comparison.sh: line 83: 1225820 Aborted                 systemd-run --user --scope -p MemoryMax=32G -p MemorySwapMax=7G timeout $TIMEOUT "${parentdir}/solve_dodo" -i $MODE -p $PROPERTY $FILE --measure-time --universality-alg lazy

real	11m26,839s
user	10m29,431s
sys	0m55,792s
********************
/home/jakob/Documents/abstracton/benchmarks/dodo/synapse.json
f
dirtydirty
Running as unit: run-re35d849977354479a641d920476dd01c.scope; invocation ID: 4ec59a6f0a804e3b8458c1d9694594d5
Time needed for parsing json file: 1932[µs]
alphabet size: 3
using Flow interpretation
Time needed for constructing Flow interpretation transducer: 1975[µs]
computing ind...
Time needed for constructing complement of ind: 1206[µs]
Time needed for computing ind: 4741[µs]
Time needed for minimizing ind: 1418[µs]
Time needed for computing ind (total): 7576[µs]
automaton for ind has 5 states.
...done.
computing complement of preach...
Time needed for constructing identity on ind: 108[µs]
Time needed for computing product v_id of abstraction framework with identity on ind: 1900[µs]
Time needed for computing product of v_id with complement of abstraction framework: 529[µs]
Time needed for computing complement of preach: 10148[µs]
automaton for complement of preach has 0 states.
...of which, 0 states are at level 0.
Time needed for trimming complement of preach: 4[µs]
...done.
trying to prove abstract safety...
Time needed for constructing transducer for unsafe property: 5[µs]
Time needed for constructing transducer for (initial, unsafe) pairs: 124[µs]
Time needed for constructing transducer for complement of (initial, unsafe) pairs: 260[µs]
Time needed for building union of complements of preach and (initial, unsafe)-transducer: 44[µs]
terminate called after throwing an instance of 'std::bad_alloc'
  what():  std::bad_alloc
/usr/bin/timeout: the monitored command dumped core
./bench_for_dodo_comparison.sh: line 83: 1227437 Aborted                 systemd-run --user --scope -p MemoryMax=32G -p MemorySwapMax=7G timeout $TIMEOUT "${parentdir}/solve_dodo" -i $MODE -p $PROPERTY $FILE --measure-time --universality-alg lazy

real	11m25,471s
user	10m25,152s
sys	0m58,430s
********************
56 of 61
/home/jakob/Documents/abstracton/benchmarks/dodo/synapse.json
t
dirtyvalid
Running as unit: run-r195edf4834084a049fda7bff227d8f67.scope; invocation ID: 82743336db7d4b3dbcdac8df7b67e8ad
Time needed for parsing json file: 1843[µs]
alphabet size: 3
using Trap interpretation
Time needed for constructing Trap interpretation transducer: 2047[µs]
computing ind...
Time needed for constructing complement of ind: 1130[µs]
Time needed for computing ind: 2809[µs]
Time needed for minimizing ind: 855[µs]
Time needed for computing ind (total): 5013[µs]
automaton for ind has 5 states.
...done.
computing complement of preach...
Time needed for constructing identity on ind: 107[µs]
Time needed for computing product v_id of abstraction framework with identity on ind: 3321[µs]
Time needed for computing product of v_id with complement of abstraction framework: 10469[µs]
Time needed for computing complement of preach: 18996[µs]
automaton for complement of preach has 65 states.
...of which, 5 states are at level 0.
Time needed for trimming complement of preach: 170[µs]
...done.
trying to prove abstract safety...
Time needed for constructing transducer for unsafe property: 11[µs]
Time needed for constructing transducer for (initial, unsafe) pairs: 169[µs]
Time needed for constructing transducer for complement of (initial, unsafe) pairs: 352[µs]
Time needed for building union of complements of preach and (initial, unsafe)-transducer: 117[µs]
Time needed for checking universality using lazy algorithm: 275[µs]
Time needed for checking abstract safety: 1092[µs]
...done.
Result: [1]
This means that the following properties could be separated from the initial configurations:
	[dirtyvalid]
While the following properties could not be separated from the initial configurations:
	[]

real	0m0,053s
user	0m0,030s
sys	0m0,009s
********************
/home/jakob/Documents/abstracton/benchmarks/dodo/synapse.json
s
dirtyvalid
Running as unit: run-rd979406913ac4aecb5f5e3de68ece99a.scope; invocation ID: ee570e41c0734e5d888b96f59a6bb0d3
Time needed for parsing json file: 1086[µs]
alphabet size: 3
using Siphon interpretation
Time needed for constructing Siphon interpretation transducer: 503[µs]
computing ind...
Time needed for constructing complement of ind: 403[µs]
Time needed for computing ind: 721[µs]
Time needed for minimizing ind: 544[µs]
Time needed for computing ind (total): 1724[µs]
automaton for ind has 3 states.
...done.
computing complement of preach...
Time needed for constructing identity on ind: 81[µs]
Time needed for computing product v_id of abstraction framework with identity on ind: 813[µs]
Time needed for computing product of v_id with complement of abstraction framework: 284[µs]
Time needed for computing complement of preach: 3172[µs]
automaton for complement of preach has 0 states.
...of which, 0 states are at level 0.
Time needed for trimming complement of preach: 4[µs]
...done.
trying to prove abstract safety...
Time needed for constructing transducer for unsafe property: 7[µs]
Time needed for constructing transducer for (initial, unsafe) pairs: 154[µs]
Time needed for constructing transducer for complement of (initial, unsafe) pairs: 368[µs]
Time needed for building union of complements of preach and (initial, unsafe)-transducer: 58[µs]
terminate called after throwing an instance of 'std::bad_alloc'
  what():  std::bad_alloc
/usr/bin/timeout: the monitored command dumped core
./bench_for_dodo_comparison.sh: line 83: 1229076 Aborted                 systemd-run --user --scope -p MemoryMax=32G -p MemorySwapMax=7G timeout $TIMEOUT "${parentdir}/solve_dodo" -i $MODE -p $PROPERTY $FILE --measure-time --universality-alg lazy

real	12m21,879s
user	11m18,962s
sys	0m58,976s
********************
/home/jakob/Documents/abstracton/benchmarks/dodo/synapse.json
f
dirtyvalid
Running as unit: run-r1e02f8a725844b26be87331350618d63.scope; invocation ID: 1b057a87cf5642e88c4f66bd0c128989
Time needed for parsing json file: 1857[µs]
alphabet size: 3
using Flow interpretation
Time needed for constructing Flow interpretation transducer: 2015[µs]
computing ind...
Time needed for constructing complement of ind: 1229[µs]
Time needed for computing ind: 5023[µs]
Time needed for minimizing ind: 1429[µs]
Time needed for computing ind (total): 7873[µs]
automaton for ind has 5 states.
...done.
computing complement of preach...
Time needed for constructing identity on ind: 112[µs]
Time needed for computing product v_id of abstraction framework with identity on ind: 1938[µs]
Time needed for computing product of v_id with complement of abstraction framework: 495[µs]
Time needed for computing complement of preach: 10550[µs]
automaton for complement of preach has 0 states.
...of which, 0 states are at level 0.
Time needed for trimming complement of preach: 4[µs]
...done.
trying to prove abstract safety...
Time needed for constructing transducer for unsafe property: 6[µs]
Time needed for constructing transducer for (initial, unsafe) pairs: 145[µs]
Time needed for constructing transducer for complement of (initial, unsafe) pairs: 331[µs]
Time needed for building union of complements of preach and (initial, unsafe)-transducer: 53[µs]
terminate called after throwing an instance of 'std::bad_alloc'
  what():  std::bad_alloc
/usr/bin/timeout: the monitored command dumped core
./bench_for_dodo_comparison.sh: line 83: 1230814 Aborted                 systemd-run --user --scope -p MemoryMax=32G -p MemorySwapMax=7G timeout $TIMEOUT "${parentdir}/solve_dodo" -i $MODE -p $PROPERTY $FILE --measure-time --universality-alg lazy

real	12m20,700s
user	11m18,887s
sys	0m58,944s
********************
57 of 61
/home/jakob/Documents/abstracton/benchmarks/dodo/synapse.json
t
deadlock
Running as unit: run-r0198fd8caf1c4c1182071d0c8f172d76.scope; invocation ID: bfb492b19c144cc99feb9069077a47c8
Time needed for parsing json file: 2325[µs]
alphabet size: 3
using Trap interpretation
Time needed for constructing Trap interpretation transducer: 2178[µs]
computing ind...
Time needed for constructing complement of ind: 1409[µs]
Time needed for computing ind: 3043[µs]
Time needed for minimizing ind: 904[µs]
Time needed for computing ind (total): 5604[µs]
automaton for ind has 5 states.
...done.
computing complement of preach...
Time needed for constructing identity on ind: 119[µs]
Time needed for computing product v_id of abstraction framework with identity on ind: 3784[µs]
Time needed for computing product of v_id with complement of abstraction framework: 11009[µs]
Time needed for computing complement of preach: 20623[µs]
automaton for complement of preach has 65 states.
...of which, 5 states are at level 0.
Time needed for trimming complement of preach: 169[µs]
...done.
trying to prove abstract safety...
Time needed for constructing transducer for unsafe property: 20[µs]
Time needed for constructing transducer for (initial, unsafe) pairs: 99[µs]
Time needed for constructing transducer for complement of (initial, unsafe) pairs: 35[µs]
Time needed for building union of complements of preach and (initial, unsafe)-transducer: 81[µs]
Time needed for checking universality using lazy algorithm: 247[µs]
Time needed for checking abstract safety: 562[µs]
...done.
Result: [1]
This means that the following properties could be separated from the initial configurations:
	[deadlock]
While the following properties could not be separated from the initial configurations:
	[]

real	0m0,057s
user	0m0,032s
sys	0m0,010s
********************
/home/jakob/Documents/abstracton/benchmarks/dodo/synapse.json
s
deadlock
Running as unit: run-r9a277187bf774e1f921920e2e052c26a.scope; invocation ID: 119bf437ff9f46e08c10cc6f1e1b2c64
Time needed for parsing json file: 1146[µs]
alphabet size: 3
using Siphon interpretation
Time needed for constructing Siphon interpretation transducer: 518[µs]
computing ind...
Time needed for constructing complement of ind: 367[µs]
Time needed for computing ind: 710[µs]
Time needed for minimizing ind: 530[µs]
Time needed for computing ind (total): 1653[µs]
automaton for ind has 3 states.
...done.
computing complement of preach...
Time needed for constructing identity on ind: 86[µs]
Time needed for computing product v_id of abstraction framework with identity on ind: 737[µs]
Time needed for computing product of v_id with complement of abstraction framework: 303[µs]
Time needed for computing complement of preach: 3087[µs]
automaton for complement of preach has 0 states.
...of which, 0 states are at level 0.
Time needed for trimming complement of preach: 5[µs]
...done.
trying to prove abstract safety...
Time needed for constructing transducer for unsafe property: 7[µs]
Time needed for constructing transducer for (initial, unsafe) pairs: 109[µs]
Time needed for constructing transducer for complement of (initial, unsafe) pairs: 47[µs]
Time needed for building union of complements of preach and (initial, unsafe)-transducer: 40[µs]
Time needed for checking universality using lazy algorithm: 38[µs]
Time needed for checking abstract safety: 304[µs]
...done.
Result: [1]
This means that the following properties could be separated from the initial configurations:
	[deadlock]
While the following properties could not be separated from the initial configurations:
	[]

real	0m0,037s
user	0m0,009s
sys	0m0,010s
********************
/home/jakob/Documents/abstracton/benchmarks/dodo/synapse.json
f
deadlock
Running as unit: run-rbe060eb854a049cab7371ebb8cdd0a0a.scope; invocation ID: 7b2e11d2b3044b54be1a11a3efaae15a
Time needed for parsing json file: 1150[µs]
alphabet size: 3
using Flow interpretation
Time needed for constructing Flow interpretation transducer: 995[µs]
computing ind...
Time needed for constructing complement of ind: 1092[µs]
Time needed for computing ind: 4932[µs]
Time needed for minimizing ind: 1315[µs]
Time needed for computing ind (total): 7399[µs]
automaton for ind has 5 states.
...done.
computing complement of preach...
Time needed for constructing identity on ind: 106[µs]
Time needed for computing product v_id of abstraction framework with identity on ind: 1851[µs]
Time needed for computing product of v_id with complement of abstraction framework: 480[µs]
Time needed for computing complement of preach: 10351[µs]
automaton for complement of preach has 0 states.
...of which, 0 states are at level 0.
Time needed for trimming complement of preach: 4[µs]
...done.
trying to prove abstract safety...
Time needed for constructing transducer for unsafe property: 6[µs]
Time needed for constructing transducer for (initial, unsafe) pairs: 81[µs]
Time needed for constructing transducer for complement of (initial, unsafe) pairs: 30[µs]
Time needed for building union of complements of preach and (initial, unsafe)-transducer: 27[µs]
Time needed for checking universality using lazy algorithm: 32[µs]
Time needed for checking abstract safety: 220[µs]
...done.
Result: [1]
This means that the following properties could be separated from the initial configurations:
	[deadlock]
While the following properties could not be separated from the initial configurations:
	[]

real	0m0,045s
user	0m0,024s
sys	0m0,008s
********************
58 of 61
/home/jakob/Documents/abstracton/benchmarks/dodo/token-passing-no-invariant.json
t
notoken
Running as unit: run-r1517ef498f2d485d8015c78d7c147e7f.scope; invocation ID: ad98a017ab2e4857827a2031e922563c
Time needed for parsing json file: 1108[µs]
alphabet size: 2
using Trap interpretation
Time needed for constructing Trap interpretation transducer: 563[µs]
computing ind...
Time needed for constructing complement of ind: 164[µs]
Time needed for computing ind: 1960[µs]
Time needed for minimizing ind: 961[µs]
Time needed for computing ind (total): 3132[µs]
automaton for ind has 5 states.
...done.
computing complement of preach...
Time needed for constructing identity on ind: 61[µs]
Time needed for computing product v_id of abstraction framework with identity on ind: 1467[µs]
Time needed for computing product of v_id with complement of abstraction framework: 3631[µs]
Time needed for computing complement of preach: 8372[µs]
automaton for complement of preach has 30 states.
...of which, 6 states are at level 0.
Time needed for trimming complement of preach: 71[µs]
...done.
trying to prove abstract safety...
Time needed for constructing transducer for unsafe property: 4[µs]
Time needed for constructing transducer for (initial, unsafe) pairs: 128[µs]
Time needed for constructing transducer for complement of (initial, unsafe) pairs: 182[µs]
Time needed for building union of complements of preach and (initial, unsafe)-transducer: 52[µs]
Time needed for checking universality using lazy algorithm: 165[µs]
Time needed for checking abstract safety: 587[µs]
...done.
Result: [1]
This means that the following properties could be separated from the initial configurations:
	[notoken]
While the following properties could not be separated from the initial configurations:
	[]

real	0m0,047s
user	0m0,016s
sys	0m0,010s
********************
/home/jakob/Documents/abstracton/benchmarks/dodo/token-passing-no-invariant.json
s
notoken
Running as unit: run-r0464a66787814bf19b26daffff109ee0.scope; invocation ID: b3cb198c8ae64b78959b2bcb995578b4
Time needed for parsing json file: 753[µs]
alphabet size: 2
using Siphon interpretation
Time needed for constructing Siphon interpretation transducer: 344[µs]
computing ind...
Time needed for constructing complement of ind: 62[µs]
Time needed for computing ind: 382[µs]
Time needed for minimizing ind: 469[µs]
Time needed for computing ind (total): 956[µs]
automaton for ind has 5 states.
...done.
computing complement of preach...
Time needed for constructing identity on ind: 64[µs]
Time needed for computing product v_id of abstraction framework with identity on ind: 686[µs]
Time needed for computing product of v_id with complement of abstraction framework: 699[µs]
Time needed for computing complement of preach: 2617[µs]
automaton for complement of preach has 22 states.
...of which, 6 states are at level 0.
Time needed for trimming complement of preach: 72[µs]
...done.
trying to prove abstract safety...
Time needed for constructing transducer for unsafe property: 5[µs]
Time needed for constructing transducer for (initial, unsafe) pairs: 122[µs]
Time needed for constructing transducer for complement of (initial, unsafe) pairs: 211[µs]
Time needed for building union of complements of preach and (initial, unsafe)-transducer: 61[µs]
Time needed for checking universality using lazy algorithm: 89[µs]
Time needed for checking abstract safety: 554[µs]
...done.
Result: [0]
This means that the following properties could be separated from the initial configurations:
	[]
While the following properties could not be separated from the initial configurations:
	[notoken]

real	0m0,031s
user	0m0,010s
sys	0m0,007s
********************
/home/jakob/Documents/abstracton/benchmarks/dodo/token-passing-no-invariant.json
f
notoken
Running as unit: run-r08a00f9c98b94105b5b260bef69a28b8.scope; invocation ID: e27f928b7da048fca790136e89289784
Time needed for parsing json file: 753[µs]
alphabet size: 2
using Flow interpretation
Time needed for constructing Flow interpretation transducer: 540[µs]
computing ind...
Time needed for constructing complement of ind: 204[µs]
Time needed for computing ind: 5071[µs]
Time needed for minimizing ind: 2399[µs]
Time needed for computing ind (total): 7744[µs]
automaton for ind has 13 states.
...done.
computing complement of preach...
Time needed for constructing identity on ind: 135[µs]
Time needed for computing product v_id of abstraction framework with identity on ind: 2685[µs]
Time needed for computing product of v_id with complement of abstraction framework: 2914[µs]
Time needed for computing complement of preach: 13490[µs]
automaton for complement of preach has 114 states.
...of which, 28 states are at level 0.
Time needed for trimming complement of preach: 265[µs]
...done.
trying to prove abstract safety...
Time needed for constructing transducer for unsafe property: 6[µs]
Time needed for constructing transducer for (initial, unsafe) pairs: 151[µs]
Time needed for constructing transducer for complement of (initial, unsafe) pairs: 198[µs]
Time needed for building union of complements of preach and (initial, unsafe)-transducer: 128[µs]
Time needed for checking universality using lazy algorithm: 2203[µs]
Time needed for checking abstract safety: 2782[µs]
...done.
Result: [1]
This means that the following properties could be separated from the initial configurations:
	[notoken]
While the following properties could not be separated from the initial configurations:
	[]

real	0m0,061s
user	0m0,027s
sys	0m0,011s
********************
59 of 61
/home/jakob/Documents/abstracton/benchmarks/dodo/token-passing-no-invariant.json
t
manytoken
Running as unit: run-rf8851a95ae3f46c6afb461edcc9246bd.scope; invocation ID: 21476b98ad88408fa1e299bb9f4e8b54
Time needed for parsing json file: 725[µs]
alphabet size: 2
using Trap interpretation
Time needed for constructing Trap interpretation transducer: 530[µs]
computing ind...
Time needed for constructing complement of ind: 147[µs]
Time needed for computing ind: 1788[µs]
Time needed for minimizing ind: 988[µs]
Time needed for computing ind (total): 2984[µs]
automaton for ind has 5 states.
...done.
computing complement of preach...
Time needed for constructing identity on ind: 61[µs]
Time needed for computing product v_id of abstraction framework with identity on ind: 1506[µs]
Time needed for computing product of v_id with complement of abstraction framework: 3809[µs]
Time needed for computing complement of preach: 8554[µs]
automaton for complement of preach has 30 states.
...of which, 6 states are at level 0.
Time needed for trimming complement of preach: 78[µs]
...done.
trying to prove abstract safety...
Time needed for constructing transducer for unsafe property: 5[µs]
Time needed for constructing transducer for (initial, unsafe) pairs: 150[µs]
Time needed for constructing transducer for complement of (initial, unsafe) pairs: 264[µs]
Time needed for building union of complements of preach and (initial, unsafe)-transducer: 63[µs]
Time needed for checking universality using lazy algorithm: 176[µs]
Time needed for checking abstract safety: 735[µs]
...done.
Result: [0]
This means that the following properties could be separated from the initial configurations:
	[]
While the following properties could not be separated from the initial configurations:
	[manytoken]

real	0m0,034s
user	0m0,015s
sys	0m0,010s
********************
/home/jakob/Documents/abstracton/benchmarks/dodo/token-passing-no-invariant.json
s
manytoken
Running as unit: run-r61ee3cccd9524ff690a2dbcffc2e40bc.scope; invocation ID: 084ea7f4037b4ff8a18c00cf7886e157
Time needed for parsing json file: 740[µs]
alphabet size: 2
using Siphon interpretation
Time needed for constructing Siphon interpretation transducer: 326[µs]
computing ind...
Time needed for constructing complement of ind: 63[µs]
Time needed for computing ind: 386[µs]
Time needed for minimizing ind: 453[µs]
Time needed for computing ind (total): 945[µs]
automaton for ind has 5 states.
...done.
computing complement of preach...
Time needed for constructing identity on ind: 63[µs]
Time needed for computing product v_id of abstraction framework with identity on ind: 656[µs]
Time needed for computing product of v_id with complement of abstraction framework: 634[µs]
Time needed for computing complement of preach: 2457[µs]
automaton for complement of preach has 22 states.
...of which, 6 states are at level 0.
Time needed for trimming complement of preach: 72[µs]
...done.
trying to prove abstract safety...
Time needed for constructing transducer for unsafe property: 6[µs]
Time needed for constructing transducer for (initial, unsafe) pairs: 124[µs]
Time needed for constructing transducer for complement of (initial, unsafe) pairs: 237[µs]
Time needed for building union of complements of preach and (initial, unsafe)-transducer: 54[µs]
Time needed for checking universality using lazy algorithm: 67[µs]
Time needed for checking abstract safety: 538[µs]
...done.
Result: [0]
This means that the following properties could be separated from the initial configurations:
	[]
While the following properties could not be separated from the initial configurations:
	[manytoken]

real	0m0,029s
user	0m0,006s
sys	0m0,010s
********************
/home/jakob/Documents/abstracton/benchmarks/dodo/token-passing-no-invariant.json
f
manytoken
Running as unit: run-reff5637814af4aee8ae8b85880ed246a.scope; invocation ID: 79db21045976498c8e340e4c811d5e02
Time needed for parsing json file: 763[µs]
alphabet size: 2
using Flow interpretation
Time needed for constructing Flow interpretation transducer: 470[µs]
computing ind...
Time needed for constructing complement of ind: 158[µs]
Time needed for computing ind: 4573[µs]
Time needed for minimizing ind: 2317[µs]
Time needed for computing ind (total): 7103[µs]
automaton for ind has 13 states.
...done.
computing complement of preach...
Time needed for constructing identity on ind: 134[µs]
Time needed for computing product v_id of abstraction framework with identity on ind: 2583[µs]
Time needed for computing product of v_id with complement of abstraction framework: 2817[µs]
Time needed for computing complement of preach: 13046[µs]
automaton for complement of preach has 114 states.
...of which, 28 states are at level 0.
Time needed for trimming complement of preach: 231[µs]
...done.
trying to prove abstract safety...
Time needed for constructing transducer for unsafe property: 4[µs]
Time needed for constructing transducer for (initial, unsafe) pairs: 127[µs]
Time needed for constructing transducer for complement of (initial, unsafe) pairs: 253[µs]
Time needed for building union of complements of preach and (initial, unsafe)-transducer: 161[µs]
Time needed for checking universality using lazy algorithm: 2023[µs]
Time needed for checking abstract safety: 2662[µs]
...done.
Result: [1]
This means that the following properties could be separated from the initial configurations:
	[manytoken]
While the following properties could not be separated from the initial configurations:
	[]

real	0m0,047s
user	0m0,025s
sys	0m0,011s
********************
60 of 61
/home/jakob/Documents/abstracton/benchmarks/dodo/token-passing.json
t
notoken
Running as unit: run-r22cb5c67475f4fbcadeecb1a0e84f4d2.scope; invocation ID: 8c0f66fb02fd4bc99d13b9b5811ce21b
Time needed for parsing json file: 858[µs]
alphabet size: 2
using Trap interpretation
Time needed for constructing Trap interpretation transducer: 564[µs]
computing ind...
Time needed for constructing complement of ind: 132[µs]
Time needed for computing ind: 1347[µs]
Time needed for minimizing ind: 799[µs]
Time needed for computing ind (total): 2325[µs]
automaton for ind has 6 states.
...done.
computing complement of preach...
Time needed for constructing identity on ind: 69[µs]
Time needed for computing product v_id of abstraction framework with identity on ind: 1712[µs]
Time needed for computing product of v_id with complement of abstraction framework: 4229[µs]
Time needed for computing complement of preach: 8591[µs]
automaton for complement of preach has 70 states.
...of which, 10 states are at level 0.
Time needed for trimming complement of preach: 153[µs]
...done.
trying to prove abstract safety...
Time needed for constructing transducer for unsafe property: 5[µs]
Time needed for constructing transducer for (initial, unsafe) pairs: 134[µs]
Time needed for constructing transducer for complement of (initial, unsafe) pairs: 200[µs]
Time needed for building union of complements of preach and (initial, unsafe)-transducer: 78[µs]
Time needed for checking universality using lazy algorithm: 1896[µs]
Time needed for checking abstract safety: 2391[µs]
...done.
Result: [1]
This means that the following properties could be separated from the initial configurations:
	[notoken]
While the following properties could not be separated from the initial configurations:
	[]

real	0m0,045s
user	0m0,015s
sys	0m0,012s
********************
/home/jakob/Documents/abstracton/benchmarks/dodo/token-passing.json
s
notoken
Running as unit: run-r16a3c08e991a4bf38b30e82a99da905d.scope; invocation ID: ea5f90eabf5b4199ae3962659005ed1b
Time needed for parsing json file: 678[µs]
alphabet size: 2
using Siphon interpretation
Time needed for constructing Siphon interpretation transducer: 325[µs]
computing ind...
Time needed for constructing complement of ind: 58[µs]
Time needed for computing ind: 288[µs]
Time needed for minimizing ind: 385[µs]
Time needed for computing ind (total): 771[µs]
automaton for ind has 6 states.
...done.
computing complement of preach...
Time needed for constructing identity on ind: 79[µs]
Time needed for computing product v_id of abstraction framework with identity on ind: 921[µs]
Time needed for computing product of v_id with complement of abstraction framework: 1789[µs]
Time needed for computing complement of preach: 3752[µs]
automaton for complement of preach has 60 states.
...of which, 12 states are at level 0.
Time needed for trimming complement of preach: 155[µs]
...done.
trying to prove abstract safety...
Time needed for constructing transducer for unsafe property: 4[µs]
Time needed for constructing transducer for (initial, unsafe) pairs: 124[µs]
Time needed for constructing transducer for complement of (initial, unsafe) pairs: 195[µs]
Time needed for building union of complements of preach and (initial, unsafe)-transducer: 71[µs]
Time needed for checking universality using lazy algorithm: 704[µs]
Time needed for checking abstract safety: 1169[µs]
...done.
Result: [0]
This means that the following properties could be separated from the initial configurations:
	[]
While the following properties could not be separated from the initial configurations:
	[notoken]

real	0m0,032s
user	0m0,011s
sys	0m0,008s
********************
/home/jakob/Documents/abstracton/benchmarks/dodo/token-passing.json
f
notoken
Running as unit: run-r3a77d0ba9e834e158ab9740861fbb8eb.scope; invocation ID: 39d56399edbb4274aff79a84189d8f3d
Time needed for parsing json file: 618[µs]
alphabet size: 2
using Flow interpretation
Time needed for constructing Flow interpretation transducer: 532[µs]
computing ind...
Time needed for constructing complement of ind: 128[µs]
Time needed for computing ind: 2278[µs]
Time needed for minimizing ind: 1833[µs]
Time needed for computing ind (total): 4284[µs]
automaton for ind has 16 states.
...done.
computing complement of preach...
Time needed for constructing identity on ind: 166[µs]
Time needed for computing product v_id of abstraction framework with identity on ind: 3835[µs]
Time needed for computing product of v_id with complement of abstraction framework: 13351[µs]
Time needed for computing complement of preach: 21983[µs]
automaton for complement of preach has 542 states.
...of which, 78 states are at level 0.
Time needed for trimming complement of preach: 1067[µs]
...done.
trying to prove abstract safety...
Time needed for constructing transducer for unsafe property: 7[µs]
Time needed for constructing transducer for (initial, unsafe) pairs: 115[µs]
Time needed for constructing transducer for complement of (initial, unsafe) pairs: 192[µs]
Time needed for building union of complements of preach and (initial, unsafe)-transducer: 292[µs]
Time needed for checking universality using lazy algorithm: 1255125[µs]
Time needed for checking abstract safety: 1255903[µs]
...done.
Result: [1]
This means that the following properties could be separated from the initial configurations:
	[notoken]
While the following properties could not be separated from the initial configurations:
	[]

real	0m1,327s
user	0m1,249s
sys	0m0,060s
********************
61 of 61
/home/jakob/Documents/abstracton/benchmarks/dodo/token-passing.json
t
manytoken
Running as unit: run-r7c965afce2e6458fa53341813e6cbc75.scope; invocation ID: c6c8bc9f3b5d4d34b26493db86f929b6
Time needed for parsing json file: 684[µs]
alphabet size: 2
using Trap interpretation
Time needed for constructing Trap interpretation transducer: 564[µs]
computing ind...
Time needed for constructing complement of ind: 200[µs]
Time needed for computing ind: 1373[µs]
Time needed for minimizing ind: 815[µs]
Time needed for computing ind (total): 2448[µs]
automaton for ind has 6 states.
...done.
computing complement of preach...
Time needed for constructing identity on ind: 74[µs]
Time needed for computing product v_id of abstraction framework with identity on ind: 1879[µs]
Time needed for computing product of v_id with complement of abstraction framework: 4241[µs]
Time needed for computing complement of preach: 8983[µs]
automaton for complement of preach has 70 states.
...of which, 10 states are at level 0.
Time needed for trimming complement of preach: 152[µs]
...done.
trying to prove abstract safety...
Time needed for constructing transducer for unsafe property: 5[µs]
Time needed for constructing transducer for (initial, unsafe) pairs: 139[µs]
Time needed for constructing transducer for complement of (initial, unsafe) pairs: 278[µs]
Time needed for building union of complements of preach and (initial, unsafe)-transducer: 101[µs]
Time needed for checking universality using lazy algorithm: 2028[µs]
Time needed for checking abstract safety: 2621[µs]
...done.
Result: [1]
This means that the following properties could be separated from the initial configurations:
	[manytoken]
While the following properties could not be separated from the initial configurations:
	[]

real	0m0,039s
user	0m0,017s
sys	0m0,011s
********************
/home/jakob/Documents/abstracton/benchmarks/dodo/token-passing.json
s
manytoken
Running as unit: run-r703a52a3e7bc4f5583879c18a33f1d89.scope; invocation ID: a1018936811b4f6bbe541b9ae3a88bba
Time needed for parsing json file: 605[µs]
alphabet size: 2
using Siphon interpretation
Time needed for constructing Siphon interpretation transducer: 333[µs]
computing ind...
Time needed for constructing complement of ind: 67[µs]
Time needed for computing ind: 279[µs]
Time needed for minimizing ind: 368[µs]
Time needed for computing ind (total): 780[µs]
automaton for ind has 6 states.
...done.
computing complement of preach...
Time needed for constructing identity on ind: 67[µs]
Time needed for computing product v_id of abstraction framework with identity on ind: 890[µs]
Time needed for computing product of v_id with complement of abstraction framework: 1692[µs]
Time needed for computing complement of preach: 3556[µs]
automaton for complement of preach has 60 states.
...of which, 12 states are at level 0.
Time needed for trimming complement of preach: 152[µs]
...done.
trying to prove abstract safety...
Time needed for constructing transducer for unsafe property: 8[µs]
Time needed for constructing transducer for (initial, unsafe) pairs: 138[µs]
Time needed for constructing transducer for complement of (initial, unsafe) pairs: 268[µs]
Time needed for building union of complements of preach and (initial, unsafe)-transducer: 98[µs]
Time needed for checking universality using lazy algorithm: 446[µs]
Time needed for checking abstract safety: 1039[µs]
...done.
Result: [0]
This means that the following properties could be separated from the initial configurations:
	[]
While the following properties could not be separated from the initial configurations:
	[manytoken]

real	0m0,035s
user	0m0,007s
sys	0m0,011s
********************
/home/jakob/Documents/abstracton/benchmarks/dodo/token-passing.json
f
manytoken
Running as unit: run-rabcae0854f2a4cd990790697ef6654e9.scope; invocation ID: ec22c746dc334ca797fe5cc9c855855c
Time needed for parsing json file: 604[µs]
alphabet size: 2
using Flow interpretation
Time needed for constructing Flow interpretation transducer: 470[µs]
computing ind...
Time needed for constructing complement of ind: 186[µs]
Time needed for computing ind: 2432[µs]
Time needed for minimizing ind: 1863[µs]
Time needed for computing ind (total): 4541[µs]
automaton for ind has 16 states.
...done.
computing complement of preach...
Time needed for constructing identity on ind: 166[µs]
Time needed for computing product v_id of abstraction framework with identity on ind: 3750[µs]
Time needed for computing product of v_id with complement of abstraction framework: 14125[µs]
Time needed for computing complement of preach: 22684[µs]
automaton for complement of preach has 542 states.
...of which, 78 states are at level 0.
Time needed for trimming complement of preach: 1081[µs]
...done.
trying to prove abstract safety...
Time needed for constructing transducer for unsafe property: 9[µs]
Time needed for constructing transducer for (initial, unsafe) pairs: 177[µs]
Time needed for constructing transducer for complement of (initial, unsafe) pairs: 283[µs]
Time needed for building union of complements of preach and (initial, unsafe)-transducer: 352[µs]
Time needed for checking universality using lazy algorithm: 1267492[µs]
Time needed for checking abstract safety: 1268498[µs]
...done.
Result: [1]
This means that the following properties could be separated from the initial configurations:
	[manytoken]
While the following properties could not be separated from the initial configurations:
	[]

real	0m1,332s
user	0m1,275s
sys	0m0,046s
********************
