0 of 61
/home/jakob/Documents/abstracton/benchmarks/dodo/Berkeley.json
t
exclusiveexclusive
Running as unit: run-r1f8996fd930f4a34bf9e6728c7c0109f.scope; invocation ID: f0f0875c808a4da4a4ca2d1449d2e619
Time needed for parsing json file: 2272[µs]
alphabet size: 4
using Trap interpretation
Time needed for constructing Trap interpretation transducer: 2411[µs]
computing ind...
Time needed for constructing complement of ind: 4361[µs]
Time needed for computing ind: 154970[µs]
Time needed for minimizing ind: 15529[µs]
Time needed for computing ind (total): 174962[µs]
automaton for ind has 10 states.
...done.
computing complement of preach...
Time needed for constructing identity on ind: 382[µs]
Time needed for computing product v_id of abstraction framework with identity on ind: 17603[µs]
Time needed for computing product of v_id with complement of abstraction framework: 70407[µs]
Time needed for computing complement of preach: 89876[µs]
automaton for complement of preach has 462 states.
...of which, 14 states are at level 0.
Time needed for trimming complement of preach: 1130[µs]
...done.
trying to prove abstract safety...
Time needed for constructing transducer for unsafe property: 5[µs]
Time needed for constructing transducer for (initial, unsafe) pairs: 168[µs]
Time needed for constructing transducer for complement of (initial, unsafe) pairs: 316[µs]
Time needed for building union of complements of preach and (initial, unsafe)-transducer: 323[µs]
Time needed for checking universality using antichains-inclusion algorithm: 1866[µs]
Time needed for checking abstract safety: 2788[µs]
...done.
Result: [0]
This means that the following properties could be separated from the initial configurations:
	[]
While the following properties could not be separated from the initial configurations:
	[exclusiveexclusive]

real	0m0,299s
user	0m0,263s
sys	0m0,024s
********************
/home/jakob/Documents/abstracton/benchmarks/dodo/Berkeley.json
s
exclusiveexclusive
Running as unit: run-r4cc42894490e42b1ac85f4c315d51d3a.scope; invocation ID: a656a137f9234a4a80849dfa83bcb874
Time needed for parsing json file: 1855[µs]
alphabet size: 4
using Siphon interpretation
Time needed for constructing Siphon interpretation transducer: 852[µs]
computing ind...
Time needed for constructing complement of ind: 1464[µs]
Time needed for computing ind: 22632[µs]
Time needed for minimizing ind: 6898[µs]
Time needed for computing ind (total): 31051[µs]
automaton for ind has 5 states.
...done.
computing complement of preach...
Time needed for constructing identity on ind: 210[µs]
Time needed for computing product v_id of abstraction framework with identity on ind: 2643[µs]
Time needed for computing product of v_id with complement of abstraction framework: 646[µs]
Time needed for computing complement of preach: 4213[µs]
automaton for complement of preach has 5 states.
...of which, 2 states are at level 0.
Time needed for trimming complement of preach: 20[µs]
...done.
trying to prove abstract safety...
Time needed for constructing transducer for unsafe property: 5[µs]
Time needed for constructing transducer for (initial, unsafe) pairs: 130[µs]
Time needed for constructing transducer for complement of (initial, unsafe) pairs: 276[µs]
Time needed for building union of complements of preach and (initial, unsafe)-transducer: 48[µs]
Time needed for checking universality using antichains-inclusion algorithm: 141[µs]
Time needed for checking abstract safety: 644[µs]
...done.
Result: [0]
This means that the following properties could be separated from the initial configurations:
	[]
While the following properties could not be separated from the initial configurations:
	[exclusiveexclusive]

real	0m0,061s
user	0m0,040s
sys	0m0,010s
********************
/home/jakob/Documents/abstracton/benchmarks/dodo/Berkeley.json
f
exclusiveexclusive
Running as unit: run-r4ceaf706516a48d49ce63153c2819927.scope; invocation ID: a16c26aa454343bfac91388e9c21ae11
Time needed for parsing json file: 1860[µs]
alphabet size: 4
using Flow interpretation
Time needed for constructing Flow interpretation transducer: 1849[µs]
computing ind...
Time needed for constructing complement of ind: 4414[µs]
Time needed for computing ind: 915883[µs]
Time needed for minimizing ind: 81396[µs]
Time needed for computing ind (total): 1001810[µs]
automaton for ind has 7 states.
...done.
computing complement of preach...
Time needed for constructing identity on ind: 259[µs]
Time needed for computing product v_id of abstraction framework with identity on ind: 4768[µs]
Time needed for computing product of v_id with complement of abstraction framework: 1185[µs]
Time needed for computing complement of preach: 7483[µs]
automaton for complement of preach has 5 states.
...of which, 2 states are at level 0.
Time needed for trimming complement of preach: 27[µs]
...done.
trying to prove abstract safety...
Time needed for constructing transducer for unsafe property: 5[µs]
Time needed for constructing transducer for (initial, unsafe) pairs: 167[µs]
Time needed for constructing transducer for complement of (initial, unsafe) pairs: 284[µs]
Time needed for building union of complements of preach and (initial, unsafe)-transducer: 49[µs]
Time needed for checking universality using antichains-inclusion algorithm: 152[µs]
Time needed for checking abstract safety: 701[µs]
...done.
Result: [0]
This means that the following properties could be separated from the initial configurations:
	[]
While the following properties could not be separated from the initial configurations:
	[exclusiveexclusive]

real	0m1,037s
user	0m1,013s
sys	0m0,011s
********************
1 of 61
/home/jakob/Documents/abstracton/benchmarks/dodo/Berkeley.json
t
exclusiveunowned
Running as unit: run-rfcfaaee2f32d45d2af672fd04cd61e9f.scope; invocation ID: 69cef7da52ae4da0a0b7c6a483200f3b
Time needed for parsing json file: 2015[µs]
alphabet size: 4
using Trap interpretation
Time needed for constructing Trap interpretation transducer: 2188[µs]
computing ind...
Time needed for constructing complement of ind: 4449[µs]
Time needed for computing ind: 164723[µs]
Time needed for minimizing ind: 15947[µs]
Time needed for computing ind (total): 185224[µs]
automaton for ind has 10 states.
...done.
computing complement of preach...
Time needed for constructing identity on ind: 371[µs]
Time needed for computing product v_id of abstraction framework with identity on ind: 16117[µs]
Time needed for computing product of v_id with complement of abstraction framework: 64808[µs]
Time needed for computing complement of preach: 82665[µs]
automaton for complement of preach has 462 states.
...of which, 14 states are at level 0.
Time needed for trimming complement of preach: 1059[µs]
...done.
trying to prove abstract safety...
Time needed for constructing transducer for unsafe property: 7[µs]
Time needed for constructing transducer for (initial, unsafe) pairs: 182[µs]
Time needed for constructing transducer for complement of (initial, unsafe) pairs: 404[µs]
Time needed for building union of complements of preach and (initial, unsafe)-transducer: 329[µs]
Time needed for checking universality using antichains-inclusion algorithm: 1886[µs]
Time needed for checking abstract safety: 2925[µs]
...done.
Result: [1]
This means that the following properties could be separated from the initial configurations:
	[exclusiveunowned]
While the following properties could not be separated from the initial configurations:
	[]

real	0m0,301s
user	0m0,266s
sys	0m0,023s
********************
/home/jakob/Documents/abstracton/benchmarks/dodo/Berkeley.json
s
exclusiveunowned
Running as unit: run-rfbc95d8ae8d341a7b980661f69929d29.scope; invocation ID: 77028794063b4a4fa98184d95ae97bf6
Time needed for parsing json file: 2161[µs]
alphabet size: 4
using Siphon interpretation
Time needed for constructing Siphon interpretation transducer: 973[µs]
computing ind...
Time needed for constructing complement of ind: 1545[µs]
Time needed for computing ind: 24417[µs]
Time needed for minimizing ind: 7403[µs]
Time needed for computing ind (total): 33434[µs]
automaton for ind has 5 states.
...done.
computing complement of preach...
Time needed for constructing identity on ind: 196[µs]
Time needed for computing product v_id of abstraction framework with identity on ind: 2649[µs]
Time needed for computing product of v_id with complement of abstraction framework: 685[µs]
Time needed for computing complement of preach: 4308[µs]
automaton for complement of preach has 5 states.
...of which, 2 states are at level 0.
Time needed for trimming complement of preach: 22[µs]
...done.
trying to prove abstract safety...
Time needed for constructing transducer for unsafe property: 7[µs]
Time needed for constructing transducer for (initial, unsafe) pairs: 155[µs]
Time needed for constructing transducer for complement of (initial, unsafe) pairs: 349[µs]
Time needed for building union of complements of preach and (initial, unsafe)-transducer: 57[µs]
Time needed for checking universality using antichains-inclusion algorithm: 204[µs]
Time needed for checking abstract safety: 845[µs]
...done.
Result: [0]
This means that the following properties could be separated from the initial configurations:
	[]
While the following properties could not be separated from the initial configurations:
	[exclusiveunowned]

real	0m0,069s
user	0m0,043s
sys	0m0,010s
********************
/home/jakob/Documents/abstracton/benchmarks/dodo/Berkeley.json
f
exclusiveunowned
Running as unit: run-r85af7f5030134b559a6a82a147c40e6a.scope; invocation ID: 75e4a33fa64d405aaceaeeef2211f0d1
Time needed for parsing json file: 1875[µs]
alphabet size: 4
using Flow interpretation
Time needed for constructing Flow interpretation transducer: 2007[µs]
computing ind...
Time needed for constructing complement of ind: 4535[µs]
Time needed for computing ind: 986717[µs]
Time needed for minimizing ind: 83471[µs]
Time needed for computing ind (total): 1074869[µs]
automaton for ind has 7 states.
...done.
computing complement of preach...
Time needed for constructing identity on ind: 269[µs]
Time needed for computing product v_id of abstraction framework with identity on ind: 5498[µs]
Time needed for computing product of v_id with complement of abstraction framework: 1315[µs]
Time needed for computing complement of preach: 8456[µs]
automaton for complement of preach has 5 states.
...of which, 2 states are at level 0.
Time needed for trimming complement of preach: 29[µs]
...done.
trying to prove abstract safety...
Time needed for constructing transducer for unsafe property: 7[µs]
Time needed for constructing transducer for (initial, unsafe) pairs: 215[µs]
Time needed for constructing transducer for complement of (initial, unsafe) pairs: 383[µs]
Time needed for building union of complements of preach and (initial, unsafe)-transducer: 61[µs]
Time needed for checking universality using antichains-inclusion algorithm: 171[µs]
Time needed for checking abstract safety: 891[µs]
...done.
Result: [0]
This means that the following properties could be separated from the initial configurations:
	[]
While the following properties could not be separated from the initial configurations:
	[exclusiveunowned]

real	0m1,113s
user	0m1,084s
sys	0m0,014s
********************
2 of 61
/home/jakob/Documents/abstracton/benchmarks/dodo/Berkeley.json
t
exclusivenonexclusive
Running as unit: run-r2bb06b42b6054da5a5c09d08cf4488dd.scope; invocation ID: bdae306ce4ce49bbbc10c085964ce8c2
Time needed for parsing json file: 2003[µs]
alphabet size: 4
using Trap interpretation
Time needed for constructing Trap interpretation transducer: 2307[µs]
computing ind...
Time needed for constructing complement of ind: 4574[µs]
Time needed for computing ind: 172201[µs]
Time needed for minimizing ind: 20501[µs]
Time needed for computing ind (total): 197431[µs]
automaton for ind has 10 states.
...done.
computing complement of preach...
Time needed for constructing identity on ind: 436[µs]
Time needed for computing product v_id of abstraction framework with identity on ind: 18402[µs]
Time needed for computing product of v_id with complement of abstraction framework: 94680[µs]
Time needed for computing complement of preach: 115510[µs]
automaton for complement of preach has 462 states.
...of which, 14 states are at level 0.
Time needed for trimming complement of preach: 1168[µs]
...done.
trying to prove abstract safety...
Time needed for constructing transducer for unsafe property: 8[µs]
Time needed for constructing transducer for (initial, unsafe) pairs: 208[µs]
Time needed for constructing transducer for complement of (initial, unsafe) pairs: 430[µs]
Time needed for building union of complements of preach and (initial, unsafe)-transducer: 380[µs]
Time needed for checking universality using antichains-inclusion algorithm: 2596[µs]
Time needed for checking abstract safety: 3741[µs]
...done.
Result: [1]
This means that the following properties could be separated from the initial configurations:
	[exclusivenonexclusive]
While the following properties could not be separated from the initial configurations:
	[]

real	0m0,350s
user	0m0,312s
sys	0m0,024s
********************
/home/jakob/Documents/abstracton/benchmarks/dodo/Berkeley.json
s
exclusivenonexclusive
Running as unit: run-rb5f321af0b384ccfab166affcd31c671.scope; invocation ID: 8efb842a31a04721bf28dc07eaf6e2ec
Time needed for parsing json file: 2010[µs]
alphabet size: 4
using Siphon interpretation
Time needed for constructing Siphon interpretation transducer: 899[µs]
computing ind...
Time needed for constructing complement of ind: 1488[µs]
Time needed for computing ind: 24097[µs]
Time needed for minimizing ind: 7037[µs]
Time needed for computing ind (total): 32685[µs]
automaton for ind has 5 states.
...done.
computing complement of preach...
Time needed for constructing identity on ind: 197[µs]
Time needed for computing product v_id of abstraction framework with identity on ind: 2773[µs]
Time needed for computing product of v_id with complement of abstraction framework: 754[µs]
Time needed for computing complement of preach: 4580[µs]
automaton for complement of preach has 5 states.
...of which, 2 states are at level 0.
Time needed for trimming complement of preach: 57[µs]
...done.
trying to prove abstract safety...
Time needed for constructing transducer for unsafe property: 7[µs]
Time needed for constructing transducer for (initial, unsafe) pairs: 157[µs]
Time needed for constructing transducer for complement of (initial, unsafe) pairs: 358[µs]
Time needed for building union of complements of preach and (initial, unsafe)-transducer: 62[µs]
Time needed for checking universality using antichains-inclusion algorithm: 164[µs]
Time needed for checking abstract safety: 797[µs]
...done.
Result: [0]
This means that the following properties could be separated from the initial configurations:
	[]
While the following properties could not be separated from the initial configurations:
	[exclusivenonexclusive]

real	0m0,073s
user	0m0,044s
sys	0m0,010s
********************
/home/jakob/Documents/abstracton/benchmarks/dodo/Berkeley.json
f
exclusivenonexclusive
Running as unit: run-r0594e35a11864df5bb3dc840517b4e9b.scope; invocation ID: b507d8d289a1481ab129895b86422043
Time needed for parsing json file: 3187[µs]
alphabet size: 4
using Flow interpretation
Time needed for constructing Flow interpretation transducer: 3465[µs]
computing ind...
Time needed for constructing complement of ind: 4919[µs]
Time needed for computing ind: 1048598[µs]
Time needed for minimizing ind: 96942[µs]
Time needed for computing ind (total): 1150613[µs]
automaton for ind has 7 states.
...done.
computing complement of preach...
Time needed for constructing identity on ind: 274[µs]
Time needed for computing product v_id of abstraction framework with identity on ind: 5382[µs]
Time needed for computing product of v_id with complement of abstraction framework: 1407[µs]
Time needed for computing complement of preach: 8554[µs]
automaton for complement of preach has 5 states.
...of which, 2 states are at level 0.
Time needed for trimming complement of preach: 29[µs]
...done.
trying to prove abstract safety...
Time needed for constructing transducer for unsafe property: 7[µs]
Time needed for constructing transducer for (initial, unsafe) pairs: 253[µs]
Time needed for constructing transducer for complement of (initial, unsafe) pairs: 417[µs]
Time needed for building union of complements of preach and (initial, unsafe)-transducer: 70[µs]
Time needed for checking universality using antichains-inclusion algorithm: 222[µs]
Time needed for checking abstract safety: 1066[µs]
...done.
Result: [0]
This means that the following properties could be separated from the initial configurations:
	[]
While the following properties could not be separated from the initial configurations:
	[exclusivenonexclusive]

real	0m1,197s
user	0m1,163s
sys	0m0,015s
********************
3 of 61
/home/jakob/Documents/abstracton/benchmarks/dodo/Berkeley.json
t
deadlock
Running as unit: run-rb5d68e014ea74b83a9c9f2acc42f5686.scope; invocation ID: ab4dffafd06f45e88a94479ba6e10f60
Time needed for parsing json file: 2019[µs]
alphabet size: 4
using Trap interpretation
Time needed for constructing Trap interpretation transducer: 2190[µs]
computing ind...
Time needed for constructing complement of ind: 4313[µs]
Time needed for computing ind: 180364[µs]
Time needed for minimizing ind: 18862[µs]
Time needed for computing ind (total): 203650[µs]
automaton for ind has 10 states.
...done.
computing complement of preach...
Time needed for constructing identity on ind: 395[µs]
Time needed for computing product v_id of abstraction framework with identity on ind: 20356[µs]
Time needed for computing product of v_id with complement of abstraction framework: 69931[µs]
Time needed for computing complement of preach: 92390[µs]
automaton for complement of preach has 462 states.
...of which, 14 states are at level 0.
Time needed for trimming complement of preach: 1080[µs]
...done.
trying to prove abstract safety...
Time needed for constructing transducer for unsafe property: 14[µs]
Time needed for constructing transducer for (initial, unsafe) pairs: 169[µs]
Time needed for constructing transducer for complement of (initial, unsafe) pairs: 43[µs]
Time needed for building union of complements of preach and (initial, unsafe)-transducer: 299[µs]
Time needed for checking universality using antichains-inclusion algorithm: 1272[µs]
Time needed for checking abstract safety: 1889[µs]
...done.
Result: [1]
This means that the following properties could be separated from the initial configurations:
	[deadlock]
While the following properties could not be separated from the initial configurations:
	[]

real	0m0,336s
user	0m0,295s
sys	0m0,021s
********************
/home/jakob/Documents/abstracton/benchmarks/dodo/Berkeley.json
s
deadlock
Running as unit: run-r0502186a7d2c4857ade56f99c8a911de.scope; invocation ID: 149637de8e5644128a4b5c42feaeed14
Time needed for parsing json file: 1869[µs]
alphabet size: 4
using Siphon interpretation
Time needed for constructing Siphon interpretation transducer: 853[µs]
computing ind...
Time needed for constructing complement of ind: 1479[µs]
Time needed for computing ind: 24039[µs]
Time needed for minimizing ind: 7341[µs]
Time needed for computing ind (total): 32952[µs]
automaton for ind has 5 states.
...done.
computing complement of preach...
Time needed for constructing identity on ind: 211[µs]
Time needed for computing product v_id of abstraction framework with identity on ind: 2952[µs]
Time needed for computing product of v_id with complement of abstraction framework: 747[µs]
Time needed for computing complement of preach: 4742[µs]
automaton for complement of preach has 5 states.
...of which, 2 states are at level 0.
Time needed for trimming complement of preach: 25[µs]
...done.
trying to prove abstract safety...
Time needed for constructing transducer for unsafe property: 13[µs]
Time needed for constructing transducer for (initial, unsafe) pairs: 152[µs]
Time needed for constructing transducer for complement of (initial, unsafe) pairs: 41[µs]
Time needed for building union of complements of preach and (initial, unsafe)-transducer: 32[µs]
Time needed for checking universality using antichains-inclusion algorithm: 85[µs]
Time needed for checking abstract safety: 388[µs]
...done.
Result: [1]
This means that the following properties could be separated from the initial configurations:
	[deadlock]
While the following properties could not be separated from the initial configurations:
	[]

real	0m0,068s
user	0m0,042s
sys	0m0,010s
********************
/home/jakob/Documents/abstracton/benchmarks/dodo/Berkeley.json
f
deadlock
Running as unit: run-r7cd5315c58274a3a920deb48610f07e4.scope; invocation ID: b4f4e2e23ec54b40a3ec1d62106dbd4c
Time needed for parsing json file: 2093[µs]
alphabet size: 4
using Flow interpretation
Time needed for constructing Flow interpretation transducer: 2036[µs]
computing ind...
Time needed for constructing complement of ind: 4989[µs]
Time needed for computing ind: 907273[µs]
Time needed for minimizing ind: 98926[µs]
Time needed for computing ind (total): 1011374[µs]
automaton for ind has 7 states.
...done.
computing complement of preach...
Time needed for constructing identity on ind: 512[µs]
Time needed for computing product v_id of abstraction framework with identity on ind: 6651[µs]
Time needed for computing product of v_id with complement of abstraction framework: 1386[µs]
Time needed for computing complement of preach: 11050[µs]
automaton for complement of preach has 5 states.
...of which, 2 states are at level 0.
Time needed for trimming complement of preach: 36[µs]
...done.
trying to prove abstract safety...
Time needed for constructing transducer for unsafe property: 13[µs]
Time needed for constructing transducer for (initial, unsafe) pairs: 155[µs]
Time needed for constructing transducer for complement of (initial, unsafe) pairs: 45[µs]
Time needed for building union of complements of preach and (initial, unsafe)-transducer: 33[µs]
Time needed for checking universality using antichains-inclusion algorithm: 91[µs]
Time needed for checking abstract safety: 396[µs]
...done.
Result: [1]
This means that the following properties could be separated from the initial configurations:
	[deadlock]
While the following properties could not be separated from the initial configurations:
	[]

real	0m1,046s
user	0m1,025s
sys	0m0,015s
********************
4 of 61
/home/jakob/Documents/abstracton/benchmarks/dodo/Burns.json
t
nomutex
Running as unit: run-r44f407074aa448569a2429e27a39886a.scope; invocation ID: a188d2d0819e4e2db5b2e41efbd28784
Time needed for parsing json file: 10268[µs]
alphabet size: 6
using Trap interpretation
Time needed for constructing Trap interpretation transducer: 18372[µs]
computing ind...
Time needed for constructing complement of ind: 11546[µs]
Time needed for computing ind: 200765[µs]
Time needed for minimizing ind: 31286[µs]
Time needed for computing ind (total): 243789[µs]
automaton for ind has 7 states.
...done.
computing complement of preach...
Time needed for constructing identity on ind: 1162[µs]
Time needed for computing product v_id of abstraction framework with identity on ind: 74313[µs]
Time needed for computing product of v_id with complement of abstraction framework: 346159[µs]
Time needed for computing complement of preach: 427695[µs]
automaton for complement of preach has 410 states.
...of which, 8 states are at level 0.
Time needed for trimming complement of preach: 1253[µs]
...done.
trying to prove abstract safety...
Time needed for constructing transducer for unsafe property: 7[µs]
Time needed for constructing transducer for (initial, unsafe) pairs: 194[µs]
Time needed for constructing transducer for complement of (initial, unsafe) pairs: 444[µs]
Time needed for building union of complements of preach and (initial, unsafe)-transducer: 422[µs]
Time needed for checking universality using antichains-inclusion algorithm: 2274[µs]
Time needed for checking abstract safety: 3473[µs]
...done.
Result: [1]
This means that the following properties could be separated from the initial configurations:
	[nomutex]
While the following properties could not be separated from the initial configurations:
	[]

real	0m0,742s
user	0m0,649s
sys	0m0,065s
********************
/home/jakob/Documents/abstracton/benchmarks/dodo/Burns.json
s
nomutex
Running as unit: run-r354cc684db464deaa53526a65f839204.scope; invocation ID: ea6a0dd8696d4dac8fb9d94443a4c87d
Time needed for parsing json file: 1600[µs]
alphabet size: 6
using Siphon interpretation
Time needed for constructing Siphon interpretation transducer: 4022[µs]
computing ind...
Time needed for constructing complement of ind: 4381[µs]
Time needed for computing ind: 17766[µs]
Time needed for minimizing ind: 7638[µs]
Time needed for computing ind (total): 29871[µs]
automaton for ind has 3 states.
...done.
computing complement of preach...
Time needed for constructing identity on ind: 558[µs]
Time needed for computing product v_id of abstraction framework with identity on ind: 9081[µs]
Time needed for computing product of v_id with complement of abstraction framework: 1104[µs]
Time needed for computing complement of preach: 13595[µs]
automaton for complement of preach has 0 states.
...of which, 0 states are at level 0.
Time needed for trimming complement of preach: 5[µs]
...done.
trying to prove abstract safety...
Time needed for constructing transducer for unsafe property: 11[µs]
Time needed for constructing transducer for (initial, unsafe) pairs: 191[µs]
Time needed for constructing transducer for complement of (initial, unsafe) pairs: 405[µs]
Time needed for building union of complements of preach and (initial, unsafe)-transducer: 69[µs]
Time needed for checking universality using antichains-inclusion algorithm: 148[µs]
Time needed for checking abstract safety: 884[µs]
...done.
Result: [0]
This means that the following properties could be separated from the initial configurations:
	[]
While the following properties could not be separated from the initial configurations:
	[nomutex]

real	0m0,076s
user	0m0,049s
sys	0m0,014s
********************
/home/jakob/Documents/abstracton/benchmarks/dodo/Burns.json
f
nomutex
Running as unit: run-r8077407b81454630b234996ab1d49182.scope; invocation ID: 647a34e7f8bf4e2baad43606022a3435
Time needed for parsing json file: 1677[µs]
alphabet size: 6
using Flow interpretation
Time needed for constructing Flow interpretation transducer: 10644[µs]
computing ind...
Time needed for constructing complement of ind: 11082[µs]
Time needed for computing ind: 505804[µs]
Time needed for minimizing ind: 80818[µs]
Time needed for computing ind (total): 597885[µs]
automaton for ind has 5 states.
...done.
computing complement of preach...
Time needed for constructing identity on ind: 852[µs]
Time needed for computing product v_id of abstraction framework with identity on ind: 23831[µs]
Time needed for computing product of v_id with complement of abstraction framework: 1991[µs]
Time needed for computing complement of preach: 34940[µs]
automaton for complement of preach has 0 states.
...of which, 0 states are at level 0.
Time needed for trimming complement of preach: 8[µs]
...done.
trying to prove abstract safety...
Time needed for constructing transducer for unsafe property: 7[µs]
Time needed for constructing transducer for (initial, unsafe) pairs: 239[µs]
Time needed for constructing transducer for complement of (initial, unsafe) pairs: 465[µs]
Time needed for building union of complements of preach and (initial, unsafe)-transducer: 70[µs]
Time needed for checking universality using antichains-inclusion algorithm: 143[µs]
Time needed for checking abstract safety: 1014[µs]
...done.
Result: [0]
This means that the following properties could be separated from the initial configurations:
	[]
While the following properties could not be separated from the initial configurations:
	[nomutex]

real	0m0,677s
user	0m0,641s
sys	0m0,019s
********************
5 of 61
/home/jakob/Documents/abstracton/benchmarks/dodo/Burns.json
t
deadlock
Running as unit: run-r25b88ca768be47a5a6ae3abea36e4bdb.scope; invocation ID: 6a75d44440154e8aa3e272769223a10b
Time needed for parsing json file: 1508[µs]
alphabet size: 6
using Trap interpretation
Time needed for constructing Trap interpretation transducer: 12487[µs]
computing ind...
Time needed for constructing complement of ind: 11068[µs]
Time needed for computing ind: 176299[µs]
Time needed for minimizing ind: 31113[µs]
Time needed for computing ind (total): 218643[µs]
automaton for ind has 7 states.
...done.
computing complement of preach...
Time needed for constructing identity on ind: 1114[µs]
Time needed for computing product v_id of abstraction framework with identity on ind: 64773[µs]
Time needed for computing product of v_id with complement of abstraction framework: 305610[µs]
Time needed for computing complement of preach: 377185[µs]
automaton for complement of preach has 410 states.
...of which, 8 states are at level 0.
Time needed for trimming complement of preach: 1410[µs]
...done.
trying to prove abstract safety...
Time needed for constructing transducer for unsafe property: 14[µs]
Time needed for constructing transducer for (initial, unsafe) pairs: 145[µs]
Time needed for constructing transducer for complement of (initial, unsafe) pairs: 69[µs]
Time needed for building union of complements of preach and (initial, unsafe)-transducer: 395[µs]
Time needed for checking universality using antichains-inclusion algorithm: 2181[µs]
Time needed for checking abstract safety: 2976[µs]
...done.
Result: [1]
This means that the following properties could be separated from the initial configurations:
	[deadlock]
While the following properties could not be separated from the initial configurations:
	[]

real	0m0,647s
user	0m0,578s
sys	0m0,055s
********************
/home/jakob/Documents/abstracton/benchmarks/dodo/Burns.json
s
deadlock
Running as unit: run-r9da9346eb38e4a2c85bdfdfb82391bdc.scope; invocation ID: 274d9d66725840c3ac68534646bf3d11
Time needed for parsing json file: 1567[µs]
alphabet size: 6
using Siphon interpretation
Time needed for constructing Siphon interpretation transducer: 4410[µs]
computing ind...
Time needed for constructing complement of ind: 4334[µs]
Time needed for computing ind: 16911[µs]
Time needed for minimizing ind: 7311[µs]
Time needed for computing ind (total): 28666[µs]
automaton for ind has 3 states.
...done.
computing complement of preach...
Time needed for constructing identity on ind: 530[µs]
Time needed for computing product v_id of abstraction framework with identity on ind: 8360[µs]
Time needed for computing product of v_id with complement of abstraction framework: 986[µs]
Time needed for computing complement of preach: 12845[µs]
automaton for complement of preach has 0 states.
...of which, 0 states are at level 0.
Time needed for trimming complement of preach: 5[µs]
...done.
trying to prove abstract safety...
Time needed for constructing transducer for unsafe property: 10[µs]
Time needed for constructing transducer for (initial, unsafe) pairs: 160[µs]
Time needed for constructing transducer for complement of (initial, unsafe) pairs: 59[µs]
Time needed for building union of complements of preach and (initial, unsafe)-transducer: 48[µs]
Time needed for checking universality using antichains-inclusion algorithm: 96[µs]
Time needed for checking abstract safety: 444[µs]
...done.
Result: [1]
This means that the following properties could be separated from the initial configurations:
	[deadlock]
While the following properties could not be separated from the initial configurations:
	[]

real	0m0,071s
user	0m0,048s
sys	0m0,012s
********************
/home/jakob/Documents/abstracton/benchmarks/dodo/Burns.json
f
deadlock
Running as unit: run-rf1fa0aaf5c1b4e97a7614b884a03381f.scope; invocation ID: aa3785dc72044c60b52191425585d994
Time needed for parsing json file: 1564[µs]
alphabet size: 6
using Flow interpretation
Time needed for constructing Flow interpretation transducer: 14054[µs]
computing ind...
Time needed for constructing complement of ind: 10826[µs]
Time needed for computing ind: 512908[µs]
Time needed for minimizing ind: 76586[µs]
Time needed for computing ind (total): 600480[µs]
automaton for ind has 5 states.
...done.
computing complement of preach...
Time needed for constructing identity on ind: 714[µs]
Time needed for computing product v_id of abstraction framework with identity on ind: 22270[µs]
Time needed for computing product of v_id with complement of abstraction framework: 1870[µs]
Time needed for computing complement of preach: 31583[µs]
automaton for complement of preach has 0 states.
...of which, 0 states are at level 0.
Time needed for trimming complement of preach: 5[µs]
...done.
trying to prove abstract safety...
Time needed for constructing transducer for unsafe property: 18[µs]
Time needed for constructing transducer for (initial, unsafe) pairs: 152[µs]
Time needed for constructing transducer for complement of (initial, unsafe) pairs: 46[µs]
Time needed for building union of complements of preach and (initial, unsafe)-transducer: 34[µs]
Time needed for checking universality using antichains-inclusion algorithm: 69[µs]
Time needed for checking abstract safety: 372[µs]
...done.
Result: [1]
This means that the following properties could be separated from the initial configurations:
	[deadlock]
While the following properties could not be separated from the initial configurations:
	[]

real	0m0,679s
user	0m0,649s
sys	0m0,014s
********************
6 of 61
/home/jakob/Documents/abstracton/benchmarks/dodo/Dijkstra-Scholten.json
t
twob
Running as unit: run-r3ed79962b70c4ad8943cb17ce37521ff.scope; invocation ID: b0ee4bf8151e4b9994c58c626c4789a4
Time needed for parsing json file: 9881[µs]
alphabet size: 4
using Trap interpretation
Time needed for constructing Trap interpretation transducer: 2564[µs]
computing ind...
Time needed for constructing complement of ind: 1499[µs]
Time needed for computing ind: 29283[µs]
Time needed for minimizing ind: 8464[µs]
Time needed for computing ind (total): 39372[µs]
automaton for ind has 8 states.
...done.
computing complement of preach...
Time needed for constructing identity on ind: 323[µs]
Time needed for computing product v_id of abstraction framework with identity on ind: 18485[µs]
Time needed for computing product of v_id with complement of abstraction framework: 64118[µs]
Time needed for computing complement of preach: 84448[µs]
automaton for complement of preach has 428 states.
...of which, 12 states are at level 0.
Time needed for trimming complement of preach: 874[µs]
...done.
trying to prove abstract safety...
Time needed for constructing transducer for unsafe property: 8[µs]
Time needed for constructing transducer for (initial, unsafe) pairs: 174[µs]
Time needed for constructing transducer for complement of (initial, unsafe) pairs: 348[µs]
Time needed for building union of complements of preach and (initial, unsafe)-transducer: 362[µs]
Time needed for checking universality using antichains-inclusion algorithm: 2236[µs]
Time needed for checking abstract safety: 3287[µs]
...done.
Result: [1]
This means that the following properties could be separated from the initial configurations:
	[twob]
While the following properties could not be separated from the initial configurations:
	[]

real	0m0,171s
user	0m0,124s
sys	0m0,021s
********************
/home/jakob/Documents/abstracton/benchmarks/dodo/Dijkstra-Scholten.json
s
twob
Running as unit: run-r9f855175ed904737bf1687b0cb53b70c.scope; invocation ID: a5f373a0462441d39ab3168dec74a28a
Time needed for parsing json file: 1260[µs]
alphabet size: 4
using Siphon interpretation
Time needed for constructing Siphon interpretation transducer: 900[µs]
computing ind...
Time needed for constructing complement of ind: 528[µs]
Time needed for computing ind: 2991[µs]
Time needed for minimizing ind: 2513[µs]
Time needed for computing ind (total): 6101[µs]
automaton for ind has 8 states.
...done.
computing complement of preach...
Time needed for constructing identity on ind: 426[µs]
Time needed for computing product v_id of abstraction framework with identity on ind: 5092[µs]
Time needed for computing product of v_id with complement of abstraction framework: 7329[µs]
Time needed for computing complement of preach: 13739[µs]
automaton for complement of preach has 222 states.
...of which, 12 states are at level 0.
Time needed for trimming complement of preach: 627[µs]
...done.
trying to prove abstract safety...
Time needed for constructing transducer for unsafe property: 10[µs]
Time needed for constructing transducer for (initial, unsafe) pairs: 158[µs]
Time needed for constructing transducer for complement of (initial, unsafe) pairs: 317[µs]
Time needed for building union of complements of preach and (initial, unsafe)-transducer: 249[µs]
Time needed for checking universality using antichains-inclusion algorithm: 1086[µs]
Time needed for checking abstract safety: 1949[µs]
...done.
Result: [0]
This means that the following properties could be separated from the initial configurations:
	[]
While the following properties could not be separated from the initial configurations:
	[twob]

real	0m0,055s
user	0m0,023s
sys	0m0,013s
********************
/home/jakob/Documents/abstracton/benchmarks/dodo/Dijkstra-Scholten.json
f
twob
Running as unit: run-r3c37fbead1854209beda3acd960ad214.scope; invocation ID: 164dd7d281c446afbd1ea1e8ecf36453
Time needed for parsing json file: 1108[µs]
alphabet size: 4
using Flow interpretation
Time needed for constructing Flow interpretation transducer: 2204[µs]
computing ind...
Time needed for constructing complement of ind: 1462[µs]
Time needed for computing ind: 81086[µs]
Time needed for minimizing ind: 22912[µs]
Time needed for computing ind (total): 105591[µs]
automaton for ind has 23 states.
...done.
computing complement of preach...
Time needed for constructing identity on ind: 938[µs]
Time needed for computing product v_id of abstraction framework with identity on ind: 29358[µs]
Time needed for computing product of v_id with complement of abstraction framework: 33652[µs]
Time needed for computing complement of preach: 65816[µs]
automaton for complement of preach has 1114 states.
...of which, 65 states are at level 0.
Time needed for trimming complement of preach: 3164[µs]
...done.
trying to prove abstract safety...
Time needed for constructing transducer for unsafe property: 6[µs]
Time needed for constructing transducer for (initial, unsafe) pairs: 149[µs]
Time needed for constructing transducer for complement of (initial, unsafe) pairs: 293[µs]
Time needed for building union of complements of preach and (initial, unsafe)-transducer: 960[µs]
Time needed for checking universality using antichains-inclusion algorithm: 5679[µs]
Time needed for checking abstract safety: 7544[µs]
...done.
Result: [1]
This means that the following properties could be separated from the initial configurations:
	[twob]
While the following properties could not be separated from the initial configurations:
	[]

real	0m0,215s
user	0m0,182s
sys	0m0,014s
********************
7 of 61
/home/jakob/Documents/abstracton/benchmarks/dodo/Dijkstra-Scholten.json
t
twod
Running as unit: run-r03ff1cc5a5164641b65a6ab3fca2c44e.scope; invocation ID: 4e588792e9224cf88c25b9d11e87531b
Time needed for parsing json file: 1297[µs]
alphabet size: 4
using Trap interpretation
Time needed for constructing Trap interpretation transducer: 2416[µs]
computing ind...
Time needed for constructing complement of ind: 1430[µs]
Time needed for computing ind: 26737[µs]
Time needed for minimizing ind: 9759[µs]
Time needed for computing ind (total): 38015[µs]
automaton for ind has 8 states.
...done.
computing complement of preach...
Time needed for constructing identity on ind: 306[µs]
Time needed for computing product v_id of abstraction framework with identity on ind: 15435[µs]
Time needed for computing product of v_id with complement of abstraction framework: 68779[µs]
Time needed for computing complement of preach: 86168[µs]
automaton for complement of preach has 428 states.
...of which, 12 states are at level 0.
Time needed for trimming complement of preach: 983[µs]
...done.
trying to prove abstract safety...
Time needed for constructing transducer for unsafe property: 6[µs]
Time needed for constructing transducer for (initial, unsafe) pairs: 172[µs]
Time needed for constructing transducer for complement of (initial, unsafe) pairs: 343[µs]
Time needed for building union of complements of preach and (initial, unsafe)-transducer: 348[µs]
Time needed for checking universality using antichains-inclusion algorithm: 2666[µs]
Time needed for checking abstract safety: 3686[µs]
...done.
Result: [1]
This means that the following properties could be separated from the initial configurations:
	[twod]
While the following properties could not be separated from the initial configurations:
	[]

real	0m0,156s
user	0m0,126s
sys	0m0,019s
********************
/home/jakob/Documents/abstracton/benchmarks/dodo/Dijkstra-Scholten.json
s
twod
Running as unit: run-rbe2b0d2a82974ce2a6ccfa521e62b956.scope; invocation ID: 12a3a74d89504096bcdba1932f9879f8
Time needed for parsing json file: 1321[µs]
alphabet size: 4
using Siphon interpretation
Time needed for constructing Siphon interpretation transducer: 999[µs]
computing ind...
Time needed for constructing complement of ind: 535[µs]
Time needed for computing ind: 3225[µs]
Time needed for minimizing ind: 2431[µs]
Time needed for computing ind (total): 6261[µs]
automaton for ind has 8 states.
...done.
computing complement of preach...
Time needed for constructing identity on ind: 461[µs]
Time needed for computing product v_id of abstraction framework with identity on ind: 5271[µs]
Time needed for computing product of v_id with complement of abstraction framework: 7431[µs]
Time needed for computing complement of preach: 14009[µs]
automaton for complement of preach has 222 states.
...of which, 12 states are at level 0.
Time needed for trimming complement of preach: 619[µs]
...done.
trying to prove abstract safety...
Time needed for constructing transducer for unsafe property: 10[µs]
Time needed for constructing transducer for (initial, unsafe) pairs: 161[µs]
Time needed for constructing transducer for complement of (initial, unsafe) pairs: 317[µs]
Time needed for building union of complements of preach and (initial, unsafe)-transducer: 269[µs]
Time needed for checking universality using antichains-inclusion algorithm: 1104[µs]
Time needed for checking abstract safety: 1987[µs]
...done.
Result: [0]
This means that the following properties could be separated from the initial configurations:
	[]
While the following properties could not be separated from the initial configurations:
	[twod]

real	0m0,053s
user	0m0,027s
sys	0m0,011s
********************
/home/jakob/Documents/abstracton/benchmarks/dodo/Dijkstra-Scholten.json
f
twod
Running as unit: run-ra4e1b885bd754334a725c02cc216affe.scope; invocation ID: b434ff52128c42cabc804230d9c7c0ba
Time needed for parsing json file: 1166[µs]
alphabet size: 4
using Flow interpretation
Time needed for constructing Flow interpretation transducer: 2025[µs]
computing ind...
Time needed for constructing complement of ind: 1375[µs]
Time needed for computing ind: 71586[µs]
Time needed for minimizing ind: 23027[µs]
Time needed for computing ind (total): 96109[µs]
automaton for ind has 23 states.
...done.
computing complement of preach...
Time needed for constructing identity on ind: 1351[µs]
Time needed for computing product v_id of abstraction framework with identity on ind: 34924[µs]
Time needed for computing product of v_id with complement of abstraction framework: 37913[µs]
Time needed for computing complement of preach: 76748[µs]
automaton for complement of preach has 1114 states.
...of which, 65 states are at level 0.
Time needed for trimming complement of preach: 3268[µs]
...done.
trying to prove abstract safety...
Time needed for constructing transducer for unsafe property: 6[µs]
Time needed for constructing transducer for (initial, unsafe) pairs: 170[µs]
Time needed for constructing transducer for complement of (initial, unsafe) pairs: 310[µs]
Time needed for building union of complements of preach and (initial, unsafe)-transducer: 999[µs]
Time needed for checking universality using antichains-inclusion algorithm: 5018[µs]
Time needed for checking abstract safety: 6943[µs]
...done.
Result: [1]
This means that the following properties could be separated from the initial configurations:
	[twod]
While the following properties could not be separated from the initial configurations:
	[]

real	0m0,216s
user	0m0,182s
sys	0m0,017s
********************
8 of 61
/home/jakob/Documents/abstracton/benchmarks/dodo/Dijkstra-Scholten.json
t
deadlock
Running as unit: run-r44d2424448a949d5b6bde749780f1873.scope; invocation ID: fbe3cdf3da334854891118df4adec944
Time needed for parsing json file: 1103[µs]
alphabet size: 4
using Trap interpretation
Time needed for constructing Trap interpretation transducer: 2545[µs]
computing ind...
Time needed for constructing complement of ind: 1383[µs]
Time needed for computing ind: 28707[µs]
Time needed for minimizing ind: 7403[µs]
Time needed for computing ind (total): 37591[µs]
automaton for ind has 8 states.
...done.
computing complement of preach...
Time needed for constructing identity on ind: 296[µs]
Time needed for computing product v_id of abstraction framework with identity on ind: 14652[µs]
Time needed for computing product of v_id with complement of abstraction framework: 62601[µs]
Time needed for computing complement of preach: 78892[µs]
automaton for complement of preach has 428 states.
...of which, 12 states are at level 0.
Time needed for trimming complement of preach: 933[µs]
...done.
trying to prove abstract safety...
Time needed for constructing transducer for unsafe property: 17[µs]
Time needed for constructing transducer for (initial, unsafe) pairs: 239[µs]
Time needed for constructing transducer for complement of (initial, unsafe) pairs: 445[µs]
Time needed for building union of complements of preach and (initial, unsafe)-transducer: 326[µs]
Time needed for checking universality using antichains-inclusion algorithm: 2708[µs]
Time needed for checking abstract safety: 3998[µs]
...done.
Result: [1]
This means that the following properties could be separated from the initial configurations:
	[deadlock]
While the following properties could not be separated from the initial configurations:
	[]

real	0m0,153s
user	0m0,119s
sys	0m0,017s
********************
/home/jakob/Documents/abstracton/benchmarks/dodo/Dijkstra-Scholten.json
s
deadlock
Running as unit: run-r1e7937f49ce54a4998588bbe27baf0ee.scope; invocation ID: cafd82d4735e4d5ca8bc8311793c6b9f
Time needed for parsing json file: 1338[µs]
alphabet size: 4
using Siphon interpretation
Time needed for constructing Siphon interpretation transducer: 1439[µs]
computing ind...
Time needed for constructing complement of ind: 1088[µs]
Time needed for computing ind: 4717[µs]
Time needed for minimizing ind: 2464[µs]
Time needed for computing ind (total): 8345[µs]
automaton for ind has 8 states.
...done.
computing complement of preach...
Time needed for constructing identity on ind: 476[µs]
Time needed for computing product v_id of abstraction framework with identity on ind: 5404[µs]
Time needed for computing product of v_id with complement of abstraction framework: 8288[µs]
Time needed for computing complement of preach: 15025[µs]
automaton for complement of preach has 222 states.
...of which, 12 states are at level 0.
Time needed for trimming complement of preach: 660[µs]
...done.
trying to prove abstract safety...
Time needed for constructing transducer for unsafe property: 14[µs]
Time needed for constructing transducer for (initial, unsafe) pairs: 270[µs]
Time needed for constructing transducer for complement of (initial, unsafe) pairs: 649[µs]
Time needed for building union of complements of preach and (initial, unsafe)-transducer: 260[µs]
Time needed for checking universality using antichains-inclusion algorithm: 1484[µs]
Time needed for checking abstract safety: 2805[µs]
...done.
Result: [0]
This means that the following properties could be separated from the initial configurations:
	[]
While the following properties could not be separated from the initial configurations:
	[deadlock]

real	0m0,054s
user	0m0,031s
sys	0m0,011s
********************
/home/jakob/Documents/abstracton/benchmarks/dodo/Dijkstra-Scholten.json
f
deadlock
Running as unit: run-rd0f65f28bea84ca9bdae7c7ea1ebf6e8.scope; invocation ID: e67c609b08ae4185985f4b0a5a03670e
Time needed for parsing json file: 1283[µs]
alphabet size: 4
using Flow interpretation
Time needed for constructing Flow interpretation transducer: 2112[µs]
computing ind...
Time needed for constructing complement of ind: 1449[µs]
Time needed for computing ind: 72795[µs]
Time needed for minimizing ind: 19372[µs]
Time needed for computing ind (total): 93734[µs]
automaton for ind has 23 states.
...done.
computing complement of preach...
Time needed for constructing identity on ind: 851[µs]
Time needed for computing product v_id of abstraction framework with identity on ind: 27029[µs]
Time needed for computing product of v_id with complement of abstraction framework: 32641[µs]
Time needed for computing complement of preach: 62377[µs]
automaton for complement of preach has 1114 states.
...of which, 65 states are at level 0.
Time needed for trimming complement of preach: 3031[µs]
...done.
trying to prove abstract safety...
Time needed for constructing transducer for unsafe property: 11[µs]
Time needed for constructing transducer for (initial, unsafe) pairs: 236[µs]
Time needed for constructing transducer for complement of (initial, unsafe) pairs: 414[µs]
Time needed for building union of complements of preach and (initial, unsafe)-transducer: 1019[µs]
Time needed for checking universality using antichains-inclusion algorithm: 6637[µs]
Time needed for checking abstract safety: 8727[µs]
...done.
Result: [1]
This means that the following properties could be separated from the initial configurations:
	[deadlock]
While the following properties could not be separated from the initial configurations:
	[]

real	0m0,197s
user	0m0,164s
sys	0m0,020s
********************
9 of 61
/home/jakob/Documents/abstracton/benchmarks/dodo/Dijkstra-ring.json
t
nomutex
Running as unit: run-rec4d15a60400470a90c97f06b41a2e55.scope; invocation ID: db8f1d7ed1d34b999e20787db2ffc9ea
Time needed for parsing json file: 15329[µs]
alphabet size: 12
using Trap interpretation
Time needed for constructing Trap interpretation transducer: 1641561[µs]
computing ind...
Time needed for constructing complement of ind: 2568573[µs]

real	20m0,228s
user	19m58,038s
sys	0m1,547s
********************
/home/jakob/Documents/abstracton/benchmarks/dodo/Dijkstra-ring.json
s
nomutex
Running as unit: run-r8200fa0bff0e4d23b25555e7ff036c6b.scope; invocation ID: 58984620817848d8b91a9b24b8712bf3
Time needed for parsing json file: 5947[µs]
alphabet size: 12
using Siphon interpretation
Time needed for constructing Siphon interpretation transducer: 448024[µs]
computing ind...
Time needed for constructing complement of ind: 847798[µs]
Time needed for computing ind: 122442596[µs]
Time needed for minimizing ind: 31164752[µs]
Time needed for computing ind (total): 154457717[µs]
automaton for ind has 14 states.
...done.
computing complement of preach...
Time needed for constructing identity on ind: 122831[µs]
Time needed for computing product v_id of abstraction framework with identity on ind: 9558474[µs]
Time needed for computing product of v_id with complement of abstraction framework: 744044[µs]
Time needed for computing complement of preach: 10734590[µs]
automaton for complement of preach has 4370 states.
...of which, 22 states are at level 0.
Time needed for trimming complement of preach: 27106[µs]
...done.
trying to prove abstract safety...
Time needed for constructing transducer for unsafe property: 10[µs]
Time needed for constructing transducer for (initial, unsafe) pairs: 273[µs]
Time needed for constructing transducer for complement of (initial, unsafe) pairs: 692[µs]
Time needed for building union of complements of preach and (initial, unsafe)-transducer: 9247[µs]
Time needed for checking universality using antichains-inclusion algorithm: 33835[µs]
Time needed for checking abstract safety: 46433[µs]
...done.
Result: [0]
This means that the following properties could be separated from the initial configurations:
	[]
While the following properties could not be separated from the initial configurations:
	[nomutex]

real	2m45,939s
user	2m44,355s
sys	0m1,458s
********************
/home/jakob/Documents/abstracton/benchmarks/dodo/Dijkstra-ring.json
f
nomutex
Running as unit: run-rd09dd4c4726f465d8492802fc226f173.scope; invocation ID: fd5575e6bcc341cdb086e3203ee9eb7c
Time needed for parsing json file: 5987[µs]
alphabet size: 12
using Flow interpretation
Time needed for constructing Flow interpretation transducer: 1252396[µs]
computing ind...
Time needed for constructing complement of ind: 2520211[µs]

real	20m0,224s
user	19m57,861s
sys	0m1,598s
********************
10 of 61
/home/jakob/Documents/abstracton/benchmarks/dodo/Dijkstra-ring.json
t
deadlock
Running as unit: run-rceefedb3e06f41daa2421d5711d9f601.scope; invocation ID: 2443cf265afb4744abfce618ff653df9
Time needed for parsing json file: 5936[µs]
alphabet size: 12
using Trap interpretation
Time needed for constructing Trap interpretation transducer: 1483285[µs]
computing ind...
Time needed for constructing complement of ind: 2496957[µs]

real	20m0,229s
user	19m57,829s
sys	0m1,634s
********************
/home/jakob/Documents/abstracton/benchmarks/dodo/Dijkstra-ring.json
s
deadlock
Running as unit: run-rb5e0ba42833a41519d3e988f2547e9dd.scope; invocation ID: 620bf8dbef45458785822b1ba0d7f052
Time needed for parsing json file: 5982[µs]
alphabet size: 12
using Siphon interpretation
Time needed for constructing Siphon interpretation transducer: 449604[µs]
computing ind...
Time needed for constructing complement of ind: 838729[µs]
Time needed for computing ind: 121892731[µs]
Time needed for minimizing ind: 31860841[µs]
Time needed for computing ind (total): 154594802[µs]
automaton for ind has 14 states.
...done.
computing complement of preach...
Time needed for constructing identity on ind: 119559[µs]
Time needed for computing product v_id of abstraction framework with identity on ind: 9469426[µs]
Time needed for computing product of v_id with complement of abstraction framework: 730975[µs]
Time needed for computing complement of preach: 10627767[µs]
automaton for complement of preach has 4370 states.
...of which, 22 states are at level 0.
Time needed for trimming complement of preach: 27412[µs]
...done.
trying to prove abstract safety...
Time needed for constructing transducer for unsafe property: 65[µs]
Time needed for constructing transducer for (initial, unsafe) pairs: 1454[µs]
Time needed for constructing transducer for complement of (initial, unsafe) pairs: 1726[µs]
Time needed for building union of complements of preach and (initial, unsafe)-transducer: 8717[µs]
Time needed for checking universality using antichains-inclusion algorithm: 33940[µs]
Time needed for checking abstract safety: 48626[µs]
...done.
Result: [0]
This means that the following properties could be separated from the initial configurations:
	[]
While the following properties could not be separated from the initial configurations:
	[deadlock]

real	2m45,980s
user	2m44,390s
sys	0m1,493s
********************
/home/jakob/Documents/abstracton/benchmarks/dodo/Dijkstra-ring.json
f
deadlock
Running as unit: run-r9234d0a45aea40a6a75c309522896059.scope; invocation ID: f33bc432b41b4dc3b7fdf475011a9d63
Time needed for parsing json file: 6072[µs]
alphabet size: 12
using Flow interpretation
Time needed for constructing Flow interpretation transducer: 1235862[µs]
computing ind...
Time needed for constructing complement of ind: 2447316[µs]

real	20m0,227s
user	19m57,903s
sys	0m1,621s
********************
11 of 61
/home/jakob/Documents/abstracton/benchmarks/dodo/DijkstraMutEx.json
t
nomutex
Running as unit: run-rfa2ad079c4e941b6b97affac57d0ed92.scope; invocation ID: dc7b54d0e9e641bcbf8dfc59d6dbb2ec
Time needed for parsing json file: 42926[µs]
alphabet size: 24
using Trap interpretation

real	21m17,522s
user	3m17,703s
sys	1m10,017s
********************
/home/jakob/Documents/abstracton/benchmarks/dodo/DijkstraMutEx.json
s
nomutex
Running as unit: run-reae72f1e0691483684be20861937c335.scope; invocation ID: a6e6381efc194af687f1b55f7d5d70c7
Time needed for parsing json file: 44594[µs]
alphabet size: 24
using Siphon interpretation

real	20m4,016s
user	3m13,163s
sys	0m50,664s
********************
/home/jakob/Documents/abstracton/benchmarks/dodo/DijkstraMutEx.json
f
nomutex
Running as unit: run-r6c8929daf9b14e26bb53aa1b6d56f788.scope; invocation ID: e9841d3f41a64975b96d00143b1a03bb
Time needed for parsing json file: 384881[µs]
alphabet size: 24
using Flow interpretation

real	20m12,881s
user	3m14,687s
sys	0m59,587s
********************
12 of 61
/home/jakob/Documents/abstracton/benchmarks/dodo/DijkstraMutEx.json
t
deadlock
Running as unit: run-rfd16e2bc4be14f42b44e13e80ee47822.scope; invocation ID: e1242d2b1dce4f6bb5ef69b817bce4f1
Time needed for parsing json file: 72273[µs]
alphabet size: 24
using Trap interpretation

real	20m7,302s
user	3m9,915s
sys	0m57,314s
********************
/home/jakob/Documents/abstracton/benchmarks/dodo/DijkstraMutEx.json
s
deadlock
Running as unit: run-r87578638bd4e44b6a23ec85524a8d062.scope; invocation ID: b9b1c80a1d134e9c818d991314c6b235
Time needed for parsing json file: 50436[µs]
alphabet size: 24
using Siphon interpretation

real	20m35,764s
user	3m17,675s
sys	1m10,713s
********************
/home/jakob/Documents/abstracton/benchmarks/dodo/DijkstraMutEx.json
f
deadlock
Running as unit: run-r8a24064dbeab42c28b1de02555c0990b.scope; invocation ID: 57af32a240674c14bf17ea47d051f862
Time needed for parsing json file: 50105[µs]
alphabet size: 24
using Flow interpretation

real	20m16,033s
user	3m13,614s
sys	0m51,354s
********************
13 of 61
/home/jakob/Documents/abstracton/benchmarks/dodo/FutureBus.json
t
pendingrightsecond
Running as unit: run-rb3ae8d96a7394624876a3a77a1ca5aff.scope; invocation ID: e9b44fa11fc7469bb4881115eb2706ab
Time needed for parsing json file: 100094[µs]
alphabet size: 9
using Trap interpretation
Time needed for constructing Trap interpretation transducer: 318350[µs]
computing ind...
Time needed for constructing complement of ind: 1539930[µs]

real	20m0,227s
user	19m57,891s
sys	0m1,145s
********************
/home/jakob/Documents/abstracton/benchmarks/dodo/FutureBus.json
s
pendingrightsecond
Running as unit: run-r39019f559c184b24b9c7032308d5ff49.scope; invocation ID: 672ec70f356e4e189a2b600735cc773e
Time needed for parsing json file: 15118[µs]
alphabet size: 9
using Siphon interpretation
Time needed for constructing Siphon interpretation transducer: 38382[µs]
computing ind...
Time needed for constructing complement of ind: 196603[µs]

real	20m0,378s
user	19m57,356s
sys	0m2,344s
********************
/home/jakob/Documents/abstracton/benchmarks/dodo/FutureBus.json
f
pendingrightsecond
Running as unit: run-r9ced2bedddf04ce3bb2f8623e741ca62.scope; invocation ID: ff92a75dd4e64ad6a0ef4d6f16e7c66a
Time needed for parsing json file: 14841[µs]
alphabet size: 9
using Flow interpretation
Time needed for constructing Flow interpretation transducer: 139386[µs]
computing ind...
Time needed for constructing complement of ind: 745570[µs]

real	20m0,170s
user	19m58,124s
sys	0m1,302s
********************
14 of 61
/home/jakob/Documents/abstracton/benchmarks/dodo/FutureBus.json
t
sharedexclusive
Running as unit: run-r51f264c3f046444c94c2aef2f58183dd.scope; invocation ID: ad2c56220c07485ca7d74238914847bf
Time needed for parsing json file: 15966[µs]
alphabet size: 9
using Trap interpretation
Time needed for constructing Trap interpretation transducer: 137047[µs]
computing ind...
Time needed for constructing complement of ind: 561167[µs]

real	20m0,142s
user	19m58,464s
sys	0m1,036s
********************
/home/jakob/Documents/abstracton/benchmarks/dodo/FutureBus.json
s
sharedexclusive
Running as unit: run-rbafe330dc49145c6a14460c65d362078.scope; invocation ID: f65bda5e7c8a4684b3b7f993c57c5372
Time needed for parsing json file: 16591[µs]
alphabet size: 9
using Siphon interpretation
Time needed for constructing Siphon interpretation transducer: 43686[µs]
computing ind...
Time needed for constructing complement of ind: 187523[µs]

real	20m0,364s
user	19m57,296s
sys	0m2,381s
********************
/home/jakob/Documents/abstracton/benchmarks/dodo/FutureBus.json
f
sharedexclusive
Running as unit: run-r8c0b81f0a6c448829607163c7f0a8dc9.scope; invocation ID: fe0399309b204c5ca62d5765bae874e9
Time needed for parsing json file: 15604[µs]
alphabet size: 9
using Flow interpretation
Time needed for constructing Flow interpretation transducer: 119333[µs]
computing ind...
Time needed for constructing complement of ind: 612736[µs]

real	20m0,168s
user	19m58,279s
sys	0m1,206s
********************
15 of 61
/home/jakob/Documents/abstracton/benchmarks/dodo/FutureBus.json
t
secondpending
Running as unit: run-re0d04eba026e4ffdab2ab54a5bedd774.scope; invocation ID: 303c698ac0fb4708a4689530fa008513
Time needed for parsing json file: 15898[µs]
alphabet size: 9
using Trap interpretation
Time needed for constructing Trap interpretation transducer: 140583[µs]
computing ind...
Time needed for constructing complement of ind: 564434[µs]

real	20m0,141s
user	19m58,457s
sys	0m1,041s
********************
/home/jakob/Documents/abstracton/benchmarks/dodo/FutureBus.json
s
secondpending
Running as unit: run-r217b333607984d1583b15abbde911e99.scope; invocation ID: 98c1ddd75ae04c708baae36e652cc2a0
Time needed for parsing json file: 15876[µs]
alphabet size: 9
using Siphon interpretation
Time needed for constructing Siphon interpretation transducer: 39633[µs]
computing ind...
Time needed for constructing complement of ind: 182240[µs]

real	20m0,329s
user	19m57,415s
sys	0m2,256s
********************
/home/jakob/Documents/abstracton/benchmarks/dodo/FutureBus.json
f
secondpending
Running as unit: run-r556d1e8e5d2b4fe9a581dd8c247f8770.scope; invocation ID: f316d353100c4dd9956ec2062ac966bc
Time needed for parsing json file: 14995[µs]
alphabet size: 9
using Flow interpretation
Time needed for constructing Flow interpretation transducer: 116534[µs]
computing ind...
Time needed for constructing complement of ind: 611732[µs]

real	20m0,172s
user	19m58,164s
sys	0m1,264s
********************
16 of 61
/home/jakob/Documents/abstracton/benchmarks/dodo/FutureBus.json
t
exclusiveexclusive
Running as unit: run-r6ba5128a06ee4cf09ed5d9740f407b96.scope; invocation ID: a7895f6d89604cd5bda17133c89bf036
Time needed for parsing json file: 17878[µs]
alphabet size: 9
using Trap interpretation
Time needed for constructing Trap interpretation transducer: 141788[µs]
computing ind...
Time needed for constructing complement of ind: 580010[µs]

real	20m0,148s
user	19m58,493s
sys	0m1,036s
********************
/home/jakob/Documents/abstracton/benchmarks/dodo/FutureBus.json
s
exclusiveexclusive
Running as unit: run-r1bf55bcd0b704c88ad8a4dbf9e012676.scope; invocation ID: cee2a7e57d0f446bacfa8c89e3a975a1
Time needed for parsing json file: 15592[µs]
alphabet size: 9
using Siphon interpretation
Time needed for constructing Siphon interpretation transducer: 38841[µs]
computing ind...
Time needed for constructing complement of ind: 186013[µs]

real	20m0,351s
user	19m57,275s
sys	0m2,360s
********************
/home/jakob/Documents/abstracton/benchmarks/dodo/FutureBus.json
f
exclusiveexclusive
Running as unit: run-r01ccb918a530401aa5f23cf98a3757f2.scope; invocation ID: 674c4ccf00904282aaf3d276e36d144d
Time needed for parsing json file: 15262[µs]
alphabet size: 9
using Flow interpretation
Time needed for constructing Flow interpretation transducer: 109762[µs]
computing ind...
Time needed for constructing complement of ind: 605967[µs]

real	20m0,183s
user	19m58,175s
sys	0m1,294s
********************
17 of 61
/home/jakob/Documents/abstracton/benchmarks/dodo/FutureBus.json
t
deadlock
Running as unit: run-r50c336b9798343659d17a47c1dec259e.scope; invocation ID: cd6298df8d9d45bc9a75eb8e3d213b06
Time needed for parsing json file: 15273[µs]
alphabet size: 9
using Trap interpretation
Time needed for constructing Trap interpretation transducer: 143108[µs]
computing ind...
Time needed for constructing complement of ind: 552808[µs]

real	20m0,142s
user	19m58,369s
sys	0m1,105s
********************
/home/jakob/Documents/abstracton/benchmarks/dodo/FutureBus.json
s
deadlock
Running as unit: run-r62b65b59b53d4e439e8a0e1a22d1b368.scope; invocation ID: bb4ef69bf31f4ab7a8d73529fb9bf2d1
Time needed for parsing json file: 15350[µs]
alphabet size: 9
using Siphon interpretation
Time needed for constructing Siphon interpretation transducer: 40880[µs]
computing ind...
Time needed for constructing complement of ind: 187566[µs]

real	20m0,333s
user	19m57,349s
sys	0m2,287s
********************
/home/jakob/Documents/abstracton/benchmarks/dodo/FutureBus.json
f
deadlock
Running as unit: run-r7fb5644c341047f6bb075fe5cb81b2c5.scope; invocation ID: f3616ead8a144af1a5edb37e772f2d6d
Time needed for parsing json file: 15454[µs]
alphabet size: 9
using Flow interpretation
Time needed for constructing Flow interpretation transducer: 110216[µs]
computing ind...
Time needed for constructing complement of ind: 623952[µs]

real	20m0,176s
user	19m58,214s
sys	0m1,261s
********************
18 of 61
/home/jakob/Documents/abstracton/benchmarks/dodo/Herman.json
t
notoken
Running as unit: run-r43d8ad9fb2784627859e3d2b8693715a.scope; invocation ID: 00fbe2e143654715908974a5eeb09550
Time needed for parsing json file: 1257[µs]
alphabet size: 2
using Trap interpretation
Time needed for constructing Trap interpretation transducer: 593[µs]
computing ind...
Time needed for constructing complement of ind: 686[µs]
Time needed for computing ind: 14798[µs]
Time needed for minimizing ind: 1755[µs]
Time needed for computing ind (total): 17352[µs]
automaton for ind has 6 states.
...done.
computing complement of preach...
Time needed for constructing identity on ind: 72[µs]
Time needed for computing product v_id of abstraction framework with identity on ind: 1990[µs]
Time needed for computing product of v_id with complement of abstraction framework: 3941[µs]
Time needed for computing complement of preach: 6452[µs]
automaton for complement of preach has 11 states.
...of which, 4 states are at level 0.
Time needed for trimming complement of preach: 77[µs]
...done.
trying to prove abstract safety...
Time needed for constructing transducer for unsafe property: 5[µs]
Time needed for constructing transducer for (initial, unsafe) pairs: 150[µs]
Time needed for constructing transducer for complement of (initial, unsafe) pairs: 290[µs]
Time needed for building union of complements of preach and (initial, unsafe)-transducer: 63[µs]
Time needed for checking universality using antichains-inclusion algorithm: 323[µs]
Time needed for checking abstract safety: 933[µs]
...done.
Result: [1]
This means that the following properties could be separated from the initial configurations:
	[notoken]
While the following properties could not be separated from the initial configurations:
	[]

real	0m0,060s
user	0m0,034s
sys	0m0,005s
********************
/home/jakob/Documents/abstracton/benchmarks/dodo/Herman.json
s
notoken
Running as unit: run-re97003468e1f4acca6485a690f28aaa9.scope; invocation ID: ff0e5e46bdef40d0b24838765f2b86f3
Time needed for parsing json file: 978[µs]
alphabet size: 2
using Siphon interpretation
Time needed for constructing Siphon interpretation transducer: 319[µs]
computing ind...
Time needed for constructing complement of ind: 227[µs]
Time needed for computing ind: 2922[µs]
Time needed for minimizing ind: 1206[µs]
Time needed for computing ind (total): 4404[µs]
automaton for ind has 6 states.
...done.
computing complement of preach...
Time needed for constructing identity on ind: 68[µs]
Time needed for computing product v_id of abstraction framework with identity on ind: 746[µs]
Time needed for computing product of v_id with complement of abstraction framework: 537[µs]
Time needed for computing complement of preach: 1643[µs]
automaton for complement of preach has 8 states.
...of which, 4 states are at level 0.
Time needed for trimming complement of preach: 35[µs]
...done.
trying to prove abstract safety...
Time needed for constructing transducer for unsafe property: 3[µs]
Time needed for constructing transducer for (initial, unsafe) pairs: 125[µs]
Time needed for constructing transducer for complement of (initial, unsafe) pairs: 237[µs]
Time needed for building union of complements of preach and (initial, unsafe)-transducer: 39[µs]
Time needed for checking universality using antichains-inclusion algorithm: 176[µs]
Time needed for checking abstract safety: 666[µs]
...done.
Result: [0]
This means that the following properties could be separated from the initial configurations:
	[]
While the following properties could not be separated from the initial configurations:
	[notoken]

real	0m0,033s
user	0m0,011s
sys	0m0,009s
********************
/home/jakob/Documents/abstracton/benchmarks/dodo/Herman.json
f
notoken
Running as unit: run-r8b3c7bc4b5f54e7a85808b7c4bef4eba.scope; invocation ID: 9d520677cf80404f8bca14c61fc4dce8
Time needed for parsing json file: 1071[µs]
alphabet size: 2
using Flow interpretation
Time needed for constructing Flow interpretation transducer: 505[µs]
computing ind...
Time needed for constructing complement of ind: 647[µs]
Time needed for computing ind: 26043[µs]
Time needed for minimizing ind: 3767[µs]
Time needed for computing ind (total): 30549[µs]
automaton for ind has 7 states.
...done.
computing complement of preach...
Time needed for constructing identity on ind: 83[µs]
Time needed for computing product v_id of abstraction framework with identity on ind: 1144[µs]
Time needed for computing product of v_id with complement of abstraction framework: 626[µs]
Time needed for computing complement of preach: 2373[µs]
automaton for complement of preach has 4 states.
...of which, 2 states are at level 0.
Time needed for trimming complement of preach: 33[µs]
...done.
trying to prove abstract safety...
Time needed for constructing transducer for unsafe property: 5[µs]
Time needed for constructing transducer for (initial, unsafe) pairs: 144[µs]
Time needed for constructing transducer for complement of (initial, unsafe) pairs: 269[µs]
Time needed for building union of complements of preach and (initial, unsafe)-transducer: 51[µs]
Time needed for checking universality using antichains-inclusion algorithm: 152[µs]
Time needed for checking abstract safety: 705[µs]
...done.
Result: [0]
This means that the following properties could be separated from the initial configurations:
	[]
While the following properties could not be separated from the initial configurations:
	[notoken]

real	0m0,059s
user	0m0,037s
sys	0m0,010s
********************
19 of 61
/home/jakob/Documents/abstracton/benchmarks/dodo/Illinois.json
t
dirtydirty
Running as unit: run-r3c9a84c033b54a919d73a960d9f348ae.scope; invocation ID: 41139f8d632e45a787f5aa2cc4b82f04
Time needed for parsing json file: 11318[µs]
alphabet size: 4
using Trap interpretation
Time needed for constructing Trap interpretation transducer: 2241[µs]
computing ind...
Time needed for constructing complement of ind: 7527[µs]
Time needed for computing ind: 1235675[µs]
Time needed for minimizing ind: 63377[µs]
Time needed for computing ind (total): 1306774[µs]
automaton for ind has 12 states.
...done.
computing complement of preach...
Time needed for constructing identity on ind: 405[µs]
Time needed for computing product v_id of abstraction framework with identity on ind: 16844[µs]
Time needed for computing product of v_id with complement of abstraction framework: 80054[µs]
Time needed for computing complement of preach: 98685[µs]
automaton for complement of preach has 234 states.
...of which, 18 states are at level 0.
Time needed for trimming complement of preach: 632[µs]
...done.
trying to prove abstract safety...
Time needed for constructing transducer for unsafe property: 6[µs]
Time needed for constructing transducer for (initial, unsafe) pairs: 165[µs]
Time needed for constructing transducer for complement of (initial, unsafe) pairs: 334[µs]
Time needed for building union of complements of preach and (initial, unsafe)-transducer: 209[µs]
Time needed for checking universality using antichains-inclusion algorithm: 933[µs]
Time needed for checking abstract safety: 1759[µs]
...done.
Result: [0]
This means that the following properties could be separated from the initial configurations:
	[]
While the following properties could not be separated from the initial configurations:
	[dirtydirty]

real	0m1,451s
user	0m1,407s
sys	0m0,020s
********************
/home/jakob/Documents/abstracton/benchmarks/dodo/Illinois.json
s
dirtydirty
Running as unit: run-r796a0abb98bc4ee685b5cd1150b87c6c.scope; invocation ID: b768dff41ff84514b608c64de9a429d3
Time needed for parsing json file: 2618[µs]
alphabet size: 4
using Siphon interpretation
Time needed for constructing Siphon interpretation transducer: 975[µs]
computing ind...
Time needed for constructing complement of ind: 2433[µs]
Time needed for computing ind: 132509[µs]
Time needed for minimizing ind: 22194[µs]
Time needed for computing ind (total): 157256[µs]
automaton for ind has 5 states.
...done.
computing complement of preach...
Time needed for constructing identity on ind: 197[µs]
Time needed for computing product v_id of abstraction framework with identity on ind: 2133[µs]
Time needed for computing product of v_id with complement of abstraction framework: 664[µs]
Time needed for computing complement of preach: 4014[µs]
automaton for complement of preach has 5 states.
...of which, 2 states are at level 0.
Time needed for trimming complement of preach: 18[µs]
...done.
trying to prove abstract safety...
Time needed for constructing transducer for unsafe property: 12[µs]
Time needed for constructing transducer for (initial, unsafe) pairs: 123[µs]
Time needed for constructing transducer for complement of (initial, unsafe) pairs: 313[µs]
Time needed for building union of complements of preach and (initial, unsafe)-transducer: 54[µs]
Time needed for checking universality using antichains-inclusion algorithm: 171[µs]
Time needed for checking abstract safety: 733[µs]
...done.
Result: [0]
This means that the following properties could be separated from the initial configurations:
	[]
While the following properties could not be separated from the initial configurations:
	[dirtydirty]

real	0m0,192s
user	0m0,169s
sys	0m0,009s
********************
/home/jakob/Documents/abstracton/benchmarks/dodo/Illinois.json
f
dirtydirty
Running as unit: run-r1501702aef444610885365cc1c1be422.scope; invocation ID: 66fdaa8d33384871a1746a8a11bf295e
Time needed for parsing json file: 2338[µs]
alphabet size: 4
using Flow interpretation
Time needed for constructing Flow interpretation transducer: 2337[µs]
computing ind...
Time needed for constructing complement of ind: 8036[µs]
Time needed for computing ind: 8884720[µs]
Time needed for minimizing ind: 441916[µs]
Time needed for computing ind (total): 9334895[µs]
automaton for ind has 7 states.
...done.
computing complement of preach...
Time needed for constructing identity on ind: 330[µs]
Time needed for computing product v_id of abstraction framework with identity on ind: 5787[µs]
Time needed for computing product of v_id with complement of abstraction framework: 1352[µs]
Time needed for computing complement of preach: 9018[µs]
automaton for complement of preach has 5 states.
...of which, 2 states are at level 0.
Time needed for trimming complement of preach: 37[µs]
...done.
trying to prove abstract safety...
Time needed for constructing transducer for unsafe property: 6[µs]
Time needed for constructing transducer for (initial, unsafe) pairs: 149[µs]
Time needed for constructing transducer for complement of (initial, unsafe) pairs: 325[µs]
Time needed for building union of complements of preach and (initial, unsafe)-transducer: 58[µs]
Time needed for checking universality using antichains-inclusion algorithm: 189[µs]
Time needed for checking abstract safety: 801[µs]
...done.
Result: [0]
This means that the following properties could be separated from the initial configurations:
	[]
While the following properties could not be separated from the initial configurations:
	[dirtydirty]

real	0m9,374s
user	0m9,320s
sys	0m0,040s
********************
20 of 61
/home/jakob/Documents/abstracton/benchmarks/dodo/Illinois.json
t
dirtyshared
Running as unit: run-rbab8b024f11f4d24a7a7c1e34886d1c9.scope; invocation ID: 39ce4028237c469bae0a9c0fc1dd1519
Time needed for parsing json file: 2373[µs]
alphabet size: 4
using Trap interpretation
Time needed for constructing Trap interpretation transducer: 2169[µs]
computing ind...
Time needed for constructing complement of ind: 7198[µs]
Time needed for computing ind: 1274892[µs]
Time needed for minimizing ind: 67920[µs]
Time needed for computing ind (total): 1350210[µs]
automaton for ind has 12 states.
...done.
computing complement of preach...
Time needed for constructing identity on ind: 472[µs]
Time needed for computing product v_id of abstraction framework with identity on ind: 21103[µs]
Time needed for computing product of v_id with complement of abstraction framework: 82268[µs]
Time needed for computing complement of preach: 105444[µs]
automaton for complement of preach has 234 states.
...of which, 18 states are at level 0.
Time needed for trimming complement of preach: 702[µs]
...done.
trying to prove abstract safety...
Time needed for constructing transducer for unsafe property: 11[µs]
Time needed for constructing transducer for (initial, unsafe) pairs: 199[µs]
Time needed for constructing transducer for complement of (initial, unsafe) pairs: 431[µs]
Time needed for building union of complements of preach and (initial, unsafe)-transducer: 296[µs]
Time needed for checking universality using antichains-inclusion algorithm: 1088[µs]
Time needed for checking abstract safety: 2187[µs]
...done.
Result: [0]
This means that the following properties could be separated from the initial configurations:
	[]
While the following properties could not be separated from the initial configurations:
	[dirtyshared]

real	0m1,486s
user	0m1,459s
sys	0m0,017s
********************
/home/jakob/Documents/abstracton/benchmarks/dodo/Illinois.json
s
dirtyshared
Running as unit: run-r5632ce3d615f4bd5a656fec85c136430.scope; invocation ID: 3f5713414e854533b89104d27c21310c
Time needed for parsing json file: 2818[µs]
alphabet size: 4
using Siphon interpretation
Time needed for constructing Siphon interpretation transducer: 961[µs]
computing ind...
Time needed for constructing complement of ind: 2611[µs]
Time needed for computing ind: 135203[µs]
Time needed for minimizing ind: 20835[µs]
Time needed for computing ind (total): 158749[µs]
automaton for ind has 5 states.
...done.
computing complement of preach...
Time needed for constructing identity on ind: 177[µs]
Time needed for computing product v_id of abstraction framework with identity on ind: 2098[µs]
Time needed for computing product of v_id with complement of abstraction framework: 668[µs]
Time needed for computing complement of preach: 3859[µs]
automaton for complement of preach has 5 states.
...of which, 2 states are at level 0.
Time needed for trimming complement of preach: 18[µs]
...done.
trying to prove abstract safety...
Time needed for constructing transducer for unsafe property: 7[µs]
Time needed for constructing transducer for (initial, unsafe) pairs: 142[µs]
Time needed for constructing transducer for complement of (initial, unsafe) pairs: 370[µs]
Time needed for building union of complements of preach and (initial, unsafe)-transducer: 59[µs]
Time needed for checking universality using antichains-inclusion algorithm: 196[µs]
Time needed for checking abstract safety: 840[µs]
...done.
Result: [0]
This means that the following properties could be separated from the initial configurations:
	[]
While the following properties could not be separated from the initial configurations:
	[dirtyshared]

real	0m0,200s
user	0m0,167s
sys	0m0,012s
********************
/home/jakob/Documents/abstracton/benchmarks/dodo/Illinois.json
f
dirtyshared
Running as unit: run-r44096058fc9b460a83ec35052d8d377e.scope; invocation ID: 0f08205be02f4418af8e7a1b5e18d141
Time needed for parsing json file: 2339[µs]
alphabet size: 4
using Flow interpretation
Time needed for constructing Flow interpretation transducer: 1905[µs]
computing ind...
Time needed for constructing complement of ind: 8099[µs]
Time needed for computing ind: 8951436[µs]
Time needed for minimizing ind: 457917[µs]
Time needed for computing ind (total): 9418094[µs]
automaton for ind has 7 states.
...done.
computing complement of preach...
Time needed for constructing identity on ind: 281[µs]
Time needed for computing product v_id of abstraction framework with identity on ind: 5498[µs]
Time needed for computing product of v_id with complement of abstraction framework: 1263[µs]
Time needed for computing complement of preach: 8710[µs]
automaton for complement of preach has 5 states.
...of which, 2 states are at level 0.
Time needed for trimming complement of preach: 45[µs]
...done.
trying to prove abstract safety...
Time needed for constructing transducer for unsafe property: 11[µs]
Time needed for constructing transducer for (initial, unsafe) pairs: 179[µs]
Time needed for constructing transducer for complement of (initial, unsafe) pairs: 494[µs]
Time needed for building union of complements of preach and (initial, unsafe)-transducer: 99[µs]
Time needed for checking universality using antichains-inclusion algorithm: 223[µs]
Time needed for checking abstract safety: 1098[µs]
...done.
Result: [0]
This means that the following properties could be separated from the initial configurations:
	[]
While the following properties could not be separated from the initial configurations:
	[dirtyshared]

real	0m9,463s
user	0m9,407s
sys	0m0,032s
********************
21 of 61
/home/jakob/Documents/abstracton/benchmarks/dodo/Illinois.json
t
deadlock
Running as unit: run-r5d7fea9550ec4a84804cc38ab4607a83.scope; invocation ID: dd5c61d1d4b94842971821185c736c14
Time needed for parsing json file: 2551[µs]
alphabet size: 4
using Trap interpretation
Time needed for constructing Trap interpretation transducer: 2200[µs]
computing ind...
Time needed for constructing complement of ind: 7052[µs]
Time needed for computing ind: 1239393[µs]
Time needed for minimizing ind: 64371[µs]
Time needed for computing ind (total): 1311015[µs]
automaton for ind has 12 states.
...done.
computing complement of preach...
Time needed for constructing identity on ind: 529[µs]
Time needed for computing product v_id of abstraction framework with identity on ind: 17179[µs]
Time needed for computing product of v_id with complement of abstraction framework: 82678[µs]
Time needed for computing complement of preach: 102582[µs]
automaton for complement of preach has 234 states.
...of which, 18 states are at level 0.
Time needed for trimming complement of preach: 1235[µs]
...done.
trying to prove abstract safety...
Time needed for constructing transducer for unsafe property: 32[µs]
Time needed for constructing transducer for (initial, unsafe) pairs: 300[µs]
Time needed for constructing transducer for complement of (initial, unsafe) pairs: 65[µs]
Time needed for building union of complements of preach and (initial, unsafe)-transducer: 257[µs]
Time needed for checking universality using antichains-inclusion algorithm: 824[µs]
Time needed for checking abstract safety: 1591[µs]
...done.
Result: [1]
This means that the following properties could be separated from the initial configurations:
	[deadlock]
While the following properties could not be separated from the initial configurations:
	[]

real	0m1,451s
user	0m1,414s
sys	0m0,021s
********************
/home/jakob/Documents/abstracton/benchmarks/dodo/Illinois.json
s
deadlock
Running as unit: run-r8902d855d2d94f95b42b550f4c52919e.scope; invocation ID: 0bad9f2a4c7d4bf58f22695efc827dbb
Time needed for parsing json file: 2489[µs]
alphabet size: 4
using Siphon interpretation
Time needed for constructing Siphon interpretation transducer: 972[µs]
computing ind...
Time needed for constructing complement of ind: 2489[µs]
Time needed for computing ind: 128664[µs]
Time needed for minimizing ind: 30662[µs]
Time needed for computing ind (total): 161918[µs]
automaton for ind has 5 states.
...done.
computing complement of preach...
Time needed for constructing identity on ind: 263[µs]
Time needed for computing product v_id of abstraction framework with identity on ind: 2517[µs]
Time needed for computing product of v_id with complement of abstraction framework: 656[µs]
Time needed for computing complement of preach: 4452[µs]
automaton for complement of preach has 5 states.
...of which, 2 states are at level 0.
Time needed for trimming complement of preach: 19[µs]
...done.
trying to prove abstract safety...
Time needed for constructing transducer for unsafe property: 16[µs]
Time needed for constructing transducer for (initial, unsafe) pairs: 142[µs]
Time needed for constructing transducer for complement of (initial, unsafe) pairs: 53[µs]
Time needed for building union of complements of preach and (initial, unsafe)-transducer: 30[µs]
Time needed for checking universality using antichains-inclusion algorithm: 77[µs]
Time needed for checking abstract safety: 382[µs]
...done.
Result: [1]
This means that the following properties could be separated from the initial configurations:
	[deadlock]
While the following properties could not be separated from the initial configurations:
	[]

real	0m0,193s
user	0m0,174s
sys	0m0,009s
********************
/home/jakob/Documents/abstracton/benchmarks/dodo/Illinois.json
f
deadlock
Running as unit: run-r29bad02dc8084fa88501f1fb8ed24e79.scope; invocation ID: 4256e3195358448a843822ed11f37bd1
Time needed for parsing json file: 2558[µs]
alphabet size: 4
using Flow interpretation
Time needed for constructing Flow interpretation transducer: 2096[µs]
computing ind...
Time needed for constructing complement of ind: 8251[µs]
Time needed for computing ind: 8892949[µs]
Time needed for minimizing ind: 473313[µs]
Time needed for computing ind (total): 9374724[µs]
automaton for ind has 7 states.
...done.
computing complement of preach...
Time needed for constructing identity on ind: 279[µs]
Time needed for computing product v_id of abstraction framework with identity on ind: 5656[µs]
Time needed for computing product of v_id with complement of abstraction framework: 1254[µs]
Time needed for computing complement of preach: 8689[µs]
automaton for complement of preach has 5 states.
...of which, 2 states are at level 0.
Time needed for trimming complement of preach: 36[µs]
...done.
trying to prove abstract safety...
Time needed for constructing transducer for unsafe property: 17[µs]
Time needed for constructing transducer for (initial, unsafe) pairs: 157[µs]
Time needed for constructing transducer for complement of (initial, unsafe) pairs: 39[µs]
Time needed for building union of complements of preach and (initial, unsafe)-transducer: 35[µs]
Time needed for checking universality using antichains-inclusion algorithm: 83[µs]
Time needed for checking abstract safety: 410[µs]
...done.
Result: [1]
This means that the following properties could be separated from the initial configurations:
	[deadlock]
While the following properties could not be separated from the initial configurations:
	[]

real	0m9,421s
user	0m9,366s
sys	0m0,034s
********************
22 of 61
/home/jakob/Documents/abstracton/benchmarks/dodo/Israeli-Jafon.json
t
notoken
Running as unit: run-r434a22d2a90c4bfeb9c5b154d4246a0b.scope; invocation ID: 0df85969fcb840d6a1dc0976adf0667e
Time needed for parsing json file: 9634[µs]
alphabet size: 2
using Trap interpretation
Time needed for constructing Trap interpretation transducer: 578[µs]
computing ind...
Time needed for constructing complement of ind: 595[µs]
Time needed for computing ind: 5335[µs]
Time needed for minimizing ind: 1059[µs]
Time needed for computing ind (total): 7051[µs]
automaton for ind has 6 states.
...done.
computing complement of preach...
Time needed for constructing identity on ind: 98[µs]
Time needed for computing product v_id of abstraction framework with identity on ind: 1741[µs]
Time needed for computing product of v_id with complement of abstraction framework: 3765[µs]
Time needed for computing complement of preach: 5992[µs]
automaton for complement of preach has 11 states.
...of which, 4 states are at level 0.
Time needed for trimming complement of preach: 54[µs]
...done.
trying to prove abstract safety...
Time needed for constructing transducer for unsafe property: 3[µs]
Time needed for constructing transducer for (initial, unsafe) pairs: 126[µs]
Time needed for constructing transducer for complement of (initial, unsafe) pairs: 234[µs]
Time needed for building union of complements of preach and (initial, unsafe)-transducer: 40[µs]
Time needed for checking universality using antichains-inclusion algorithm: 279[µs]
Time needed for checking abstract safety: 760[µs]
...done.
Result: [1]
This means that the following properties could be separated from the initial configurations:
	[notoken]
While the following properties could not be separated from the initial configurations:
	[]

real	0m0,049s
user	0m0,016s
sys	0m0,011s
********************
/home/jakob/Documents/abstracton/benchmarks/dodo/Israeli-Jafon.json
s
notoken
Running as unit: run-r5ec6d2e6cb214bed8862603593840894.scope; invocation ID: 087b8c7df9ab44bd962b9d66b1118d89
Time needed for parsing json file: 939[µs]
alphabet size: 2
using Siphon interpretation
Time needed for constructing Siphon interpretation transducer: 348[µs]
computing ind...
Time needed for constructing complement of ind: 214[µs]
Time needed for computing ind: 1252[µs]
Time needed for minimizing ind: 899[µs]
Time needed for computing ind (total): 2428[µs]
automaton for ind has 6 states.
...done.
computing complement of preach...
Time needed for constructing identity on ind: 129[µs]
Time needed for computing product v_id of abstraction framework with identity on ind: 1369[µs]
Time needed for computing product of v_id with complement of abstraction framework: 808[µs]
Time needed for computing complement of preach: 2676[µs]
automaton for complement of preach has 8 states.
...of which, 4 states are at level 0.
Time needed for trimming complement of preach: 41[µs]
...done.
trying to prove abstract safety...
Time needed for constructing transducer for unsafe property: 4[µs]
Time needed for constructing transducer for (initial, unsafe) pairs: 184[µs]
Time needed for constructing transducer for complement of (initial, unsafe) pairs: 329[µs]
Time needed for building union of complements of preach and (initial, unsafe)-transducer: 76[µs]
Time needed for checking universality using antichains-inclusion algorithm: 260[µs]
Time needed for checking abstract safety: 958[µs]
...done.
Result: [0]
This means that the following properties could be separated from the initial configurations:
	[]
While the following properties could not be separated from the initial configurations:
	[notoken]

real	0m0,041s
user	0m0,011s
sys	0m0,009s
********************
/home/jakob/Documents/abstracton/benchmarks/dodo/Israeli-Jafon.json
f
notoken
Running as unit: run-r6cbc5838eb984d45b7cc00a9c7926753.scope; invocation ID: 08bb8cc777db459e91c8a3718fd62a03
Time needed for parsing json file: 961[µs]
alphabet size: 2
using Flow interpretation
Time needed for constructing Flow interpretation transducer: 520[µs]
computing ind...
Time needed for constructing complement of ind: 696[µs]
Time needed for computing ind: 8750[µs]
Time needed for minimizing ind: 2127[µs]
Time needed for computing ind (total): 11645[µs]
automaton for ind has 7 states.
...done.
computing complement of preach...
Time needed for constructing identity on ind: 76[µs]
Time needed for computing product v_id of abstraction framework with identity on ind: 1272[µs]
Time needed for computing product of v_id with complement of abstraction framework: 592[µs]
Time needed for computing complement of preach: 2346[µs]
automaton for complement of preach has 4 states.
...of which, 2 states are at level 0.
Time needed for trimming complement of preach: 23[µs]
...done.
trying to prove abstract safety...
Time needed for constructing transducer for unsafe property: 3[µs]
Time needed for constructing transducer for (initial, unsafe) pairs: 124[µs]
Time needed for constructing transducer for complement of (initial, unsafe) pairs: 234[µs]
Time needed for building union of complements of preach and (initial, unsafe)-transducer: 36[µs]
Time needed for checking universality using antichains-inclusion algorithm: 170[µs]
Time needed for checking abstract safety: 663[µs]
...done.
Result: [0]
This means that the following properties could be separated from the initial configurations:
	[]
While the following properties could not be separated from the initial configurations:
	[notoken]

real	0m0,034s
user	0m0,018s
sys	0m0,011s
********************
23 of 61
/home/jakob/Documents/abstracton/benchmarks/dodo/MESI.json
t
modifiedmodified
Running as unit: run-r2823e523885c4d218afd3dedb615bf7e.scope; invocation ID: c49d12dadce54bfbbf539ccd5ce91c6f
Time needed for parsing json file: 1741[µs]
alphabet size: 4
using Trap interpretation
Time needed for constructing Trap interpretation transducer: 2405[µs]
computing ind...
Time needed for constructing complement of ind: 4036[µs]
Time needed for computing ind: 55057[µs]
Time needed for minimizing ind: 7195[µs]
Time needed for computing ind (total): 66394[µs]
automaton for ind has 6 states.
...done.
computing complement of preach...
Time needed for constructing identity on ind: 216[µs]
Time needed for computing product v_id of abstraction framework with identity on ind: 9488[µs]
Time needed for computing product of v_id with complement of abstraction framework: 36242[µs]
Time needed for computing complement of preach: 47090[µs]
automaton for complement of preach has 175 states.
...of which, 7 states are at level 0.
Time needed for trimming complement of preach: 412[µs]
...done.
trying to prove abstract safety...
Time needed for constructing transducer for unsafe property: 5[µs]
Time needed for constructing transducer for (initial, unsafe) pairs: 142[µs]
Time needed for constructing transducer for complement of (initial, unsafe) pairs: 336[µs]
Time needed for building union of complements of preach and (initial, unsafe)-transducer: 155[µs]
Time needed for checking universality using antichains-inclusion algorithm: 849[µs]
Time needed for checking abstract safety: 1566[µs]
...done.
Result: [1]
This means that the following properties could be separated from the initial configurations:
	[modifiedmodified]
While the following properties could not be separated from the initial configurations:
	[]

real	0m0,145s
user	0m0,118s
sys	0m0,014s
********************
/home/jakob/Documents/abstracton/benchmarks/dodo/MESI.json
s
modifiedmodified
Running as unit: run-r5ad58d29ce3b448bb852c6b52f94c7c3.scope; invocation ID: 10b8981e4dba496eb7ec0475a0513d50
Time needed for parsing json file: 1552[µs]
alphabet size: 4
using Siphon interpretation
Time needed for constructing Siphon interpretation transducer: 933[µs]
computing ind...
Time needed for constructing complement of ind: 1293[µs]
Time needed for computing ind: 10167[µs]
Time needed for minimizing ind: 3765[µs]
Time needed for computing ind (total): 15294[µs]
automaton for ind has 3 states.
...done.
computing complement of preach...
Time needed for constructing identity on ind: 179[µs]
Time needed for computing product v_id of abstraction framework with identity on ind: 1630[µs]
Time needed for computing product of v_id with complement of abstraction framework: 418[µs]
Time needed for computing complement of preach: 2987[µs]
automaton for complement of preach has 0 states.
...of which, 0 states are at level 0.
Time needed for trimming complement of preach: 5[µs]
...done.
trying to prove abstract safety...
Time needed for constructing transducer for unsafe property: 7[µs]
Time needed for constructing transducer for (initial, unsafe) pairs: 147[µs]
Time needed for constructing transducer for complement of (initial, unsafe) pairs: 299[µs]
Time needed for building union of complements of preach and (initial, unsafe)-transducer: 50[µs]
Time needed for checking universality using antichains-inclusion algorithm: 115[µs]
Time needed for checking abstract safety: 698[µs]
...done.
Result: [0]
This means that the following properties could be separated from the initial configurations:
	[]
While the following properties could not be separated from the initial configurations:
	[modifiedmodified]

real	0m0,050s
user	0m0,025s
sys	0m0,008s
********************
/home/jakob/Documents/abstracton/benchmarks/dodo/MESI.json
f
modifiedmodified
Running as unit: run-recd400aae0af4763a7d659fae860ce0a.scope; invocation ID: a3153b7eb4604dc3b06d767b72130cb0
Time needed for parsing json file: 1591[µs]
alphabet size: 4
using Flow interpretation
Time needed for constructing Flow interpretation transducer: 2102[µs]
computing ind...
Time needed for constructing complement of ind: 3960[µs]
Time needed for computing ind: 208073[µs]
Time needed for minimizing ind: 26894[µs]
Time needed for computing ind (total): 239071[µs]
automaton for ind has 5 states.
...done.
computing complement of preach...
Time needed for constructing identity on ind: 206[µs]
Time needed for computing product v_id of abstraction framework with identity on ind: 3993[µs]
Time needed for computing product of v_id with complement of abstraction framework: 771[µs]
Time needed for computing complement of preach: 6359[µs]
automaton for complement of preach has 0 states.
...of which, 0 states are at level 0.
Time needed for trimming complement of preach: 4[µs]
...done.
trying to prove abstract safety...
Time needed for constructing transducer for unsafe property: 5[µs]
Time needed for constructing transducer for (initial, unsafe) pairs: 189[µs]
Time needed for constructing transducer for complement of (initial, unsafe) pairs: 304[µs]
Time needed for building union of complements of preach and (initial, unsafe)-transducer: 76[µs]
Time needed for checking universality using antichains-inclusion algorithm: 169[µs]
Time needed for checking abstract safety: 829[µs]
...done.
Result: [0]
This means that the following properties could be separated from the initial configurations:
	[]
While the following properties could not be separated from the initial configurations:
	[modifiedmodified]

real	0m0,279s
user	0m0,253s
sys	0m0,009s
********************
24 of 61
/home/jakob/Documents/abstracton/benchmarks/dodo/MESI.json
t
sharedmodified
Running as unit: run-r43a00f3aae094b919165f7f6104e147d.scope; invocation ID: ee1203b1c91649828f324481c52da478
Time needed for parsing json file: 1513[µs]
alphabet size: 4
using Trap interpretation
Time needed for constructing Trap interpretation transducer: 2497[µs]
computing ind...
Time needed for constructing complement of ind: 3351[µs]
Time needed for computing ind: 54808[µs]
Time needed for minimizing ind: 7271[µs]
Time needed for computing ind (total): 65529[µs]
automaton for ind has 6 states.
...done.
computing complement of preach...
Time needed for constructing identity on ind: 213[µs]
Time needed for computing product v_id of abstraction framework with identity on ind: 9614[µs]
Time needed for computing product of v_id with complement of abstraction framework: 35655[µs]
Time needed for computing complement of preach: 46650[µs]
automaton for complement of preach has 175 states.
...of which, 7 states are at level 0.
Time needed for trimming complement of preach: 521[µs]
...done.
trying to prove abstract safety...
Time needed for constructing transducer for unsafe property: 7[µs]
Time needed for constructing transducer for (initial, unsafe) pairs: 190[µs]
Time needed for constructing transducer for complement of (initial, unsafe) pairs: 430[µs]
Time needed for building union of complements of preach and (initial, unsafe)-transducer: 163[µs]
Time needed for checking universality using antichains-inclusion algorithm: 979[µs]
Time needed for checking abstract safety: 1866[µs]
...done.
Result: [1]
This means that the following properties could be separated from the initial configurations:
	[sharedmodified]
While the following properties could not be separated from the initial configurations:
	[]

real	0m0,150s
user	0m0,116s
sys	0m0,017s
********************
/home/jakob/Documents/abstracton/benchmarks/dodo/MESI.json
s
sharedmodified
Running as unit: run-r3f8a6eb4e7c14ed5b3b81a7a3293e9d5.scope; invocation ID: 06c6e9beb8004b7d959366f690d3179f
Time needed for parsing json file: 1533[µs]
alphabet size: 4
using Siphon interpretation
Time needed for constructing Siphon interpretation transducer: 900[µs]
computing ind...
Time needed for constructing complement of ind: 1174[µs]
Time needed for computing ind: 11078[µs]
Time needed for minimizing ind: 6569[µs]
Time needed for computing ind (total): 18912[µs]
automaton for ind has 3 states.
...done.
computing complement of preach...
Time needed for constructing identity on ind: 227[µs]
Time needed for computing product v_id of abstraction framework with identity on ind: 2509[µs]
Time needed for computing product of v_id with complement of abstraction framework: 610[µs]
Time needed for computing complement of preach: 4455[µs]
automaton for complement of preach has 0 states.
...of which, 0 states are at level 0.
Time needed for trimming complement of preach: 6[µs]
...done.
trying to prove abstract safety...
Time needed for constructing transducer for unsafe property: 12[µs]
Time needed for constructing transducer for (initial, unsafe) pairs: 234[µs]
Time needed for constructing transducer for complement of (initial, unsafe) pairs: 589[µs]
Time needed for building union of complements of preach and (initial, unsafe)-transducer: 95[µs]
Time needed for checking universality using antichains-inclusion algorithm: 169[µs]
Time needed for checking abstract safety: 1179[µs]
...done.
Result: [0]
This means that the following properties could be separated from the initial configurations:
	[]
While the following properties could not be separated from the initial configurations:
	[sharedmodified]

real	0m0,052s
user	0m0,030s
sys	0m0,009s
********************
/home/jakob/Documents/abstracton/benchmarks/dodo/MESI.json
f
sharedmodified
Running as unit: run-r0e844628fe50431fb0b32e76355122d3.scope; invocation ID: ef54462f8361404e81caf4bafd8c5bfa
Time needed for parsing json file: 1650[µs]
alphabet size: 4
using Flow interpretation
Time needed for constructing Flow interpretation transducer: 2670[µs]
computing ind...
Time needed for constructing complement of ind: 3890[µs]
Time needed for computing ind: 205614[µs]
Time needed for minimizing ind: 27133[µs]
Time needed for computing ind (total): 236777[µs]
automaton for ind has 5 states.
...done.
computing complement of preach...
Time needed for constructing identity on ind: 206[µs]
Time needed for computing product v_id of abstraction framework with identity on ind: 3714[µs]
Time needed for computing product of v_id with complement of abstraction framework: 888[µs]
Time needed for computing complement of preach: 6300[µs]
automaton for complement of preach has 0 states.
...of which, 0 states are at level 0.
Time needed for trimming complement of preach: 5[µs]
...done.
trying to prove abstract safety...
Time needed for constructing transducer for unsafe property: 14[µs]
Time needed for constructing transducer for (initial, unsafe) pairs: 219[µs]
Time needed for constructing transducer for complement of (initial, unsafe) pairs: 421[µs]
Time needed for building union of complements of preach and (initial, unsafe)-transducer: 67[µs]
Time needed for checking universality using antichains-inclusion algorithm: 208[µs]
Time needed for checking abstract safety: 1009[µs]
...done.
Result: [0]
This means that the following properties could be separated from the initial configurations:
	[]
While the following properties could not be separated from the initial configurations:
	[sharedmodified]

real	0m0,276s
user	0m0,249s
sys	0m0,011s
********************
25 of 61
/home/jakob/Documents/abstracton/benchmarks/dodo/MESI.json
t
deadlock
Running as unit: run-rc18c376f3f5d4d8b813e508f6f19ed06.scope; invocation ID: 1a0c0549b7c6494580e2521089c873da
Time needed for parsing json file: 2145[µs]
alphabet size: 4
using Trap interpretation
Time needed for constructing Trap interpretation transducer: 2528[µs]
computing ind...
Time needed for constructing complement of ind: 3436[µs]
Time needed for computing ind: 54174[µs]
Time needed for minimizing ind: 7033[µs]
Time needed for computing ind (total): 64736[µs]
automaton for ind has 6 states.
...done.
computing complement of preach...
Time needed for constructing identity on ind: 214[µs]
Time needed for computing product v_id of abstraction framework with identity on ind: 9963[µs]
Time needed for computing product of v_id with complement of abstraction framework: 35044[µs]
Time needed for computing complement of preach: 46377[µs]
automaton for complement of preach has 175 states.
...of which, 7 states are at level 0.
Time needed for trimming complement of preach: 468[µs]
...done.
trying to prove abstract safety...
Time needed for constructing transducer for unsafe property: 9[µs]
Time needed for constructing transducer for (initial, unsafe) pairs: 109[µs]
Time needed for constructing transducer for complement of (initial, unsafe) pairs: 36[µs]
Time needed for building union of complements of preach and (initial, unsafe)-transducer: 136[µs]
Time needed for checking universality using antichains-inclusion algorithm: 546[µs]
Time needed for checking abstract safety: 907[µs]
...done.
Result: [1]
This means that the following properties could be separated from the initial configurations:
	[deadlock]
While the following properties could not be separated from the initial configurations:
	[]

real	0m0,141s
user	0m0,114s
sys	0m0,016s
********************
/home/jakob/Documents/abstracton/benchmarks/dodo/MESI.json
s
deadlock
Running as unit: run-r1b623ef9cb5a476d84e7828445953824.scope; invocation ID: 6c574b180ad847f7be40efc8d5b45a2e
Time needed for parsing json file: 1516[µs]
alphabet size: 4
using Siphon interpretation
Time needed for constructing Siphon interpretation transducer: 908[µs]
computing ind...
Time needed for constructing complement of ind: 1173[µs]
Time needed for computing ind: 10284[µs]
Time needed for minimizing ind: 3677[µs]
Time needed for computing ind (total): 15199[µs]
automaton for ind has 3 states.
...done.
computing complement of preach...
Time needed for constructing identity on ind: 130[µs]
Time needed for computing product v_id of abstraction framework with identity on ind: 1600[µs]
Time needed for computing product of v_id with complement of abstraction framework: 378[µs]
Time needed for computing complement of preach: 2816[µs]
automaton for complement of preach has 0 states.
...of which, 0 states are at level 0.
Time needed for trimming complement of preach: 4[µs]
...done.
trying to prove abstract safety...
Time needed for constructing transducer for unsafe property: 9[µs]
Time needed for constructing transducer for (initial, unsafe) pairs: 104[µs]
Time needed for constructing transducer for complement of (initial, unsafe) pairs: 35[µs]
Time needed for building union of complements of preach and (initial, unsafe)-transducer: 28[µs]
Time needed for checking universality using antichains-inclusion algorithm: 72[µs]
Time needed for checking abstract safety: 355[µs]
...done.
Result: [1]
This means that the following properties could be separated from the initial configurations:
	[deadlock]
While the following properties could not be separated from the initial configurations:
	[]

real	0m0,047s
user	0m0,021s
sys	0m0,011s
********************
/home/jakob/Documents/abstracton/benchmarks/dodo/MESI.json
f
deadlock
Running as unit: run-rb9d722f3d74447d99289852d78c4e9ec.scope; invocation ID: d3342f2d73054e62b259aee50e7e288a
Time needed for parsing json file: 1594[µs]
alphabet size: 4
using Flow interpretation
Time needed for constructing Flow interpretation transducer: 2015[µs]
computing ind...
Time needed for constructing complement of ind: 4051[µs]
Time needed for computing ind: 205998[µs]
Time needed for minimizing ind: 24693[µs]
Time needed for computing ind (total): 234879[µs]
automaton for ind has 5 states.
...done.
computing complement of preach...
Time needed for constructing identity on ind: 181[µs]
Time needed for computing product v_id of abstraction framework with identity on ind: 3211[µs]
Time needed for computing product of v_id with complement of abstraction framework: 719[µs]
Time needed for computing complement of preach: 5431[µs]
automaton for complement of preach has 0 states.
...of which, 0 states are at level 0.
Time needed for trimming complement of preach: 4[µs]
...done.
trying to prove abstract safety...
Time needed for constructing transducer for unsafe property: 12[µs]
Time needed for constructing transducer for (initial, unsafe) pairs: 122[µs]
Time needed for constructing transducer for complement of (initial, unsafe) pairs: 32[µs]
Time needed for building union of complements of preach and (initial, unsafe)-transducer: 30[µs]
Time needed for checking universality using antichains-inclusion algorithm: 73[µs]
Time needed for checking abstract safety: 317[µs]
...done.
Result: [1]
This means that the following properties could be separated from the initial configurations:
	[deadlock]
While the following properties could not be separated from the initial configurations:
	[]

real	0m0,267s
user	0m0,246s
sys	0m0,010s
********************
26 of 61
/home/jakob/Documents/abstracton/benchmarks/dodo/MOESI.json
t
modifiedmodified
Running as unit: run-r90f12a1c8f2747ae8e2c0734c71bb8c4.scope; invocation ID: 2bda21dc09af4a109400fd43eee16439
Time needed for parsing json file: 11727[µs]
alphabet size: 5
using Trap interpretation
Time needed for constructing Trap interpretation transducer: 6902[µs]
computing ind...
Time needed for constructing complement of ind: 8670[µs]
Time needed for computing ind: 157910[µs]
Time needed for minimizing ind: 19994[µs]
Time needed for computing ind (total): 186688[µs]
automaton for ind has 13 states.
...done.
computing complement of preach...
Time needed for constructing identity on ind: 902[µs]
Time needed for computing product v_id of abstraction framework with identity on ind: 58337[µs]
Time needed for computing product of v_id with complement of abstraction framework: 253675[µs]
Time needed for computing complement of preach: 315969[µs]
automaton for complement of preach has 1220 states.
...of which, 20 states are at level 0.
Time needed for trimming complement of preach: 3532[µs]
...done.
trying to prove abstract safety...
Time needed for constructing transducer for unsafe property: 7[µs]
Time needed for constructing transducer for (initial, unsafe) pairs: 186[µs]
Time needed for constructing transducer for complement of (initial, unsafe) pairs: 384[µs]
Time needed for building union of complements of preach and (initial, unsafe)-transducer: 1012[µs]
Time needed for checking universality using antichains-inclusion algorithm: 5333[µs]
Time needed for checking abstract safety: 7359[µs]
...done.
Result: [1]
This means that the following properties could be separated from the initial configurations:
	[modifiedmodified]
While the following properties could not be separated from the initial configurations:
	[]

real	0m0,568s
user	0m0,482s
sys	0m0,060s
********************
/home/jakob/Documents/abstracton/benchmarks/dodo/MOESI.json
s
modifiedmodified
Running as unit: run-r4ef56628c5dd4ea8bd494f3d854191f4.scope; invocation ID: 553204140b044fd9b20aa8278c7ed1d5
Time needed for parsing json file: 2837[µs]
alphabet size: 5
using Siphon interpretation
Time needed for constructing Siphon interpretation transducer: 1830[µs]
computing ind...
Time needed for constructing complement of ind: 2885[µs]
Time needed for computing ind: 19784[µs]
Time needed for minimizing ind: 6813[µs]
Time needed for computing ind (total): 29552[µs]
automaton for ind has 5 states.
...done.
computing complement of preach...
Time needed for constructing identity on ind: 391[µs]
Time needed for computing product v_id of abstraction framework with identity on ind: 6522[µs]
Time needed for computing product of v_id with complement of abstraction framework: 1046[µs]
Time needed for computing complement of preach: 9360[µs]
automaton for complement of preach has 6 states.
...of which, 2 states are at level 0.
Time needed for trimming complement of preach: 23[µs]
...done.
trying to prove abstract safety...
Time needed for constructing transducer for unsafe property: 10[µs]
Time needed for constructing transducer for (initial, unsafe) pairs: 154[µs]
Time needed for constructing transducer for complement of (initial, unsafe) pairs: 343[µs]
Time needed for building union of complements of preach and (initial, unsafe)-transducer: 60[µs]
Time needed for checking universality using antichains-inclusion algorithm: 186[µs]
Time needed for checking abstract safety: 828[µs]
...done.
Result: [0]
This means that the following properties could be separated from the initial configurations:
	[]
While the following properties could not be separated from the initial configurations:
	[modifiedmodified]

real	0m0,067s
user	0m0,046s
sys	0m0,011s
********************
/home/jakob/Documents/abstracton/benchmarks/dodo/MOESI.json
f
modifiedmodified
Running as unit: run-rbfe976bd415b43adb6672eb41a672d29.scope; invocation ID: 5a95ce90d6964555b591107750d260a2
Time needed for parsing json file: 2782[µs]
alphabet size: 5
using Flow interpretation
Time needed for constructing Flow interpretation transducer: 4298[µs]
computing ind...
Time needed for constructing complement of ind: 8627[µs]
Time needed for computing ind: 746787[µs]
Time needed for minimizing ind: 83069[µs]
Time needed for computing ind (total): 838639[µs]
automaton for ind has 7 states.
...done.
computing complement of preach...
Time needed for constructing identity on ind: 483[µs]
Time needed for computing product v_id of abstraction framework with identity on ind: 16846[µs]
Time needed for computing product of v_id with complement of abstraction framework: 1837[µs]
Time needed for computing complement of preach: 21943[µs]
automaton for complement of preach has 6 states.
...of which, 2 states are at level 0.
Time needed for trimming complement of preach: 36[µs]
...done.
trying to prove abstract safety...
Time needed for constructing transducer for unsafe property: 6[µs]
Time needed for constructing transducer for (initial, unsafe) pairs: 184[µs]
Time needed for constructing transducer for complement of (initial, unsafe) pairs: 430[µs]
Time needed for building union of complements of preach and (initial, unsafe)-transducer: 65[µs]
Time needed for checking universality using antichains-inclusion algorithm: 188[µs]
Time needed for checking abstract safety: 945[µs]
...done.
Result: [0]
This means that the following properties could be separated from the initial configurations:
	[]
While the following properties could not be separated from the initial configurations:
	[modifiedmodified]

real	0m0,892s
user	0m0,866s
sys	0m0,014s
********************
27 of 61
/home/jakob/Documents/abstracton/benchmarks/dodo/MOESI.json
t
exclusiveexclusive
Running as unit: run-r75348ef864bf40ab88983654920b6838.scope; invocation ID: 6440128a5e514b98be85a2d19a31ba47
Time needed for parsing json file: 2897[µs]
alphabet size: 5
using Trap interpretation
Time needed for constructing Trap interpretation transducer: 5360[µs]
computing ind...
Time needed for constructing complement of ind: 8258[µs]
Time needed for computing ind: 155124[µs]
Time needed for minimizing ind: 20264[µs]
Time needed for computing ind (total): 183755[µs]
automaton for ind has 13 states.
...done.
computing complement of preach...
Time needed for constructing identity on ind: 885[µs]
Time needed for computing product v_id of abstraction framework with identity on ind: 56452[µs]
Time needed for computing product of v_id with complement of abstraction framework: 253276[µs]
Time needed for computing complement of preach: 313696[µs]
automaton for complement of preach has 1220 states.
...of which, 20 states are at level 0.
Time needed for trimming complement of preach: 3423[µs]
...done.
trying to prove abstract safety...
Time needed for constructing transducer for unsafe property: 6[µs]
Time needed for constructing transducer for (initial, unsafe) pairs: 187[µs]
Time needed for constructing transducer for complement of (initial, unsafe) pairs: 398[µs]
Time needed for building union of complements of preach and (initial, unsafe)-transducer: 1044[µs]
Time needed for checking universality using antichains-inclusion algorithm: 5312[µs]
Time needed for checking abstract safety: 7387[µs]
...done.
Result: [1]
This means that the following properties could be separated from the initial configurations:
	[exclusiveexclusive]
While the following properties could not be separated from the initial configurations:
	[]

real	0m0,547s
user	0m0,485s
sys	0m0,051s
********************
/home/jakob/Documents/abstracton/benchmarks/dodo/MOESI.json
s
exclusiveexclusive
Running as unit: run-r1c944c12135d4fbea7ec6102ae65b7a8.scope; invocation ID: cabfb421232042e08afb250000f846fb
Time needed for parsing json file: 2964[µs]
alphabet size: 5
using Siphon interpretation
Time needed for constructing Siphon interpretation transducer: 2421[µs]
computing ind...
Time needed for constructing complement of ind: 5387[µs]
Time needed for computing ind: 19916[µs]
Time needed for minimizing ind: 6491[µs]
Time needed for computing ind (total): 31880[µs]
automaton for ind has 5 states.
...done.
computing complement of preach...
Time needed for constructing identity on ind: 345[µs]
Time needed for computing product v_id of abstraction framework with identity on ind: 7852[µs]
Time needed for computing product of v_id with complement of abstraction framework: 1687[µs]
Time needed for computing complement of preach: 11259[µs]
automaton for complement of preach has 6 states.
...of which, 2 states are at level 0.
Time needed for trimming complement of preach: 31[µs]
...done.
trying to prove abstract safety...
Time needed for constructing transducer for unsafe property: 14[µs]
Time needed for constructing transducer for (initial, unsafe) pairs: 209[µs]
Time needed for constructing transducer for complement of (initial, unsafe) pairs: 479[µs]
Time needed for building union of complements of preach and (initial, unsafe)-transducer: 94[µs]
Time needed for checking universality using antichains-inclusion algorithm: 201[µs]
Time needed for checking abstract safety: 1070[µs]
...done.
Result: [0]
This means that the following properties could be separated from the initial configurations:
	[]
While the following properties could not be separated from the initial configurations:
	[exclusiveexclusive]

real	0m0,074s
user	0m0,053s
sys	0m0,009s
********************
/home/jakob/Documents/abstracton/benchmarks/dodo/MOESI.json
f
exclusiveexclusive
Running as unit: run-rd4de2077b69b48ceaf7088e478ed055e.scope; invocation ID: 6c62474ecdbc4501ac1c76b40f5e4928
Time needed for parsing json file: 2885[µs]
alphabet size: 5
using Flow interpretation
Time needed for constructing Flow interpretation transducer: 4368[µs]
computing ind...
Time needed for constructing complement of ind: 9082[µs]
Time needed for computing ind: 710763[µs]
Time needed for minimizing ind: 76234[µs]
Time needed for computing ind (total): 796230[µs]
automaton for ind has 7 states.
...done.
computing complement of preach...
Time needed for constructing identity on ind: 499[µs]
Time needed for computing product v_id of abstraction framework with identity on ind: 13215[µs]
Time needed for computing product of v_id with complement of abstraction framework: 1814[µs]
Time needed for computing complement of preach: 18293[µs]
automaton for complement of preach has 6 states.
...of which, 2 states are at level 0.
Time needed for trimming complement of preach: 33[µs]
...done.
trying to prove abstract safety...
Time needed for constructing transducer for unsafe property: 6[µs]
Time needed for constructing transducer for (initial, unsafe) pairs: 180[µs]
Time needed for constructing transducer for complement of (initial, unsafe) pairs: 392[µs]
Time needed for building union of complements of preach and (initial, unsafe)-transducer: 61[µs]
Time needed for checking universality using antichains-inclusion algorithm: 170[µs]
Time needed for checking abstract safety: 878[µs]
...done.
Result: [0]
This means that the following properties could be separated from the initial configurations:
	[]
While the following properties could not be separated from the initial configurations:
	[exclusiveexclusive]

real	0m0,852s
user	0m0,820s
sys	0m0,014s
********************
28 of 61
/home/jakob/Documents/abstracton/benchmarks/dodo/MOESI.json
t
sharedexclusive
Running as unit: run-r6eb597313781433daccd754af42e0c3d.scope; invocation ID: b8655afb8ebc4cb99b8473d7a3cf71df
Time needed for parsing json file: 2713[µs]
alphabet size: 5
using Trap interpretation
Time needed for constructing Trap interpretation transducer: 4985[µs]
computing ind...
Time needed for constructing complement of ind: 8217[µs]
Time needed for computing ind: 153902[µs]
Time needed for minimizing ind: 19979[µs]
Time needed for computing ind (total): 182230[µs]
automaton for ind has 13 states.
...done.
computing complement of preach...
Time needed for constructing identity on ind: 921[µs]
Time needed for computing product v_id of abstraction framework with identity on ind: 59110[µs]
Time needed for computing product of v_id with complement of abstraction framework: 272812[µs]
Time needed for computing complement of preach: 336097[µs]
automaton for complement of preach has 1220 states.
...of which, 20 states are at level 0.
Time needed for trimming complement of preach: 3483[µs]
...done.
trying to prove abstract safety...
Time needed for constructing transducer for unsafe property: 9[µs]
Time needed for constructing transducer for (initial, unsafe) pairs: 200[µs]
Time needed for constructing transducer for complement of (initial, unsafe) pairs: 445[µs]
Time needed for building union of complements of preach and (initial, unsafe)-transducer: 1148[µs]
Time needed for checking universality using antichains-inclusion algorithm: 4949[µs]
Time needed for checking abstract safety: 7162[µs]
...done.
Result: [1]
This means that the following properties could be separated from the initial configurations:
	[sharedexclusive]
While the following properties could not be separated from the initial configurations:
	[]

real	0m0,563s
user	0m0,497s
sys	0m0,059s
********************
/home/jakob/Documents/abstracton/benchmarks/dodo/MOESI.json
s
sharedexclusive
Running as unit: run-rcdcb4aec4d1e4e67ad569cf41f25d187.scope; invocation ID: 8b90b97c7cab42868ab960296a7146a0
Time needed for parsing json file: 2843[µs]
alphabet size: 5
using Siphon interpretation
Time needed for constructing Siphon interpretation transducer: 1846[µs]
computing ind...
Time needed for constructing complement of ind: 2874[µs]
Time needed for computing ind: 21254[µs]
Time needed for minimizing ind: 6852[µs]
Time needed for computing ind (total): 31068[µs]
automaton for ind has 5 states.
...done.
computing complement of preach...
Time needed for constructing identity on ind: 386[µs]
Time needed for computing product v_id of abstraction framework with identity on ind: 6340[µs]
Time needed for computing product of v_id with complement of abstraction framework: 965[µs]
Time needed for computing complement of preach: 9121[µs]
automaton for complement of preach has 6 states.
...of which, 2 states are at level 0.
Time needed for trimming complement of preach: 22[µs]
...done.
trying to prove abstract safety...
Time needed for constructing transducer for unsafe property: 8[µs]
Time needed for constructing transducer for (initial, unsafe) pairs: 178[µs]
Time needed for constructing transducer for complement of (initial, unsafe) pairs: 499[µs]
Time needed for building union of complements of preach and (initial, unsafe)-transducer: 71[µs]
Time needed for checking universality using antichains-inclusion algorithm: 177[µs]
Time needed for checking abstract safety: 1004[µs]
...done.
Result: [0]
This means that the following properties could be separated from the initial configurations:
	[]
While the following properties could not be separated from the initial configurations:
	[sharedexclusive]

real	0m0,081s
user	0m0,048s
sys	0m0,011s
********************
/home/jakob/Documents/abstracton/benchmarks/dodo/MOESI.json
f
sharedexclusive
Running as unit: run-r7f5b4d650c964f5d856e3a2c8761617c.scope; invocation ID: 91680879bb274774ae2f3d55fbacce78
Time needed for parsing json file: 2789[µs]
alphabet size: 5
using Flow interpretation
Time needed for constructing Flow interpretation transducer: 4512[µs]
computing ind...
Time needed for constructing complement of ind: 8947[µs]
Time needed for computing ind: 744178[µs]
Time needed for minimizing ind: 88671[µs]
Time needed for computing ind (total): 841961[µs]
automaton for ind has 7 states.
...done.
computing complement of preach...
Time needed for constructing identity on ind: 619[µs]
Time needed for computing product v_id of abstraction framework with identity on ind: 14889[µs]
Time needed for computing product of v_id with complement of abstraction framework: 1734[µs]
Time needed for computing complement of preach: 20483[µs]
automaton for complement of preach has 6 states.
...of which, 2 states are at level 0.
Time needed for trimming complement of preach: 33[µs]
...done.
trying to prove abstract safety...
Time needed for constructing transducer for unsafe property: 7[µs]
Time needed for constructing transducer for (initial, unsafe) pairs: 221[µs]
Time needed for constructing transducer for complement of (initial, unsafe) pairs: 473[µs]
Time needed for building union of complements of preach and (initial, unsafe)-transducer: 78[µs]
Time needed for checking universality using antichains-inclusion algorithm: 192[µs]
Time needed for checking abstract safety: 1040[µs]
...done.
Result: [0]
This means that the following properties could be separated from the initial configurations:
	[]
While the following properties could not be separated from the initial configurations:
	[sharedexclusive]

real	0m0,899s
user	0m0,869s
sys	0m0,013s
********************
29 of 61
/home/jakob/Documents/abstracton/benchmarks/dodo/MOESI.json
t
ownedexclusive
Running as unit: run-r361f057a73ce427d9cd049474f8c34bc.scope; invocation ID: 5bd2457e3c6c4803aa3809cc8976834d
Time needed for parsing json file: 2685[µs]
alphabet size: 5
using Trap interpretation
Time needed for constructing Trap interpretation transducer: 5009[µs]
computing ind...
Time needed for constructing complement of ind: 8128[µs]
Time needed for computing ind: 156366[µs]
Time needed for minimizing ind: 21367[µs]
Time needed for computing ind (total): 185994[µs]
automaton for ind has 13 states.
...done.
computing complement of preach...
Time needed for constructing identity on ind: 916[µs]
Time needed for computing product v_id of abstraction framework with identity on ind: 56180[µs]
Time needed for computing product of v_id with complement of abstraction framework: 260085[µs]
Time needed for computing complement of preach: 320344[µs]
automaton for complement of preach has 1220 states.
...of which, 20 states are at level 0.
Time needed for trimming complement of preach: 3626[µs]
...done.
trying to prove abstract safety...
Time needed for constructing transducer for unsafe property: 9[µs]
Time needed for constructing transducer for (initial, unsafe) pairs: 246[µs]
Time needed for constructing transducer for complement of (initial, unsafe) pairs: 507[µs]
Time needed for building union of complements of preach and (initial, unsafe)-transducer: 1049[µs]
Time needed for checking universality using antichains-inclusion algorithm: 5793[µs]
Time needed for checking abstract safety: 8061[µs]
...done.
Result: [1]
This means that the following properties could be separated from the initial configurations:
	[ownedexclusive]
While the following properties could not be separated from the initial configurations:
	[]

real	0m0,559s
user	0m0,491s
sys	0m0,054s
********************
/home/jakob/Documents/abstracton/benchmarks/dodo/MOESI.json
s
ownedexclusive
Running as unit: run-ra0f19c01214b4393830f4d5b48ba54a4.scope; invocation ID: 0ed97e680e4d42f7994763b5f1cd6268
Time needed for parsing json file: 2938[µs]
alphabet size: 5
using Siphon interpretation
Time needed for constructing Siphon interpretation transducer: 1829[µs]
computing ind...
Time needed for constructing complement of ind: 2951[µs]
Time needed for computing ind: 20160[µs]
Time needed for minimizing ind: 6782[µs]
Time needed for computing ind (total): 29974[µs]
automaton for ind has 5 states.
...done.
computing complement of preach...
Time needed for constructing identity on ind: 390[µs]
Time needed for computing product v_id of abstraction framework with identity on ind: 6397[µs]
Time needed for computing product of v_id with complement of abstraction framework: 971[µs]
Time needed for computing complement of preach: 9188[µs]
automaton for complement of preach has 6 states.
...of which, 2 states are at level 0.
Time needed for trimming complement of preach: 22[µs]
...done.
trying to prove abstract safety...
Time needed for constructing transducer for unsafe property: 10[µs]
Time needed for constructing transducer for (initial, unsafe) pairs: 190[µs]
Time needed for constructing transducer for complement of (initial, unsafe) pairs: 430[µs]
Time needed for building union of complements of preach and (initial, unsafe)-transducer: 72[µs]
Time needed for checking universality using antichains-inclusion algorithm: 172[µs]
Time needed for checking abstract safety: 955[µs]
...done.
Result: [0]
This means that the following properties could be separated from the initial configurations:
	[]
While the following properties could not be separated from the initial configurations:
	[ownedexclusive]

real	0m0,074s
user	0m0,046s
sys	0m0,011s
********************
/home/jakob/Documents/abstracton/benchmarks/dodo/MOESI.json
f
ownedexclusive
Running as unit: run-rf5b6287f50e9487ab7dd996bbcd35c94.scope; invocation ID: e5fa234926714c6d8e29d534d4c85277
Time needed for parsing json file: 2926[µs]
alphabet size: 5
using Flow interpretation
Time needed for constructing Flow interpretation transducer: 4545[µs]
computing ind...
Time needed for constructing complement of ind: 9034[µs]
Time needed for computing ind: 714037[µs]
Time needed for minimizing ind: 81158[µs]
Time needed for computing ind (total): 804391[µs]
automaton for ind has 7 states.
...done.
computing complement of preach...
Time needed for constructing identity on ind: 548[µs]
Time needed for computing product v_id of abstraction framework with identity on ind: 14093[µs]
Time needed for computing product of v_id with complement of abstraction framework: 1767[µs]
Time needed for computing complement of preach: 19289[µs]
automaton for complement of preach has 6 states.
...of which, 2 states are at level 0.
Time needed for trimming complement of preach: 30[µs]
...done.
trying to prove abstract safety...
Time needed for constructing transducer for unsafe property: 7[µs]
Time needed for constructing transducer for (initial, unsafe) pairs: 189[µs]
Time needed for constructing transducer for complement of (initial, unsafe) pairs: 405[µs]
Time needed for building union of complements of preach and (initial, unsafe)-transducer: 72[µs]
Time needed for checking universality using antichains-inclusion algorithm: 200[µs]
Time needed for checking abstract safety: 950[µs]
...done.
Result: [0]
This means that the following properties could be separated from the initial configurations:
	[]
While the following properties could not be separated from the initial configurations:
	[ownedexclusive]

real	0m0,858s
user	0m0,831s
sys	0m0,013s
********************
30 of 61
/home/jakob/Documents/abstracton/benchmarks/dodo/MOESI.json
t
exclusivemodified
Running as unit: run-rfd25069f6fbd42779d57faa9447181d4.scope; invocation ID: d63b2d1a25a0451a92264bfdf2b5c7b8
Time needed for parsing json file: 2813[µs]
alphabet size: 5
using Trap interpretation
Time needed for constructing Trap interpretation transducer: 5103[µs]
computing ind...
Time needed for constructing complement of ind: 8608[µs]
Time needed for computing ind: 160875[µs]
Time needed for minimizing ind: 20241[µs]
Time needed for computing ind (total): 189844[µs]
automaton for ind has 13 states.
...done.
computing complement of preach...
Time needed for constructing identity on ind: 877[µs]
Time needed for computing product v_id of abstraction framework with identity on ind: 54759[µs]
Time needed for computing product of v_id with complement of abstraction framework: 258474[µs]
Time needed for computing complement of preach: 317094[µs]
automaton for complement of preach has 1220 states.
...of which, 20 states are at level 0.
Time needed for trimming complement of preach: 3449[µs]
...done.
trying to prove abstract safety...
Time needed for constructing transducer for unsafe property: 9[µs]
Time needed for constructing transducer for (initial, unsafe) pairs: 241[µs]
Time needed for constructing transducer for complement of (initial, unsafe) pairs: 461[µs]
Time needed for building union of complements of preach and (initial, unsafe)-transducer: 1078[µs]
Time needed for checking universality using antichains-inclusion algorithm: 5755[µs]
Time needed for checking abstract safety: 7966[µs]
...done.
Result: [1]
This means that the following properties could be separated from the initial configurations:
	[exclusivemodified]
While the following properties could not be separated from the initial configurations:
	[]

real	0m0,561s
user	0m0,476s
sys	0m0,071s
********************
/home/jakob/Documents/abstracton/benchmarks/dodo/MOESI.json
s
exclusivemodified
Running as unit: run-rb2840f7719a44843a7a6d7ded581f4a6.scope; invocation ID: e9cb4dbe65f44899a92571005b97417d
Time needed for parsing json file: 2955[µs]
alphabet size: 5
using Siphon interpretation
Time needed for constructing Siphon interpretation transducer: 3055[µs]
computing ind...
Time needed for constructing complement of ind: 4560[µs]
Time needed for computing ind: 19716[µs]
Time needed for minimizing ind: 6827[µs]
Time needed for computing ind (total): 31178[µs]
automaton for ind has 5 states.
...done.
computing complement of preach...
Time needed for constructing identity on ind: 378[µs]
Time needed for computing product v_id of abstraction framework with identity on ind: 8674[µs]
Time needed for computing product of v_id with complement of abstraction framework: 1163[µs]
Time needed for computing complement of preach: 11616[µs]
automaton for complement of preach has 6 states.
...of which, 2 states are at level 0.
Time needed for trimming complement of preach: 24[µs]
...done.
trying to prove abstract safety...
Time needed for constructing transducer for unsafe property: 8[µs]
Time needed for constructing transducer for (initial, unsafe) pairs: 186[µs]
Time needed for constructing transducer for complement of (initial, unsafe) pairs: 425[µs]
Time needed for building union of complements of preach and (initial, unsafe)-transducer: 71[µs]
Time needed for checking universality using antichains-inclusion algorithm: 186[µs]
Time needed for checking abstract safety: 967[µs]
...done.
Result: [0]
This means that the following properties could be separated from the initial configurations:
	[]
While the following properties could not be separated from the initial configurations:
	[exclusivemodified]

real	0m0,081s
user	0m0,052s
sys	0m0,010s
********************
/home/jakob/Documents/abstracton/benchmarks/dodo/MOESI.json
f
exclusivemodified
Running as unit: run-r5b3afab5a67342b68ed125a5014441b9.scope; invocation ID: c913e5fd47634b009f9857d8d9efe6d9
Time needed for parsing json file: 2645[µs]
alphabet size: 5
using Flow interpretation
Time needed for constructing Flow interpretation transducer: 4430[µs]
computing ind...
Time needed for constructing complement of ind: 9429[µs]
Time needed for computing ind: 716362[µs]
Time needed for minimizing ind: 81452[µs]
Time needed for computing ind (total): 807421[µs]
automaton for ind has 7 states.
...done.
computing complement of preach...
Time needed for constructing identity on ind: 509[µs]
Time needed for computing product v_id of abstraction framework with identity on ind: 13468[µs]
Time needed for computing product of v_id with complement of abstraction framework: 1697[µs]
Time needed for computing complement of preach: 18569[µs]
automaton for complement of preach has 6 states.
...of which, 2 states are at level 0.
Time needed for trimming complement of preach: 29[µs]
...done.
trying to prove abstract safety...
Time needed for constructing transducer for unsafe property: 7[µs]
Time needed for constructing transducer for (initial, unsafe) pairs: 189[µs]
Time needed for constructing transducer for complement of (initial, unsafe) pairs: 400[µs]
Time needed for building union of complements of preach and (initial, unsafe)-transducer: 68[µs]
Time needed for checking universality using antichains-inclusion algorithm: 169[µs]
Time needed for checking abstract safety: 911[µs]
...done.
Result: [0]
This means that the following properties could be separated from the initial configurations:
	[]
While the following properties could not be separated from the initial configurations:
	[exclusivemodified]

real	0m0,860s
user	0m0,834s
sys	0m0,012s
********************
31 of 61
/home/jakob/Documents/abstracton/benchmarks/dodo/MOESI.json
t
ownedmodified
Running as unit: run-red5e61814eec4c70953198d1d747c811.scope; invocation ID: fd6d4f03e923443b9d9e7b2c82ebe867
Time needed for parsing json file: 2745[µs]
alphabet size: 5
using Trap interpretation
Time needed for constructing Trap interpretation transducer: 5026[µs]
computing ind...
Time needed for constructing complement of ind: 9705[µs]
Time needed for computing ind: 162675[µs]
Time needed for minimizing ind: 20150[µs]
Time needed for computing ind (total): 192678[µs]
automaton for ind has 13 states.
...done.
computing complement of preach...
Time needed for constructing identity on ind: 978[µs]
Time needed for computing product v_id of abstraction framework with identity on ind: 53870[µs]
Time needed for computing product of v_id with complement of abstraction framework: 256761[µs]
Time needed for computing complement of preach: 314611[µs]
automaton for complement of preach has 1220 states.
...of which, 20 states are at level 0.
Time needed for trimming complement of preach: 3501[µs]
...done.
trying to prove abstract safety...
Time needed for constructing transducer for unsafe property: 9[µs]
Time needed for constructing transducer for (initial, unsafe) pairs: 216[µs]
Time needed for constructing transducer for complement of (initial, unsafe) pairs: 469[µs]
Time needed for building union of complements of preach and (initial, unsafe)-transducer: 1045[µs]
Time needed for checking universality using antichains-inclusion algorithm: 5687[µs]
Time needed for checking abstract safety: 7848[µs]
...done.
Result: [1]
This means that the following properties could be separated from the initial configurations:
	[ownedmodified]
While the following properties could not be separated from the initial configurations:
	[]

real	0m0,565s
user	0m0,490s
sys	0m0,055s
********************
/home/jakob/Documents/abstracton/benchmarks/dodo/MOESI.json
s
ownedmodified
Running as unit: run-rf5c597987b614e7db7b9af0e7651e1ab.scope; invocation ID: bb400d8a0c7d4cfdb45c2b8a64435d85
Time needed for parsing json file: 2854[µs]
alphabet size: 5
using Siphon interpretation
Time needed for constructing Siphon interpretation transducer: 1806[µs]
computing ind...
Time needed for constructing complement of ind: 2857[µs]
Time needed for computing ind: 25952[µs]
Time needed for minimizing ind: 12179[µs]
Time needed for computing ind (total): 41110[µs]
automaton for ind has 5 states.
...done.
computing complement of preach...
Time needed for constructing identity on ind: 723[µs]
Time needed for computing product v_id of abstraction framework with identity on ind: 9208[µs]
Time needed for computing product of v_id with complement of abstraction framework: 969[µs]
Time needed for computing complement of preach: 13173[µs]
automaton for complement of preach has 6 states.
...of which, 2 states are at level 0.
Time needed for trimming complement of preach: 22[µs]
...done.
trying to prove abstract safety...
Time needed for constructing transducer for unsafe property: 8[µs]
Time needed for constructing transducer for (initial, unsafe) pairs: 176[µs]
Time needed for constructing transducer for complement of (initial, unsafe) pairs: 413[µs]
Time needed for building union of complements of preach and (initial, unsafe)-transducer: 66[µs]
Time needed for checking universality using antichains-inclusion algorithm: 169[µs]
Time needed for checking abstract safety: 899[µs]
...done.
Result: [0]
This means that the following properties could be separated from the initial configurations:
	[]
While the following properties could not be separated from the initial configurations:
	[ownedmodified]

real	0m0,086s
user	0m0,057s
sys	0m0,015s
********************
/home/jakob/Documents/abstracton/benchmarks/dodo/MOESI.json
f
ownedmodified
Running as unit: run-r890b77b2a9124980ae0c67dac5d2da3a.scope; invocation ID: 63f78979281e4230907356d3d5cfd23e
Time needed for parsing json file: 2836[µs]
alphabet size: 5
using Flow interpretation
Time needed for constructing Flow interpretation transducer: 4654[µs]
computing ind...
Time needed for constructing complement of ind: 10219[µs]
Time needed for computing ind: 712676[µs]
Time needed for minimizing ind: 77172[µs]
Time needed for computing ind (total): 800270[µs]
automaton for ind has 7 states.
...done.
computing complement of preach...
Time needed for constructing identity on ind: 467[µs]
Time needed for computing product v_id of abstraction framework with identity on ind: 12809[µs]
Time needed for computing product of v_id with complement of abstraction framework: 1669[µs]
Time needed for computing complement of preach: 17487[µs]
automaton for complement of preach has 6 states.
...of which, 2 states are at level 0.
Time needed for trimming complement of preach: 31[µs]
...done.
trying to prove abstract safety...
Time needed for constructing transducer for unsafe property: 7[µs]
Time needed for constructing transducer for (initial, unsafe) pairs: 191[µs]
Time needed for constructing transducer for complement of (initial, unsafe) pairs: 395[µs]
Time needed for building union of complements of preach and (initial, unsafe)-transducer: 66[µs]
Time needed for checking universality using antichains-inclusion algorithm: 181[µs]
Time needed for checking abstract safety: 901[µs]
...done.
Result: [0]
This means that the following properties could be separated from the initial configurations:
	[]
While the following properties could not be separated from the initial configurations:
	[ownedmodified]

real	0m0,864s
user	0m0,825s
sys	0m0,013s
********************
32 of 61
/home/jakob/Documents/abstracton/benchmarks/dodo/MOESI.json
t
sharedmodified
Running as unit: run-r0be63e4e124044dfb96482850307f927.scope; invocation ID: 629948bfbaeb423f9fe49011f809be8c
Time needed for parsing json file: 2849[µs]
alphabet size: 5
using Trap interpretation
Time needed for constructing Trap interpretation transducer: 4954[µs]
computing ind...
Time needed for constructing complement of ind: 8233[µs]
Time needed for computing ind: 156988[µs]
Time needed for minimizing ind: 22571[µs]
Time needed for computing ind (total): 187928[µs]
automaton for ind has 13 states.
...done.
computing complement of preach...
Time needed for constructing identity on ind: 892[µs]
Time needed for computing product v_id of abstraction framework with identity on ind: 53714[µs]
Time needed for computing product of v_id with complement of abstraction framework: 256797[µs]
Time needed for computing complement of preach: 314528[µs]
automaton for complement of preach has 1220 states.
...of which, 20 states are at level 0.
Time needed for trimming complement of preach: 3375[µs]
...done.
trying to prove abstract safety...
Time needed for constructing transducer for unsafe property: 8[µs]
Time needed for constructing transducer for (initial, unsafe) pairs: 225[µs]
Time needed for constructing transducer for complement of (initial, unsafe) pairs: 439[µs]
Time needed for building union of complements of preach and (initial, unsafe)-transducer: 1053[µs]
Time needed for checking universality using antichains-inclusion algorithm: 4968[µs]
Time needed for checking abstract safety: 7100[µs]
...done.
Result: [1]
This means that the following properties could be separated from the initial configurations:
	[sharedmodified]
While the following properties could not be separated from the initial configurations:
	[]

real	0m0,550s
user	0m0,484s
sys	0m0,054s
********************
/home/jakob/Documents/abstracton/benchmarks/dodo/MOESI.json
s
sharedmodified
Running as unit: run-rea756562a4bc43418416c98e137fa853.scope; invocation ID: df6897507a3a4c33b3783e84ec63b83e
Time needed for parsing json file: 2842[µs]
alphabet size: 5
using Siphon interpretation
Time needed for constructing Siphon interpretation transducer: 1737[µs]
computing ind...
Time needed for constructing complement of ind: 2834[µs]
Time needed for computing ind: 19701[µs]
Time needed for minimizing ind: 6785[µs]
Time needed for computing ind (total): 29398[µs]
automaton for ind has 5 states.
...done.
computing complement of preach...
Time needed for constructing identity on ind: 377[µs]
Time needed for computing product v_id of abstraction framework with identity on ind: 6382[µs]
Time needed for computing product of v_id with complement of abstraction framework: 980[µs]
Time needed for computing complement of preach: 9141[µs]
automaton for complement of preach has 6 states.
...of which, 2 states are at level 0.
Time needed for trimming complement of preach: 22[µs]
...done.
trying to prove abstract safety...
Time needed for constructing transducer for unsafe property: 8[µs]
Time needed for constructing transducer for (initial, unsafe) pairs: 175[µs]
Time needed for constructing transducer for complement of (initial, unsafe) pairs: 432[µs]
Time needed for building union of complements of preach and (initial, unsafe)-transducer: 72[µs]
Time needed for checking universality using antichains-inclusion algorithm: 184[µs]
Time needed for checking abstract safety: 941[µs]
...done.
Result: [0]
This means that the following properties could be separated from the initial configurations:
	[]
While the following properties could not be separated from the initial configurations:
	[sharedmodified]

real	0m0,068s
user	0m0,047s
sys	0m0,010s
********************
/home/jakob/Documents/abstracton/benchmarks/dodo/MOESI.json
f
sharedmodified
Running as unit: run-rbab52807ef6f4b14be82000c8aab9ee6.scope; invocation ID: 9d367c9725e5417b8db8faf58d4ed28c
Time needed for parsing json file: 2754[µs]
alphabet size: 5
using Flow interpretation
Time needed for constructing Flow interpretation transducer: 4640[µs]
computing ind...
Time needed for constructing complement of ind: 9120[µs]
Time needed for computing ind: 732693[µs]
Time needed for minimizing ind: 80163[µs]
Time needed for computing ind (total): 822147[µs]
automaton for ind has 7 states.
...done.
computing complement of preach...
Time needed for constructing identity on ind: 517[µs]
Time needed for computing product v_id of abstraction framework with identity on ind: 14185[µs]
Time needed for computing product of v_id with complement of abstraction framework: 1643[µs]
Time needed for computing complement of preach: 19084[µs]
automaton for complement of preach has 6 states.
...of which, 2 states are at level 0.
Time needed for trimming complement of preach: 31[µs]
...done.
trying to prove abstract safety...
Time needed for constructing transducer for unsafe property: 7[µs]
Time needed for constructing transducer for (initial, unsafe) pairs: 192[µs]
Time needed for constructing transducer for complement of (initial, unsafe) pairs: 399[µs]
Time needed for building union of complements of preach and (initial, unsafe)-transducer: 66[µs]
Time needed for checking universality using antichains-inclusion algorithm: 227[µs]
Time needed for checking abstract safety: 962[µs]
...done.
Result: [0]
This means that the following properties could be separated from the initial configurations:
	[]
While the following properties could not be separated from the initial configurations:
	[sharedmodified]

real	0m0,875s
user	0m0,850s
sys	0m0,012s
********************
33 of 61
/home/jakob/Documents/abstracton/benchmarks/dodo/MOESI.json
t
deadlock
Running as unit: run-r821eace437a048e4ba6391f60f9727c8.scope; invocation ID: 547657b53a6d42b8845b7f653f12ff14
Time needed for parsing json file: 2898[µs]
alphabet size: 5
using Trap interpretation
Time needed for constructing Trap interpretation transducer: 5040[µs]
computing ind...
Time needed for constructing complement of ind: 7851[µs]
Time needed for computing ind: 155214[µs]
Time needed for minimizing ind: 21958[µs]
Time needed for computing ind (total): 185144[µs]
automaton for ind has 13 states.
...done.
computing complement of preach...
Time needed for constructing identity on ind: 955[µs]
Time needed for computing product v_id of abstraction framework with identity on ind: 54549[µs]
Time needed for computing product of v_id with complement of abstraction framework: 251922[µs]
Time needed for computing complement of preach: 310561[µs]
automaton for complement of preach has 1220 states.
...of which, 20 states are at level 0.
Time needed for trimming complement of preach: 3498[µs]
...done.
trying to prove abstract safety...
Time needed for constructing transducer for unsafe property: 10[µs]
Time needed for constructing transducer for (initial, unsafe) pairs: 132[µs]
Time needed for constructing transducer for complement of (initial, unsafe) pairs: 42[µs]
Time needed for building union of complements of preach and (initial, unsafe)-transducer: 953[µs]
Time needed for checking universality using antichains-inclusion algorithm: 3783[µs]
Time needed for checking abstract safety: 5365[µs]
...done.
Result: [1]
This means that the following properties could be separated from the initial configurations:
	[deadlock]
While the following properties could not be separated from the initial configurations:
	[]

real	0m0,543s
user	0m0,485s
sys	0m0,048s
********************
/home/jakob/Documents/abstracton/benchmarks/dodo/MOESI.json
s
deadlock
Running as unit: run-rcbcd8b9add9c446d8eeac66c04c663be.scope; invocation ID: 44c39f0143dc4fd2b793a616424c7cc9
Time needed for parsing json file: 2849[µs]
alphabet size: 5
using Siphon interpretation
Time needed for constructing Siphon interpretation transducer: 1892[µs]
computing ind...
Time needed for constructing complement of ind: 2958[µs]
Time needed for computing ind: 20283[µs]
Time needed for minimizing ind: 6738[µs]
Time needed for computing ind (total): 30049[µs]
automaton for ind has 5 states.
...done.
computing complement of preach...
Time needed for constructing identity on ind: 371[µs]
Time needed for computing product v_id of abstraction framework with identity on ind: 6410[µs]
Time needed for computing product of v_id with complement of abstraction framework: 940[µs]
Time needed for computing complement of preach: 9116[µs]
automaton for complement of preach has 6 states.
...of which, 2 states are at level 0.
Time needed for trimming complement of preach: 20[µs]
...done.
trying to prove abstract safety...
Time needed for constructing transducer for unsafe property: 9[µs]
Time needed for constructing transducer for (initial, unsafe) pairs: 104[µs]
Time needed for constructing transducer for complement of (initial, unsafe) pairs: 35[µs]
Time needed for building union of complements of preach and (initial, unsafe)-transducer: 31[µs]
Time needed for checking universality using antichains-inclusion algorithm: 70[µs]
Time needed for checking abstract safety: 301[µs]
...done.
Result: [1]
This means that the following properties could be separated from the initial configurations:
	[deadlock]
While the following properties could not be separated from the initial configurations:
	[]

real	0m0,066s
user	0m0,048s
sys	0m0,008s
********************
/home/jakob/Documents/abstracton/benchmarks/dodo/MOESI.json
f
deadlock
Running as unit: run-ra8bafae55b664d4eb536afc2859ecec2.scope; invocation ID: 1b3972806dbf436da02b7c095e2512eb
Time needed for parsing json file: 2769[µs]
alphabet size: 5
using Flow interpretation
Time needed for constructing Flow interpretation transducer: 4179[µs]
computing ind...
Time needed for constructing complement of ind: 8878[µs]
Time needed for computing ind: 719759[µs]
Time needed for minimizing ind: 79375[µs]
Time needed for computing ind (total): 808190[µs]
automaton for ind has 7 states.
...done.
computing complement of preach...
Time needed for constructing identity on ind: 511[µs]
Time needed for computing product v_id of abstraction framework with identity on ind: 13915[µs]
Time needed for computing product of v_id with complement of abstraction framework: 1640[µs]
Time needed for computing complement of preach: 18839[µs]
automaton for complement of preach has 6 states.
...of which, 2 states are at level 0.
Time needed for trimming complement of preach: 30[µs]
...done.
trying to prove abstract safety...
Time needed for constructing transducer for unsafe property: 8[µs]
Time needed for constructing transducer for (initial, unsafe) pairs: 129[µs]
Time needed for constructing transducer for complement of (initial, unsafe) pairs: 37[µs]
Time needed for building union of complements of preach and (initial, unsafe)-transducer: 32[µs]
Time needed for checking universality using antichains-inclusion algorithm: 90[µs]
Time needed for checking abstract safety: 343[µs]
...done.
Result: [1]
This means that the following properties could be separated from the initial configurations:
	[deadlock]
While the following properties could not be separated from the initial configurations:
	[]

real	0m0,859s
user	0m0,829s
sys	0m0,017s
********************
34 of 61
/home/jakob/Documents/abstracton/benchmarks/dodo/Szymanski.json
t
nomutex
Running as unit: run-r9eb0b3c537174d3ab48bd3b2a1e3c2e8.scope; invocation ID: 6f01c5bc1e6b428bb994af5035fd1936
Time needed for parsing json file: 178633[µs]
alphabet size: 50
using Trap interpretation

real	23m27,736s
user	2m9,314s
sys	1m0,547s
********************
/home/jakob/Documents/abstracton/benchmarks/dodo/Szymanski.json
s
nomutex
Running as unit: run-r9757796e3ecb46c1a7a3a428bf55a98f.scope; invocation ID: 9ca2cb93689a46de90c620fa781795b2
Time needed for parsing json file: 232145[µs]
alphabet size: 50
using Siphon interpretation

real	22m11,712s
user	2m7,321s
sys	0m59,526s
********************
/home/jakob/Documents/abstracton/benchmarks/dodo/Szymanski.json
f
nomutex
Running as unit: run-r786d159790db4d3197866dc3a257a99d.scope; invocation ID: f8c89174ece84f4581b04c86da8bf5b8
Time needed for parsing json file: 194975[µs]
alphabet size: 50
using Flow interpretation
./bench_for_dodo_comparison.sh: line 83: 420266 Killed                  systemd-run --user --scope -p MemoryMax=32G -p MemorySwapMax=7G timeout $TIMEOUT "${parentdir}/../build_release/benchmarks/solve_dodo" -i $MODE -p $PROPERTY $FILE --measure-time --no-dot-printing --universality-alg antichains-inclusion

real	12m28,233s
user	2m1,072s
sys	0m48,783s
********************
35 of 61
/home/jakob/Documents/abstracton/benchmarks/dodo/Szymanski.json
t
deadlock
Running as unit: run-rbf1fe192c29e4c47ac2503336917b2c5.scope; invocation ID: b2cb7450915044ae854b1acfa736bc5e
Time needed for parsing json file: 217360[µs]
alphabet size: 50
using Trap interpretation

real	21m24,290s
user	2m7,631s
sys	1m3,483s
********************
/home/jakob/Documents/abstracton/benchmarks/dodo/Szymanski.json
s
deadlock
Running as unit: run-r9b61b053c66148fe8c996b43365f71b1.scope; invocation ID: f2828896dde94daf93c01f3c2dadc554
Time needed for parsing json file: 193411[µs]
alphabet size: 50
using Siphon interpretation
./bench_for_dodo_comparison.sh: line 83: 421142 Killed                  systemd-run --user --scope -p MemoryMax=32G -p MemorySwapMax=7G timeout $TIMEOUT "${parentdir}/../build_release/benchmarks/solve_dodo" -i $MODE -p $PROPERTY $FILE --measure-time --no-dot-printing --universality-alg antichains-inclusion

real	15m9,047s
user	2m2,229s
sys	0m49,646s
********************
/home/jakob/Documents/abstracton/benchmarks/dodo/Szymanski.json
f
deadlock
Running as unit: run-r56d049b68dd14601ad23cecb5c042bbb.scope; invocation ID: b967bd16d2904ca29892a4564967ca7a
Time needed for parsing json file: 296920[µs]
alphabet size: 50
using Flow interpretation
./bench_for_dodo_comparison.sh: line 83: 421622 Killed                  systemd-run --user --scope -p MemoryMax=32G -p MemorySwapMax=7G timeout $TIMEOUT "${parentdir}/../build_release/benchmarks/solve_dodo" -i $MODE -p $PROPERTY $FILE --measure-time --no-dot-printing --universality-alg antichains-inclusion

real	18m29,694s
user	2m3,643s
sys	0m48,888s
********************
36 of 61
/home/jakob/Documents/abstracton/benchmarks/dodo/atomic-dining-philosophers.json
t
deadlock
Running as unit: run-rd492ebe8596d4c77bfa7210990f451e4.scope; invocation ID: 2d20fbec32454affb684c5e2e43fc0e3
Time needed for parsing json file: 2345[µs]
alphabet size: 4
using Trap interpretation
Time needed for constructing Trap interpretation transducer: 4680[µs]
computing ind...
Time needed for constructing complement of ind: 4419[µs]
Time needed for computing ind: 161924[µs]
Time needed for minimizing ind: 21459[µs]
Time needed for computing ind (total): 188317[µs]
automaton for ind has 26 states.
...done.
computing complement of preach...
Time needed for constructing identity on ind: 965[µs]
Time needed for computing product v_id of abstraction framework with identity on ind: 52773[µs]
Time needed for computing product of v_id with complement of abstraction framework: 242643[µs]
Time needed for computing complement of preach: 298579[µs]
automaton for complement of preach has 1043 states.
...of which, 47 states are at level 0.
Time needed for trimming complement of preach: 2455[µs]
...done.
trying to prove abstract safety...
Time needed for constructing transducer for unsafe property: 20[µs]
Time needed for constructing transducer for (initial, unsafe) pairs: 480[µs]
Time needed for constructing transducer for complement of (initial, unsafe) pairs: 858[µs]
Time needed for building union of complements of preach and (initial, unsafe)-transducer: 854[µs]
Time needed for checking universality using antichains-inclusion algorithm: 10038[µs]
Time needed for checking abstract safety: 12674[µs]
...done.
Result: [1]
This means that the following properties could be separated from the initial configurations:
	[deadlock]
While the following properties could not be separated from the initial configurations:
	[]

real	0m0,549s
user	0m0,464s
sys	0m0,062s
********************
/home/jakob/Documents/abstracton/benchmarks/dodo/atomic-dining-philosophers.json
s
deadlock
Running as unit: run-r4dd29d755f0b498e937e0198b09578fd.scope; invocation ID: 9b7aadb3d6c74755b8aa8b59d01195ac
Time needed for parsing json file: 2207[µs]
alphabet size: 4
using Siphon interpretation
Time needed for constructing Siphon interpretation transducer: 1416[µs]
computing ind...
Time needed for constructing complement of ind: 1204[µs]
Time needed for computing ind: 23108[µs]
Time needed for minimizing ind: 11644[µs]
Time needed for computing ind (total): 36105[µs]
automaton for ind has 26 states.
...done.
computing complement of preach...
Time needed for constructing identity on ind: 1233[µs]
Time needed for computing product v_id of abstraction framework with identity on ind: 17258[µs]
Time needed for computing product of v_id with complement of abstraction framework: 18698[µs]
Time needed for computing complement of preach: 38233[µs]
automaton for complement of preach has 527 states.
...of which, 47 states are at level 0.
Time needed for trimming complement of preach: 1566[µs]
...done.
trying to prove abstract safety...
Time needed for constructing transducer for unsafe property: 25[µs]
Time needed for constructing transducer for (initial, unsafe) pairs: 472[µs]
Time needed for constructing transducer for complement of (initial, unsafe) pairs: 904[µs]
Time needed for building union of complements of preach and (initial, unsafe)-transducer: 552[µs]
Time needed for checking universality using antichains-inclusion algorithm: 2552[µs]
Time needed for checking abstract safety: 4731[µs]
...done.
Result: [0]
This means that the following properties could be separated from the initial configurations:
	[]
While the following properties could not be separated from the initial configurations:
	[deadlock]

real	0m0,113s
user	0m0,086s
sys	0m0,012s
********************
/home/jakob/Documents/abstracton/benchmarks/dodo/atomic-dining-philosophers.json
f
deadlock
Running as unit: run-rb34e1a6c48014ded8a00b12204d7879b.scope; invocation ID: cdcfad46f2ce4efbac2adcff6e45f7a2
Time needed for parsing json file: 1775[µs]
alphabet size: 4
using Flow interpretation
Time needed for constructing Flow interpretation transducer: 2109[µs]
computing ind...
Time needed for constructing complement of ind: 2885[µs]
Time needed for computing ind: 338663[µs]
Time needed for minimizing ind: 59092[µs]
Time needed for computing ind (total): 400817[µs]
automaton for ind has 59 states.
...done.
computing complement of preach...
Time needed for constructing identity on ind: 1995[µs]
Time needed for computing product v_id of abstraction framework with identity on ind: 85172[µs]
Time needed for computing product of v_id with complement of abstraction framework: 70095[µs]
Time needed for computing complement of preach: 159306[µs]
automaton for complement of preach has 1955 states.
...of which, 171 states are at level 0.
Time needed for trimming complement of preach: 6720[µs]
...done.
trying to prove abstract safety...
Time needed for constructing transducer for unsafe property: 23[µs]
Time needed for constructing transducer for (initial, unsafe) pairs: 574[µs]
Time needed for constructing transducer for complement of (initial, unsafe) pairs: 1065[µs]
Time needed for building union of complements of preach and (initial, unsafe)-transducer: 2208[µs]
Time needed for checking universality using antichains-inclusion algorithm: 14827[µs]
Time needed for checking abstract safety: 19255[µs]
...done.
Result: [0]
This means that the following properties could be separated from the initial configurations:
	[]
While the following properties could not be separated from the initial configurations:
	[deadlock]

real	0m0,616s
user	0m0,583s
sys	0m0,022s
********************
37 of 61
/home/jakob/Documents/abstracton/benchmarks/dodo/bakery.json
t
nomutex
Running as unit: run-r5592e09c18aa453bad0ee823dbbe93f5.scope; invocation ID: dd7006444d5a40d5a7bbfc2ff62e92fe
Time needed for parsing json file: 1064[µs]
alphabet size: 3
using Trap interpretation
Time needed for constructing Trap interpretation transducer: 1087[µs]
computing ind...
Time needed for constructing complement of ind: 437[µs]
Time needed for computing ind: 10072[µs]
Time needed for minimizing ind: 3150[µs]
Time needed for computing ind (total): 13725[µs]
automaton for ind has 7 states.
...done.
computing complement of preach...
Time needed for constructing identity on ind: 133[µs]
Time needed for computing product v_id of abstraction framework with identity on ind: 4759[µs]
Time needed for computing product of v_id with complement of abstraction framework: 18212[µs]
Time needed for computing complement of preach: 23815[µs]
automaton for complement of preach has 196 states.
...of which, 10 states are at level 0.
Time needed for trimming complement of preach: 454[µs]
...done.
trying to prove abstract safety...
Time needed for constructing transducer for unsafe property: 9[µs]
Time needed for constructing transducer for (initial, unsafe) pairs: 176[µs]
Time needed for constructing transducer for complement of (initial, unsafe) pairs: 348[µs]
Time needed for building union of complements of preach and (initial, unsafe)-transducer: 196[µs]
Time needed for checking universality using antichains-inclusion algorithm: 1074[µs]
Time needed for checking abstract safety: 1921[µs]
...done.
Result: [1]
This means that the following properties could be separated from the initial configurations:
	[nomutex]
While the following properties could not be separated from the initial configurations:
	[]

real	0m0,068s
user	0m0,042s
sys	0m0,013s
********************
/home/jakob/Documents/abstracton/benchmarks/dodo/bakery.json
s
nomutex
Running as unit: run-r7e9d54cdc27f48369f24fb1caf46e128.scope; invocation ID: 91a6d37962db4ac2bacc5acc7d3f83ef
Time needed for parsing json file: 681[µs]
alphabet size: 3
using Siphon interpretation
Time needed for constructing Siphon interpretation transducer: 533[µs]
computing ind...
Time needed for constructing complement of ind: 150[µs]
Time needed for computing ind: 1442[µs]
Time needed for minimizing ind: 1213[µs]
Time needed for computing ind (total): 2863[µs]
automaton for ind has 4 states.
...done.
computing complement of preach...
Time needed for constructing identity on ind: 104[µs]
Time needed for computing product v_id of abstraction framework with identity on ind: 1432[µs]
Time needed for computing product of v_id with complement of abstraction framework: 899[µs]
Time needed for computing complement of preach: 2855[µs]
automaton for complement of preach has 15 states.
...of which, 3 states are at level 0.
Time needed for trimming complement of preach: 67[µs]
...done.
trying to prove abstract safety...
Time needed for constructing transducer for unsafe property: 6[µs]
Time needed for constructing transducer for (initial, unsafe) pairs: 147[µs]
Time needed for constructing transducer for complement of (initial, unsafe) pairs: 316[µs]
Time needed for building union of complements of preach and (initial, unsafe)-transducer: 59[µs]
Time needed for checking universality using antichains-inclusion algorithm: 210[µs]
Time needed for checking abstract safety: 801[µs]
...done.
Result: [0]
This means that the following properties could be separated from the initial configurations:
	[]
While the following properties could not be separated from the initial configurations:
	[nomutex]

real	0m0,031s
user	0m0,008s
sys	0m0,011s
********************
/home/jakob/Documents/abstracton/benchmarks/dodo/bakery.json
f
nomutex
Running as unit: run-rd8380f4ceaf147d1af2c6a66694b8279.scope; invocation ID: 26f49c17c32043aa90f9cefa6f787216
Time needed for parsing json file: 641[µs]
alphabet size: 3
using Flow interpretation
Time needed for constructing Flow interpretation transducer: 952[µs]
computing ind...
Time needed for constructing complement of ind: 416[µs]
Time needed for computing ind: 65397[µs]
Time needed for minimizing ind: 27636[µs]
Time needed for computing ind (total): 93599[µs]
automaton for ind has 9 states.
...done.
computing complement of preach...
Time needed for constructing identity on ind: 343[µs]
Time needed for computing product v_id of abstraction framework with identity on ind: 6403[µs]
Time needed for computing product of v_id with complement of abstraction framework: 4286[µs]
Time needed for computing complement of preach: 12293[µs]
automaton for complement of preach has 53 states.
...of which, 8 states are at level 0.
Time needed for trimming complement of preach: 283[µs]
...done.
trying to prove abstract safety...
Time needed for constructing transducer for unsafe property: 7[µs]
Time needed for constructing transducer for (initial, unsafe) pairs: 224[µs]
Time needed for constructing transducer for complement of (initial, unsafe) pairs: 358[µs]
Time needed for building union of complements of preach and (initial, unsafe)-transducer: 108[µs]
Time needed for checking universality using antichains-inclusion algorithm: 396[µs]
Time needed for checking abstract safety: 1186[µs]
...done.
Result: [0]
This means that the following properties could be separated from the initial configurations:
	[]
While the following properties could not be separated from the initial configurations:
	[nomutex]

real	0m0,135s
user	0m0,112s
sys	0m0,010s
********************
38 of 61
/home/jakob/Documents/abstracton/benchmarks/dodo/dining-cryptographers.json
t
internal
Running as unit: run-r8d809a03a4434b2db6f7ba9304e2e660.scope; invocation ID: a1981791856346b2b9a6a82781bc7cae
Time needed for parsing json file: 4089[µs]
alphabet size: 12
using Trap interpretation
Time needed for constructing Trap interpretation transducer: 1666347[µs]
computing ind...
Time needed for constructing complement of ind: 1364765[µs]
Time needed for computing ind: 158498477[µs]
Time needed for minimizing ind: 21491815[µs]
Time needed for computing ind (total): 181358285[µs]
automaton for ind has 17 states.
...done.
computing complement of preach...
Time needed for constructing identity on ind: 147582[µs]
Time needed for computing product v_id of abstraction framework with identity on ind: 37888248[µs]
Time needed for computing product of v_id with complement of abstraction framework: 458848697[µs]
Time needed for computing complement of preach: 497949498[µs]
automaton for complement of preach has 188736 states.
...of which, 28 states are at level 0.
Time needed for trimming complement of preach: 1208016[µs]
...done.
trying to prove abstract safety...
Time needed for constructing transducer for unsafe property: 54[µs]
Time needed for constructing transducer for (initial, unsafe) pairs: 59355[µs]
Time needed for constructing transducer for complement of (initial, unsafe) pairs: 2783[µs]
Time needed for building union of complements of preach and (initial, unsafe)-transducer: 537009[µs]
Time needed for checking universality using antichains-inclusion algorithm: 10072200[µs]
Time needed for checking abstract safety: 10879895[µs]
...done.
Result: [1]
This means that the following properties could be separated from the initial configurations:
	[internal]
While the following properties could not be separated from the initial configurations:
	[]

real	11m35,778s
user	11m14,518s
sys	0m20,782s
********************
/home/jakob/Documents/abstracton/benchmarks/dodo/dining-cryptographers.json
s
internal
Running as unit: run-r5bfa20cc49344c8dba5919545c64f90d.scope; invocation ID: a8f37bea1da041608c1b84362906c8b3
Time needed for parsing json file: 4004[µs]
alphabet size: 12
using Siphon interpretation
Time needed for constructing Siphon interpretation transducer: 433712[µs]
computing ind...
Time needed for constructing complement of ind: 492789[µs]
Time needed for computing ind: 7491743[µs]
Time needed for minimizing ind: 2669660[µs]
Time needed for computing ind (total): 10656082[µs]
automaton for ind has 17 states.
...done.
computing complement of preach...
Time needed for constructing identity on ind: 166790[µs]
Time needed for computing product v_id of abstraction framework with identity on ind: 13134060[µs]
Time needed for computing product of v_id with complement of abstraction framework: 13724804[µs]
Time needed for computing complement of preach: 27339931[µs]
automaton for complement of preach has 99836 states.
...of which, 28 states are at level 0.
Time needed for trimming complement of preach: 627744[µs]
...done.
trying to prove abstract safety...
Time needed for constructing transducer for unsafe property: 19[µs]
Time needed for constructing transducer for (initial, unsafe) pairs: 735[µs]
Time needed for constructing transducer for complement of (initial, unsafe) pairs: 1807[µs]
Time needed for building union of complements of preach and (initial, unsafe)-transducer: 274422[µs]
Time needed for checking universality using antichains-inclusion algorithm: 5730684[µs]
Time needed for checking abstract safety: 6092329[µs]
...done.
Result: [1]
This means that the following properties could be separated from the initial configurations:
	[internal]
While the following properties could not be separated from the initial configurations:
	[]

real	0m45,543s
user	0m43,924s
sys	0m1,564s
********************
/home/jakob/Documents/abstracton/benchmarks/dodo/dining-cryptographers.json
f
internal
Running as unit: run-raa17013b46d14272af30c80d5a5d85e8.scope; invocation ID: 45b95d584ac54b20975e24f897662c1e
Time needed for parsing json file: 4003[µs]
alphabet size: 12
using Flow interpretation
Time needed for constructing Flow interpretation transducer: 1234184[µs]
computing ind...
Time needed for constructing complement of ind: 1269859[µs]
Time needed for computing ind: 375971455[µs]
Time needed for minimizing ind: 48326680[µs]
Time needed for computing ind (total): 425571962[µs]
automaton for ind has 73 states.
...done.
computing complement of preach...
Time needed for constructing identity on ind: 636903[µs]
Time needed for computing product v_id of abstraction framework with identity on ind: 129840940[µs]
Time needed for computing product of v_id with complement of abstraction framework: 131389881[µs]
Time needed for computing complement of preach: 262807980[µs]
automaton for complement of preach has 984056 states.
...of which, 260 states are at level 0.
Time needed for trimming complement of preach: 6189854[µs]
...done.
trying to prove abstract safety...
Time needed for constructing transducer for unsafe property: 22[µs]
Time needed for constructing transducer for (initial, unsafe) pairs: 727[µs]
Time needed for constructing transducer for complement of (initial, unsafe) pairs: 2017[µs]
Time needed for building union of complements of preach and (initial, unsafe)-transducer: 2266008[µs]
Time needed for checking universality using antichains-inclusion algorithm: 281493844[µs]
Time needed for checking abstract safety: 284298176[µs]
...done.
Result: [1]
This means that the following properties could be separated from the initial configurations:
	[internal]
While the following properties could not be separated from the initial configurations:
	[]

real	16m22,745s
user	16m7,512s
sys	0m14,660s
********************
39 of 61
/home/jakob/Documents/abstracton/benchmarks/dodo/dining-cryptographers.json
t
external
Running as unit: run-r3fd64f9f887a4a6e9775d90a58aeb1af.scope; invocation ID: 7fe8a1b33a3c4f07b6e4cc5657f52d66
Time needed for parsing json file: 3921[µs]
alphabet size: 12
using Trap interpretation
Time needed for constructing Trap interpretation transducer: 1482118[µs]
computing ind...
Time needed for constructing complement of ind: 1342007[µs]
Time needed for computing ind: 154696251[µs]
Time needed for minimizing ind: 20947143[µs]
Time needed for computing ind (total): 176988739[µs]
automaton for ind has 17 states.
...done.
computing complement of preach...
Time needed for constructing identity on ind: 148831[µs]
Time needed for computing product v_id of abstraction framework with identity on ind: 37998326[µs]
Time needed for computing product of v_id with complement of abstraction framework: 463489720[µs]
Time needed for computing complement of preach: 502770631[µs]
automaton for complement of preach has 188736 states.
...of which, 28 states are at level 0.
Time needed for trimming complement of preach: 1235851[µs]
...done.
trying to prove abstract safety...
Time needed for constructing transducer for unsafe property: 40347[µs]
Time needed for constructing transducer for (initial, unsafe) pairs: 866[µs]
Time needed for constructing transducer for complement of (initial, unsafe) pairs: 54767[µs]
Time needed for building union of complements of preach and (initial, unsafe)-transducer: 589440[µs]
Time needed for checking universality using antichains-inclusion algorithm: 4566743[µs]
Time needed for checking abstract safety: 5408574[µs]
...done.
Result: [1]
This means that the following properties could be separated from the initial configurations:
	[external]
While the following properties could not be separated from the initial configurations:
	[]

real	11m30,777s
user	11m8,890s
sys	0m21,326s
********************
/home/jakob/Documents/abstracton/benchmarks/dodo/dining-cryptographers.json
s
external
Running as unit: run-rf0f20d7fd70549f78f0d851599293acb.scope; invocation ID: 52d071caf375449da3a197c170ae7d1c
Time needed for parsing json file: 4117[µs]
alphabet size: 12
using Siphon interpretation
Time needed for constructing Siphon interpretation transducer: 438421[µs]
computing ind...
Time needed for constructing complement of ind: 477041[µs]
Time needed for computing ind: 7414866[µs]
Time needed for minimizing ind: 2618888[µs]
Time needed for computing ind (total): 10512725[µs]
automaton for ind has 17 states.
...done.
computing complement of preach...
Time needed for constructing identity on ind: 166478[µs]
Time needed for computing product v_id of abstraction framework with identity on ind: 13305109[µs]
Time needed for computing product of v_id with complement of abstraction framework: 13938419[µs]
Time needed for computing complement of preach: 27724213[µs]
automaton for complement of preach has 99836 states.
...of which, 28 states are at level 0.
Time needed for trimming complement of preach: 597282[µs]
...done.
trying to prove abstract safety...
Time needed for constructing transducer for unsafe property: 7[µs]
Time needed for constructing transducer for (initial, unsafe) pairs: 393[µs]
Time needed for constructing transducer for complement of (initial, unsafe) pairs: 825[µs]
Time needed for building union of complements of preach and (initial, unsafe)-transducer: 263615[µs]
Time needed for checking universality using antichains-inclusion algorithm: 2624296[µs]
Time needed for checking abstract safety: 2979888[µs]
...done.
Result: [1]
This means that the following properties could be separated from the initial configurations:
	[external]
While the following properties could not be separated from the initial configurations:
	[]

real	0m42,638s
user	0m41,006s
sys	0m1,565s
********************
/home/jakob/Documents/abstracton/benchmarks/dodo/dining-cryptographers.json
f
external
Running as unit: run-r967893f4f95948a7bd52700ed8e383a6.scope; invocation ID: 9371a3962a8648a68e32f53a5466d4f4
Time needed for parsing json file: 4219[µs]
alphabet size: 12
using Flow interpretation
Time needed for constructing Flow interpretation transducer: 1225849[µs]
computing ind...
Time needed for constructing complement of ind: 1340499[µs]
Time needed for computing ind: 374494974[µs]
Time needed for minimizing ind: 48471483[µs]
Time needed for computing ind (total): 424310885[µs]
automaton for ind has 73 states.
...done.
computing complement of preach...
Time needed for constructing identity on ind: 677198[µs]
Time needed for computing product v_id of abstraction framework with identity on ind: 130414882[µs]
Time needed for computing product of v_id with complement of abstraction framework: 133038565[µs]
Time needed for computing complement of preach: 265101329[µs]
automaton for complement of preach has 984056 states.
...of which, 260 states are at level 0.
Time needed for trimming complement of preach: 6271351[µs]
...done.
trying to prove abstract safety...
Time needed for constructing transducer for unsafe property: 10[µs]
Time needed for constructing transducer for (initial, unsafe) pairs: 374[µs]
Time needed for constructing transducer for complement of (initial, unsafe) pairs: 806[µs]
Time needed for building union of complements of preach and (initial, unsafe)-transducer: 2300528[µs]
Time needed for checking universality using antichains-inclusion algorithm: 72862484[µs]
Time needed for checking abstract safety: 75730919[µs]
...done.
Result: [1]
This means that the following properties could be separated from the initial configurations:
	[external]
While the following properties could not be separated from the initial configurations:
	[]

real	12m55,373s
user	12m39,923s
sys	0m14,885s
********************
40 of 61
/home/jakob/Documents/abstracton/benchmarks/dodo/dragon.json
t
dirtydirty
Running as unit: run-rb0471facab1e4d5ca0d3a0b7aef1f7a3.scope; invocation ID: 1467c73bdda94b14823a2d814822e956
Time needed for parsing json file: 4842[µs]
alphabet size: 5
using Trap interpretation
Time needed for constructing Trap interpretation transducer: 4879[µs]
computing ind...
Time needed for constructing complement of ind: 22938[µs]
Time needed for computing ind: 15329332[µs]
Time needed for minimizing ind: 519091[µs]
Time needed for computing ind (total): 15871600[µs]
automaton for ind has 37 states.
...done.
computing complement of preach...
Time needed for constructing identity on ind: 2743[µs]
Time needed for computing product v_id of abstraction framework with identity on ind: 172695[µs]
Time needed for computing product of v_id with complement of abstraction framework: 835558[µs]
Time needed for computing complement of preach: 1015834[µs]
automaton for complement of preach has 4148 states.
...of which, 68 states are at level 0.
Time needed for trimming complement of preach: 12566[µs]
...done.
trying to prove abstract safety...
Time needed for constructing transducer for unsafe property: 8[µs]
Time needed for constructing transducer for (initial, unsafe) pairs: 197[µs]
Time needed for constructing transducer for complement of (initial, unsafe) pairs: 414[µs]
Time needed for building union of complements of preach and (initial, unsafe)-transducer: 3639[µs]
Time needed for checking universality using antichains-inclusion algorithm: 15774[µs]
Time needed for checking abstract safety: 21078[µs]
...done.
Result: [1]
This means that the following properties could be separated from the initial configurations:
	[dirtydirty]
While the following properties could not be separated from the initial configurations:
	[]

real	0m16,987s
user	0m16,798s
sys	0m0,162s
********************
/home/jakob/Documents/abstracton/benchmarks/dodo/dragon.json
s
dirtydirty
Running as unit: run-ra4c02eba68b449aa9cd58f944a52f310.scope; invocation ID: cea27320f7ee4830b3bcd5b8c7429678
Time needed for parsing json file: 4555[µs]
alphabet size: 5
using Siphon interpretation
Time needed for constructing Siphon interpretation transducer: 1780[µs]
computing ind...
Time needed for constructing complement of ind: 7872[µs]
Time needed for computing ind: 1004205[µs]
Time needed for minimizing ind: 115505[µs]
Time needed for computing ind (total): 1127735[µs]
automaton for ind has 5 states.
...done.
computing complement of preach...
Time needed for constructing identity on ind: 418[µs]
Time needed for computing product v_id of abstraction framework with identity on ind: 4639[µs]
Time needed for computing product of v_id with complement of abstraction framework: 1233[µs]
Time needed for computing complement of preach: 7735[µs]
automaton for complement of preach has 13 states.
...of which, 2 states are at level 0.
Time needed for trimming complement of preach: 78[µs]
...done.
trying to prove abstract safety...
Time needed for constructing transducer for unsafe property: 7[µs]
Time needed for constructing transducer for (initial, unsafe) pairs: 131[µs]
Time needed for constructing transducer for complement of (initial, unsafe) pairs: 329[µs]
Time needed for building union of complements of preach and (initial, unsafe)-transducer: 79[µs]
Time needed for checking universality using antichains-inclusion algorithm: 191[µs]
Time needed for checking abstract safety: 809[µs]
...done.
Result: [0]
This means that the following properties could be separated from the initial configurations:
	[]
While the following properties could not be separated from the initial configurations:
	[dirtydirty]

real	0m1,179s
user	0m1,142s
sys	0m0,013s
********************
/home/jakob/Documents/abstracton/benchmarks/dodo/dragon.json
f
dirtydirty
Running as unit: run-r480b9c873aaa4b358cd82a96f02c292e.scope; invocation ID: ea1d1ea58b41483b904593453805700f
Time needed for parsing json file: 4396[µs]
alphabet size: 5
using Flow interpretation
Time needed for constructing Flow interpretation transducer: 4045[µs]
computing ind...
Time needed for constructing complement of ind: 25265[µs]
Time needed for computing ind: 136262755[µs]
Time needed for minimizing ind: 3744156[µs]
Time needed for computing ind (total): 140032465[µs]
automaton for ind has 7 states.
...done.
computing complement of preach...
Time needed for constructing identity on ind: 609[µs]
Time needed for computing product v_id of abstraction framework with identity on ind: 16532[µs]
Time needed for computing product of v_id with complement of abstraction framework: 2151[µs]
Time needed for computing complement of preach: 22666[µs]
automaton for complement of preach has 13 states.
...of which, 2 states are at level 0.
Time needed for trimming complement of preach: 94[µs]
...done.
trying to prove abstract safety...
Time needed for constructing transducer for unsafe property: 8[µs]
Time needed for constructing transducer for (initial, unsafe) pairs: 162[µs]
Time needed for constructing transducer for complement of (initial, unsafe) pairs: 470[µs]
Time needed for building union of complements of preach and (initial, unsafe)-transducer: 127[µs]
Time needed for checking universality using antichains-inclusion algorithm: 268[µs]
Time needed for checking abstract safety: 1169[µs]
...done.
Result: [0]
This means that the following properties could be separated from the initial configurations:
	[]
While the following properties could not be separated from the initial configurations:
	[dirtydirty]

real	2m20,112s
user	2m19,840s
sys	0m0,195s
********************
41 of 61
/home/jakob/Documents/abstracton/benchmarks/dodo/dragon.json
t
exclusiveexclusive
Running as unit: run-r24a3f33ff0f64269b34b45f50783a930.scope; invocation ID: 5bb3387b11c94115a777af8ea50b7214
Time needed for parsing json file: 4603[µs]
alphabet size: 5
using Trap interpretation
Time needed for constructing Trap interpretation transducer: 5236[µs]
computing ind...
Time needed for constructing complement of ind: 24126[µs]
Time needed for computing ind: 15591037[µs]
Time needed for minimizing ind: 534413[µs]
Time needed for computing ind (total): 16149814[µs]
automaton for ind has 37 states.
...done.
computing complement of preach...
Time needed for constructing identity on ind: 2704[µs]
Time needed for computing product v_id of abstraction framework with identity on ind: 161492[µs]
Time needed for computing product of v_id with complement of abstraction framework: 851897[µs]
Time needed for computing complement of preach: 1020999[µs]
automaton for complement of preach has 4148 states.
...of which, 68 states are at level 0.
Time needed for trimming complement of preach: 12663[µs]
...done.
trying to prove abstract safety...
Time needed for constructing transducer for unsafe property: 8[µs]
Time needed for constructing transducer for (initial, unsafe) pairs: 202[µs]
Time needed for constructing transducer for complement of (initial, unsafe) pairs: 388[µs]
Time needed for building union of complements of preach and (initial, unsafe)-transducer: 3608[µs]
Time needed for checking universality using antichains-inclusion algorithm: 16156[µs]
Time needed for checking abstract safety: 21383[µs]
...done.
Result: [1]
This means that the following properties could be separated from the initial configurations:
	[exclusiveexclusive]
While the following properties could not be separated from the initial configurations:
	[]

real	0m17,265s
user	0m17,074s
sys	0m0,171s
********************
/home/jakob/Documents/abstracton/benchmarks/dodo/dragon.json
s
exclusiveexclusive
Running as unit: run-r1a288b4b3555409794f4e92a281759f9.scope; invocation ID: f1851ed290224edd9cd8c76c86ce7d95
Time needed for parsing json file: 4667[µs]
alphabet size: 5
using Siphon interpretation
Time needed for constructing Siphon interpretation transducer: 1872[µs]
computing ind...
Time needed for constructing complement of ind: 8010[µs]
Time needed for computing ind: 1016002[µs]
Time needed for minimizing ind: 116600[µs]
Time needed for computing ind (total): 1140796[µs]
automaton for ind has 5 states.
...done.
computing complement of preach...
Time needed for constructing identity on ind: 454[µs]
Time needed for computing product v_id of abstraction framework with identity on ind: 5136[µs]
Time needed for computing product of v_id with complement of abstraction framework: 1375[µs]
Time needed for computing complement of preach: 8789[µs]
automaton for complement of preach has 13 states.
...of which, 2 states are at level 0.
Time needed for trimming complement of preach: 113[µs]
...done.
trying to prove abstract safety...
Time needed for constructing transducer for unsafe property: 8[µs]
Time needed for constructing transducer for (initial, unsafe) pairs: 183[µs]
Time needed for constructing transducer for complement of (initial, unsafe) pairs: 369[µs]
Time needed for building union of complements of preach and (initial, unsafe)-transducer: 69[µs]
Time needed for checking universality using antichains-inclusion algorithm: 218[µs]
Time needed for checking abstract safety: 922[µs]
...done.
Result: [0]
This means that the following properties could be separated from the initial configurations:
	[]
While the following properties could not be separated from the initial configurations:
	[exclusiveexclusive]

real	0m1,189s
user	0m1,155s
sys	0m0,015s
********************
/home/jakob/Documents/abstracton/benchmarks/dodo/dragon.json
f
exclusiveexclusive
Running as unit: run-rc80fadd819bc423ead1d0f7734bb6c33.scope; invocation ID: 3bfeffc4485d404a9f485e9aa443814f
Time needed for parsing json file: 4404[µs]
alphabet size: 5
using Flow interpretation
Time needed for constructing Flow interpretation transducer: 4034[µs]
computing ind...
Time needed for constructing complement of ind: 25744[µs]
Time needed for computing ind: 138425650[µs]
Time needed for minimizing ind: 3565384[µs]
Time needed for computing ind (total): 142017131[µs]
automaton for ind has 7 states.
...done.
computing complement of preach...
Time needed for constructing identity on ind: 1121[µs]
Time needed for computing product v_id of abstraction framework with identity on ind: 15627[µs]
Time needed for computing product of v_id with complement of abstraction framework: 1991[µs]
Time needed for computing complement of preach: 22461[µs]
automaton for complement of preach has 13 states.
...of which, 2 states are at level 0.
Time needed for trimming complement of preach: 90[µs]
...done.
trying to prove abstract safety...
Time needed for constructing transducer for unsafe property: 8[µs]
Time needed for constructing transducer for (initial, unsafe) pairs: 146[µs]
Time needed for constructing transducer for complement of (initial, unsafe) pairs: 393[µs]
Time needed for building union of complements of preach and (initial, unsafe)-transducer: 68[µs]
Time needed for checking universality using antichains-inclusion algorithm: 213[µs]
Time needed for checking abstract safety: 906[µs]
...done.
Result: [0]
This means that the following properties could be separated from the initial configurations:
	[]
While the following properties could not be separated from the initial configurations:
	[exclusiveexclusive]

real	2m22,094s
user	2m21,811s
sys	0m0,179s
********************
42 of 61
/home/jakob/Documents/abstracton/benchmarks/dodo/dragon.json
t
dirtysharedexclusive
Running as unit: run-r368a452d26d04707847eef13a2830049.scope; invocation ID: 562089f448774063bbeb0ca3eb10e2ba
Time needed for parsing json file: 4656[µs]
alphabet size: 5
using Trap interpretation
Time needed for constructing Trap interpretation transducer: 5358[µs]
computing ind...
Time needed for constructing complement of ind: 24338[µs]
Time needed for computing ind: 15228772[µs]
Time needed for minimizing ind: 517499[µs]
Time needed for computing ind (total): 15770901[µs]
automaton for ind has 37 states.
...done.
computing complement of preach...
Time needed for constructing identity on ind: 2666[µs]
Time needed for computing product v_id of abstraction framework with identity on ind: 161984[µs]
Time needed for computing product of v_id with complement of abstraction framework: 846494[µs]
Time needed for computing complement of preach: 1016058[µs]
automaton for complement of preach has 4148 states.
...of which, 68 states are at level 0.
Time needed for trimming complement of preach: 16202[µs]
...done.
trying to prove abstract safety...
Time needed for constructing transducer for unsafe property: 11[µs]
Time needed for constructing transducer for (initial, unsafe) pairs: 284[µs]
Time needed for constructing transducer for complement of (initial, unsafe) pairs: 514[µs]
Time needed for building union of complements of preach and (initial, unsafe)-transducer: 3775[µs]
Time needed for checking universality using antichains-inclusion algorithm: 16677[µs]
Time needed for checking abstract safety: 22227[µs]
...done.
Result: [1]
This means that the following properties could be separated from the initial configurations:
	[dirtysharedexclusive]
While the following properties could not be separated from the initial configurations:
	[]

real	0m16,885s
user	0m16,693s
sys	0m0,167s
********************
/home/jakob/Documents/abstracton/benchmarks/dodo/dragon.json
s
dirtysharedexclusive
Running as unit: run-r5894fc7449fe4b97bd621d9a885f535b.scope; invocation ID: 8c746e8039bf49a599035f428b431541
Time needed for parsing json file: 4551[µs]
alphabet size: 5
using Siphon interpretation
Time needed for constructing Siphon interpretation transducer: 1803[µs]
computing ind...
Time needed for constructing complement of ind: 8589[µs]
Time needed for computing ind: 1013009[µs]
Time needed for minimizing ind: 111199[µs]
Time needed for computing ind (total): 1132999[µs]
automaton for ind has 5 states.
...done.
computing complement of preach...
Time needed for constructing identity on ind: 368[µs]
Time needed for computing product v_id of abstraction framework with identity on ind: 4390[µs]
Time needed for computing product of v_id with complement of abstraction framework: 1204[µs]
Time needed for computing complement of preach: 7295[µs]
automaton for complement of preach has 13 states.
...of which, 2 states are at level 0.
Time needed for trimming complement of preach: 58[µs]
...done.
trying to prove abstract safety...
Time needed for constructing transducer for unsafe property: 8[µs]
Time needed for constructing transducer for (initial, unsafe) pairs: 157[µs]
Time needed for constructing transducer for complement of (initial, unsafe) pairs: 428[µs]
Time needed for building union of complements of preach and (initial, unsafe)-transducer: 73[µs]
Time needed for checking universality using antichains-inclusion algorithm: 223[µs]
Time needed for checking abstract safety: 968[µs]
...done.
Result: [0]
This means that the following properties could be separated from the initial configurations:
	[]
While the following properties could not be separated from the initial configurations:
	[dirtysharedexclusive]

real	0m1,174s
user	0m1,143s
sys	0m0,017s
********************
/home/jakob/Documents/abstracton/benchmarks/dodo/dragon.json
f
dirtysharedexclusive
Running as unit: run-r6aaa5bfd2c9a4867aea1511c2c12dc1f.scope; invocation ID: 6f200fbdca3447c99cbbb4a4ee66934a
Time needed for parsing json file: 4144[µs]
alphabet size: 5
using Flow interpretation
Time needed for constructing Flow interpretation transducer: 3880[µs]
computing ind...
Time needed for constructing complement of ind: 25237[µs]
Time needed for computing ind: 138917170[µs]
Time needed for minimizing ind: 3715437[µs]
Time needed for computing ind (total): 142658130[µs]
automaton for ind has 7 states.
...done.
computing complement of preach...
Time needed for constructing identity on ind: 682[µs]
Time needed for computing product v_id of abstraction framework with identity on ind: 12496[µs]
Time needed for computing product of v_id with complement of abstraction framework: 1963[µs]
Time needed for computing complement of preach: 18451[µs]
automaton for complement of preach has 13 states.
...of which, 2 states are at level 0.
Time needed for trimming complement of preach: 74[µs]
...done.
trying to prove abstract safety...
Time needed for constructing transducer for unsafe property: 8[µs]
Time needed for constructing transducer for (initial, unsafe) pairs: 156[µs]
Time needed for constructing transducer for complement of (initial, unsafe) pairs: 406[µs]
Time needed for building union of complements of preach and (initial, unsafe)-transducer: 72[µs]
Time needed for checking universality using antichains-inclusion algorithm: 213[µs]
Time needed for checking abstract safety: 926[µs]
...done.
Result: [0]
This means that the following properties could be separated from the initial configurations:
	[]
While the following properties could not be separated from the initial configurations:
	[dirtysharedexclusive]

real	2m22,728s
user	2m22,460s
sys	0m0,186s
********************
43 of 61
/home/jakob/Documents/abstracton/benchmarks/dodo/dragon.json
t
exclusiveshared
Running as unit: run-rd32b6203ad604b939d8c64b91fd0530d.scope; invocation ID: 9d835624163d43c682c235c7ead9b295
Time needed for parsing json file: 4619[µs]
alphabet size: 5
using Trap interpretation
Time needed for constructing Trap interpretation transducer: 4919[µs]
computing ind...
Time needed for constructing complement of ind: 27710[µs]
Time needed for computing ind: 15381958[µs]
Time needed for minimizing ind: 510454[µs]
Time needed for computing ind (total): 15920377[µs]
automaton for ind has 37 states.
...done.
computing complement of preach...
Time needed for constructing identity on ind: 2694[µs]
Time needed for computing product v_id of abstraction framework with identity on ind: 162675[µs]
Time needed for computing product of v_id with complement of abstraction framework: 830815[µs]
Time needed for computing complement of preach: 1001106[µs]
automaton for complement of preach has 4148 states.
...of which, 68 states are at level 0.
Time needed for trimming complement of preach: 12638[µs]
...done.
trying to prove abstract safety...
Time needed for constructing transducer for unsafe property: 10[µs]
Time needed for constructing transducer for (initial, unsafe) pairs: 236[µs]
Time needed for constructing transducer for complement of (initial, unsafe) pairs: 498[µs]
Time needed for building union of complements of preach and (initial, unsafe)-transducer: 3627[µs]
Time needed for checking universality using antichains-inclusion algorithm: 16705[µs]
Time needed for checking abstract safety: 22032[µs]
...done.
Result: [1]
This means that the following properties could be separated from the initial configurations:
	[exclusiveshared]
While the following properties could not be separated from the initial configurations:
	[]

real	0m17,015s
user	0m16,831s
sys	0m0,164s
********************
/home/jakob/Documents/abstracton/benchmarks/dodo/dragon.json
s
exclusiveshared
Running as unit: run-rc4ae8213384743cc86e73ff20dbd42ac.scope; invocation ID: 8f681952070f49ca824794e8f3be6dc9
Time needed for parsing json file: 4630[µs]
alphabet size: 5
using Siphon interpretation
Time needed for constructing Siphon interpretation transducer: 1834[µs]
computing ind...
Time needed for constructing complement of ind: 7854[µs]
Time needed for computing ind: 1012476[µs]
Time needed for minimizing ind: 120936[µs]
Time needed for computing ind (total): 1141432[µs]
automaton for ind has 5 states.
...done.
computing complement of preach...
Time needed for constructing identity on ind: 380[µs]
Time needed for computing product v_id of abstraction framework with identity on ind: 4275[µs]
Time needed for computing product of v_id with complement of abstraction framework: 1150[µs]
Time needed for computing complement of preach: 7184[µs]
automaton for complement of preach has 13 states.
...of which, 2 states are at level 0.
Time needed for trimming complement of preach: 54[µs]
...done.
trying to prove abstract safety...
Time needed for constructing transducer for unsafe property: 8[µs]
Time needed for constructing transducer for (initial, unsafe) pairs: 170[µs]
Time needed for constructing transducer for complement of (initial, unsafe) pairs: 372[µs]
Time needed for building union of complements of preach and (initial, unsafe)-transducer: 66[µs]
Time needed for checking universality using antichains-inclusion algorithm: 192[µs]
Time needed for checking abstract safety: 875[µs]
...done.
Result: [0]
This means that the following properties could be separated from the initial configurations:
	[]
While the following properties could not be separated from the initial configurations:
	[exclusiveshared]

real	0m1,183s
user	0m1,157s
sys	0m0,012s
********************
/home/jakob/Documents/abstracton/benchmarks/dodo/dragon.json
f
exclusiveshared
Running as unit: run-rde5d569edba144de823386473d0bc9fd.scope; invocation ID: 7a40a49358234e02a1dc7de97fe854a0
Time needed for parsing json file: 4400[µs]
alphabet size: 5
using Flow interpretation
Time needed for constructing Flow interpretation transducer: 4884[µs]
computing ind...
Time needed for constructing complement of ind: 26450[µs]
Time needed for computing ind: 137138403[µs]
Time needed for minimizing ind: 3791628[µs]
Time needed for computing ind (total): 140956795[µs]
automaton for ind has 7 states.
...done.
computing complement of preach...
Time needed for constructing identity on ind: 618[µs]
Time needed for computing product v_id of abstraction framework with identity on ind: 12694[µs]
Time needed for computing product of v_id with complement of abstraction framework: 2021[µs]
Time needed for computing complement of preach: 18697[µs]
automaton for complement of preach has 13 states.
...of which, 2 states are at level 0.
Time needed for trimming complement of preach: 81[µs]
...done.
trying to prove abstract safety...
Time needed for constructing transducer for unsafe property: 9[µs]
Time needed for constructing transducer for (initial, unsafe) pairs: 171[µs]
Time needed for constructing transducer for complement of (initial, unsafe) pairs: 436[µs]
Time needed for building union of complements of preach and (initial, unsafe)-transducer: 76[µs]
Time needed for checking universality using antichains-inclusion algorithm: 230[µs]
Time needed for checking abstract safety: 1001[µs]
...done.
Result: [0]
This means that the following properties could be separated from the initial configurations:
	[]
While the following properties could not be separated from the initial configurations:
	[exclusiveshared]

real	2m21,042s
user	2m20,715s
sys	0m0,218s
********************
44 of 61
/home/jakob/Documents/abstracton/benchmarks/dodo/dragon.json
t
exclusivedirty
Running as unit: run-r8ecb08d8ce4a467493ecaab2b3c6213f.scope; invocation ID: 6c403e17506b49eba29040445cf06a72
Time needed for parsing json file: 4634[µs]
alphabet size: 5
using Trap interpretation
Time needed for constructing Trap interpretation transducer: 4965[µs]
computing ind...
Time needed for constructing complement of ind: 26584[µs]
Time needed for computing ind: 15180513[µs]
Time needed for minimizing ind: 506292[µs]
Time needed for computing ind (total): 15713632[µs]
automaton for ind has 37 states.
...done.
computing complement of preach...
Time needed for constructing identity on ind: 2697[µs]
Time needed for computing product v_id of abstraction framework with identity on ind: 163484[µs]
Time needed for computing product of v_id with complement of abstraction framework: 837624[µs]
Time needed for computing complement of preach: 1008605[µs]
automaton for complement of preach has 4148 states.
...of which, 68 states are at level 0.
Time needed for trimming complement of preach: 13790[µs]
...done.
trying to prove abstract safety...
Time needed for constructing transducer for unsafe property: 10[µs]
Time needed for constructing transducer for (initial, unsafe) pairs: 226[µs]
Time needed for constructing transducer for complement of (initial, unsafe) pairs: 504[µs]
Time needed for building union of complements of preach and (initial, unsafe)-transducer: 3689[µs]
Time needed for checking universality using antichains-inclusion algorithm: 18163[µs]
Time needed for checking abstract safety: 23702[µs]
...done.
Result: [1]
This means that the following properties could be separated from the initial configurations:
	[exclusivedirty]
While the following properties could not be separated from the initial configurations:
	[]

real	0m16,818s
user	0m16,645s
sys	0m0,153s
********************
/home/jakob/Documents/abstracton/benchmarks/dodo/dragon.json
s
exclusivedirty
Running as unit: run-ra3fc04aaa2774762a167e92322e53c6c.scope; invocation ID: ec4bacb519f745ef90832cafdf301155
Time needed for parsing json file: 4697[µs]
alphabet size: 5
using Siphon interpretation
Time needed for constructing Siphon interpretation transducer: 1943[µs]
computing ind...
Time needed for constructing complement of ind: 8370[µs]
Time needed for computing ind: 1007773[µs]
Time needed for minimizing ind: 111100[µs]
Time needed for computing ind (total): 1127424[µs]
automaton for ind has 5 states.
...done.
computing complement of preach...
Time needed for constructing identity on ind: 366[µs]
Time needed for computing product v_id of abstraction framework with identity on ind: 4358[µs]
Time needed for computing product of v_id with complement of abstraction framework: 1152[µs]
Time needed for computing complement of preach: 7273[µs]
automaton for complement of preach has 13 states.
...of which, 2 states are at level 0.
Time needed for trimming complement of preach: 57[µs]
...done.
trying to prove abstract safety...
Time needed for constructing transducer for unsafe property: 9[µs]
Time needed for constructing transducer for (initial, unsafe) pairs: 172[µs]
Time needed for constructing transducer for complement of (initial, unsafe) pairs: 395[µs]
Time needed for building union of complements of preach and (initial, unsafe)-transducer: 71[µs]
Time needed for checking universality using antichains-inclusion algorithm: 204[µs]
Time needed for checking abstract safety: 937[µs]
...done.
Result: [0]
This means that the following properties could be separated from the initial configurations:
	[]
While the following properties could not be separated from the initial configurations:
	[exclusivedirty]

real	0m1,166s
user	0m1,141s
sys	0m0,013s
********************
/home/jakob/Documents/abstracton/benchmarks/dodo/dragon.json
f
exclusivedirty
Running as unit: run-r4b9c600435574c499f769d03f40f6851.scope; invocation ID: 09ab61643724437e87a15bb96d00cb87
Time needed for parsing json file: 5030[µs]
alphabet size: 5
using Flow interpretation
Time needed for constructing Flow interpretation transducer: 4229[µs]
computing ind...
Time needed for constructing complement of ind: 28790[µs]
Time needed for computing ind: 136140344[µs]
Time needed for minimizing ind: 3676902[µs]
Time needed for computing ind (total): 139846320[µs]
automaton for ind has 7 states.
...done.
computing complement of preach...
Time needed for constructing identity on ind: 595[µs]
Time needed for computing product v_id of abstraction framework with identity on ind: 15891[µs]
Time needed for computing product of v_id with complement of abstraction framework: 1988[µs]
Time needed for computing complement of preach: 22020[µs]
automaton for complement of preach has 13 states.
...of which, 2 states are at level 0.
Time needed for trimming complement of preach: 92[µs]
...done.
trying to prove abstract safety...
Time needed for constructing transducer for unsafe property: 9[µs]
Time needed for constructing transducer for (initial, unsafe) pairs: 172[µs]
Time needed for constructing transducer for complement of (initial, unsafe) pairs: 465[µs]
Time needed for building union of complements of preach and (initial, unsafe)-transducer: 82[µs]
Time needed for checking universality using antichains-inclusion algorithm: 244[µs]
Time needed for checking abstract safety: 1051[µs]
...done.
Result: [0]
This means that the following properties could be separated from the initial configurations:
	[]
While the following properties could not be separated from the initial configurations:
	[exclusivedirty]

real	2m19,924s
user	2m19,643s
sys	0m0,190s
********************
45 of 61
/home/jakob/Documents/abstracton/benchmarks/dodo/dragon.json
t
shareddirty
Running as unit: run-r8ddbc532e1cc4d2690830b9fbb3df2e8.scope; invocation ID: 56848f41bf8a4cdbae2ea4191330de62
Time needed for parsing json file: 4582[µs]
alphabet size: 5
using Trap interpretation
Time needed for constructing Trap interpretation transducer: 5214[µs]
computing ind...
Time needed for constructing complement of ind: 24085[µs]
Time needed for computing ind: 15129133[µs]
Time needed for minimizing ind: 505958[µs]
Time needed for computing ind (total): 15659405[µs]
automaton for ind has 37 states.
...done.
computing complement of preach...
Time needed for constructing identity on ind: 2913[µs]
Time needed for computing product v_id of abstraction framework with identity on ind: 162632[µs]
Time needed for computing product of v_id with complement of abstraction framework: 854363[µs]
Time needed for computing complement of preach: 1024728[µs]
automaton for complement of preach has 4148 states.
...of which, 68 states are at level 0.
Time needed for trimming complement of preach: 12735[µs]
...done.
trying to prove abstract safety...
Time needed for constructing transducer for unsafe property: 10[µs]
Time needed for constructing transducer for (initial, unsafe) pairs: 230[µs]
Time needed for constructing transducer for complement of (initial, unsafe) pairs: 522[µs]
Time needed for building union of complements of preach and (initial, unsafe)-transducer: 3565[µs]
Time needed for checking universality using antichains-inclusion algorithm: 17240[µs]
Time needed for checking abstract safety: 22597[µs]
...done.
Result: [1]
This means that the following properties could be separated from the initial configurations:
	[shareddirty]
While the following properties could not be separated from the initial configurations:
	[]

real	0m16,780s
user	0m16,603s
sys	0m0,158s
********************
/home/jakob/Documents/abstracton/benchmarks/dodo/dragon.json
s
shareddirty
Running as unit: run-r2d5f53ad371f4f1c91c87c4e5af197e8.scope; invocation ID: 3dcdb8a218474525aff73b17300a3454
Time needed for parsing json file: 4664[µs]
alphabet size: 5
using Siphon interpretation
Time needed for constructing Siphon interpretation transducer: 1803[µs]
computing ind...
Time needed for constructing complement of ind: 8365[µs]
Time needed for computing ind: 1012630[µs]
Time needed for minimizing ind: 115416[µs]
Time needed for computing ind (total): 1136582[µs]
automaton for ind has 5 states.
...done.
computing complement of preach...
Time needed for constructing identity on ind: 365[µs]
Time needed for computing product v_id of abstraction framework with identity on ind: 4345[µs]
Time needed for computing product of v_id with complement of abstraction framework: 1210[µs]
Time needed for computing complement of preach: 7306[µs]
automaton for complement of preach has 13 states.
...of which, 2 states are at level 0.
Time needed for trimming complement of preach: 58[µs]
...done.
trying to prove abstract safety...
Time needed for constructing transducer for unsafe property: 8[µs]
Time needed for constructing transducer for (initial, unsafe) pairs: 213[µs]
Time needed for constructing transducer for complement of (initial, unsafe) pairs: 413[µs]
Time needed for building union of complements of preach and (initial, unsafe)-transducer: 75[µs]
Time needed for checking universality using antichains-inclusion algorithm: 220[µs]
Time needed for checking abstract safety: 1029[µs]
...done.
Result: [0]
This means that the following properties could be separated from the initial configurations:
	[]
While the following properties could not be separated from the initial configurations:
	[shareddirty]

real	0m1,178s
user	0m1,147s
sys	0m0,016s
********************
/home/jakob/Documents/abstracton/benchmarks/dodo/dragon.json
f
shareddirty
Running as unit: run-r131605f5ecbd49a09d9d82349bae0220.scope; invocation ID: 8fee3db2891d4a55bc1eb8e5513bbf93
Time needed for parsing json file: 4393[µs]
alphabet size: 5
using Flow interpretation
Time needed for constructing Flow interpretation transducer: 4199[µs]
computing ind...
Time needed for constructing complement of ind: 26588[µs]
Time needed for computing ind: 136213715[µs]
Time needed for minimizing ind: 3651971[µs]
Time needed for computing ind (total): 139892560[µs]
automaton for ind has 7 states.
...done.
computing complement of preach...
Time needed for constructing identity on ind: 541[µs]
Time needed for computing product v_id of abstraction framework with identity on ind: 15798[µs]
Time needed for computing product of v_id with complement of abstraction framework: 1992[µs]
Time needed for computing complement of preach: 21459[µs]
automaton for complement of preach has 13 states.
...of which, 2 states are at level 0.
Time needed for trimming complement of preach: 90[µs]
...done.
trying to prove abstract safety...
Time needed for constructing transducer for unsafe property: 9[µs]
Time needed for constructing transducer for (initial, unsafe) pairs: 187[µs]
Time needed for constructing transducer for complement of (initial, unsafe) pairs: 435[µs]
Time needed for building union of complements of preach and (initial, unsafe)-transducer: 85[µs]
Time needed for checking universality using antichains-inclusion algorithm: 220[µs]
Time needed for checking abstract safety: 1011[µs]
...done.
Result: [0]
This means that the following properties could be separated from the initial configurations:
	[]
While the following properties could not be separated from the initial configurations:
	[shareddirty]

real	2m19,966s
user	2m19,681s
sys	0m0,192s
********************
46 of 61
/home/jakob/Documents/abstracton/benchmarks/dodo/dragon.json
t
dirtyshareddirty
Running as unit: run-rdc1aacae6d5443d994edcf4680423bc2.scope; invocation ID: 44bc7b15c9da48399f3256530092ba62
Time needed for parsing json file: 4563[µs]
alphabet size: 5
using Trap interpretation
Time needed for constructing Trap interpretation transducer: 5216[µs]
computing ind...
Time needed for constructing complement of ind: 24469[µs]
Time needed for computing ind: 15402783[µs]
Time needed for minimizing ind: 510652[µs]
Time needed for computing ind (total): 15938131[µs]
automaton for ind has 37 states.
...done.
computing complement of preach...
Time needed for constructing identity on ind: 2661[µs]
Time needed for computing product v_id of abstraction framework with identity on ind: 159481[µs]
Time needed for computing product of v_id with complement of abstraction framework: 873523[µs]
Time needed for computing complement of preach: 1040615[µs]
automaton for complement of preach has 4148 states.
...of which, 68 states are at level 0.
Time needed for trimming complement of preach: 15191[µs]
...done.
trying to prove abstract safety...
Time needed for constructing transducer for unsafe property: 9[µs]
Time needed for constructing transducer for (initial, unsafe) pairs: 273[µs]
Time needed for constructing transducer for complement of (initial, unsafe) pairs: 506[µs]
Time needed for building union of complements of preach and (initial, unsafe)-transducer: 3779[µs]
Time needed for checking universality using antichains-inclusion algorithm: 17390[µs]
Time needed for checking abstract safety: 23001[µs]
...done.
Result: [0]
This means that the following properties could be separated from the initial configurations:
	[]
While the following properties could not be separated from the initial configurations:
	[dirtyshareddirty]

real	0m17,073s
user	0m16,883s
sys	0m0,169s
********************
/home/jakob/Documents/abstracton/benchmarks/dodo/dragon.json
s
dirtyshareddirty
Running as unit: run-r7a22d096bec94226ba698cadb7763b34.scope; invocation ID: d701003e52634d65bbe73460deb91146
Time needed for parsing json file: 4703[µs]
alphabet size: 5
using Siphon interpretation
Time needed for constructing Siphon interpretation transducer: 1881[µs]
computing ind...
Time needed for constructing complement of ind: 8584[µs]
Time needed for computing ind: 1030064[µs]
Time needed for minimizing ind: 112852[µs]
Time needed for computing ind (total): 1151676[µs]
automaton for ind has 5 states.
...done.
computing complement of preach...
Time needed for constructing identity on ind: 354[µs]
Time needed for computing product v_id of abstraction framework with identity on ind: 4453[µs]
Time needed for computing product of v_id with complement of abstraction framework: 1247[µs]
Time needed for computing complement of preach: 7412[µs]
automaton for complement of preach has 13 states.
...of which, 2 states are at level 0.
Time needed for trimming complement of preach: 56[µs]
...done.
trying to prove abstract safety...
Time needed for constructing transducer for unsafe property: 9[µs]
Time needed for constructing transducer for (initial, unsafe) pairs: 157[µs]
Time needed for constructing transducer for complement of (initial, unsafe) pairs: 391[µs]
Time needed for building union of complements of preach and (initial, unsafe)-transducer: 72[µs]
Time needed for checking universality using antichains-inclusion algorithm: 222[µs]
Time needed for checking abstract safety: 922[µs]
...done.
Result: [0]
This means that the following properties could be separated from the initial configurations:
	[]
While the following properties could not be separated from the initial configurations:
	[dirtyshareddirty]

real	0m1,192s
user	0m1,168s
sys	0m0,011s
********************
/home/jakob/Documents/abstracton/benchmarks/dodo/dragon.json
f
dirtyshareddirty
Running as unit: run-redda753a5a6644c28dd37028f222d232.scope; invocation ID: 6ddded11feb24f3cbdf1d5d218665235
Time needed for parsing json file: 4087[µs]
alphabet size: 5
using Flow interpretation
Time needed for constructing Flow interpretation transducer: 3904[µs]
computing ind...
Time needed for constructing complement of ind: 25236[µs]
Time needed for computing ind: 137663032[µs]
Time needed for minimizing ind: 3753617[µs]
Time needed for computing ind (total): 141442166[µs]
automaton for ind has 7 states.
...done.
computing complement of preach...
Time needed for constructing identity on ind: 569[µs]
Time needed for computing product v_id of abstraction framework with identity on ind: 12543[µs]
Time needed for computing product of v_id with complement of abstraction framework: 2149[µs]
Time needed for computing complement of preach: 18620[µs]
automaton for complement of preach has 13 states.
...of which, 2 states are at level 0.
Time needed for trimming complement of preach: 82[µs]
...done.
trying to prove abstract safety...
Time needed for constructing transducer for unsafe property: 8[µs]
Time needed for constructing transducer for (initial, unsafe) pairs: 169[µs]
Time needed for constructing transducer for complement of (initial, unsafe) pairs: 434[µs]
Time needed for building union of complements of preach and (initial, unsafe)-transducer: 74[µs]
Time needed for checking universality using antichains-inclusion algorithm: 229[µs]
Time needed for checking abstract safety: 991[µs]
...done.
Result: [0]
This means that the following properties could be separated from the initial configurations:
	[]
While the following properties could not be separated from the initial configurations:
	[dirtyshareddirty]

real	2m21,509s
user	2m21,192s
sys	0m0,208s
********************
47 of 61
/home/jakob/Documents/abstracton/benchmarks/dodo/dragon.json
t
deadlock
Running as unit: run-r31d0efd30fe14b3497d56c88933c816b.scope; invocation ID: 53e2c22a1ebe4e34bc2d58ff68538585
Time needed for parsing json file: 4740[µs]
alphabet size: 5
using Trap interpretation
Time needed for constructing Trap interpretation transducer: 4977[µs]
computing ind...
Time needed for constructing complement of ind: 23412[µs]
Time needed for computing ind: 15224431[µs]
Time needed for minimizing ind: 512164[µs]
Time needed for computing ind (total): 15760253[µs]
automaton for ind has 37 states.
...done.
computing complement of preach...
Time needed for constructing identity on ind: 2784[µs]
Time needed for computing product v_id of abstraction framework with identity on ind: 159335[µs]
Time needed for computing product of v_id with complement of abstraction framework: 833004[µs]
Time needed for computing complement of preach: 1000141[µs]
automaton for complement of preach has 4148 states.
...of which, 68 states are at level 0.
Time needed for trimming complement of preach: 12686[µs]
...done.
trying to prove abstract safety...
Time needed for constructing transducer for unsafe property: 28[µs]
Time needed for constructing transducer for (initial, unsafe) pairs: 271[µs]
Time needed for constructing transducer for complement of (initial, unsafe) pairs: 46[µs]
Time needed for building union of complements of preach and (initial, unsafe)-transducer: 3504[µs]
Time needed for checking universality using antichains-inclusion algorithm: 13742[µs]
Time needed for checking abstract safety: 18609[µs]
...done.
Result: [1]
This means that the following properties could be separated from the initial configurations:
	[deadlock]
While the following properties could not be separated from the initial configurations:
	[]

real	0m16,849s
user	0m16,673s
sys	0m0,155s
********************
/home/jakob/Documents/abstracton/benchmarks/dodo/dragon.json
s
deadlock
Running as unit: run-rd7f703dcd43e4bfb9319d397cc57b902.scope; invocation ID: ff0ef11539dc40f4aab57963aa3a1ee7
Time needed for parsing json file: 4673[µs]
alphabet size: 5
using Siphon interpretation
Time needed for constructing Siphon interpretation transducer: 1812[µs]
computing ind...
Time needed for constructing complement of ind: 7913[µs]
Time needed for computing ind: 1004997[µs]
Time needed for minimizing ind: 116345[µs]
Time needed for computing ind (total): 1129431[µs]
automaton for ind has 5 states.
...done.
computing complement of preach...
Time needed for constructing identity on ind: 708[µs]
Time needed for computing product v_id of abstraction framework with identity on ind: 6061[µs]
Time needed for computing product of v_id with complement of abstraction framework: 1305[µs]
Time needed for computing complement of preach: 10316[µs]
automaton for complement of preach has 13 states.
...of which, 2 states are at level 0.
Time needed for trimming complement of preach: 95[µs]
...done.
trying to prove abstract safety...
Time needed for constructing transducer for unsafe property: 23[µs]
Time needed for constructing transducer for (initial, unsafe) pairs: 222[µs]
Time needed for constructing transducer for complement of (initial, unsafe) pairs: 50[µs]
Time needed for building union of complements of preach and (initial, unsafe)-transducer: 44[µs]
Time needed for checking universality using antichains-inclusion algorithm: 106[µs]
Time needed for checking abstract safety: 514[µs]
...done.
Result: [1]
This means that the following properties could be separated from the initial configurations:
	[deadlock]
While the following properties could not be separated from the initial configurations:
	[]

real	0m1,177s
user	0m1,148s
sys	0m0,011s
********************
/home/jakob/Documents/abstracton/benchmarks/dodo/dragon.json
f
deadlock
Running as unit: run-rab49d55fadc541e09b526dea5e9f9e3b.scope; invocation ID: 272cfd7eb9dd41a08ef3f993c0a299a3
Time needed for parsing json file: 4609[µs]
alphabet size: 5
using Flow interpretation
Time needed for constructing Flow interpretation transducer: 4324[µs]
computing ind...
Time needed for constructing complement of ind: 26210[µs]
Time needed for computing ind: 136375103[µs]
Time needed for minimizing ind: 3714235[µs]
Time needed for computing ind (total): 140115848[µs]
automaton for ind has 7 states.
...done.
computing complement of preach...
Time needed for constructing identity on ind: 611[µs]
Time needed for computing product v_id of abstraction framework with identity on ind: 13646[µs]
Time needed for computing product of v_id with complement of abstraction framework: 2035[µs]
Time needed for computing complement of preach: 19606[µs]
automaton for complement of preach has 13 states.
...of which, 2 states are at level 0.
Time needed for trimming complement of preach: 89[µs]
...done.
trying to prove abstract safety...
Time needed for constructing transducer for unsafe property: 23[µs]
Time needed for constructing transducer for (initial, unsafe) pairs: 242[µs]
Time needed for constructing transducer for complement of (initial, unsafe) pairs: 47[µs]
Time needed for building union of complements of preach and (initial, unsafe)-transducer: 40[µs]
Time needed for checking universality using antichains-inclusion algorithm: 103[µs]
Time needed for checking abstract safety: 537[µs]
...done.
Result: [1]
This means that the following properties could be separated from the initial configurations:
	[deadlock]
While the following properties could not be separated from the initial configurations:
	[]

real	2m20,188s
user	2m19,934s
sys	0m0,179s
********************
48 of 61
/home/jakob/Documents/abstracton/benchmarks/dodo/firefly.json
t
dirtydirty
Running as unit: run-rc732a6289f98422a89725c89b56390c7.scope; invocation ID: d4f712f8bb714d2bab40d3043c851c27
Time needed for parsing json file: 12109[µs]
alphabet size: 4
using Trap interpretation
Time needed for constructing Trap interpretation transducer: 2406[µs]
computing ind...
Time needed for constructing complement of ind: 7008[µs]
Time needed for computing ind: 1044714[µs]
Time needed for minimizing ind: 52960[µs]
Time needed for computing ind (total): 1104823[µs]
automaton for ind has 6 states.
...done.
computing complement of preach...
Time needed for constructing identity on ind: 199[µs]
Time needed for computing product v_id of abstraction framework with identity on ind: 6503[µs]
Time needed for computing product of v_id with complement of abstraction framework: 29447[µs]
Time needed for computing complement of preach: 37232[µs]
automaton for complement of preach has 57 states.
...of which, 5 states are at level 0.
Time needed for trimming complement of preach: 153[µs]
...done.
trying to prove abstract safety...
Time needed for constructing transducer for unsafe property: 7[µs]
Time needed for constructing transducer for (initial, unsafe) pairs: 163[µs]
Time needed for constructing transducer for complement of (initial, unsafe) pairs: 338[µs]
Time needed for building union of complements of preach and (initial, unsafe)-transducer: 84[µs]
Time needed for checking universality using antichains-inclusion algorithm: 327[µs]
Time needed for checking abstract safety: 990[µs]
...done.
Result: [0]
This means that the following properties could be separated from the initial configurations:
	[]
While the following properties could not be separated from the initial configurations:
	[dirtydirty]

real	0m1,179s
user	0m1,143s
sys	0m0,017s
********************
/home/jakob/Documents/abstracton/benchmarks/dodo/firefly.json
s
dirtydirty
Running as unit: run-r60ef3d00e3b74d688bfad33b1eeba3fe.scope; invocation ID: e908d29cfcea4e938c4559049ba96718
Time needed for parsing json file: 2666[µs]
alphabet size: 4
using Siphon interpretation
Time needed for constructing Siphon interpretation transducer: 862[µs]
computing ind...
Time needed for constructing complement of ind: 2244[µs]
Time needed for computing ind: 153951[µs]
Time needed for minimizing ind: 27148[µs]
Time needed for computing ind (total): 183447[µs]
automaton for ind has 5 states.
...done.
computing complement of preach...
Time needed for constructing identity on ind: 180[µs]
Time needed for computing product v_id of abstraction framework with identity on ind: 2115[µs]
Time needed for computing product of v_id with complement of abstraction framework: 657[µs]
Time needed for computing complement of preach: 3633[µs]
automaton for complement of preach has 5 states.
...of which, 2 states are at level 0.
Time needed for trimming complement of preach: 18[µs]
...done.
trying to prove abstract safety...
Time needed for constructing transducer for unsafe property: 9[µs]
Time needed for constructing transducer for (initial, unsafe) pairs: 144[µs]
Time needed for constructing transducer for complement of (initial, unsafe) pairs: 291[µs]
Time needed for building union of complements of preach and (initial, unsafe)-transducer: 52[µs]
Time needed for checking universality using antichains-inclusion algorithm: 161[µs]
Time needed for checking abstract safety: 711[µs]
...done.
Result: [0]
This means that the following properties could be separated from the initial configurations:
	[]
While the following properties could not be separated from the initial configurations:
	[dirtydirty]

real	0m0,214s
user	0m0,194s
sys	0m0,008s
********************
/home/jakob/Documents/abstracton/benchmarks/dodo/firefly.json
f
dirtydirty
Running as unit: run-r3542a86bf8914510ae13af1370657ad5.scope; invocation ID: 190c778d43954562b25f3be03a300503
Time needed for parsing json file: 2676[µs]
alphabet size: 4
using Flow interpretation
Time needed for constructing Flow interpretation transducer: 1906[µs]
computing ind...
Time needed for constructing complement of ind: 6900[µs]
Time needed for computing ind: 3485403[µs]
Time needed for minimizing ind: 180415[µs]
Time needed for computing ind (total): 3672902[µs]
automaton for ind has 7 states.
...done.
computing complement of preach...
Time needed for constructing identity on ind: 453[µs]
Time needed for computing product v_id of abstraction framework with identity on ind: 6335[µs]
Time needed for computing product of v_id with complement of abstraction framework: 1789[µs]
Time needed for computing complement of preach: 10142[µs]
automaton for complement of preach has 5 states.
...of which, 2 states are at level 0.
Time needed for trimming complement of preach: 41[µs]
...done.
trying to prove abstract safety...
Time needed for constructing transducer for unsafe property: 6[µs]
Time needed for constructing transducer for (initial, unsafe) pairs: 154[µs]
Time needed for constructing transducer for complement of (initial, unsafe) pairs: 320[µs]
Time needed for building union of complements of preach and (initial, unsafe)-transducer: 71[µs]
Time needed for checking universality using antichains-inclusion algorithm: 177[µs]
Time needed for checking abstract safety: 818[µs]
...done.
Result: [0]
This means that the following properties could be separated from the initial configurations:
	[]
While the following properties could not be separated from the initial configurations:
	[dirtydirty]

real	0m3,718s
user	0m3,685s
sys	0m0,014s
********************
49 of 61
/home/jakob/Documents/abstracton/benchmarks/dodo/firefly.json
t
exclusiveexclusive
Running as unit: run-r1800ca7447fb4dfab1d68d521949885d.scope; invocation ID: feba605c223744aa805ce3b6b81b4816
Time needed for parsing json file: 2683[µs]
alphabet size: 4
using Trap interpretation
Time needed for constructing Trap interpretation transducer: 2219[µs]
computing ind...
Time needed for constructing complement of ind: 7261[µs]
Time needed for computing ind: 1038908[µs]
Time needed for minimizing ind: 52654[µs]
Time needed for computing ind (total): 1098979[µs]
automaton for ind has 6 states.
...done.
computing complement of preach...
Time needed for constructing identity on ind: 239[µs]
Time needed for computing product v_id of abstraction framework with identity on ind: 6597[µs]
Time needed for computing product of v_id with complement of abstraction framework: 28965[µs]
Time needed for computing complement of preach: 36963[µs]
automaton for complement of preach has 57 states.
...of which, 5 states are at level 0.
Time needed for trimming complement of preach: 153[µs]
...done.
trying to prove abstract safety...
Time needed for constructing transducer for unsafe property: 6[µs]
Time needed for constructing transducer for (initial, unsafe) pairs: 148[µs]
Time needed for constructing transducer for complement of (initial, unsafe) pairs: 299[µs]
Time needed for building union of complements of preach and (initial, unsafe)-transducer: 85[µs]
Time needed for checking universality using antichains-inclusion algorithm: 335[µs]
Time needed for checking abstract safety: 947[µs]
...done.
Result: [0]
This means that the following properties could be separated from the initial configurations:
	[]
While the following properties could not be separated from the initial configurations:
	[exclusiveexclusive]

real	0m1,163s
user	0m1,141s
sys	0m0,012s
********************
/home/jakob/Documents/abstracton/benchmarks/dodo/firefly.json
s
exclusiveexclusive
Running as unit: run-rf5616e2d469b4a02b25d13a0b5ccaa53.scope; invocation ID: a8d20b2187cb4edca15e69c7e16bd67f
Time needed for parsing json file: 2873[µs]
alphabet size: 4
using Siphon interpretation
Time needed for constructing Siphon interpretation transducer: 903[µs]
computing ind...
Time needed for constructing complement of ind: 2476[µs]
Time needed for computing ind: 155272[µs]
Time needed for minimizing ind: 28432[µs]
Time needed for computing ind (total): 186321[µs]
automaton for ind has 5 states.
...done.
computing complement of preach...
Time needed for constructing identity on ind: 182[µs]
Time needed for computing product v_id of abstraction framework with identity on ind: 2096[µs]
Time needed for computing product of v_id with complement of abstraction framework: 804[µs]
Time needed for computing complement of preach: 3797[µs]
automaton for complement of preach has 5 states.
...of which, 2 states are at level 0.
Time needed for trimming complement of preach: 29[µs]
...done.
trying to prove abstract safety...
Time needed for constructing transducer for unsafe property: 11[µs]
Time needed for constructing transducer for (initial, unsafe) pairs: 162[µs]
Time needed for constructing transducer for complement of (initial, unsafe) pairs: 429[µs]
Time needed for building union of complements of preach and (initial, unsafe)-transducer: 108[µs]
Time needed for checking universality using antichains-inclusion algorithm: 196[µs]
Time needed for checking abstract safety: 1030[µs]
...done.
Result: [0]
This means that the following properties could be separated from the initial configurations:
	[]
While the following properties could not be separated from the initial configurations:
	[exclusiveexclusive]

real	0m0,223s
user	0m0,194s
sys	0m0,012s
********************
/home/jakob/Documents/abstracton/benchmarks/dodo/firefly.json
f
exclusiveexclusive
Running as unit: run-r267857ed97c6410a875f3d669a79df46.scope; invocation ID: a2f00d8b82394a539084201eaeeaa4ce
Time needed for parsing json file: 2896[µs]
alphabet size: 4
using Flow interpretation
Time needed for constructing Flow interpretation transducer: 1874[µs]
computing ind...
Time needed for constructing complement of ind: 6830[µs]
Time needed for computing ind: 3556935[µs]
Time needed for minimizing ind: 175963[µs]
Time needed for computing ind (total): 3739934[µs]
automaton for ind has 7 states.
...done.
computing complement of preach...
Time needed for constructing identity on ind: 251[µs]
Time needed for computing product v_id of abstraction framework with identity on ind: 4839[µs]
Time needed for computing product of v_id with complement of abstraction framework: 1248[µs]
Time needed for computing complement of preach: 7727[µs]
automaton for complement of preach has 5 states.
...of which, 2 states are at level 0.
Time needed for trimming complement of preach: 34[µs]
...done.
trying to prove abstract safety...
Time needed for constructing transducer for unsafe property: 5[µs]
Time needed for constructing transducer for (initial, unsafe) pairs: 133[µs]
Time needed for constructing transducer for complement of (initial, unsafe) pairs: 282[µs]
Time needed for building union of complements of preach and (initial, unsafe)-transducer: 51[µs]
Time needed for checking universality using antichains-inclusion algorithm: 159[µs]
Time needed for checking abstract safety: 688[µs]
...done.
Result: [0]
This means that the following properties could be separated from the initial configurations:
	[]
While the following properties could not be separated from the initial configurations:
	[exclusiveexclusive]

real	0m3,776s
user	0m3,741s
sys	0m0,023s
********************
50 of 61
/home/jakob/Documents/abstracton/benchmarks/dodo/firefly.json
t
dirtyshared
Running as unit: run-r595be15877894954b17e8a5f2c9ad5f5.scope; invocation ID: 3baada56160742b68e2e43e4b6a377b4
Time needed for parsing json file: 2771[µs]
alphabet size: 4
using Trap interpretation
Time needed for constructing Trap interpretation transducer: 2216[µs]
computing ind...
Time needed for constructing complement of ind: 6688[µs]
Time needed for computing ind: 1044839[µs]
Time needed for minimizing ind: 54304[µs]
Time needed for computing ind (total): 1105985[µs]
automaton for ind has 6 states.
...done.
computing complement of preach...
Time needed for constructing identity on ind: 211[µs]
Time needed for computing product v_id of abstraction framework with identity on ind: 6565[µs]
Time needed for computing product of v_id with complement of abstraction framework: 29693[µs]
Time needed for computing complement of preach: 37646[µs]
automaton for complement of preach has 57 states.
...of which, 5 states are at level 0.
Time needed for trimming complement of preach: 151[µs]
...done.
trying to prove abstract safety...
Time needed for constructing transducer for unsafe property: 8[µs]
Time needed for constructing transducer for (initial, unsafe) pairs: 193[µs]
Time needed for constructing transducer for complement of (initial, unsafe) pairs: 368[µs]
Time needed for building union of complements of preach and (initial, unsafe)-transducer: 92[µs]
Time needed for checking universality using antichains-inclusion algorithm: 358[µs]
Time needed for checking abstract safety: 1090[µs]
...done.
Result: [0]
This means that the following properties could be separated from the initial configurations:
	[]
While the following properties could not be separated from the initial configurations:
	[dirtyshared]

real	0m1,178s
user	0m1,144s
sys	0m0,017s
********************
/home/jakob/Documents/abstracton/benchmarks/dodo/firefly.json
s
dirtyshared
Running as unit: run-rd4917c8ba97240e090d25e178d5187e4.scope; invocation ID: 7214ce4ea8cd4b27b56a96f3fc405499
Time needed for parsing json file: 2740[µs]
alphabet size: 4
using Siphon interpretation
Time needed for constructing Siphon interpretation transducer: 877[µs]
computing ind...
Time needed for constructing complement of ind: 2494[µs]
Time needed for computing ind: 162433[µs]
Time needed for minimizing ind: 27069[µs]
Time needed for computing ind (total): 192123[µs]
automaton for ind has 5 states.
...done.
computing complement of preach...
Time needed for constructing identity on ind: 191[µs]
Time needed for computing product v_id of abstraction framework with identity on ind: 2067[µs]
Time needed for computing product of v_id with complement of abstraction framework: 649[µs]
Time needed for computing complement of preach: 3572[µs]
automaton for complement of preach has 5 states.
...of which, 2 states are at level 0.
Time needed for trimming complement of preach: 18[µs]
...done.
trying to prove abstract safety...
Time needed for constructing transducer for unsafe property: 10[µs]
Time needed for constructing transducer for (initial, unsafe) pairs: 167[µs]
Time needed for constructing transducer for complement of (initial, unsafe) pairs: 364[µs]
Time needed for building union of complements of preach and (initial, unsafe)-transducer: 60[µs]
Time needed for checking universality using antichains-inclusion algorithm: 193[µs]
Time needed for checking abstract safety: 855[µs]
...done.
Result: [0]
This means that the following properties could be separated from the initial configurations:
	[]
While the following properties could not be separated from the initial configurations:
	[dirtyshared]

real	0m0,222s
user	0m0,202s
sys	0m0,010s
********************
/home/jakob/Documents/abstracton/benchmarks/dodo/firefly.json
f
dirtyshared
Running as unit: run-r0098a54a90f940dc928ababc4602a894.scope; invocation ID: 1bb60cde8dec4ea595f7b31626e171ec
Time needed for parsing json file: 2596[µs]
alphabet size: 4
using Flow interpretation
Time needed for constructing Flow interpretation transducer: 1851[µs]
computing ind...
Time needed for constructing complement of ind: 7633[µs]
Time needed for computing ind: 3532333[µs]
Time needed for minimizing ind: 185423[µs]
Time needed for computing ind (total): 3725606[µs]
automaton for ind has 7 states.
...done.
computing complement of preach...
Time needed for constructing identity on ind: 248[µs]
Time needed for computing product v_id of abstraction framework with identity on ind: 4838[µs]
Time needed for computing product of v_id with complement of abstraction framework: 1275[µs]
Time needed for computing complement of preach: 7766[µs]
automaton for complement of preach has 5 states.
...of which, 2 states are at level 0.
Time needed for trimming complement of preach: 41[µs]
...done.
trying to prove abstract safety...
Time needed for constructing transducer for unsafe property: 6[µs]
Time needed for constructing transducer for (initial, unsafe) pairs: 151[µs]
Time needed for constructing transducer for complement of (initial, unsafe) pairs: 359[µs]
Time needed for building union of complements of preach and (initial, unsafe)-transducer: 60[µs]
Time needed for checking universality using antichains-inclusion algorithm: 176[µs]
Time needed for checking abstract safety: 815[µs]
...done.
Result: [0]
This means that the following properties could be separated from the initial configurations:
	[]
While the following properties could not be separated from the initial configurations:
	[dirtyshared]

real	0m3,763s
user	0m3,725s
sys	0m0,024s
********************
51 of 61
/home/jakob/Documents/abstracton/benchmarks/dodo/firefly.json
t
dirtyexclusive
Running as unit: run-r1f2d1ca505be48a98508dc65869b1baf.scope; invocation ID: c976c662993b4fd291857714d15ad6f9
Time needed for parsing json file: 2677[µs]
alphabet size: 4
using Trap interpretation
Time needed for constructing Trap interpretation transducer: 2246[µs]
computing ind...
Time needed for constructing complement of ind: 6485[µs]
Time needed for computing ind: 1040964[µs]
Time needed for minimizing ind: 54364[µs]
Time needed for computing ind (total): 1101962[µs]
automaton for ind has 6 states.
...done.
computing complement of preach...
Time needed for constructing identity on ind: 215[µs]
Time needed for computing product v_id of abstraction framework with identity on ind: 6717[µs]
Time needed for computing product of v_id with complement of abstraction framework: 29376[µs]
Time needed for computing complement of preach: 37499[µs]
automaton for complement of preach has 57 states.
...of which, 5 states are at level 0.
Time needed for trimming complement of preach: 190[µs]
...done.
trying to prove abstract safety...
Time needed for constructing transducer for unsafe property: 7[µs]
Time needed for constructing transducer for (initial, unsafe) pairs: 175[µs]
Time needed for constructing transducer for complement of (initial, unsafe) pairs: 365[µs]
Time needed for building union of complements of preach and (initial, unsafe)-transducer: 96[µs]
Time needed for checking universality using antichains-inclusion algorithm: 373[µs]
Time needed for checking abstract safety: 1087[µs]
...done.
Result: [0]
This means that the following properties could be separated from the initial configurations:
	[]
While the following properties could not be separated from the initial configurations:
	[dirtyexclusive]

real	0m1,169s
user	0m1,140s
sys	0m0,017s
********************
/home/jakob/Documents/abstracton/benchmarks/dodo/firefly.json
s
dirtyexclusive
Running as unit: run-rc8e8ad254a5b486780ef6c9df99437e5.scope; invocation ID: a1c14119b52246c8a8c123b0851726d0
Time needed for parsing json file: 2774[µs]
alphabet size: 4
using Siphon interpretation
Time needed for constructing Siphon interpretation transducer: 879[µs]
computing ind...
Time needed for constructing complement of ind: 2198[µs]
Time needed for computing ind: 155573[µs]
Time needed for minimizing ind: 27899[µs]
Time needed for computing ind (total): 185785[µs]
automaton for ind has 5 states.
...done.
computing complement of preach...
Time needed for constructing identity on ind: 186[µs]
Time needed for computing product v_id of abstraction framework with identity on ind: 2047[µs]
Time needed for computing product of v_id with complement of abstraction framework: 662[µs]
Time needed for computing complement of preach: 3585[µs]
automaton for complement of preach has 5 states.
...of which, 2 states are at level 0.
Time needed for trimming complement of preach: 19[µs]
...done.
trying to prove abstract safety...
Time needed for constructing transducer for unsafe property: 11[µs]
Time needed for constructing transducer for (initial, unsafe) pairs: 191[µs]
Time needed for constructing transducer for complement of (initial, unsafe) pairs: 367[µs]
Time needed for building union of complements of preach and (initial, unsafe)-transducer: 84[µs]
Time needed for checking universality using antichains-inclusion algorithm: 240[µs]
Time needed for checking abstract safety: 962[µs]
...done.
Result: [0]
This means that the following properties could be separated from the initial configurations:
	[]
While the following properties could not be separated from the initial configurations:
	[dirtyexclusive]

real	0m0,226s
user	0m0,195s
sys	0m0,010s
********************
/home/jakob/Documents/abstracton/benchmarks/dodo/firefly.json
f
dirtyexclusive
Running as unit: run-rbddd06108e064c00ba8a7477ee75e997.scope; invocation ID: 884c8d6d5e9a4e7b957e582d2861c4c5
Time needed for parsing json file: 2704[µs]
alphabet size: 4
using Flow interpretation
Time needed for constructing Flow interpretation transducer: 1894[µs]
computing ind...
Time needed for constructing complement of ind: 6836[µs]
Time needed for computing ind: 3671925[µs]
Time needed for minimizing ind: 179895[µs]
Time needed for computing ind (total): 3858825[µs]
automaton for ind has 7 states.
...done.
computing complement of preach...
Time needed for constructing identity on ind: 261[µs]
Time needed for computing product v_id of abstraction framework with identity on ind: 5039[µs]
Time needed for computing product of v_id with complement of abstraction framework: 1190[µs]
Time needed for computing complement of preach: 7989[µs]
automaton for complement of preach has 5 states.
...of which, 2 states are at level 0.
Time needed for trimming complement of preach: 35[µs]
...done.
trying to prove abstract safety...
Time needed for constructing transducer for unsafe property: 7[µs]
Time needed for constructing transducer for (initial, unsafe) pairs: 159[µs]
Time needed for constructing transducer for complement of (initial, unsafe) pairs: 388[µs]
Time needed for building union of complements of preach and (initial, unsafe)-transducer: 66[µs]
Time needed for checking universality using antichains-inclusion algorithm: 197[µs]
Time needed for checking abstract safety: 883[µs]
...done.
Result: [0]
This means that the following properties could be separated from the initial configurations:
	[]
While the following properties could not be separated from the initial configurations:
	[dirtyexclusive]

real	0m3,901s
user	0m3,866s
sys	0m0,017s
********************
52 of 61
/home/jakob/Documents/abstracton/benchmarks/dodo/firefly.json
t
deadlock
Running as unit: run-rbad204e029f6468383c7988b54e14827.scope; invocation ID: 3bd32af932eb4c40a71080a514fb8779
Time needed for parsing json file: 2845[µs]
alphabet size: 4
using Trap interpretation
Time needed for constructing Trap interpretation transducer: 2173[µs]
computing ind...
Time needed for constructing complement of ind: 6521[µs]
Time needed for computing ind: 1033048[µs]
Time needed for minimizing ind: 53471[µs]
Time needed for computing ind (total): 1093188[µs]
automaton for ind has 6 states.
...done.
computing complement of preach...
Time needed for constructing identity on ind: 212[µs]
Time needed for computing product v_id of abstraction framework with identity on ind: 6726[µs]
Time needed for computing product of v_id with complement of abstraction framework: 29797[µs]
Time needed for computing complement of preach: 37862[µs]
automaton for complement of preach has 57 states.
...of which, 5 states are at level 0.
Time needed for trimming complement of preach: 171[µs]
...done.
trying to prove abstract safety...
Time needed for constructing transducer for unsafe property: 21[µs]
Time needed for constructing transducer for (initial, unsafe) pairs: 187[µs]
Time needed for constructing transducer for complement of (initial, unsafe) pairs: 56[µs]
Time needed for building union of complements of preach and (initial, unsafe)-transducer: 68[µs]
Time needed for checking universality using antichains-inclusion algorithm: 230[µs]
Time needed for checking abstract safety: 635[µs]
...done.
Result: [1]
This means that the following properties could be separated from the initial configurations:
	[deadlock]
While the following properties could not be separated from the initial configurations:
	[]

real	0m1,166s
user	0m1,139s
sys	0m0,009s
********************
/home/jakob/Documents/abstracton/benchmarks/dodo/firefly.json
s
deadlock
Running as unit: run-r4b0191c19dbe46e09d9c23d386d47c2e.scope; invocation ID: ed4aed8934c443c7b35fa64f59a2465c
Time needed for parsing json file: 2869[µs]
alphabet size: 4
using Siphon interpretation
Time needed for constructing Siphon interpretation transducer: 870[µs]
computing ind...
Time needed for constructing complement of ind: 2222[µs]
Time needed for computing ind: 156501[µs]
Time needed for minimizing ind: 27265[µs]
Time needed for computing ind (total): 186104[µs]
automaton for ind has 5 states.
...done.
computing complement of preach...
Time needed for constructing identity on ind: 200[µs]
Time needed for computing product v_id of abstraction framework with identity on ind: 2011[µs]
Time needed for computing product of v_id with complement of abstraction framework: 641[µs]
Time needed for computing complement of preach: 3524[µs]
automaton for complement of preach has 5 states.
...of which, 2 states are at level 0.
Time needed for trimming complement of preach: 18[µs]
...done.
trying to prove abstract safety...
Time needed for constructing transducer for unsafe property: 16[µs]
Time needed for constructing transducer for (initial, unsafe) pairs: 217[µs]
Time needed for constructing transducer for complement of (initial, unsafe) pairs: 39[µs]
Time needed for building union of complements of preach and (initial, unsafe)-transducer: 29[µs]
Time needed for checking universality using antichains-inclusion algorithm: 107[µs]
Time needed for checking abstract safety: 465[µs]
...done.
Result: [1]
This means that the following properties could be separated from the initial configurations:
	[deadlock]
While the following properties could not be separated from the initial configurations:
	[]

real	0m0,217s
user	0m0,195s
sys	0m0,010s
********************
/home/jakob/Documents/abstracton/benchmarks/dodo/firefly.json
f
deadlock
Running as unit: run-rb5085843388f4113bc350be2aa08e1f8.scope; invocation ID: 06c3d4b151d54590954e3586f74bb221
Time needed for parsing json file: 2807[µs]
alphabet size: 4
using Flow interpretation
Time needed for constructing Flow interpretation transducer: 1853[µs]
computing ind...
Time needed for constructing complement of ind: 6778[µs]
Time needed for computing ind: 3564047[µs]
Time needed for minimizing ind: 178170[µs]
Time needed for computing ind (total): 3749169[µs]
automaton for ind has 7 states.
...done.
computing complement of preach...
Time needed for constructing identity on ind: 270[µs]
Time needed for computing product v_id of abstraction framework with identity on ind: 5218[µs]
Time needed for computing product of v_id with complement of abstraction framework: 1229[µs]
Time needed for computing complement of preach: 8180[µs]
automaton for complement of preach has 5 states.
...of which, 2 states are at level 0.
Time needed for trimming complement of preach: 35[µs]
...done.
trying to prove abstract safety...
Time needed for constructing transducer for unsafe property: 21[µs]
Time needed for constructing transducer for (initial, unsafe) pairs: 199[µs]
Time needed for constructing transducer for complement of (initial, unsafe) pairs: 41[µs]
Time needed for building union of complements of preach and (initial, unsafe)-transducer: 35[µs]
Time needed for checking universality using antichains-inclusion algorithm: 91[µs]
Time needed for checking abstract safety: 452[µs]
...done.
Result: [1]
This means that the following properties could be separated from the initial configurations:
	[deadlock]
While the following properties could not be separated from the initial configurations:
	[]

real	0m3,786s
user	0m3,756s
sys	0m0,017s
********************
53 of 61
/home/jakob/Documents/abstracton/benchmarks/dodo/left-dining-philosophers.json
t
deadlock
Running as unit: run-r43a90df3f959426c99088c381ec835f2.scope; invocation ID: 095df917f1594527ac5db09e7d3c3ae9
Time needed for parsing json file: 2660[µs]
alphabet size: 6
using Trap interpretation
Time needed for constructing Trap interpretation transducer: 12587[µs]
computing ind...
Time needed for constructing complement of ind: 16977[µs]
Time needed for computing ind: 1399685[µs]
Time needed for minimizing ind: 207467[µs]
Time needed for computing ind (total): 1624343[µs]
automaton for ind has 41 states.
...done.
computing complement of preach...
Time needed for constructing identity on ind: 5493[µs]
Time needed for computing product v_id of abstraction framework with identity on ind: 474639[µs]
Time needed for computing product of v_id with complement of abstraction framework: 2408088[µs]
Time needed for computing complement of preach: 2899577[µs]
automaton for complement of preach has 6441 states.
...of which, 76 states are at level 0.
Time needed for trimming complement of preach: 20425[µs]
...done.
trying to prove abstract safety...
Time needed for constructing transducer for unsafe property: 38[µs]
Time needed for constructing transducer for (initial, unsafe) pairs: 725[µs]
Time needed for constructing transducer for complement of (initial, unsafe) pairs: 1329[µs]
Time needed for building union of complements of preach and (initial, unsafe)-transducer: 6680[µs]
Time needed for checking universality using antichains-inclusion algorithm: 44226[µs]
Time needed for checking abstract safety: 55181[µs]
...done.
Result: [0]
This means that the following properties could be separated from the initial configurations:
	[]
While the following properties could not be separated from the initial configurations:
	[deadlock]

real	0m4,700s
user	0m4,314s
sys	0m0,372s
********************
/home/jakob/Documents/abstracton/benchmarks/dodo/left-dining-philosophers.json
s
deadlock
Running as unit: run-r96c4c882597e4181bf89b4097d110e24.scope; invocation ID: 22e4298c8c2347f99aa85462e20c38f0
Time needed for parsing json file: 2406[µs]
alphabet size: 6
using Siphon interpretation
Time needed for constructing Siphon interpretation transducer: 3930[µs]
computing ind...
Time needed for constructing complement of ind: 5802[µs]
Time needed for computing ind: 187136[µs]
Time needed for minimizing ind: 75752[µs]
Time needed for computing ind (total): 268822[µs]
automaton for ind has 42 states.
...done.
computing complement of preach...
Time needed for constructing identity on ind: 6702[µs]
Time needed for computing product v_id of abstraction framework with identity on ind: 146152[µs]
Time needed for computing product of v_id with complement of abstraction framework: 106890[µs]
Time needed for computing complement of preach: 264273[µs]
automaton for complement of preach has 2916 states.
...of which, 78 states are at level 0.
Time needed for trimming complement of preach: 10357[µs]
...done.
trying to prove abstract safety...
Time needed for constructing transducer for unsafe property: 35[µs]
Time needed for constructing transducer for (initial, unsafe) pairs: 664[µs]
Time needed for constructing transducer for complement of (initial, unsafe) pairs: 1096[µs]
Time needed for building union of complements of preach and (initial, unsafe)-transducer: 3107[µs]
Time needed for checking universality using antichains-inclusion algorithm: 13593[µs]
Time needed for checking abstract safety: 19363[µs]
...done.
Result: [0]
This means that the following properties could be separated from the initial configurations:
	[]
While the following properties could not be separated from the initial configurations:
	[deadlock]

real	0m0,606s
user	0m0,543s
sys	0m0,045s
********************
/home/jakob/Documents/abstracton/benchmarks/dodo/left-dining-philosophers.json
f
deadlock
Running as unit: run-r19e9a0e529844f27b9d70c30b7ac578e.scope; invocation ID: 79d7f88ad17b40ecb0bf2b6e91f4c630
Time needed for parsing json file: 2237[µs]
alphabet size: 6
using Flow interpretation
Time needed for constructing Flow interpretation transducer: 9986[µs]
computing ind...
Time needed for constructing complement of ind: 16657[µs]
Time needed for computing ind: 5646843[µs]
Time needed for minimizing ind: 790373[µs]
Time needed for computing ind (total): 6454123[µs]
automaton for ind has 74 states.
...done.
computing complement of preach...
Time needed for constructing identity on ind: 10563[µs]
Time needed for computing product v_id of abstraction framework with identity on ind: 491762[µs]
Time needed for computing product of v_id with complement of abstraction framework: 254894[µs]
Time needed for computing complement of preach: 766331[µs]
automaton for complement of preach has 6612 states.
...of which, 194 states are at level 0.
Time needed for trimming complement of preach: 24987[µs]
...done.
trying to prove abstract safety...
Time needed for constructing transducer for unsafe property: 42[µs]
Time needed for constructing transducer for (initial, unsafe) pairs: 649[µs]
Time needed for constructing transducer for complement of (initial, unsafe) pairs: 1274[µs]
Time needed for building union of complements of preach and (initial, unsafe)-transducer: 7691[µs]
Time needed for checking universality using antichains-inclusion algorithm: 34497[µs]
Time needed for checking abstract safety: 46329[µs]
...done.
Result: [0]
This means that the following properties could be separated from the initial configurations:
	[]
While the following properties could not be separated from the initial configurations:
	[deadlock]

real	0m7,360s
user	0m7,201s
sys	0m0,138s
********************
54 of 61
/home/jakob/Documents/abstracton/benchmarks/dodo/lehmann-rabin.json
t
deadlock
Running as unit: run-raf8446772ff24f338a204eab3342c7c1.scope; invocation ID: d3a76a4349b942078c4ad72cbc6481c2
Time needed for parsing json file: 2502[µs]
alphabet size: 6
using Trap interpretation
Time needed for constructing Trap interpretation transducer: 12124[µs]
computing ind...
Time needed for constructing complement of ind: 13860[µs]
Time needed for computing ind: 650706[µs]
Time needed for minimizing ind: 69723[µs]
Time needed for computing ind (total): 734455[µs]
automaton for ind has 13 states.
...done.
computing complement of preach...
Time needed for constructing identity on ind: 1768[µs]
Time needed for computing product v_id of abstraction framework with identity on ind: 129128[µs]
Time needed for computing product of v_id with complement of abstraction framework: 652076[µs]
Time needed for computing complement of preach: 789526[µs]
automaton for complement of preach has 1556 states.
...of which, 20 states are at level 0.
Time needed for trimming complement of preach: 5399[µs]
...done.
trying to prove abstract safety...
Time needed for constructing transducer for unsafe property: 40[µs]
Time needed for constructing transducer for (initial, unsafe) pairs: 640[µs]
Time needed for constructing transducer for complement of (initial, unsafe) pairs: 1122[µs]
Time needed for building union of complements of preach and (initial, unsafe)-transducer: 1664[µs]
Time needed for checking universality using antichains-inclusion algorithm: 11074[µs]
Time needed for checking abstract safety: 15031[µs]
...done.
Result: [1]
This means that the following properties could be separated from the initial configurations:
	[deadlock]
While the following properties could not be separated from the initial configurations:
	[]

real	0m1,597s
user	0m1,488s
sys	0m0,098s
********************
/home/jakob/Documents/abstracton/benchmarks/dodo/lehmann-rabin.json
s
deadlock
Running as unit: run-rc025edc113bb48eb9aece859283454f8.scope; invocation ID: 9ec66767a0444752828ae7cefbbedd57
Time needed for parsing json file: 2191[µs]
alphabet size: 6
using Siphon interpretation
Time needed for constructing Siphon interpretation transducer: 3964[µs]
computing ind...
Time needed for constructing complement of ind: 4294[µs]
Time needed for computing ind: 130207[µs]
Time needed for minimizing ind: 40871[µs]
Time needed for computing ind (total): 175493[µs]
automaton for ind has 13 states.
...done.
computing complement of preach...
Time needed for constructing identity on ind: 1720[µs]
Time needed for computing product v_id of abstraction framework with identity on ind: 40872[µs]
Time needed for computing product of v_id with complement of abstraction framework: 28817[µs]
Time needed for computing complement of preach: 74780[µs]
automaton for complement of preach has 784 states.
...of which, 20 states are at level 0.
Time needed for trimming complement of preach: 2916[µs]
...done.
trying to prove abstract safety...
Time needed for constructing transducer for unsafe property: 28[µs]
Time needed for constructing transducer for (initial, unsafe) pairs: 564[µs]
Time needed for constructing transducer for complement of (initial, unsafe) pairs: 1118[µs]
Time needed for building union of complements of preach and (initial, unsafe)-transducer: 980[µs]
Time needed for checking universality using antichains-inclusion algorithm: 4300[µs]
Time needed for checking abstract safety: 7295[µs]
...done.
Result: [0]
This means that the following properties could be separated from the initial configurations:
	[]
While the following properties could not be separated from the initial configurations:
	[deadlock]

real	0m0,293s
user	0m0,261s
sys	0m0,019s
********************
/home/jakob/Documents/abstracton/benchmarks/dodo/lehmann-rabin.json
f
deadlock
Running as unit: run-r0578e98494994dd783b425552387f22f.scope; invocation ID: 9b06ee581cbe47fd97b065ef1ad081f6
Time needed for parsing json file: 2073[µs]
alphabet size: 6
using Flow interpretation
Time needed for constructing Flow interpretation transducer: 10308[µs]
computing ind...
Time needed for constructing complement of ind: 13128[µs]
Time needed for computing ind: 2533633[µs]
Time needed for minimizing ind: 271353[µs]
Time needed for computing ind (total): 2818314[µs]
automaton for ind has 27 states.
...done.
computing complement of preach...
Time needed for constructing identity on ind: 3888[µs]
Time needed for computing product v_id of abstraction framework with identity on ind: 190230[µs]
Time needed for computing product of v_id with complement of abstraction framework: 66251[µs]
Time needed for computing complement of preach: 267342[µs]
automaton for complement of preach has 1661 states.
...of which, 73 states are at level 0.
Time needed for trimming complement of preach: 6005[µs]
...done.
trying to prove abstract safety...
Time needed for constructing transducer for unsafe property: 36[µs]
Time needed for constructing transducer for (initial, unsafe) pairs: 632[µs]
Time needed for constructing transducer for complement of (initial, unsafe) pairs: 1123[µs]
Time needed for building union of complements of preach and (initial, unsafe)-transducer: 1957[µs]
Time needed for checking universality using antichains-inclusion algorithm: 8484[µs]
Time needed for checking abstract safety: 12678[µs]
...done.
Result: [0]
This means that the following properties could be separated from the initial configurations:
	[]
While the following properties could not be separated from the initial configurations:
	[deadlock]

real	0m3,146s
user	0m3,071s
sys	0m0,062s
********************
55 of 61
/home/jakob/Documents/abstracton/benchmarks/dodo/synapse.json
t
dirtydirty
Running as unit: run-re77dae7674494f7bba1ec046eaeef440.scope; invocation ID: 79ccc964e68c4fca954990e2a07b4391
Time needed for parsing json file: 9987[µs]
alphabet size: 3
using Trap interpretation
Time needed for constructing Trap interpretation transducer: 1167[µs]
computing ind...
Time needed for constructing complement of ind: 1091[µs]
Time needed for computing ind: 2951[µs]
Time needed for minimizing ind: 834[µs]
Time needed for computing ind (total): 4932[µs]
automaton for ind has 5 states.
...done.
computing complement of preach...
Time needed for constructing identity on ind: 105[µs]
Time needed for computing product v_id of abstraction framework with identity on ind: 3445[µs]
Time needed for computing product of v_id with complement of abstraction framework: 10236[µs]
Time needed for computing complement of preach: 14375[µs]
automaton for complement of preach has 65 states.
...of which, 5 states are at level 0.
Time needed for trimming complement of preach: 170[µs]
...done.
trying to prove abstract safety...
Time needed for constructing transducer for unsafe property: 5[µs]
Time needed for constructing transducer for (initial, unsafe) pairs: 156[µs]
Time needed for constructing transducer for complement of (initial, unsafe) pairs: 281[µs]
Time needed for building union of complements of preach and (initial, unsafe)-transducer: 90[µs]
Time needed for checking universality using antichains-inclusion algorithm: 453[µs]
Time needed for checking abstract safety: 1069[µs]
...done.
Result: [1]
This means that the following properties could be separated from the initial configurations:
	[dirtydirty]
While the following properties could not be separated from the initial configurations:
	[]

real	0m0,060s
user	0m0,027s
sys	0m0,007s
********************
/home/jakob/Documents/abstracton/benchmarks/dodo/synapse.json
s
dirtydirty
Running as unit: run-rd8217a6a8f6d4bddb91dd49f58dd3c26.scope; invocation ID: 65a48c67d3fc4cd98032e6f8e139efeb
Time needed for parsing json file: 1025[µs]
alphabet size: 3
using Siphon interpretation
Time needed for constructing Siphon interpretation transducer: 536[µs]
computing ind...
Time needed for constructing complement of ind: 417[µs]
Time needed for computing ind: 693[µs]
Time needed for minimizing ind: 515[µs]
Time needed for computing ind (total): 1680[µs]
automaton for ind has 3 states.
...done.
computing complement of preach...
Time needed for constructing identity on ind: 70[µs]
Time needed for computing product v_id of abstraction framework with identity on ind: 777[µs]
Time needed for computing product of v_id with complement of abstraction framework: 277[µs]
Time needed for computing complement of preach: 1497[µs]
automaton for complement of preach has 0 states.
...of which, 0 states are at level 0.
Time needed for trimming complement of preach: 4[µs]
...done.
trying to prove abstract safety...
Time needed for constructing transducer for unsafe property: 6[µs]
Time needed for constructing transducer for (initial, unsafe) pairs: 146[µs]
Time needed for constructing transducer for complement of (initial, unsafe) pairs: 273[µs]
Time needed for building union of complements of preach and (initial, unsafe)-transducer: 48[µs]
Time needed for checking universality using antichains-inclusion algorithm: 109[µs]
Time needed for checking abstract safety: 645[µs]
...done.
Result: [0]
This means that the following properties could be separated from the initial configurations:
	[]
While the following properties could not be separated from the initial configurations:
	[dirtydirty]

real	0m0,030s
user	0m0,008s
sys	0m0,008s
********************
/home/jakob/Documents/abstracton/benchmarks/dodo/synapse.json
f
dirtydirty
Running as unit: run-r095518f4b7824c739dfd58455314da0a.scope; invocation ID: 8706dd44334841359bd22ec672f51027
Time needed for parsing json file: 1029[µs]
alphabet size: 3
using Flow interpretation
Time needed for constructing Flow interpretation transducer: 913[µs]
computing ind...
Time needed for constructing complement of ind: 1038[µs]
Time needed for computing ind: 4633[µs]
Time needed for minimizing ind: 1312[µs]
Time needed for computing ind (total): 7038[µs]
automaton for ind has 5 states.
...done.
computing complement of preach...
Time needed for constructing identity on ind: 102[µs]
Time needed for computing product v_id of abstraction framework with identity on ind: 1900[µs]
Time needed for computing product of v_id with complement of abstraction framework: 486[µs]
Time needed for computing complement of preach: 3147[µs]
automaton for complement of preach has 0 states.
...of which, 0 states are at level 0.
Time needed for trimming complement of preach: 4[µs]
...done.
trying to prove abstract safety...
Time needed for constructing transducer for unsafe property: 5[µs]
Time needed for constructing transducer for (initial, unsafe) pairs: 120[µs]
Time needed for constructing transducer for complement of (initial, unsafe) pairs: 261[µs]
Time needed for building union of complements of preach and (initial, unsafe)-transducer: 45[µs]
Time needed for checking universality using antichains-inclusion algorithm: 111[µs]
Time needed for checking abstract safety: 595[µs]
...done.
Result: [0]
This means that the following properties could be separated from the initial configurations:
	[]
While the following properties could not be separated from the initial configurations:
	[dirtydirty]

real	0m0,035s
user	0m0,014s
sys	0m0,009s
********************
56 of 61
/home/jakob/Documents/abstracton/benchmarks/dodo/synapse.json
t
dirtyvalid
Running as unit: run-ra195176ef24744aa81458a193d946a2d.scope; invocation ID: 9498a494ea514796b0ac9a9dedc28813
Time needed for parsing json file: 1008[µs]
alphabet size: 3
using Trap interpretation
Time needed for constructing Trap interpretation transducer: 1019[µs]
computing ind...
Time needed for constructing complement of ind: 980[µs]
Time needed for computing ind: 2729[µs]
Time needed for minimizing ind: 834[µs]
Time needed for computing ind (total): 4592[µs]
automaton for ind has 5 states.
...done.
computing complement of preach...
Time needed for constructing identity on ind: 105[µs]
Time needed for computing product v_id of abstraction framework with identity on ind: 3594[µs]
Time needed for computing product of v_id with complement of abstraction framework: 10263[µs]
Time needed for computing complement of preach: 14556[µs]
automaton for complement of preach has 65 states.
...of which, 5 states are at level 0.
Time needed for trimming complement of preach: 169[µs]
...done.
trying to prove abstract safety...
Time needed for constructing transducer for unsafe property: 7[µs]
Time needed for constructing transducer for (initial, unsafe) pairs: 169[µs]
Time needed for constructing transducer for complement of (initial, unsafe) pairs: 347[µs]
Time needed for building union of complements of preach and (initial, unsafe)-transducer: 96[µs]
Time needed for checking universality using antichains-inclusion algorithm: 501[µs]
Time needed for checking abstract safety: 1212[µs]
...done.
Result: [1]
This means that the following properties could be separated from the initial configurations:
	[dirtyvalid]
While the following properties could not be separated from the initial configurations:
	[]

real	0m0,047s
user	0m0,019s
sys	0m0,014s
********************
/home/jakob/Documents/abstracton/benchmarks/dodo/synapse.json
s
dirtyvalid
Running as unit: run-r47abe88447bd45f687879164d5b77170.scope; invocation ID: d64718c892d04e19bb7e50ca9508578f
Time needed for parsing json file: 1061[µs]
alphabet size: 3
using Siphon interpretation
Time needed for constructing Siphon interpretation transducer: 531[µs]
computing ind...
Time needed for constructing complement of ind: 386[µs]
Time needed for computing ind: 727[µs]
Time needed for minimizing ind: 537[µs]
Time needed for computing ind (total): 1697[µs]
automaton for ind has 3 states.
...done.
computing complement of preach...
Time needed for constructing identity on ind: 77[µs]
Time needed for computing product v_id of abstraction framework with identity on ind: 836[µs]
Time needed for computing product of v_id with complement of abstraction framework: 299[µs]
Time needed for computing complement of preach: 1630[µs]
automaton for complement of preach has 0 states.
...of which, 0 states are at level 0.
Time needed for trimming complement of preach: 5[µs]
...done.
trying to prove abstract safety...
Time needed for constructing transducer for unsafe property: 7[µs]
Time needed for constructing transducer for (initial, unsafe) pairs: 161[µs]
Time needed for constructing transducer for complement of (initial, unsafe) pairs: 370[µs]
Time needed for building union of complements of preach and (initial, unsafe)-transducer: 58[µs]
Time needed for checking universality using antichains-inclusion algorithm: 128[µs]
Time needed for checking abstract safety: 792[µs]
...done.
Result: [0]
This means that the following properties could be separated from the initial configurations:
	[]
While the following properties could not be separated from the initial configurations:
	[dirtyvalid]

real	0m0,036s
user	0m0,008s
sys	0m0,009s
********************
/home/jakob/Documents/abstracton/benchmarks/dodo/synapse.json
f
dirtyvalid
Running as unit: run-rfbe0a93cfd3d4377beb58bcd20330592.scope; invocation ID: 76d110e912ae42ad85e0fef9475accc8
Time needed for parsing json file: 1022[µs]
alphabet size: 3
using Flow interpretation
Time needed for constructing Flow interpretation transducer: 897[µs]
computing ind...
Time needed for constructing complement of ind: 1023[µs]
Time needed for computing ind: 4812[µs]
Time needed for minimizing ind: 1390[µs]
Time needed for computing ind (total): 7281[µs]
automaton for ind has 5 states.
...done.
computing complement of preach...
Time needed for constructing identity on ind: 104[µs]
Time needed for computing product v_id of abstraction framework with identity on ind: 1969[µs]
Time needed for computing product of v_id with complement of abstraction framework: 518[µs]
Time needed for computing complement of preach: 3261[µs]
automaton for complement of preach has 0 states.
...of which, 0 states are at level 0.
Time needed for trimming complement of preach: 5[µs]
...done.
trying to prove abstract safety...
Time needed for constructing transducer for unsafe property: 7[µs]
Time needed for constructing transducer for (initial, unsafe) pairs: 172[µs]
Time needed for constructing transducer for complement of (initial, unsafe) pairs: 395[µs]
Time needed for building union of complements of preach and (initial, unsafe)-transducer: 58[µs]
Time needed for checking universality using antichains-inclusion algorithm: 125[µs]
Time needed for checking abstract safety: 818[µs]
...done.
Result: [0]
This means that the following properties could be separated from the initial configurations:
	[]
While the following properties could not be separated from the initial configurations:
	[dirtyvalid]

real	0m0,036s
user	0m0,015s
sys	0m0,010s
********************
57 of 61
/home/jakob/Documents/abstracton/benchmarks/dodo/synapse.json
t
deadlock
Running as unit: run-rdab6604a78ea411bbe709a40d2d1a6ea.scope; invocation ID: dc6d0edd5ade47789537aaf848d99f80
Time needed for parsing json file: 1090[µs]
alphabet size: 3
using Trap interpretation
Time needed for constructing Trap interpretation transducer: 1095[µs]
computing ind...
Time needed for constructing complement of ind: 1023[µs]
Time needed for computing ind: 2859[µs]
Time needed for minimizing ind: 835[µs]
Time needed for computing ind (total): 4770[µs]
automaton for ind has 5 states.
...done.
computing complement of preach...
Time needed for constructing identity on ind: 114[µs]
Time needed for computing product v_id of abstraction framework with identity on ind: 3531[µs]
Time needed for computing product of v_id with complement of abstraction framework: 10132[µs]
Time needed for computing complement of preach: 14361[µs]
automaton for complement of preach has 65 states.
...of which, 5 states are at level 0.
Time needed for trimming complement of preach: 169[µs]
...done.
trying to prove abstract safety...
Time needed for constructing transducer for unsafe property: 7[µs]
Time needed for constructing transducer for (initial, unsafe) pairs: 89[µs]
Time needed for constructing transducer for complement of (initial, unsafe) pairs: 34[µs]
Time needed for building union of complements of preach and (initial, unsafe)-transducer: 73[µs]
Time needed for checking universality using antichains-inclusion algorithm: 262[µs]
Time needed for checking abstract safety: 538[µs]
...done.
Result: [1]
This means that the following properties could be separated from the initial configurations:
	[deadlock]
While the following properties could not be separated from the initial configurations:
	[]

real	0m0,045s
user	0m0,023s
sys	0m0,010s
********************
/home/jakob/Documents/abstracton/benchmarks/dodo/synapse.json
s
deadlock
Running as unit: run-r175bc56a326e431caba008e3c1f93152.scope; invocation ID: acf02515636546b7987dcee21f6a383a
Time needed for parsing json file: 1113[µs]
alphabet size: 3
using Siphon interpretation
Time needed for constructing Siphon interpretation transducer: 539[µs]
computing ind...
Time needed for constructing complement of ind: 353[µs]
Time needed for computing ind: 743[µs]
Time needed for minimizing ind: 520[µs]
Time needed for computing ind (total): 1661[µs]
automaton for ind has 3 states.
...done.
computing complement of preach...
Time needed for constructing identity on ind: 69[µs]
Time needed for computing product v_id of abstraction framework with identity on ind: 756[µs]
Time needed for computing product of v_id with complement of abstraction framework: 279[µs]
Time needed for computing complement of preach: 1520[µs]
automaton for complement of preach has 0 states.
...of which, 0 states are at level 0.
Time needed for trimming complement of preach: 4[µs]
...done.
trying to prove abstract safety...
Time needed for constructing transducer for unsafe property: 6[µs]
Time needed for constructing transducer for (initial, unsafe) pairs: 82[µs]
Time needed for constructing transducer for complement of (initial, unsafe) pairs: 32[µs]
Time needed for building union of complements of preach and (initial, unsafe)-transducer: 26[µs]
Time needed for checking universality using antichains-inclusion algorithm: 50[µs]
Time needed for checking abstract safety: 256[µs]
...done.
Result: [1]
This means that the following properties could be separated from the initial configurations:
	[deadlock]
While the following properties could not be separated from the initial configurations:
	[]

real	0m0,036s
user	0m0,006s
sys	0m0,011s
********************
/home/jakob/Documents/abstracton/benchmarks/dodo/synapse.json
f
deadlock
Running as unit: run-rdd80c8fdd6494f30bda7b517b7e6f997.scope; invocation ID: 881a4d95390e46b9be08e281140b4f5f
Time needed for parsing json file: 1014[µs]
alphabet size: 3
using Flow interpretation
Time needed for constructing Flow interpretation transducer: 981[µs]
computing ind...
Time needed for constructing complement of ind: 1163[µs]
Time needed for computing ind: 4863[µs]
Time needed for minimizing ind: 1393[µs]
Time needed for computing ind (total): 7483[µs]
automaton for ind has 5 states.
...done.
computing complement of preach...
Time needed for constructing identity on ind: 125[µs]
Time needed for computing product v_id of abstraction framework with identity on ind: 2152[µs]
Time needed for computing product of v_id with complement of abstraction framework: 552[µs]
Time needed for computing complement of preach: 3539[µs]
automaton for complement of preach has 0 states.
...of which, 0 states are at level 0.
Time needed for trimming complement of preach: 4[µs]
...done.
trying to prove abstract safety...
Time needed for constructing transducer for unsafe property: 7[µs]
Time needed for constructing transducer for (initial, unsafe) pairs: 88[µs]
Time needed for constructing transducer for complement of (initial, unsafe) pairs: 47[µs]
Time needed for building union of complements of preach and (initial, unsafe)-transducer: 31[µs]
Time needed for checking universality using antichains-inclusion algorithm: 56[µs]
Time needed for checking abstract safety: 284[µs]
...done.
Result: [1]
This means that the following properties could be separated from the initial configurations:
	[deadlock]
While the following properties could not be separated from the initial configurations:
	[]

real	0m0,046s
user	0m0,015s
sys	0m0,009s
********************
58 of 61
/home/jakob/Documents/abstracton/benchmarks/dodo/token-passing-no-invariant.json
t
notoken
Running as unit: run-r0c28ba0d3b9d474990f38678c46de1cf.scope; invocation ID: 2717a51756bf477b9351dc075854773f
Time needed for parsing json file: 9500[µs]
alphabet size: 2
using Trap interpretation
Time needed for constructing Trap interpretation transducer: 682[µs]
computing ind...
Time needed for constructing complement of ind: 195[µs]
Time needed for computing ind: 2035[µs]
Time needed for minimizing ind: 1023[µs]
Time needed for computing ind (total): 3321[µs]
automaton for ind has 5 states.
...done.
computing complement of preach...
Time needed for constructing identity on ind: 63[µs]
Time needed for computing product v_id of abstraction framework with identity on ind: 1712[µs]
Time needed for computing product of v_id with complement of abstraction framework: 4795[µs]
Time needed for computing complement of preach: 6992[µs]
automaton for complement of preach has 30 states.
...of which, 6 states are at level 0.
Time needed for trimming complement of preach: 108[µs]
...done.
trying to prove abstract safety...
Time needed for constructing transducer for unsafe property: 7[µs]
Time needed for constructing transducer for (initial, unsafe) pairs: 151[µs]
Time needed for constructing transducer for complement of (initial, unsafe) pairs: 295[µs]
Time needed for building union of complements of preach and (initial, unsafe)-transducer: 81[µs]
Time needed for checking universality using antichains-inclusion algorithm: 419[µs]
Time needed for checking abstract safety: 1071[µs]
...done.
Result: [1]
This means that the following properties could be separated from the initial configurations:
	[notoken]
While the following properties could not be separated from the initial configurations:
	[]

real	0m0,043s
user	0m0,015s
sys	0m0,010s
********************
/home/jakob/Documents/abstracton/benchmarks/dodo/token-passing-no-invariant.json
s
notoken
Running as unit: run-r2c3a540ee5c34dffbfd9c3708cc82900.scope; invocation ID: 48b93625cce746ec88ed0100e8f84070
Time needed for parsing json file: 761[µs]
alphabet size: 2
using Siphon interpretation
Time needed for constructing Siphon interpretation transducer: 335[µs]
computing ind...
Time needed for constructing complement of ind: 77[µs]
Time needed for computing ind: 386[µs]
Time needed for minimizing ind: 446[µs]
Time needed for computing ind (total): 951[µs]
automaton for ind has 5 states.
...done.
computing complement of preach...
Time needed for constructing identity on ind: 63[µs]
Time needed for computing product v_id of abstraction framework with identity on ind: 711[µs]
Time needed for computing product of v_id with complement of abstraction framework: 775[µs]
Time needed for computing complement of preach: 1824[µs]
automaton for complement of preach has 22 states.
...of which, 6 states are at level 0.
Time needed for trimming complement of preach: 77[µs]
...done.
trying to prove abstract safety...
Time needed for constructing transducer for unsafe property: 4[µs]
Time needed for constructing transducer for (initial, unsafe) pairs: 136[µs]
Time needed for constructing transducer for complement of (initial, unsafe) pairs: 206[µs]
Time needed for building union of complements of preach and (initial, unsafe)-transducer: 48[µs]
Time needed for checking universality using antichains-inclusion algorithm: 225[µs]
Time needed for checking abstract safety: 684[µs]
...done.
Result: [0]
This means that the following properties could be separated from the initial configurations:
	[]
While the following properties could not be separated from the initial configurations:
	[notoken]

real	0m0,029s
user	0m0,010s
sys	0m0,006s
********************
/home/jakob/Documents/abstracton/benchmarks/dodo/token-passing-no-invariant.json
f
notoken
Running as unit: run-r90f41c1a91fa47b4abfc4eeb4db77968.scope; invocation ID: f5e4af7f21064552b27826bfd3941f39
Time needed for parsing json file: 751[µs]
alphabet size: 2
using Flow interpretation
Time needed for constructing Flow interpretation transducer: 542[µs]
computing ind...
Time needed for constructing complement of ind: 179[µs]
Time needed for computing ind: 4786[µs]
Time needed for minimizing ind: 2431[µs]
Time needed for computing ind (total): 7451[µs]
automaton for ind has 13 states.
...done.
computing complement of preach...
Time needed for constructing identity on ind: 133[µs]
Time needed for computing product v_id of abstraction framework with identity on ind: 2888[µs]
Time needed for computing product of v_id with complement of abstraction framework: 3443[µs]
Time needed for computing complement of preach: 6921[µs]
automaton for complement of preach has 114 states.
...of which, 28 states are at level 0.
Time needed for trimming complement of preach: 338[µs]
...done.
trying to prove abstract safety...
Time needed for constructing transducer for unsafe property: 4[µs]
Time needed for constructing transducer for (initial, unsafe) pairs: 120[µs]
Time needed for constructing transducer for complement of (initial, unsafe) pairs: 206[µs]
Time needed for building union of complements of preach and (initial, unsafe)-transducer: 108[µs]
Time needed for checking universality using antichains-inclusion algorithm: 696[µs]
Time needed for checking abstract safety: 1210[µs]
...done.
Result: [1]
This means that the following properties could be separated from the initial configurations:
	[notoken]
While the following properties could not be separated from the initial configurations:
	[]

real	0m0,044s
user	0m0,021s
sys	0m0,008s
********************
59 of 61
/home/jakob/Documents/abstracton/benchmarks/dodo/token-passing-no-invariant.json
t
manytoken
Running as unit: run-r59a21830fab649ea9c16c86f68ac43b4.scope; invocation ID: c019e4557dfa4846b5c4b3be806c7a63
Time needed for parsing json file: 728[µs]
alphabet size: 2
using Trap interpretation
Time needed for constructing Trap interpretation transducer: 561[µs]
computing ind...
Time needed for constructing complement of ind: 152[µs]
Time needed for computing ind: 1936[µs]
Time needed for minimizing ind: 1013[µs]
Time needed for computing ind (total): 3150[µs]
automaton for ind has 5 states.
...done.
computing complement of preach...
Time needed for constructing identity on ind: 59[µs]
Time needed for computing product v_id of abstraction framework with identity on ind: 1542[µs]
Time needed for computing product of v_id with complement of abstraction framework: 3830[µs]
Time needed for computing complement of preach: 5802[µs]
automaton for complement of preach has 30 states.
...of which, 6 states are at level 0.
Time needed for trimming complement of preach: 86[µs]
...done.
trying to prove abstract safety...
Time needed for constructing transducer for unsafe property: 4[µs]
Time needed for constructing transducer for (initial, unsafe) pairs: 134[µs]
Time needed for constructing transducer for complement of (initial, unsafe) pairs: 243[µs]
Time needed for building union of complements of preach and (initial, unsafe)-transducer: 57[µs]
Time needed for checking universality using antichains-inclusion algorithm: 293[µs]
Time needed for checking abstract safety: 800[µs]
...done.
Result: [0]
This means that the following properties could be separated from the initial configurations:
	[]
While the following properties could not be separated from the initial configurations:
	[manytoken]

real	0m0,038s
user	0m0,013s
sys	0m0,009s
********************
/home/jakob/Documents/abstracton/benchmarks/dodo/token-passing-no-invariant.json
s
manytoken
Running as unit: run-r1207e8ca0c4e4ce391386303a17ab9ca.scope; invocation ID: 5c7cbf364ebd4b5ba6ed7afdff395ce1
Time needed for parsing json file: 696[µs]
alphabet size: 2
using Siphon interpretation
Time needed for constructing Siphon interpretation transducer: 348[µs]
computing ind...
Time needed for constructing complement of ind: 60[µs]
Time needed for computing ind: 375[µs]
Time needed for minimizing ind: 499[µs]
Time needed for computing ind (total): 973[µs]
automaton for ind has 5 states.
...done.
computing complement of preach...
Time needed for constructing identity on ind: 62[µs]
Time needed for computing product v_id of abstraction framework with identity on ind: 772[µs]
Time needed for computing product of v_id with complement of abstraction framework: 733[µs]
Time needed for computing complement of preach: 1849[µs]
automaton for complement of preach has 22 states.
...of which, 6 states are at level 0.
Time needed for trimming complement of preach: 72[µs]
...done.
trying to prove abstract safety...
Time needed for constructing transducer for unsafe property: 6[µs]
Time needed for constructing transducer for (initial, unsafe) pairs: 129[µs]
Time needed for constructing transducer for complement of (initial, unsafe) pairs: 254[µs]
Time needed for building union of complements of preach and (initial, unsafe)-transducer: 61[µs]
Time needed for checking universality using antichains-inclusion algorithm: 295[µs]
Time needed for checking abstract safety: 811[µs]
...done.
Result: [0]
This means that the following properties could be separated from the initial configurations:
	[]
While the following properties could not be separated from the initial configurations:
	[manytoken]

real	0m0,029s
user	0m0,007s
sys	0m0,009s
********************
/home/jakob/Documents/abstracton/benchmarks/dodo/token-passing-no-invariant.json
f
manytoken
Running as unit: run-rb0d9c53cb2bf48139a6a8e2ad2993c45.scope; invocation ID: 70ed179962c04274b23ce40208ecceed
Time needed for parsing json file: 776[µs]
alphabet size: 2
using Flow interpretation
Time needed for constructing Flow interpretation transducer: 523[µs]
computing ind...
Time needed for constructing complement of ind: 175[µs]
Time needed for computing ind: 5007[µs]
Time needed for minimizing ind: 2671[µs]
Time needed for computing ind (total): 7926[µs]
automaton for ind has 13 states.
...done.
computing complement of preach...
Time needed for constructing identity on ind: 151[µs]
Time needed for computing product v_id of abstraction framework with identity on ind: 2760[µs]
Time needed for computing product of v_id with complement of abstraction framework: 3204[µs]
Time needed for computing complement of preach: 6577[µs]
automaton for complement of preach has 114 states.
...of which, 28 states are at level 0.
Time needed for trimming complement of preach: 336[µs]
...done.
trying to prove abstract safety...
Time needed for constructing transducer for unsafe property: 6[µs]
Time needed for constructing transducer for (initial, unsafe) pairs: 143[µs]
Time needed for constructing transducer for complement of (initial, unsafe) pairs: 271[µs]
Time needed for building union of complements of preach and (initial, unsafe)-transducer: 116[µs]
Time needed for checking universality using antichains-inclusion algorithm: 747[µs]
Time needed for checking abstract safety: 1359[µs]
...done.
Result: [1]
This means that the following properties could be separated from the initial configurations:
	[manytoken]
While the following properties could not be separated from the initial configurations:
	[]

real	0m0,046s
user	0m0,017s
sys	0m0,012s
********************
60 of 61
/home/jakob/Documents/abstracton/benchmarks/dodo/token-passing.json
t
notoken
Running as unit: run-r5acc875a78584c0d87f069992f32aa0e.scope; invocation ID: 6a390ee55b0f4171b23682d614ec303f
Time needed for parsing json file: 9397[µs]
alphabet size: 2
using Trap interpretation
Time needed for constructing Trap interpretation transducer: 595[µs]
computing ind...
Time needed for constructing complement of ind: 143[µs]
Time needed for computing ind: 1385[µs]
Time needed for minimizing ind: 854[µs]
Time needed for computing ind (total): 2429[µs]
automaton for ind has 6 states.
...done.
computing complement of preach...
Time needed for constructing identity on ind: 75[µs]
Time needed for computing product v_id of abstraction framework with identity on ind: 1854[µs]
Time needed for computing product of v_id with complement of abstraction framework: 4312[µs]
Time needed for computing complement of preach: 6609[µs]
automaton for complement of preach has 70 states.
...of which, 10 states are at level 0.
Time needed for trimming complement of preach: 160[µs]
...done.
trying to prove abstract safety...
Time needed for constructing transducer for unsafe property: 4[µs]
Time needed for constructing transducer for (initial, unsafe) pairs: 120[µs]
Time needed for constructing transducer for complement of (initial, unsafe) pairs: 187[µs]
Time needed for building union of complements of preach and (initial, unsafe)-transducer: 73[µs]
Time needed for checking universality using antichains-inclusion algorithm: 429[µs]
Time needed for checking abstract safety: 877[µs]
...done.
Result: [1]
This means that the following properties could be separated from the initial configurations:
	[notoken]
While the following properties could not be separated from the initial configurations:
	[]

real	0m0,042s
user	0m0,014s
sys	0m0,009s
********************
/home/jakob/Documents/abstracton/benchmarks/dodo/token-passing.json
s
notoken
Running as unit: run-rf0585912981246c19139d1cb13ffa528.scope; invocation ID: a6000a4916ba4abdaa93d03594586988
Time needed for parsing json file: 678[µs]
alphabet size: 2
using Siphon interpretation
Time needed for constructing Siphon interpretation transducer: 371[µs]
computing ind...
Time needed for constructing complement of ind: 55[µs]
Time needed for computing ind: 295[µs]
Time needed for minimizing ind: 415[µs]
Time needed for computing ind (total): 832[µs]
automaton for ind has 6 states.
...done.
computing complement of preach...
Time needed for constructing identity on ind: 73[µs]
Time needed for computing product v_id of abstraction framework with identity on ind: 982[µs]
Time needed for computing product of v_id with complement of abstraction framework: 1970[µs]
Time needed for computing complement of preach: 3335[µs]
automaton for complement of preach has 60 states.
...of which, 12 states are at level 0.
Time needed for trimming complement of preach: 170[µs]
...done.
trying to prove abstract safety...
Time needed for constructing transducer for unsafe property: 4[µs]
Time needed for constructing transducer for (initial, unsafe) pairs: 122[µs]
Time needed for constructing transducer for complement of (initial, unsafe) pairs: 223[µs]
Time needed for building union of complements of preach and (initial, unsafe)-transducer: 72[µs]
Time needed for checking universality using antichains-inclusion algorithm: 355[µs]
Time needed for checking abstract safety: 850[µs]
...done.
Result: [0]
This means that the following properties could be separated from the initial configurations:
	[]
While the following properties could not be separated from the initial configurations:
	[notoken]

real	0m0,032s
user	0m0,009s
sys	0m0,009s
********************
/home/jakob/Documents/abstracton/benchmarks/dodo/token-passing.json
f
notoken
Running as unit: run-r688acb6c918449178f757d1b641583d2.scope; invocation ID: 56c4f470b38f479487a0690018b1226b
Time needed for parsing json file: 614[µs]
alphabet size: 2
using Flow interpretation
Time needed for constructing Flow interpretation transducer: 528[µs]
computing ind...
Time needed for constructing complement of ind: 132[µs]
Time needed for computing ind: 2904[µs]
Time needed for minimizing ind: 2083[µs]
Time needed for computing ind (total): 5187[µs]
automaton for ind has 16 states.
...done.
computing complement of preach...
Time needed for constructing identity on ind: 163[µs]
Time needed for computing product v_id of abstraction framework with identity on ind: 4066[µs]
Time needed for computing product of v_id with complement of abstraction framework: 14479[µs]
Time needed for computing complement of preach: 19168[µs]
automaton for complement of preach has 542 states.
...of which, 78 states are at level 0.
Time needed for trimming complement of preach: 1114[µs]
...done.
trying to prove abstract safety...
Time needed for constructing transducer for unsafe property: 4[µs]
Time needed for constructing transducer for (initial, unsafe) pairs: 117[µs]
Time needed for constructing transducer for complement of (initial, unsafe) pairs: 184[µs]
Time needed for building union of complements of preach and (initial, unsafe)-transducer: 305[µs]
Time needed for checking universality using antichains-inclusion algorithm: 7567[µs]
Time needed for checking abstract safety: 8278[µs]
...done.
Result: [1]
This means that the following properties could be separated from the initial configurations:
	[notoken]
While the following properties could not be separated from the initial configurations:
	[]

real	0m0,059s
user	0m0,035s
sys	0m0,012s
********************
61 of 61
/home/jakob/Documents/abstracton/benchmarks/dodo/token-passing.json
t
manytoken
Running as unit: run-rb420b81f61c042c1b5a643549de4cfb4.scope; invocation ID: d85b4242bf2e44f9b5a77ffcfaeac13a
Time needed for parsing json file: 683[µs]
alphabet size: 2
using Trap interpretation
Time needed for constructing Trap interpretation transducer: 573[µs]
computing ind...
Time needed for constructing complement of ind: 129[µs]
Time needed for computing ind: 1368[µs]
Time needed for minimizing ind: 1236[µs]
Time needed for computing ind (total): 2810[µs]
automaton for ind has 6 states.
...done.
computing complement of preach...
Time needed for constructing identity on ind: 136[µs]
Time needed for computing product v_id of abstraction framework with identity on ind: 1923[µs]
Time needed for computing product of v_id with complement of abstraction framework: 4203[µs]
Time needed for computing complement of preach: 6844[µs]
automaton for complement of preach has 70 states.
...of which, 10 states are at level 0.
Time needed for trimming complement of preach: 171[µs]
...done.
trying to prove abstract safety...
Time needed for constructing transducer for unsafe property: 5[µs]
Time needed for constructing transducer for (initial, unsafe) pairs: 137[µs]
Time needed for constructing transducer for complement of (initial, unsafe) pairs: 287[µs]
Time needed for building union of complements of preach and (initial, unsafe)-transducer: 84[µs]
Time needed for checking universality using antichains-inclusion algorithm: 553[µs]
Time needed for checking abstract safety: 1135[µs]
...done.
Result: [1]
This means that the following properties could be separated from the initial configurations:
	[manytoken]
While the following properties could not be separated from the initial configurations:
	[]

real	0m0,035s
user	0m0,014s
sys	0m0,010s
********************
/home/jakob/Documents/abstracton/benchmarks/dodo/token-passing.json
s
manytoken
Running as unit: run-r0410702d53c140b4b6d18746c527a097.scope; invocation ID: 0d34a8541fbe4570923103d6a09f975a
Time needed for parsing json file: 635[µs]
alphabet size: 2
using Siphon interpretation
Time needed for constructing Siphon interpretation transducer: 357[µs]
computing ind...
Time needed for constructing complement of ind: 55[µs]
Time needed for computing ind: 292[µs]
Time needed for minimizing ind: 387[µs]
Time needed for computing ind (total): 766[µs]
automaton for ind has 6 states.
...done.
computing complement of preach...
Time needed for constructing identity on ind: 68[µs]
Time needed for computing product v_id of abstraction framework with identity on ind: 921[µs]
Time needed for computing product of v_id with complement of abstraction framework: 1818[µs]
Time needed for computing complement of preach: 3081[µs]
automaton for complement of preach has 60 states.
...of which, 12 states are at level 0.
Time needed for trimming complement of preach: 161[µs]
...done.
trying to prove abstract safety...
Time needed for constructing transducer for unsafe property: 6[µs]
Time needed for constructing transducer for (initial, unsafe) pairs: 128[µs]
Time needed for constructing transducer for complement of (initial, unsafe) pairs: 249[µs]
Time needed for building union of complements of preach and (initial, unsafe)-transducer: 78[µs]
Time needed for checking universality using antichains-inclusion algorithm: 451[µs]
Time needed for checking abstract safety: 976[µs]
...done.
Result: [0]
This means that the following properties could be separated from the initial configurations:
	[]
While the following properties could not be separated from the initial configurations:
	[manytoken]

real	0m0,028s
user	0m0,008s
sys	0m0,009s
********************
/home/jakob/Documents/abstracton/benchmarks/dodo/token-passing.json
f
manytoken
Running as unit: run-ra0f06b3ecbae4042a866dcd88d56747c.scope; invocation ID: 9b8f714698354c358cb17f4cff678624
Time needed for parsing json file: 716[µs]
alphabet size: 2
using Flow interpretation
Time needed for constructing Flow interpretation transducer: 582[µs]
computing ind...
Time needed for constructing complement of ind: 136[µs]
Time needed for computing ind: 2459[µs]
Time needed for minimizing ind: 1927[µs]
Time needed for computing ind (total): 4570[µs]
automaton for ind has 16 states.
...done.
computing complement of preach...
Time needed for constructing identity on ind: 160[µs]
Time needed for computing product v_id of abstraction framework with identity on ind: 4054[µs]
Time needed for computing product of v_id with complement of abstraction framework: 14969[µs]
Time needed for computing complement of preach: 19630[µs]
automaton for complement of preach has 542 states.
...of which, 78 states are at level 0.
Time needed for trimming complement of preach: 1697[µs]
...done.
trying to prove abstract safety...
Time needed for constructing transducer for unsafe property: 7[µs]
Time needed for constructing transducer for (initial, unsafe) pairs: 166[µs]
Time needed for constructing transducer for complement of (initial, unsafe) pairs: 307[µs]
Time needed for building union of complements of preach and (initial, unsafe)-transducer: 329[µs]
Time needed for checking universality using antichains-inclusion algorithm: 7700[µs]
Time needed for checking abstract safety: 8640[µs]
...done.
Result: [1]
This means that the following properties could be separated from the initial configurations:
	[manytoken]
While the following properties could not be separated from the initial configurations:
	[]

real	0m0,063s
user	0m0,035s
sys	0m0,013s
********************
